Student_ID,Observation_Term,Program_ID,Entry_Type,Academic_Level,Credits_Completed,Prior_Term_GPA,GPA_Change,Course_Pass_Rate_Last_2_Terms,Failed_Courses_Last_2_Terms,Withdrawals_Last_2_Terms,Current_Course_Load_Credits,LMS_Login_Days_4wk,Assignment_Submission_Rate_4wk,Late_Assignment_Rate_4wk,Average_Assignment_Score_4wk,Days_Since_Last_LMS_Activity
Student_0001,T5_Fall,Program_C,First_Year,2,54,2.16,0.95,0.874,0,0,12,4.54,1.0,0.01,97.7,2
Student_0002,T5_Fall,Program_B,First_Year,3,81,1.48,-0.39,0.805,0,0,12,3.67,0.825,0.146,61.5,0
Student_0003,T5_Fall,Program_B,Transfer,3,65,2.32,-0.12,0.693,1,0,15,2.68,0.794,0.262,61.1,2
Student_0004,T5_Fall,Program_C,First_Year,3,78,2.77,0.37,1.0,0,0,15,4.73,1.0,0.004,77.3,2
Student_0005,T5_Fall,Program_C,Transfer,2,32,2.28,0.64,0.895,0,0,18,2.82,0.969,0.182,78.8,4
Student_0006,T5_Fall,Program_B,First_Year,3,56,2.31,-0.51,0.819,1,0,12,4.07,0.895,0.178,71.1,4
Student_0007,T5_Fall,Program_D,First_Year,2,47,2.44,0.0,0.904,0,1,15,4.91,1.0,0.053,83.3,2
Student_0008,T5_Fall,Program_D,First_Year,2,31,3.06,-0.01,0.944,0,0,9,4.66,0.958,0.079,99.9,1
Student_0009,T5_Fall,Program_B,First_Year,2,36,2.82,0.21,0.952,0,0,12,3.9,1.0,0.218,84.0,1
Student_0010,T5_Fall,Program_D,First_Year,2,53,2.16,-0.27,0.911,0,0,12,5.59,0.967,0.0,89.4,2
Student_0011,T5_Fall,Program_A,First_Year,2,42,3.23,-0.44,0.944,0,0,15,3.64,1.0,0.165,100.0,3
Student_0012,T5_Fall,Program_D,First_Year,3,81,2.37,-0.42,0.797,0,0,15,3.47,0.838,0.269,59.7,4
Student_0013,T5_Fall,Program_B,First_Year,3,77,2.53,0.06,0.769,1,0,12,4.18,0.913,0.165,74.3,4
Student_0014,T5_Fall,Program_D,First_Year,1,8,3.09,-0.04,1.0,0,0,12,4.33,0.958,0.155,80.6,2
Student_0015,T5_Fall,Program_A,First_Year,3,54,2.73,-0.11,0.885,0,0,12,4.63,0.853,0.115,69.3,0
Student_0016,T5_Fall,Program_B,First_Year,3,66,3.21,0.3,0.927,0,0,12,3.1,0.968,0.048,80.8,0
Student_0017,T5_Fall,Program_D,First_Year,2,29,2.99,0.33,1.0,0,2,15,4.13,0.766,0.113,75.5,3
Student_0018,T5_Fall,Program_B,First_Year,3,59,2.53,-0.17,0.811,1,0,15,4.94,0.982,0.022,74.1,1
Student_0019,T5_Fall,Program_D,First_Year,3,63,2.11,-0.32,0.776,0,0,12,4.43,0.841,0.265,67.0,0
Student_0020,T5_Fall,Program_B,First_Year,1,3,2.67,0.04,0.938,0,0,18,2.77,0.866,0.208,67.3,1
Student_0021,T5_Fall,Program_B,First_Year,3,62,2.6,0.37,0.761,0,0,12,2.08,0.822,0.4,73.7,5
Student_0022,T5_Fall,Program_D,Transfer,4,82,3.7,0.13,0.902,0,0,15,3.33,0.839,0.086,94.9,6
Student_0023,T5_Fall,Program_C,First_Year,4,82,1.66,1.0,0.728,1,0,15,5.34,0.952,0.223,80.7,1
Student_0024,T5_Fall,Program_D,First_Year,3,68,2.85,0.43,0.899,0,0,15,5.92,0.967,0.0,91.4,3
Student_0025,T5_Fall,Program_C,Transfer,3,72,2.55,0.04,0.767,1,0,12,5.03,0.859,0.094,74.9,0
Student_0026,T5_Fall,Program_C,First_Year,2,45,3.18,-0.1,0.939,1,0,9,4.61,0.993,0.12,88.9,0
Student_0027,T5_Fall,Program_D,Transfer,3,75,2.8,0.26,0.969,0,0,15,4.73,0.908,0.077,77.3,0
Student_0028,T5_Fall,Program_C,First_Year,1,14,3.08,-0.19,0.904,0,0,12,2.79,0.726,0.318,80.0,4
Student_0029,T5_Fall,Program_A,First_Year,2,36,2.7,-0.05,0.96,0,2,18,3.69,0.824,0.111,68.5,4
Student_0030,T5_Fall,Program_D,Transfer,2,31,2.21,-0.34,0.786,0,0,15,3.19,0.742,0.17,63.2,7
Student_0031,T5_Fall,Program_D,First_Year,2,36,3.15,0.13,0.95,0,0,12,3.39,0.912,0.126,76.0,0
Student_0032,T5_Fall,Program_A,Transfer,4,85,2.65,0.32,0.828,0,0,15,5.12,1.0,0.0,72.4,0
Student_0033,T5_Fall,Program_D,Transfer,1,25,3.07,-0.17,0.824,1,0,12,3.83,0.556,0.214,73.3,1
Student_0034,T5_Fall,Program_B,First_Year,1,9,2.91,0.37,0.881,0,0,12,5.12,0.925,0.0,77.0,1
Student_0035,T5_Fall,Program_A,First_Year,2,43,2.68,0.22,0.835,0,0,15,3.2,0.778,0.208,62.7,1
Student_0036,T5_Fall,Program_A,Transfer,2,51,2.93,0.07,0.826,0,0,9,4.01,0.936,0.157,78.9,3
Student_0037,T5_Fall,Program_C,First_Year,1,7,2.95,0.35,0.736,2,0,15,4.81,0.862,0.254,94.8,6
Student_0038,T5_Fall,Program_B,First_Year,2,29,3.06,-0.54,0.775,0,1,12,4.0,0.754,0.322,62.5,2
Student_0039,T5_Fall,Program_B,First_Year,3,78,2.22,-0.05,0.683,2,0,18,3.59,0.862,0.253,78.0,5
Student_0040,T5_Fall,Program_B,Transfer,1,7,3.23,-0.41,1.0,0,0,18,5.76,1.0,0.109,100.0,0
Student_0041,T5_Fall,Program_A,First_Year,3,74,2.25,0.11,0.718,1,0,15,3.97,0.966,0.256,59.6,0
Student_0042,T5_Fall,Program_C,Transfer,2,45,2.55,0.51,0.866,1,2,18,5.52,0.897,0.153,89.6,0
Student_0043,T5_Fall,Program_C,First_Year,2,30,2.36,-0.46,0.853,0,0,12,5.15,0.852,0.273,69.9,0
Student_0044,T5_Fall,Program_D,First_Year,2,54,2.86,-0.18,0.719,1,0,12,5.22,0.856,0.216,84.7,0
Student_0045,T5_Fall,Program_A,Transfer,2,35,2.62,0.33,0.887,0,1,15,4.95,0.975,0.164,99.7,2
Student_0046,T5_Fall,Program_C,First_Year,1,3,3.91,0.04,0.999,0,0,15,3.54,1.0,0.037,95.2,3
Student_0047,T5_Fall,Program_B,First_Year,4,91,2.55,0.95,0.617,3,0,15,4.81,0.856,0.199,82.9,2
Student_0048,T5_Fall,Program_A,Transfer,3,66,2.73,0.01,0.804,1,1,12,3.57,0.729,0.178,73.9,6
Student_0049,T5_Fall,Program_D,First_Year,2,27,3.11,0.21,0.986,0,0,18,4.88,0.948,0.228,93.7,0
Student_0050,T5_Fall,Program_D,Transfer,4,105,2.11,0.46,0.797,1,0,12,4.35,0.886,0.017,65.3,0
Student_0051,T5_Fall,Program_B,Transfer,1,19,3.53,-0.04,1.0,0,0,15,5.02,0.892,0.053,89.2,5
Student_0052,T5_Fall,Program_A,Transfer,1,22,3.45,-0.29,0.689,2,0,9,1.7,0.848,0.095,75.0,5
Student_0053,T5_Fall,Program_B,First_Year,1,14,1.99,0.11,0.822,0,0,12,3.57,0.799,0.215,59.3,1
Student_0054,T5_Fall,Program_C,Transfer,4,106,2.93,-0.03,0.896,0,0,12,3.94,0.808,0.251,78.7,0
Student_0055,T5_Fall,Program_B,First_Year,4,99,3.08,0.56,0.786,1,1,15,2.58,0.987,0.098,85.9,8
Student_0056,T5_Fall,Program_B,Transfer,3,75,2.66,0.07,0.766,1,0,15,4.25,0.962,0.026,76.8,2
Student_0057,T5_Fall,Program_A,First_Year,4,108,2.67,-0.13,0.892,0,0,9,4.26,1.0,0.101,73.1,0
Student_0058,T5_Fall,Program_A,First_Year,3,66,2.39,-0.23,0.879,0,0,12,0.94,0.723,0.261,65.4,4
Student_0059,T5_Fall,Program_C,First_Year,1,25,3.24,0.17,0.962,0,0,18,3.89,0.854,0.0,79.2,3
Student_0060,T5_Fall,Program_A,Transfer,2,53,2.75,-0.07,0.869,0,1,12,4.41,0.937,0.131,78.5,0
Student_0061,T5_Fall,Program_D,First_Year,2,53,3.0,0.11,0.954,0,0,18,5.53,0.989,0.0,83.6,0
Student_0062,T5_Fall,Program_C,Transfer,3,61,2.48,0.06,0.721,0,0,15,2.65,0.77,0.284,63.0,4
Student_0063,T5_Fall,Program_B,First_Year,2,36,2.99,-0.36,0.95,0,0,18,5.47,0.919,0.17,88.7,1
Student_0064,T5_Fall,Program_A,First_Year,4,106,2.05,0.03,0.757,1,0,12,6.54,0.979,0.041,89.7,0
Student_0065,T5_Fall,Program_A,First_Year,3,62,3.16,0.16,0.555,3,1,15,4.85,0.884,0.053,79.5,2
Student_0066,T5_Fall,Program_D,First_Year,2,51,3.03,0.29,0.937,0,0,12,5.62,0.937,0.131,74.0,1
Student_0067,T5_Fall,Program_D,First_Year,1,19,3.29,-0.06,0.948,0,0,15,2.68,0.881,0.101,89.8,3
Student_0068,T5_Fall,Program_C,First_Year,3,57,3.3,-0.79,0.788,0,0,12,2.07,0.809,0.468,69.9,2
Student_0069,T5_Fall,Program_D,First_Year,2,52,3.16,0.54,0.917,0,0,15,4.34,1.0,0.202,83.6,4
Student_0070,T5_Fall,Program_C,Transfer,2,47,2.86,-0.15,0.695,1,1,18,4.27,0.724,0.277,80.2,2
Student_0071,T5_Fall,Program_A,Transfer,3,80,2.77,0.04,0.934,0,0,18,5.19,0.93,0.172,79.5,0
Student_0072,T5_Fall,Program_D,First_Year,1,13,2.36,0.39,0.785,1,0,18,4.55,0.971,0.281,64.6,2
Student_0073,T5_Fall,Program_D,First_Year,4,85,3.63,-0.69,0.928,0,0,15,3.2,0.773,0.34,98.2,7
Student_0074,T5_Fall,Program_D,First_Year,3,67,2.26,-0.24,0.869,0,0,15,4.47,0.788,0.223,64.9,0
Student_0075,T5_Fall,Program_B,First_Year,3,77,1.91,0.01,0.703,0,0,15,4.24,0.915,0.107,73.0,1
Student_0076,T5_Fall,Program_C,First_Year,1,19,2.6,-0.2,0.775,0,1,15,2.93,0.837,0.189,63.9,2
Student_0077,T5_Fall,Program_D,Transfer,3,66,3.22,0.92,0.869,1,0,15,5.22,1.0,0.085,98.6,0
Student_0078,T5_Fall,Program_D,Transfer,2,27,3.39,-0.08,1.0,0,0,15,3.36,0.754,0.183,78.6,3
Student_0079,T5_Fall,Program_A,First_Year,4,88,2.77,-0.39,0.814,0,0,9,4.55,0.865,0.235,82.2,3
Student_0080,T5_Fall,Program_C,Transfer,2,29,3.19,0.31,1.0,0,1,15,4.81,0.984,0.04,91.6,0
Student_0081,T5_Fall,Program_B,First_Year,1,13,3.74,0.34,0.966,0,0,12,5.76,0.959,0.141,98.5,0
Student_0082,T5_Fall,Program_B,Transfer,2,51,3.11,-0.17,0.934,0,0,12,4.07,0.943,0.225,85.8,1
Student_0083,T5_Fall,Program_B,First_Year,4,81,3.26,0.87,0.936,0,1,15,5.78,1.0,0.0,94.9,1
Student_0084,T5_Fall,Program_A,First_Year,2,41,1.75,0.25,0.649,2,1,12,3.99,0.774,0.26,88.8,0
Student_0085,T5_Fall,Program_A,First_Year,2,35,2.66,-0.16,0.657,2,0,15,3.68,0.782,0.404,56.6,2
Student_0086,T5_Fall,Program_A,First_Year,4,94,2.91,-0.09,0.913,1,0,15,4.56,0.984,0.108,81.8,0
Student_0087,T5_Fall,Program_C,Transfer,1,11,2.19,-0.38,0.81,0,0,18,3.39,0.908,0.165,78.2,4
Student_0088,T5_Fall,Program_D,First_Year,4,107,2.43,0.33,0.789,1,0,15,6.48,0.885,0.109,91.5,1
Student_0089,T5_Fall,Program_D,First_Year,4,105,2.26,-0.09,0.652,1,0,12,2.14,0.892,0.057,77.2,2
Student_0090,T5_Fall,Program_C,First_Year,3,57,2.72,0.26,0.818,1,0,12,5.19,0.937,0.0,87.7,0
Student_0091,T5_Fall,Program_C,First_Year,4,96,3.6,-0.26,0.912,0,1,12,5.31,0.813,0.241,100.0,0
Student_0092,T5_Fall,Program_A,First_Year,2,52,3.26,-0.64,0.78,1,0,12,3.68,0.741,0.135,77.2,7
Student_0093,T5_Fall,Program_C,First_Year,2,27,2.35,0.06,0.655,2,0,15,4.09,0.959,0.068,72.2,2
Student_0094,T5_Fall,Program_B,First_Year,3,80,2.89,0.51,0.877,1,0,18,6.63,1.0,0.0,83.7,0
Student_0095,T5_Fall,Program_B,Transfer,4,108,3.26,-0.13,0.843,1,0,18,4.06,0.864,0.09,90.4,0
Student_0096,T5_Fall,Program_B,Transfer,1,16,2.66,0.34,0.946,0,0,12,5.74,1.0,0.079,78.5,4
Student_0097,T5_Fall,Program_A,First_Year,4,103,2.01,0.09,0.687,0,1,15,3.63,0.78,0.119,64.7,2
Student_0098,T5_Fall,Program_D,First_Year,2,29,2.22,-0.59,0.766,1,0,18,5.16,0.898,0.096,56.6,2
Student_0099,T5_Fall,Program_D,First_Year,4,89,3.73,-0.04,0.876,0,0,15,3.18,0.865,0.183,72.5,2
Student_0100,T5_Fall,Program_A,First_Year,1,16,3.52,0.12,0.83,0,0,12,3.82,0.983,0.077,74.3,0
Student_0101,T5_Fall,Program_B,First_Year,4,99,2.16,0.06,0.851,0,0,12,2.6,0.749,0.307,61.8,5
Student_0102,T5_Fall,Program_B,First_Year,3,74,2.76,-0.25,0.822,0,1,12,3.6,0.733,0.236,67.5,2
Student_0103,T5_Fall,Program_D,Transfer,3,73,3.07,0.25,0.963,0,0,9,3.5,0.968,0.15,85.2,5
Student_0104,T5_Fall,Program_B,Transfer,2,34,3.21,0.01,1.0,0,0,15,4.2,0.982,0.125,82.1,0
Student_0105,T5_Fall,Program_A,Transfer,1,1,1.7,-0.8,0.765,0,0,12,3.35,0.869,0.305,65.6,2
Student_0106,T5_Fall,Program_C,First_Year,1,15,4.0,-0.05,0.947,0,0,9,4.31,0.825,0.302,100.0,4
Student_0107,T5_Fall,Program_D,Transfer,1,25,2.76,0.54,0.891,0,0,9,4.16,0.983,0.176,74.8,0
Student_0108,T5_Fall,Program_C,Transfer,3,66,2.73,-0.07,0.913,0,0,15,3.89,0.79,0.1,70.5,1
Student_0109,T5_Fall,Program_A,First_Year,3,61,3.23,-0.07,1.0,0,0,15,4.19,0.916,0.052,89.8,4
Student_0110,T5_Fall,Program_D,Transfer,1,11,1.4,-0.03,0.838,0,0,18,6.37,0.943,0.127,50.9,0
Student_0111,T5_Fall,Program_C,First_Year,4,101,2.65,-0.24,0.759,0,1,18,5.21,0.858,0.192,85.3,2
Student_0112,T5_Fall,Program_B,First_Year,1,7,1.61,0.77,0.845,0,0,18,5.01,0.978,0.105,62.4,0
Student_0113,T5_Fall,Program_D,First_Year,1,23,2.35,-0.02,0.789,0,0,15,4.77,0.786,0.034,85.2,4
Student_0114,T5_Fall,Program_B,First_Year,2,38,2.53,-0.12,0.884,0,0,9,3.51,0.911,0.257,61.6,1
Student_0115,T5_Fall,Program_A,Transfer,3,79,1.72,-0.09,0.636,2,0,15,4.08,0.706,0.289,73.1,2
Student_0116,T5_Fall,Program_C,First_Year,3,62,2.64,0.16,0.915,1,2,15,2.45,0.962,0.189,63.0,1
Student_0117,T5_Fall,Program_A,Transfer,3,68,3.31,0.14,0.726,1,0,15,3.83,0.913,0.049,76.8,4
Student_0118,T5_Fall,Program_A,First_Year,3,73,3.07,-0.3,0.861,1,0,18,3.48,0.968,0.115,100.0,4
Student_0119,T5_Fall,Program_C,Transfer,4,91,1.89,0.01,0.757,0,0,12,3.95,0.845,0.2,50.4,1
Student_0120,T5_Fall,Program_D,First_Year,3,79,2.41,-0.02,0.554,2,1,12,2.73,0.841,0.312,87.1,4
Student_0121,T5_Fall,Program_C,First_Year,4,105,2.11,-0.65,0.768,1,0,15,1.66,0.726,0.205,54.3,5
Student_0122,T5_Fall,Program_A,First_Year,3,79,1.43,-0.07,0.753,0,2,12,5.94,0.708,0.278,70.8,1
Student_0123,T5_Fall,Program_D,First_Year,4,102,3.23,0.05,0.839,0,2,9,1.63,0.83,0.404,66.4,4
Student_0124,T5_Fall,Program_B,Transfer,3,81,3.03,0.71,0.923,1,0,15,5.79,1.0,0.0,90.6,2
Student_0125,T5_Fall,Program_A,Transfer,4,85,2.69,-0.43,0.847,0,0,15,3.52,0.875,0.2,71.0,3
Student_0126,T5_Fall,Program_D,First_Year,3,62,2.17,-0.15,0.719,0,0,9,3.92,0.787,0.123,61.1,1
Student_0127,T5_Fall,Program_C,Transfer,1,27,1.95,0.12,0.585,1,0,15,2.34,0.777,0.292,60.7,2
Student_0128,T5_Fall,Program_B,First_Year,2,27,3.01,0.48,0.902,0,0,18,3.86,0.84,0.074,90.2,0
Student_0129,T5_Fall,Program_C,First_Year,4,87,1.97,0.01,0.623,2,0,9,4.91,0.943,0.123,51.3,0
Student_0130,T5_Fall,Program_B,First_Year,2,46,2.95,0.41,0.82,0,0,18,4.88,0.959,0.307,98.1,4
Student_0131,T5_Fall,Program_B,Transfer,3,57,2.31,-0.62,0.644,3,0,12,3.57,0.868,0.227,67.1,6
Student_0132,T5_Fall,Program_C,Transfer,3,74,2.23,0.18,0.75,1,0,18,4.44,0.916,0.098,62.1,4
Student_0133,T5_Fall,Program_A,Transfer,3,66,2.68,-0.64,0.769,1,2,12,4.86,0.868,0.306,72.3,1
Student_0134,T5_Fall,Program_C,First_Year,2,52,3.14,0.02,0.904,0,1,15,3.29,0.796,0.291,82.0,3
Student_0135,T5_Fall,Program_A,First_Year,4,101,2.76,0.08,0.846,1,2,9,4.7,0.928,0.08,89.5,1
Student_0136,T5_Fall,Program_D,Transfer,4,94,1.46,-0.32,0.725,1,0,15,3.57,0.841,0.182,59.4,2
Student_0137,T5_Fall,Program_A,First_Year,4,81,3.02,0.21,0.95,0,0,15,4.76,0.836,0.225,95.3,3
Student_0138,T5_Fall,Program_A,First_Year,2,46,3.0,0.42,0.979,0,0,12,5.41,1.0,0.0,84.0,0
Student_0139,T5_Fall,Program_C,Transfer,2,40,2.25,-0.1,0.769,0,3,15,4.08,0.904,0.337,89.1,0
Student_0140,T5_Fall,Program_A,First_Year,2,31,2.19,0.03,0.829,1,0,15,3.38,0.821,0.224,80.0,3
Student_0141,T5_Fall,Program_B,Transfer,2,31,3.8,0.24,0.891,0,0,15,3.61,0.882,0.231,90.9,1
Student_0142,T5_Fall,Program_D,Transfer,4,106,3.03,0.08,0.846,1,0,12,4.66,1.0,0.0,77.0,3
Student_0143,T5_Fall,Program_D,First_Year,2,39,3.7,-0.44,0.781,1,0,15,4.48,0.83,0.124,92.9,0
Student_0144,T5_Fall,Program_D,First_Year,2,42,3.25,-0.02,0.987,0,0,15,4.22,0.926,0.037,98.5,0
Student_0145,T5_Fall,Program_A,First_Year,4,90,3.29,0.13,0.876,0,0,12,3.68,0.982,0.0,71.6,3
Student_0146,T5_Fall,Program_B,First_Year,2,39,2.6,0.76,0.927,1,0,12,4.12,0.937,0.117,68.3,2
Student_0147,T5_Fall,Program_D,First_Year,1,20,2.74,0.06,0.857,0,0,18,4.43,0.95,0.134,88.2,0
Student_0148,T5_Fall,Program_D,First_Year,4,91,1.84,-0.03,0.597,2,1,12,5.79,1.0,0.139,79.1,1
Student_0149,T5_Fall,Program_A,Transfer,2,52,2.63,0.2,0.989,0,0,15,4.21,1.0,0.12,54.3,0
Student_0150,T5_Fall,Program_C,First_Year,3,71,2.34,0.25,0.633,3,0,9,5.96,0.963,0.069,75.5,0
Student_0151,T5_Fall,Program_B,Transfer,3,54,2.68,0.56,0.977,0,1,15,3.87,1.0,0.024,69.3,4
Student_0152,T5_Fall,Program_D,Transfer,4,84,2.53,0.1,0.798,0,0,15,4.4,0.821,0.135,86.7,1
Student_0153,T5_Fall,Program_C,Transfer,4,87,2.9,-0.24,0.838,0,0,15,2.6,0.737,0.284,81.5,5
Student_0154,T5_Fall,Program_D,Transfer,3,79,2.98,-0.2,0.875,0,0,15,4.03,0.762,0.215,90.0,0
Student_0155,T5_Fall,Program_D,Transfer,2,39,3.43,0.31,1.0,0,0,15,4.89,0.832,0.197,100.0,0
Student_0156,T5_Fall,Program_A,Transfer,1,4,2.54,-0.41,0.69,1,0,15,2.88,0.849,0.343,86.0,1
Student_0157,T5_Fall,Program_C,Transfer,1,27,2.28,-0.02,0.826,0,0,15,4.05,0.884,0.263,78.2,3
Student_0158,T5_Fall,Program_A,First_Year,2,46,3.27,0.58,0.943,0,1,15,5.13,1.0,0.176,98.6,2
Student_0159,T5_Fall,Program_B,Transfer,1,15,2.08,-0.39,0.793,1,0,15,4.83,0.943,0.051,62.4,1
Student_0160,T5_Fall,Program_D,First_Year,1,23,2.54,0.94,0.743,1,0,12,4.89,0.792,0.23,81.2,2
Student_0161,T5_Fall,Program_A,First_Year,1,24,2.5,0.3,0.833,0,0,18,3.98,0.899,0.227,77.4,1
Student_0162,T5_Fall,Program_C,First_Year,3,65,2.62,0.17,0.937,0,0,15,3.42,0.926,0.316,94.1,2
Student_0163,T5_Fall,Program_C,Transfer,2,48,2.33,-0.17,0.802,0,1,15,4.56,1.0,0.048,60.0,2
Student_0164,T5_Fall,Program_C,First_Year,2,40,3.03,0.05,0.906,0,0,15,3.59,0.888,0.103,75.3,0
Student_0165,T5_Fall,Program_A,First_Year,4,98,2.25,0.15,0.837,0,0,15,2.81,0.838,0.295,67.2,3
Student_0166,T5_Fall,Program_C,First_Year,1,15,3.06,-0.57,0.906,0,1,15,4.37,0.845,0.308,83.3,0
Student_0167,T5_Fall,Program_C,First_Year,2,50,3.37,-0.56,1.0,0,0,9,1.6,0.794,0.199,77.0,9
Student_0168,T5_Fall,Program_D,First_Year,3,69,3.4,-0.57,0.876,1,0,12,3.4,0.783,0.213,80.6,1
Student_0169,T5_Fall,Program_B,Transfer,3,69,2.81,-0.03,0.831,0,1,15,3.93,0.827,0.199,63.9,4
Student_0170,T5_Fall,Program_C,Transfer,1,26,2.63,-0.81,0.861,0,0,15,3.29,0.742,0.233,71.7,2
Student_0171,T5_Fall,Program_C,Transfer,2,39,2.91,0.63,0.896,0,0,12,5.49,0.875,0.103,100.0,2
Student_0172,T5_Fall,Program_A,First_Year,2,48,2.8,0.02,0.967,0,0,15,4.56,0.805,0.11,91.8,0
Student_0173,T5_Fall,Program_B,Transfer,3,64,2.2,-0.04,0.496,3,0,12,3.55,1.0,0.217,58.8,5
Student_0174,T5_Fall,Program_A,First_Year,3,75,2.45,0.05,0.977,0,0,12,3.32,0.851,0.218,64.9,5
Student_0175,T5_Fall,Program_C,Transfer,2,27,2.78,0.47,0.87,1,0,12,5.15,0.992,0.08,82.5,0
Student_0176,T5_Fall,Program_D,First_Year,4,99,2.5,-0.11,0.925,0,0,18,5.38,0.941,0.057,92.5,0
Student_0177,T5_Fall,Program_D,Transfer,3,60,2.41,-0.1,0.812,0,0,15,4.03,0.814,0.291,85.6,0
Student_0178,T5_Fall,Program_B,First_Year,1,0,3.24,-0.78,0.922,0,0,18,4.62,0.795,0.19,84.1,0
Student_0179,T5_Fall,Program_C,First_Year,1,13,3.39,-0.11,0.806,1,0,9,4.76,0.732,0.185,87.1,4
Student_0180,T5_Fall,Program_A,Transfer,2,45,3.13,-0.3,0.785,1,0,15,4.58,0.75,0.25,93.2,1
Student_0181,T5_Fall,Program_C,Transfer,2,41,2.88,-0.44,0.712,2,0,9,2.48,0.883,0.318,67.5,5
Student_0182,T5_Fall,Program_A,First_Year,2,30,2.65,-0.24,0.796,0,0,15,2.1,0.703,0.161,61.8,2
Student_0183,T5_Fall,Program_D,First_Year,2,34,1.9,0.01,0.756,0,0,12,3.1,0.707,0.396,93.0,0
Student_0184,T5_Fall,Program_B,First_Year,3,80,2.22,-0.31,0.794,0,1,12,3.17,0.882,0.143,71.7,2
Student_0185,T5_Fall,Program_B,First_Year,2,48,2.33,0.53,0.944,0,0,12,5.02,1.0,0.119,95.6,1
Student_0186,T5_Fall,Program_A,First_Year,1,23,2.32,-0.06,0.63,1,0,9,4.18,0.995,0.219,59.4,1
Student_0187,T5_Fall,Program_D,First_Year,1,24,2.88,-0.03,0.941,0,0,15,2.92,0.889,0.222,88.0,1
Student_0188,T5_Fall,Program_D,First_Year,3,70,3.1,-0.21,0.94,0,0,12,4.46,1.0,0.084,55.3,1
Student_0189,T5_Fall,Program_C,First_Year,3,70,2.39,0.08,0.859,1,1,15,5.35,0.808,0.07,72.7,0
Student_0190,T5_Fall,Program_D,Transfer,3,75,1.97,-0.17,0.595,3,0,18,4.88,0.795,0.175,66.0,1
Student_0191,T5_Fall,Program_C,First_Year,4,106,3.02,-0.04,0.825,1,0,12,3.91,0.876,0.212,73.3,3
Student_0192,T5_Fall,Program_B,First_Year,2,36,2.78,-0.59,0.923,0,1,12,3.35,0.681,0.36,86.0,3
Student_0193,T5_Fall,Program_C,Transfer,3,63,3.0,0.05,0.735,2,0,18,5.51,1.0,0.273,70.0,3
Student_0194,T5_Fall,Program_A,First_Year,3,81,2.27,-0.02,0.819,0,0,15,5.0,0.949,0.132,75.2,2
Student_0195,T5_Fall,Program_D,First_Year,3,81,3.06,-0.31,0.854,0,2,18,1.37,0.81,0.247,82.9,4
Student_0196,T5_Fall,Program_B,First_Year,1,8,2.26,-0.21,0.45,3,1,15,2.56,0.78,0.309,66.3,3
Student_0197,T5_Fall,Program_B,First_Year,1,7,3.03,-0.15,0.937,0,0,15,4.47,0.907,0.071,75.3,6
Student_0198,T5_Fall,Program_B,First_Year,1,4,3.33,-0.01,0.925,0,1,15,5.1,0.826,0.164,79.5,1
Student_0199,T5_Fall,Program_A,First_Year,4,89,1.85,-0.07,0.727,0,0,18,3.04,0.969,0.246,57.1,2
Student_0200,T5_Fall,Program_B,First_Year,1,27,2.03,-0.01,0.781,0,0,15,5.39,0.872,0.261,60.7,0
Student_0201,T5_Fall,Program_A,Transfer,3,79,2.23,0.17,0.885,0,1,15,5.38,0.926,0.124,67.1,2
Student_0202,T5_Fall,Program_A,Transfer,1,1,3.11,-0.08,0.753,1,0,12,2.62,0.701,0.284,77.9,3
Student_0203,T5_Fall,Program_D,Transfer,1,0,3.35,0.0,0.928,0,1,12,3.31,0.863,0.216,97.6,3
Student_0204,T5_Fall,Program_B,First_Year,2,46,2.56,0.05,0.78,0,1,12,1.86,0.748,0.311,60.0,4
Student_0205,T5_Fall,Program_D,First_Year,1,4,3.18,-0.11,0.943,0,0,12,4.64,0.824,0.21,85.4,4
Student_0206,T5_Fall,Program_C,First_Year,1,25,1.94,0.01,0.831,0,2,15,3.8,0.876,0.183,67.6,1
Student_0207,T5_Fall,Program_D,First_Year,1,27,2.78,-0.17,0.837,1,0,15,2.99,1.0,0.117,70.8,2
Student_0208,T5_Fall,Program_A,First_Year,2,51,2.79,-0.36,0.739,1,0,15,3.43,0.76,0.198,79.9,2
Student_0209,T5_Fall,Program_B,Transfer,3,79,3.36,-0.19,0.906,0,0,18,3.71,0.802,0.192,82.6,0
Student_0210,T5_Fall,Program_A,First_Year,2,37,2.75,0.44,0.783,1,0,9,5.41,0.884,0.112,83.1,0
Student_0211,T5_Fall,Program_B,Transfer,1,9,2.69,-0.45,0.778,0,0,15,5.15,0.911,0.12,80.8,0
Student_0212,T5_Fall,Program_A,Transfer,2,44,3.58,0.35,0.98,0,0,15,4.41,1.0,0.0,87.0,4
Student_0213,T5_Fall,Program_B,First_Year,2,43,3.05,0.37,0.865,0,1,15,2.08,0.828,0.15,83.7,5
Student_0214,T5_Fall,Program_D,First_Year,1,9,2.37,-0.25,0.884,0,0,12,3.08,0.774,0.156,65.3,1
Student_0215,T5_Fall,Program_D,First_Year,4,107,2.07,0.12,0.824,1,1,18,3.76,0.918,0.254,79.6,7
Student_0216,T5_Fall,Program_D,First_Year,4,93,3.68,-0.14,1.0,0,1,9,3.68,0.682,0.195,67.8,5
Student_0217,T5_Fall,Program_D,First_Year,1,25,2.96,0.34,0.914,0,0,18,3.36,0.934,0.21,71.9,3
Student_0218,T5_Fall,Program_C,First_Year,3,63,2.73,0.89,0.922,1,0,15,4.22,0.866,0.119,92.5,0
Student_0219,T5_Fall,Program_B,Transfer,2,43,4.0,0.37,1.0,0,1,12,5.35,1.0,0.0,100.0,0
Student_0220,T5_Fall,Program_A,Transfer,1,12,1.88,-0.14,0.642,1,0,15,3.31,0.915,0.261,61.1,2
Student_0221,T5_Fall,Program_C,First_Year,2,35,2.98,0.33,0.94,0,2,18,5.75,0.846,0.161,97.4,0
Student_0222,T5_Fall,Program_A,Transfer,1,19,2.19,-0.58,0.718,0,0,15,4.25,0.861,0.287,65.9,7
Student_0223,T5_Fall,Program_C,First_Year,1,17,3.0,-0.6,0.82,0,1,15,2.87,0.656,0.253,67.8,6
Student_0224,T5_Fall,Program_A,Transfer,1,17,2.33,0.32,0.879,0,0,15,4.53,0.994,0.015,86.5,4
Student_0225,T5_Fall,Program_D,First_Year,3,77,2.74,0.12,0.85,1,2,12,2.88,0.938,0.181,66.3,6
Student_0226,T5_Fall,Program_C,First_Year,4,89,3.45,0.23,0.863,1,0,15,4.54,0.807,0.183,84.8,0
Student_0227,T5_Fall,Program_A,First_Year,1,18,1.94,-0.33,0.794,1,0,12,4.98,0.833,0.263,63.4,2
Student_0228,T5_Fall,Program_A,First_Year,4,90,2.79,-0.14,0.719,1,2,9,2.34,0.905,0.198,87.6,3
Student_0229,T5_Fall,Program_A,First_Year,4,95,2.33,-0.21,0.796,1,0,15,4.83,0.957,0.26,76.1,0
Student_0230,T5_Fall,Program_A,First_Year,2,44,2.51,-0.02,0.768,0,2,12,3.37,0.854,0.15,83.4,5
Student_0231,T5_Fall,Program_C,Transfer,4,90,2.97,0.5,1.0,0,0,15,5.29,0.895,0.12,83.2,0
Student_0232,T5_Fall,Program_D,First_Year,4,92,3.29,-0.33,0.876,0,0,12,3.66,0.806,0.115,92.8,5
Student_0233,T5_Fall,Program_D,Transfer,1,22,1.83,0.18,0.758,0,0,12,4.2,0.852,0.144,68.4,2
Student_0234,T5_Fall,Program_D,First_Year,1,17,3.59,-0.23,0.962,1,1,18,6.09,0.813,0.111,85.3,0
Student_0235,T5_Fall,Program_A,First_Year,1,19,2.43,0.35,0.753,1,0,15,5.02,0.934,0.102,63.7,0
Student_0236,T5_Fall,Program_C,First_Year,4,106,3.24,-0.32,0.948,0,0,12,2.89,0.944,0.0,80.5,6
Student_0237,T5_Fall,Program_B,First_Year,2,46,2.36,-0.23,0.611,1,0,12,1.64,0.813,0.216,67.2,0
Student_0238,T5_Fall,Program_A,Transfer,1,9,2.37,-0.61,0.727,0,0,15,5.89,0.862,0.143,84.5,0
Student_0239,T5_Fall,Program_C,First_Year,3,70,2.55,0.14,0.858,0,1,15,3.87,1.0,0.095,71.7,2
Student_0240,T5_Fall,Program_B,First_Year,1,3,3.07,0.06,0.825,0,0,15,4.02,1.0,0.038,86.1,2
Student_0241,T5_Fall,Program_A,First_Year,4,101,3.13,-0.21,0.834,1,0,18,5.88,0.941,0.019,78.3,0
Student_0242,T5_Fall,Program_A,First_Year,4,99,2.08,-0.38,0.554,3,0,15,3.21,0.749,0.286,64.3,4
Student_0243,T5_Fall,Program_D,First_Year,1,8,3.36,-0.08,0.918,0,0,12,4.16,0.679,0.161,93.9,0
Student_0244,T5_Fall,Program_A,First_Year,3,78,2.53,0.07,0.899,1,0,12,3.88,0.965,0.138,81.1,5
Student_0245,T5_Fall,Program_C,First_Year,3,62,2.27,-0.31,0.532,2,0,9,1.73,0.702,0.284,66.4,3
Student_0246,T5_Fall,Program_B,Transfer,2,41,2.15,0.08,0.894,0,0,15,5.02,0.984,0.152,63.7,0
Student_0247,T5_Fall,Program_D,First_Year,4,95,3.07,0.22,0.902,0,0,12,3.79,0.919,0.181,77.3,4
Student_0248,T5_Fall,Program_A,First_Year,4,88,3.94,0.48,1.0,0,1,15,3.29,0.959,0.101,89.5,5
Student_0249,T5_Fall,Program_C,Transfer,2,48,3.56,0.28,0.923,0,0,12,3.38,0.856,0.222,89.0,4
Student_0250,T5_Fall,Program_C,First_Year,2,36,2.66,-0.33,0.864,0,0,15,4.45,0.814,0.155,91.3,4
Student_0251,T5_Fall,Program_B,Transfer,3,54,3.18,-0.27,1.0,0,0,12,4.75,0.982,0.248,88.2,2
Student_0252,T5_Fall,Program_B,Transfer,2,45,2.12,-0.18,0.605,1,0,15,6.63,0.812,0.169,73.6,1
Student_0253,T5_Fall,Program_D,Transfer,4,93,2.91,-0.05,0.78,0,0,15,4.2,0.704,0.363,80.8,2
Student_0254,T5_Fall,Program_B,First_Year,2,50,2.56,-0.09,0.722,1,0,15,3.69,0.871,0.263,74.3,0
Student_0255,T5_Fall,Program_A,First_Year,3,60,2.49,0.43,0.921,0,0,12,3.14,0.831,0.236,68.8,1
Student_0256,T5_Fall,Program_B,Transfer,3,62,2.43,0.2,0.829,0,2,15,4.63,1.0,0.177,85.3,1
Student_0257,T5_Fall,Program_B,First_Year,2,44,1.67,0.13,0.709,2,0,12,3.71,0.935,0.065,64.6,1
Student_0258,T5_Fall,Program_D,First_Year,1,3,2.17,0.08,0.634,2,0,15,3.91,0.938,0.227,74.1,7
Student_0259,T5_Fall,Program_C,First_Year,3,69,2.76,0.81,0.666,1,0,18,5.72,1.0,0.066,69.7,0
Student_0260,T5_Fall,Program_C,First_Year,1,5,3.84,0.34,0.937,0,0,15,4.52,0.938,0.312,88.1,2
Student_0261,T5_Fall,Program_A,First_Year,3,70,2.93,0.09,0.905,0,1,9,3.11,0.818,0.231,84.5,4
Student_0262,T5_Fall,Program_A,First_Year,1,4,2.23,-0.0,0.906,0,1,15,4.46,0.85,0.177,68.8,0
Student_0263,T5_Fall,Program_A,First_Year,1,15,2.21,0.28,0.901,0,0,12,4.76,1.0,0.0,79.0,3
Student_0264,T5_Fall,Program_D,First_Year,1,9,2.31,-0.12,0.813,0,0,9,4.62,0.833,0.294,72.4,2
Student_0265,T5_Fall,Program_C,First_Year,3,70,2.93,0.04,0.951,0,1,18,4.38,1.0,0.099,98.0,3
Student_0266,T5_Fall,Program_B,First_Year,1,5,3.3,-0.07,0.721,2,0,12,4.76,0.909,0.202,67.7,3
Student_0267,T5_Fall,Program_A,First_Year,1,11,3.1,-0.04,1.0,0,1,12,3.17,0.674,0.336,75.8,6
Student_0268,T5_Fall,Program_B,Transfer,2,38,2.3,0.12,0.84,0,0,15,4.91,0.814,0.149,87.3,1
Student_0269,T5_Fall,Program_A,Transfer,2,45,2.21,0.5,0.816,1,0,15,1.56,0.774,0.235,79.4,9
Student_0270,T5_Fall,Program_B,First_Year,3,80,1.99,0.48,0.639,0,0,15,5.85,0.913,0.114,80.6,0
Student_0271,T5_Fall,Program_A,First_Year,2,42,2.5,0.03,0.834,1,0,18,1.96,0.812,0.175,74.4,7
Student_0272,T5_Fall,Program_C,Transfer,4,90,2.4,-0.59,0.819,0,1,15,3.81,0.756,0.114,63.8,4
Student_0273,T5_Fall,Program_D,First_Year,2,49,3.38,-0.21,0.905,0,0,9,3.09,0.846,0.296,84.6,0
Student_0274,T5_Fall,Program_C,Transfer,4,106,2.98,0.2,0.961,0,1,18,4.76,0.894,0.098,82.5,0
Student_0275,T5_Fall,Program_C,First_Year,2,45,2.88,0.1,0.912,1,0,12,5.01,0.9,0.133,87.5,0
Student_0276,T5_Fall,Program_C,First_Year,2,40,3.72,0.13,0.872,0,0,15,4.34,0.816,0.173,70.2,3
Student_0277,T5_Fall,Program_C,First_Year,4,90,1.73,-0.24,0.554,2,0,18,3.65,0.768,0.277,64.2,0
Student_0278,T5_Fall,Program_A,Transfer,2,34,3.2,-0.03,0.951,0,1,18,3.72,0.92,0.02,84.1,7
Student_0279,T5_Fall,Program_C,First_Year,4,83,3.13,-0.4,0.829,0,0,12,2.58,0.821,0.168,81.5,5
Student_0280,T5_Fall,Program_A,First_Year,2,30,2.33,0.97,0.57,2,0,9,3.99,0.944,0.252,76.9,3
Student_0281,T5_Fall,Program_B,First_Year,4,103,2.67,-0.05,0.907,0,0,15,3.02,0.964,0.148,76.0,4
Student_0282,T5_Fall,Program_C,Transfer,3,79,2.86,0.03,0.892,0,0,12,4.72,0.864,0.269,62.9,0
Student_0283,T5_Fall,Program_C,First_Year,2,36,2.41,0.52,0.693,2,0,9,3.35,0.912,0.0,88.1,4
Student_0284,T5_Fall,Program_D,Transfer,2,49,2.03,-0.33,0.737,1,0,15,4.06,0.766,0.143,72.5,7
Student_0285,T5_Fall,Program_C,First_Year,4,88,1.79,-0.17,0.806,0,0,12,4.37,0.855,0.217,85.2,0
Student_0286,T5_Fall,Program_D,Transfer,4,105,2.74,-0.47,0.801,0,0,12,1.86,0.556,0.469,70.8,4
Student_0287,T5_Fall,Program_C,Transfer,2,53,2.62,-0.22,0.886,0,0,15,5.22,0.839,0.212,74.5,0
Student_0288,T5_Fall,Program_A,Transfer,3,76,3.2,0.18,0.841,1,1,15,4.38,1.0,0.0,91.6,3
Student_0289,T5_Fall,Program_D,First_Year,4,108,2.8,-0.57,0.593,1,0,15,1.93,0.662,0.337,68.2,4
Student_0290,T5_Fall,Program_A,First_Year,1,25,3.02,-0.05,1.0,0,0,18,2.73,0.912,0.052,89.3,0
Student_0291,T5_Fall,Program_B,First_Year,4,88,2.26,0.15,0.959,0,0,18,5.21,0.959,0.164,76.4,1
Student_0292,T5_Fall,Program_C,Transfer,1,0,3.4,-0.22,0.96,0,2,18,3.73,0.872,0.202,100.0,4
Student_0293,T5_Fall,Program_C,Transfer,2,35,2.11,-0.06,0.609,1,0,15,4.25,0.79,0.19,70.7,0
Student_0294,T5_Fall,Program_C,First_Year,2,29,2.65,-0.24,0.895,0,0,12,3.94,0.835,0.202,68.0,1
Student_0295,T5_Fall,Program_B,Transfer,3,56,2.36,0.08,0.71,0,1,15,3.18,0.701,0.363,77.5,1
Student_0296,T5_Fall,Program_C,Transfer,2,33,2.6,0.04,0.821,0,0,12,2.92,0.629,0.345,88.5,5
Student_0297,T5_Fall,Program_C,First_Year,3,75,2.26,0.61,0.933,0,0,15,3.71,0.853,0.24,72.7,3
Student_0298,T5_Fall,Program_D,First_Year,1,0,2.52,-0.24,0.741,0,0,15,3.08,0.668,0.28,68.0,4
Student_0299,T5_Fall,Program_A,First_Year,2,38,2.77,0.13,0.881,1,0,12,3.37,0.901,0.215,96.7,2
Student_0300,T5_Fall,Program_A,First_Year,4,88,2.39,0.18,0.702,1,0,12,3.19,0.773,0.239,97.8,6
Student_0301,T5_Fall,Program_A,First_Year,3,73,2.85,0.04,0.671,1,2,12,4.46,0.818,0.282,87.2,1
Student_0302,T5_Fall,Program_B,First_Year,3,66,3.68,0.33,0.875,0,0,15,3.71,0.849,0.276,83.7,0
Student_0303,T5_Fall,Program_A,First_Year,4,102,2.79,-0.14,0.877,0,0,18,5.5,0.905,0.179,86.3,0
Student_0304,T5_Fall,Program_B,First_Year,2,29,1.71,-0.31,0.478,2,0,15,1.59,0.62,0.292,49.1,6
Student_0305,T5_Fall,Program_D,Transfer,3,73,3.34,-0.15,0.882,0,1,12,3.4,0.797,0.147,82.4,2
Student_0306,T5_Fall,Program_B,First_Year,3,69,2.36,0.84,0.902,0,0,12,6.8,1.0,0.0,65.4,0
Student_0307,T5_Fall,Program_C,First_Year,3,58,2.9,-0.19,0.94,0,2,15,4.02,0.802,0.083,97.2,0
Student_0308,T5_Fall,Program_D,First_Year,1,5,2.85,-0.49,0.706,1,0,12,2.51,0.793,0.221,63.8,0
Student_0309,T5_Fall,Program_D,First_Year,1,24,3.23,-0.32,0.89,0,0,15,2.93,0.822,0.324,82.0,1
Student_0310,T5_Fall,Program_D,Transfer,2,43,3.77,0.29,0.973,0,0,12,2.94,0.801,0.266,100.0,5
Student_0311,T5_Fall,Program_B,First_Year,3,56,2.75,0.2,0.937,0,0,12,2.32,0.806,0.23,72.9,5
Student_0312,T5_Fall,Program_C,Transfer,2,53,2.59,-0.07,0.881,0,0,9,4.48,0.873,0.14,82.5,5
Student_0313,T5_Fall,Program_C,Transfer,3,68,2.04,-0.15,0.583,2,0,18,5.05,0.922,0.235,57.5,1
Student_0314,T5_Fall,Program_A,Transfer,3,68,2.78,-0.03,0.652,2,1,18,4.16,0.848,0.15,83.8,0
Student_0315,T5_Fall,Program_A,First_Year,1,23,3.24,-0.4,0.973,0,0,12,3.52,0.82,0.091,92.3,2
Student_0316,T5_Fall,Program_A,Transfer,3,72,2.41,-0.15,0.626,2,0,15,5.35,0.985,0.194,77.2,4
Student_0317,T5_Fall,Program_B,First_Year,2,45,2.3,0.31,0.911,0,0,12,4.83,0.894,0.189,86.3,0
Student_0318,T5_Fall,Program_B,First_Year,4,103,2.49,-0.18,0.767,0,0,15,2.99,0.795,0.2,64.4,1
Student_0319,T5_Fall,Program_A,First_Year,2,30,2.92,0.08,0.717,1,0,12,2.67,0.886,0.185,72.9,7
Student_0320,T5_Fall,Program_B,First_Year,4,100,2.83,-0.3,0.84,1,0,18,2.93,0.855,0.237,63.0,4
Student_0321,T5_Fall,Program_D,Transfer,3,70,2.97,0.68,0.722,1,0,12,3.87,0.866,0.166,77.8,1
Student_0322,T5_Fall,Program_B,First_Year,1,23,2.51,0.18,0.767,1,0,9,3.85,1.0,0.091,69.4,3
Student_0323,T5_Fall,Program_B,First_Year,1,13,3.3,0.24,0.911,0,0,15,6.55,1.0,0.039,87.2,0
Student_0324,T5_Fall,Program_C,First_Year,1,14,3.05,0.14,0.882,0,1,12,4.87,0.895,0.152,84.4,0
Student_0325,T5_Fall,Program_C,First_Year,3,55,1.97,-0.07,0.61,2,1,9,2.6,0.782,0.218,60.9,3
Student_0326,T5_Fall,Program_B,Transfer,3,69,3.16,-0.03,0.741,1,1,18,3.49,0.953,0.323,87.6,0
Student_0327,T5_Fall,Program_A,Transfer,3,66,2.96,-0.05,0.921,0,0,18,3.23,0.982,0.119,70.9,2
Student_0328,T5_Fall,Program_A,Transfer,2,49,3.49,-0.31,0.957,0,2,9,5.37,0.854,0.123,78.0,1
Student_0329,T5_Fall,Program_A,First_Year,2,34,2.3,0.41,0.875,0,1,15,4.9,1.0,0.176,71.5,4
Student_0330,T5_Fall,Program_A,First_Year,1,22,2.51,1.0,0.836,0,1,15,3.57,0.995,0.122,87.7,5
Student_0331,T5_Fall,Program_A,First_Year,4,85,2.78,0.42,0.663,2,0,12,6.7,0.963,0.155,89.7,2
Student_0332,T5_Fall,Program_D,Transfer,1,27,3.38,0.18,0.871,0,2,15,2.08,0.75,0.314,83.6,6
Student_0333,T5_Fall,Program_A,First_Year,1,9,2.44,-0.27,0.879,0,1,9,5.46,0.898,0.201,77.5,0
Student_0334,T5_Fall,Program_A,Transfer,2,42,3.41,0.51,0.97,0,0,9,5.49,0.914,0.087,97.1,4
Student_0335,T5_Fall,Program_D,First_Year,3,70,2.33,-0.28,0.564,3,1,15,4.98,1.0,0.199,68.7,0
Student_0336,T5_Fall,Program_A,First_Year,3,74,3.01,0.02,0.983,0,0,15,5.01,1.0,0.0,100.0,1
Student_0337,T5_Fall,Program_A,Transfer,2,40,2.3,-0.15,0.791,0,0,12,3.48,0.921,0.193,63.3,4
Student_0338,T5_Fall,Program_B,Transfer,4,90,2.46,0.19,0.848,0,0,12,2.71,0.774,0.2,79.9,7
Student_0339,T5_Fall,Program_B,First_Year,4,91,3.37,0.09,0.923,0,0,18,4.01,0.779,0.274,73.4,0
Student_0340,T5_Fall,Program_D,Transfer,2,49,2.22,-0.18,0.729,1,1,15,4.37,0.735,0.301,68.8,5
Student_0341,T5_Fall,Program_A,Transfer,3,78,3.62,-0.21,0.925,0,0,15,2.15,0.812,0.29,87.5,0
Student_0342,T5_Fall,Program_D,First_Year,2,32,2.93,0.22,0.745,2,0,15,5.71,0.906,0.085,80.5,2
Student_0343,T5_Fall,Program_B,First_Year,2,37,2.75,1.0,0.945,0,0,15,5.46,0.94,0.189,93.5,3
Student_0344,T5_Fall,Program_A,First_Year,1,5,2.55,0.12,0.956,0,0,15,3.77,0.883,0.108,86.8,4
Student_0345,T5_Fall,Program_B,First_Year,3,57,1.96,0.27,0.64,1,0,15,5.06,0.86,0.262,71.0,0
Student_0346,T5_Fall,Program_A,Transfer,1,11,3.17,0.25,0.955,0,0,18,5.53,0.897,0.111,87.1,1
Student_0347,T5_Fall,Program_C,First_Year,3,70,2.08,0.2,0.786,0,1,12,2.91,0.673,0.273,59.3,7
Student_0348,T5_Fall,Program_B,First_Year,3,64,2.98,-0.06,0.867,0,1,15,3.01,0.809,0.288,90.8,5
Student_0349,T5_Fall,Program_D,Transfer,2,38,2.24,-0.0,0.886,0,0,12,4.83,0.799,0.129,83.1,4
Student_0350,T5_Fall,Program_A,First_Year,2,52,2.31,-0.3,0.832,0,0,18,3.49,0.778,0.259,67.7,5
Student_0351,T5_Fall,Program_A,Transfer,3,64,2.63,-0.15,0.707,1,0,15,3.93,0.72,0.399,79.5,0
Student_0352,T5_Fall,Program_B,First_Year,1,6,2.22,0.23,0.689,2,0,12,5.7,1.0,0.095,70.9,0
Student_0353,T5_Fall,Program_D,Transfer,1,19,3.5,0.24,0.99,0,0,12,6.39,0.821,0.031,86.8,0
Student_0354,T5_Fall,Program_D,Transfer,2,47,2.87,0.21,0.863,1,0,15,4.69,0.833,0.182,89.2,1
Student_0355,T5_Fall,Program_D,Transfer,4,93,2.94,-0.02,1.0,0,1,15,3.61,1.0,0.163,72.3,0
Student_0356,T5_Fall,Program_D,First_Year,2,45,2.43,-0.01,0.896,0,1,12,6.73,0.824,0.147,77.5,0
Student_0357,T5_Fall,Program_A,Transfer,1,10,2.62,0.34,0.843,1,0,15,5.02,0.906,0.253,73.9,4
Student_0358,T5_Fall,Program_D,Transfer,2,27,2.86,-0.65,0.879,0,0,18,4.71,0.899,0.135,72.3,0
Student_0359,T5_Fall,Program_A,First_Year,3,56,2.88,0.21,0.914,0,1,15,6.0,0.996,0.075,91.2,0
Student_0360,T5_Fall,Program_A,Transfer,4,85,2.51,0.6,0.93,0,1,15,4.05,1.0,0.064,86.2,0
Student_0361,T5_Fall,Program_A,Transfer,1,17,3.02,-0.07,0.949,0,0,15,3.15,0.955,0.224,58.9,4
Student_0362,T5_Fall,Program_C,Transfer,4,108,1.71,0.28,0.88,0,0,9,5.48,0.868,0.069,78.4,0
Student_0363,T5_Fall,Program_B,First_Year,2,32,2.68,0.47,0.996,0,0,12,4.08,0.958,0.183,93.8,3
Student_0364,T5_Fall,Program_B,Transfer,1,9,2.0,0.28,0.507,3,0,15,2.79,0.76,0.202,58.4,0
Student_0365,T5_Fall,Program_A,First_Year,1,12,2.36,-0.3,0.763,1,1,15,2.84,0.849,0.212,67.9,0
Student_0366,T5_Fall,Program_B,First_Year,2,27,1.84,-0.03,0.45,2,0,9,4.32,0.815,0.223,77.9,0
Student_0367,T5_Fall,Program_A,First_Year,1,13,3.09,-0.26,0.861,0,0,12,3.76,0.831,0.27,80.2,0
Student_0368,T5_Fall,Program_B,Transfer,4,102,2.25,0.02,0.74,0,1,15,2.19,0.783,0.26,77.9,3
Student_0369,T5_Fall,Program_A,Transfer,3,80,2.35,-0.3,0.753,1,1,12,3.71,0.783,0.303,70.7,5
Student_0370,T5_Fall,Program_D,Transfer,3,73,2.96,0.13,0.999,0,0,15,5.24,0.994,0.0,87.1,0
Student_0371,T5_Fall,Program_C,Transfer,4,108,2.17,-0.35,0.652,0,0,18,1.95,0.687,0.457,59.7,5
Student_0372,T5_Fall,Program_D,Transfer,2,32,2.45,0.1,0.634,2,0,12,3.45,0.757,0.162,65.1,4
Student_0373,T5_Fall,Program_A,First_Year,2,49,1.6,-0.08,0.705,1,0,15,3.31,0.842,0.226,59.0,0
Student_0374,T5_Fall,Program_D,First_Year,1,12,1.53,-0.15,0.773,0,0,15,2.15,0.757,0.241,52.1,3
Student_0375,T5_Fall,Program_C,First_Year,1,13,2.74,0.22,0.737,1,1,15,1.98,0.935,0.133,75.6,5
Student_0376,T5_Fall,Program_A,Transfer,2,52,3.16,0.87,0.81,0,0,15,3.91,1.0,0.012,79.4,1
Student_0377,T5_Fall,Program_A,First_Year,4,100,3.81,0.34,1.0,0,2,15,4.78,0.936,0.138,89.7,2
Student_0378,T5_Fall,Program_A,First_Year,3,56,2.19,0.32,0.768,1,0,18,5.39,1.0,0.088,76.6,5
Student_0379,T5_Fall,Program_B,Transfer,3,54,2.56,-0.12,0.897,0,2,15,5.3,0.855,0.276,82.1,0
Student_0380,T5_Fall,Program_B,Transfer,3,71,2.68,0.16,0.844,0,0,12,5.91,0.943,0.136,70.2,0
Student_0381,T5_Fall,Program_C,First_Year,1,21,2.44,-0.13,0.854,0,0,15,5.3,0.969,0.151,91.8,0
Student_0382,T5_Fall,Program_B,First_Year,3,72,3.67,-0.32,0.975,0,1,15,5.39,0.802,0.182,67.9,0
Student_0383,T5_Fall,Program_C,First_Year,2,36,1.86,0.16,0.742,0,0,12,5.52,0.901,0.097,71.5,2
Student_0384,T5_Fall,Program_D,First_Year,3,56,2.86,-0.13,0.745,1,0,9,4.72,0.824,0.06,76.0,0
Student_0385,T5_Fall,Program_A,First_Year,4,87,3.49,-0.25,0.854,0,0,15,3.38,0.736,0.179,77.9,0
Student_0386,T5_Fall,Program_C,First_Year,3,69,2.93,-0.14,0.947,0,0,15,2.96,0.625,0.398,78.9,4
Student_0387,T5_Fall,Program_D,First_Year,2,45,3.26,-0.14,0.895,0,2,18,2.52,0.791,0.307,81.1,5
Student_0388,T5_Fall,Program_C,First_Year,3,81,3.32,-0.29,0.904,0,0,15,4.72,0.78,0.223,72.5,1
Student_0389,T5_Fall,Program_D,First_Year,1,9,2.66,-0.11,0.924,1,0,15,5.23,0.853,0.11,80.1,0
Student_0390,T5_Fall,Program_B,First_Year,3,75,2.94,-0.05,0.759,0,0,12,3.48,0.851,0.12,75.9,2
Student_0391,T5_Fall,Program_B,First_Year,1,12,2.11,0.09,0.755,1,0,9,4.74,0.763,0.215,91.9,0
Student_0392,T5_Fall,Program_B,First_Year,3,65,3.08,0.63,0.747,1,0,12,3.55,1.0,0.334,67.5,0
Student_0393,T5_Fall,Program_C,First_Year,2,37,2.3,0.1,0.761,0,0,12,4.84,0.9,0.241,82.9,2
Student_0394,T5_Fall,Program_C,Transfer,2,51,2.71,0.21,0.908,0,1,15,2.17,0.778,0.139,86.3,1
Student_0395,T5_Fall,Program_A,First_Year,1,16,2.09,-0.24,0.814,0,1,18,4.9,0.951,0.256,76.0,6
Student_0396,T5_Fall,Program_D,First_Year,3,60,1.95,-0.17,0.735,0,0,15,2.02,0.733,0.351,62.5,5
Student_0397,T5_Fall,Program_D,Transfer,2,37,1.82,0.29,0.584,1,0,12,2.48,0.774,0.408,51.5,4
Student_0398,T5_Fall,Program_A,First_Year,1,10,3.29,-0.09,0.916,0,0,15,6.71,0.925,0.129,88.6,0
Student_0399,T5_Fall,Program_A,Transfer,2,28,3.34,-0.31,0.841,0,1,18,2.78,0.87,0.288,81.5,9
Student_0400,T5_Fall,Program_D,Transfer,1,26,2.13,0.83,0.705,1,3,15,2.87,0.844,0.163,65.1,3
Student_0401,T5_Fall,Program_B,Transfer,1,4,2.47,0.05,0.744,1,0,18,5.44,0.857,0.043,97.8,2
Student_0402,T5_Fall,Program_A,First_Year,2,27,2.76,-0.2,0.943,0,0,12,4.8,0.894,0.14,95.5,0
Student_0403,T5_Fall,Program_B,First_Year,3,63,3.01,-0.01,0.891,1,0,15,2.8,0.763,0.177,80.0,5
Student_0404,T5_Fall,Program_B,First_Year,4,103,2.82,-0.12,0.848,0,1,18,5.27,0.849,0.202,71.5,0
Student_0405,T5_Fall,Program_B,First_Year,3,68,2.78,0.27,0.915,1,0,12,4.47,0.966,0.099,79.5,1
Student_0406,T5_Fall,Program_A,First_Year,4,92,3.06,-0.24,0.897,0,0,15,4.06,0.956,0.096,83.3,0
Student_0407,T5_Fall,Program_A,First_Year,4,97,2.73,0.12,0.705,2,1,9,3.52,0.904,0.212,57.1,5
Student_0408,T5_Fall,Program_B,First_Year,1,4,2.5,-0.3,0.822,0,0,15,2.96,0.747,0.207,76.6,1
Student_0409,T5_Fall,Program_B,First_Year,4,106,2.91,-0.3,1.0,0,0,15,4.79,0.963,0.101,95.6,3
Student_0410,T5_Fall,Program_C,First_Year,3,58,2.31,0.27,0.791,0,0,18,1.13,0.798,0.293,68.9,9
Student_0411,T5_Fall,Program_D,First_Year,2,41,3.63,-0.06,0.99,0,0,15,4.54,0.853,0.219,90.0,2
Student_0412,T5_Fall,Program_B,Transfer,3,74,2.46,0.01,0.863,0,0,9,4.36,0.833,0.091,62.5,1
Student_0413,T5_Fall,Program_D,Transfer,4,98,2.92,-0.46,0.907,0,0,9,3.18,0.829,0.243,85.0,3
Student_0414,T5_Fall,Program_C,First_Year,4,85,3.68,-0.46,0.913,0,0,15,5.82,0.84,0.142,87.6,2
Student_0415,T5_Fall,Program_A,First_Year,2,27,2.05,0.37,0.832,0,0,12,2.83,0.8,0.141,52.8,3
Student_0416,T5_Fall,Program_C,First_Year,1,18,1.94,-0.21,0.851,0,1,15,3.96,0.687,0.258,78.7,0
Student_0417,T5_Fall,Program_C,First_Year,3,76,2.47,0.31,0.876,0,0,12,3.99,0.939,0.246,64.7,6
Student_0418,T5_Fall,Program_D,First_Year,3,74,2.01,0.12,0.764,0,0,15,4.65,0.9,0.0,57.9,0
Student_0419,T5_Fall,Program_D,First_Year,1,3,3.28,0.4,0.954,0,0,15,4.69,0.899,0.146,81.4,1
Student_0420,T5_Fall,Program_D,Transfer,2,29,1.78,0.54,0.696,1,0,15,4.96,0.877,0.072,62.1,2
Student_0421,T5_Fall,Program_B,First_Year,2,50,2.82,0.19,0.616,2,1,18,3.41,0.826,0.263,84.8,7
Student_0422,T5_Fall,Program_C,First_Year,4,86,2.55,1.0,0.86,0,2,15,6.14,0.948,0.057,76.9,3
Student_0423,T5_Fall,Program_C,Transfer,2,34,2.9,0.44,0.9,0,0,15,3.32,0.968,0.209,72.4,0
Student_0424,T5_Fall,Program_D,Transfer,3,77,2.89,-0.07,0.794,0,2,12,3.22,0.842,0.307,72.9,1
Student_0425,T5_Fall,Program_D,First_Year,2,53,2.14,-0.2,0.852,0,0,15,2.83,0.766,0.265,72.5,1
Student_0426,T5_Fall,Program_A,First_Year,1,23,2.58,0.02,0.831,0,0,12,3.5,0.807,0.087,79.9,0
Student_0427,T5_Fall,Program_C,First_Year,1,20,2.98,0.52,0.773,1,0,15,5.32,0.868,0.209,87.8,3
Student_0428,T5_Fall,Program_A,Transfer,4,93,2.7,0.06,0.768,1,0,9,3.99,0.875,0.161,72.7,4
Student_0429,T5_Fall,Program_A,First_Year,1,11,2.83,-0.02,0.851,0,2,15,4.54,0.799,0.35,85.7,4
Student_0430,T5_Fall,Program_D,Transfer,2,31,1.79,0.12,0.947,0,1,18,3.01,0.929,0.136,50.0,3
Student_0431,T5_Fall,Program_A,Transfer,2,35,2.64,-0.71,0.93,0,0,18,2.68,0.955,0.219,77.6,4
Student_0432,T5_Fall,Program_B,Transfer,3,58,1.77,0.07,0.787,0,0,12,3.04,0.96,0.227,65.0,0
Student_0433,T5_Fall,Program_C,First_Year,3,81,2.13,0.16,0.925,0,0,15,4.26,0.903,0.181,70.8,4
Student_0434,T5_Fall,Program_A,First_Year,2,37,2.74,-0.22,0.905,0,1,18,5.27,0.72,0.217,81.9,0
Student_0435,T5_Fall,Program_A,Transfer,4,92,2.75,0.23,0.724,1,2,15,6.8,0.876,0.1,100.0,0
Student_0436,T5_Fall,Program_D,First_Year,3,56,2.59,-0.59,0.81,0,0,18,1.61,0.762,0.435,71.4,8
Student_0437,T5_Fall,Program_B,Transfer,1,5,3.8,-0.1,1.0,0,1,15,6.53,0.926,0.0,90.0,0
Student_0438,T5_Fall,Program_D,First_Year,3,77,2.52,0.24,0.867,1,0,12,5.87,0.954,0.191,77.7,0
Student_0439,T5_Fall,Program_B,First_Year,4,82,3.22,-0.01,0.809,1,1,15,4.0,0.728,0.31,79.0,3
Student_0440,T5_Fall,Program_A,First_Year,3,63,2.94,0.13,0.961,0,0,18,6.3,0.927,0.129,82.0,0
Student_0441,T5_Fall,Program_B,First_Year,1,5,3.21,-0.19,0.995,0,0,18,4.85,0.835,0.242,95.7,0
Student_0442,T5_Fall,Program_A,First_Year,3,74,2.43,-0.52,0.672,1,0,15,3.88,0.723,0.371,82.3,2
Student_0443,T5_Fall,Program_B,First_Year,1,4,2.54,-0.36,0.789,1,0,12,5.11,0.956,0.041,73.7,2
Student_0444,T5_Fall,Program_C,First_Year,4,104,2.85,-0.39,0.827,0,0,12,3.23,0.723,0.135,69.1,4
Student_0445,T5_Fall,Program_B,Transfer,2,29,3.76,0.1,1.0,0,0,12,4.49,0.861,0.177,88.3,1
Student_0446,T5_Fall,Program_C,First_Year,4,92,2.37,0.46,0.835,0,0,15,4.66,0.836,0.059,74.8,0
Student_0447,T5_Fall,Program_B,First_Year,4,85,2.39,0.66,0.613,2,1,15,6.8,1.0,0.072,84.4,0
Student_0448,T5_Fall,Program_D,First_Year,2,39,1.88,0.19,0.725,0,1,15,5.84,1.0,0.0,62.1,0
Student_0449,T5_Fall,Program_A,First_Year,4,93,2.77,-0.19,0.866,0,0,15,4.05,0.648,0.225,69.7,2
Student_0450,T5_Fall,Program_A,First_Year,4,104,3.56,-0.43,1.0,0,2,15,4.02,0.899,0.111,98.8,0
Student_0451,T5_Fall,Program_B,First_Year,2,28,2.46,0.38,0.629,3,1,12,5.91,0.959,0.1,66.8,2
Student_0452,T5_Fall,Program_B,First_Year,1,2,2.13,-0.23,0.62,2,0,9,4.86,0.879,0.176,50.5,2
Student_0453,T5_Fall,Program_B,First_Year,3,65,1.89,-1.42,0.643,0,2,15,3.12,0.791,0.384,60.2,0
Student_0454,T5_Fall,Program_D,First_Year,1,19,3.05,0.18,0.782,0,0,15,4.91,0.887,0.292,76.8,0
Student_0455,T5_Fall,Program_D,First_Year,1,20,2.62,0.27,0.714,0,0,9,3.47,0.966,0.252,89.3,0
Student_0456,T5_Fall,Program_C,Transfer,3,78,1.85,0.09,0.896,0,0,15,3.63,0.936,0.221,63.1,2
Student_0457,T5_Fall,Program_D,First_Year,2,29,3.56,-1.1,0.98,0,0,18,5.43,0.955,0.179,98.3,0
Student_0458,T5_Fall,Program_A,First_Year,2,35,2.59,-0.65,0.942,0,1,15,4.26,0.889,0.049,76.5,2
Student_0459,T5_Fall,Program_C,First_Year,4,89,3.14,0.23,0.89,1,0,15,3.52,0.932,0.242,65.5,3
Student_0460,T5_Fall,Program_C,Transfer,3,63,2.6,0.52,0.889,0,0,12,3.09,0.82,0.276,71.2,4
Student_0461,T5_Fall,Program_D,First_Year,3,57,3.05,0.06,0.797,1,0,15,3.76,0.858,0.105,82.8,1
Student_0462,T5_Fall,Program_B,First_Year,3,68,2.92,-0.18,0.919,0,0,12,2.95,0.955,0.062,78.4,1
Student_0463,T5_Fall,Program_B,First_Year,4,104,1.99,0.05,0.629,2,1,15,4.13,0.8,0.239,63.1,1
Student_0464,T5_Fall,Program_A,First_Year,4,99,2.58,0.18,0.922,0,0,12,3.11,0.858,0.294,89.6,2
Student_0465,T5_Fall,Program_B,Transfer,1,10,2.85,0.05,0.743,0,0,15,4.41,0.918,0.058,79.2,0
Student_0466,T5_Fall,Program_C,First_Year,2,52,3.67,0.57,1.0,0,1,12,4.95,0.973,0.0,100.0,1
Student_0467,T5_Fall,Program_A,First_Year,4,94,2.88,-0.02,1.0,0,0,12,6.1,0.913,0.159,100.0,0
Student_0468,T5_Fall,Program_B,Transfer,2,29,2.84,-0.29,0.921,0,0,15,4.51,0.988,0.171,84.8,0
Student_0469,T5_Fall,Program_D,First_Year,3,56,2.38,0.23,0.806,1,0,18,3.81,0.799,0.185,81.9,2
Student_0470,T5_Fall,Program_B,First_Year,4,99,2.6,0.08,0.856,0,0,12,4.23,0.925,0.261,78.5,2
Student_0471,T5_Fall,Program_D,First_Year,4,99,3.06,0.05,0.948,0,0,18,4.33,0.93,0.103,79.8,3
Student_0472,T5_Fall,Program_B,First_Year,3,60,2.6,-0.17,0.786,0,0,15,2.62,0.68,0.215,55.5,3
Student_0473,T5_Fall,Program_A,First_Year,2,34,2.48,-0.37,0.843,0,0,15,2.6,0.91,0.203,72.6,3
Student_0474,T5_Fall,Program_C,Transfer,1,6,2.56,-0.0,0.819,0,0,15,2.26,0.905,0.26,63.5,3
Student_0475,T5_Fall,Program_C,First_Year,3,76,2.79,0.04,0.847,0,1,12,3.14,0.817,0.208,79.6,3
Student_0476,T5_Fall,Program_A,Transfer,2,51,2.88,-0.02,0.683,2,1,12,2.32,0.836,0.201,70.1,2
Student_0477,T5_Fall,Program_A,Transfer,3,78,2.56,0.28,0.871,0,0,15,3.42,0.912,0.181,78.1,4
Student_0478,T5_Fall,Program_D,First_Year,1,12,2.99,0.07,0.773,1,0,9,4.39,0.879,0.072,75.0,0
Student_0479,T5_Fall,Program_D,First_Year,2,51,2.71,0.23,0.996,0,0,15,2.16,0.921,0.227,84.7,0
Student_0480,T5_Fall,Program_A,First_Year,1,20,2.49,-0.57,0.752,1,0,15,3.27,0.93,0.059,81.7,0
Student_0481,T5_Fall,Program_C,First_Year,3,66,2.07,-0.22,0.74,0,1,15,4.03,0.79,0.281,62.3,3
Student_0482,T5_Fall,Program_D,Transfer,1,13,2.74,0.33,0.79,0,0,12,5.35,0.993,0.188,77.3,1
Student_0483,T5_Fall,Program_C,Transfer,3,81,2.68,0.36,0.805,1,0,9,3.39,0.741,0.27,78.4,0
Student_0484,T5_Fall,Program_B,First_Year,1,0,2.99,0.59,0.853,1,0,15,5.22,1.0,0.047,76.6,2
Student_0485,T5_Fall,Program_B,First_Year,1,7,2.31,0.08,0.813,0,0,12,3.9,0.845,0.128,70.1,1
Student_0486,T5_Fall,Program_A,First_Year,1,26,2.22,-0.38,0.778,0,0,15,3.0,0.75,0.352,50.2,4
Student_0487,T5_Fall,Program_B,First_Year,3,67,3.17,-0.25,0.85,1,0,15,6.0,0.925,0.0,79.8,3
Student_0488,T5_Fall,Program_C,Transfer,2,32,2.88,0.21,0.844,0,0,18,4.72,0.827,0.265,82.2,3
Student_0489,T5_Fall,Program_A,First_Year,1,27,3.46,-0.33,0.942,0,0,12,5.13,0.879,0.385,87.5,1
Student_0490,T5_Fall,Program_A,First_Year,2,27,2.68,-0.02,0.775,1,0,15,3.87,0.946,0.19,79.9,2
Student_0491,T5_Fall,Program_D,Transfer,1,11,3.04,-0.07,0.91,0,0,12,3.86,0.842,0.274,92.8,0
Student_0492,T5_Fall,Program_C,Transfer,1,10,3.05,0.09,0.935,0,0,9,5.16,0.928,0.264,96.1,0
Student_0493,T5_Fall,Program_A,First_Year,3,59,2.55,-0.36,0.863,0,1,15,2.37,0.711,0.229,58.1,5
Student_0494,T5_Fall,Program_A,First_Year,3,71,2.76,0.0,0.883,0,0,15,2.52,0.873,0.212,72.0,8
Student_0495,T5_Fall,Program_B,First_Year,1,9,2.36,0.2,0.797,0,0,12,4.85,1.0,0.178,88.6,2
Student_0496,T5_Fall,Program_D,First_Year,3,66,2.81,-0.02,0.815,0,0,15,3.75,0.845,0.29,68.1,1
Student_0497,T5_Fall,Program_A,First_Year,2,51,3.2,-0.1,0.985,0,0,12,4.3,0.979,0.146,86.1,1
Student_0498,T5_Fall,Program_B,Transfer,3,62,2.86,0.55,0.506,2,1,12,6.72,0.866,0.208,80.6,0
Student_0499,T5_Fall,Program_B,First_Year,3,74,2.65,-0.26,0.819,0,0,18,3.52,0.84,0.275,61.4,2
Student_0500,T5_Fall,Program_A,First_Year,1,2,2.43,0.56,0.545,3,0,15,5.01,1.0,0.0,83.9,0
Student_0501,T5_Fall,Program_C,Transfer,2,49,3.91,-0.06,0.94,0,1,15,5.99,0.996,0.111,93.8,0
Student_0502,T5_Fall,Program_B,First_Year,4,97,2.95,-0.04,0.944,0,1,15,4.11,0.929,0.217,100.0,2
Student_0503,T5_Fall,Program_D,First_Year,1,16,2.81,-0.22,0.891,0,1,15,2.59,0.734,0.254,75.5,0
Student_0504,T5_Fall,Program_D,Transfer,4,86,2.55,0.17,0.541,3,0,18,3.45,1.0,0.25,75.4,4
Student_0505,T5_Fall,Program_D,First_Year,4,82,3.13,0.03,0.782,2,0,18,6.09,1.0,0.027,89.5,0
Student_0506,T5_Fall,Program_D,Transfer,1,23,3.19,-0.06,0.902,0,0,18,3.28,0.777,0.301,74.8,7
Student_0507,T5_Fall,Program_C,First_Year,2,33,3.85,0.07,0.976,1,0,12,2.76,0.922,0.352,94.3,0
Student_0508,T5_Fall,Program_C,Transfer,2,35,3.05,-0.34,0.938,0,0,9,4.58,0.891,0.16,66.3,4
Student_0509,T5_Fall,Program_B,First_Year,3,60,2.6,-0.02,0.983,0,1,12,4.0,0.844,0.197,90.6,6
Student_0510,T5_Fall,Program_C,First_Year,1,22,2.58,0.21,0.749,1,0,15,3.28,0.902,0.082,64.5,3
Student_0511,T5_Fall,Program_B,First_Year,3,74,2.77,-0.15,0.616,1,0,15,5.04,1.0,0.219,67.6,2
Student_0512,T5_Fall,Program_C,First_Year,4,95,2.48,0.28,0.698,2,1,15,6.08,1.0,0.073,73.5,0
Student_0513,T5_Fall,Program_C,First_Year,1,10,2.31,-0.05,0.766,0,0,15,1.76,0.765,0.37,77.9,6
Student_0514,T5_Fall,Program_A,First_Year,4,102,3.07,-0.39,0.921,0,0,12,4.5,0.821,0.098,77.1,6
Student_0515,T5_Fall,Program_D,First_Year,3,63,2.93,-0.09,0.963,0,0,12,4.62,0.981,0.198,74.3,3
Student_0516,T5_Fall,Program_D,First_Year,4,82,2.82,-0.63,0.831,0,0,12,4.4,0.735,0.341,85.6,2
Student_0517,T5_Fall,Program_B,Transfer,4,81,3.82,0.0,0.758,1,1,15,2.67,0.801,0.348,73.9,0
Student_0518,T5_Fall,Program_C,First_Year,3,74,3.11,0.09,0.92,0,0,15,3.67,0.9,0.157,63.4,0
Student_0519,T5_Fall,Program_D,Transfer,3,65,2.6,-0.08,0.85,0,0,15,4.53,1.0,0.068,79.5,1
Student_0520,T5_Fall,Program_B,First_Year,1,15,3.95,0.19,0.894,0,0,12,4.42,1.0,0.114,75.6,0
Student_0521,T5_Fall,Program_C,First_Year,1,1,2.82,0.04,1.0,0,0,15,5.41,0.839,0.103,94.1,3
Student_0522,T5_Fall,Program_A,Transfer,1,11,3.51,-0.43,0.878,0,0,12,4.74,0.869,0.12,87.7,0
Student_0523,T5_Fall,Program_D,First_Year,3,78,3.57,0.06,0.961,0,0,15,4.65,0.959,0.098,76.2,0
Student_0524,T5_Fall,Program_B,First_Year,3,80,2.38,0.23,0.893,0,0,9,3.57,0.782,0.258,74.5,0
Student_0525,T5_Fall,Program_A,First_Year,3,81,2.76,0.09,0.775,0,0,15,3.77,0.853,0.186,81.7,2
Student_0526,T5_Fall,Program_C,First_Year,2,52,2.2,0.75,0.573,2,1,12,3.57,0.793,0.26,79.1,3
Student_0527,T5_Fall,Program_A,First_Year,2,45,3.03,-0.19,0.965,0,1,15,2.62,0.683,0.378,67.2,4
Student_0528,T5_Fall,Program_A,First_Year,1,27,2.72,-0.36,0.79,1,2,18,3.59,0.831,0.203,75.5,5
Student_0529,T5_Fall,Program_C,First_Year,2,30,2.6,-0.43,0.563,2,0,15,4.08,0.858,0.263,76.0,1
Student_0530,T5_Fall,Program_C,Transfer,1,20,3.31,-1.06,1.0,0,0,15,3.0,0.913,0.183,85.7,5
Student_0531,T5_Fall,Program_A,First_Year,4,87,2.21,0.1,0.858,0,1,18,3.65,0.945,0.147,76.5,5
Student_0532,T5_Fall,Program_A,Transfer,4,100,2.68,-0.05,0.813,0,1,15,2.68,0.948,0.154,64.9,6
Student_0533,T5_Fall,Program_C,First_Year,3,75,3.1,0.6,0.948,0,0,15,5.52,1.0,0.146,83.2,0
Student_0534,T5_Fall,Program_D,Transfer,2,51,3.19,-0.2,0.975,0,0,9,4.09,0.883,0.288,84.7,5
Student_0535,T5_Fall,Program_B,First_Year,3,56,2.42,-0.2,0.833,0,0,12,3.82,0.788,0.139,81.1,1
Student_0536,T5_Fall,Program_B,Transfer,4,95,2.78,-0.07,0.805,0,1,18,3.89,0.757,0.477,67.9,5
Student_0537,T5_Fall,Program_A,First_Year,2,53,2.63,0.01,0.956,0,0,15,4.04,0.888,0.112,60.5,0
Student_0538,T5_Fall,Program_A,First_Year,3,81,2.89,-0.36,0.895,0,0,18,4.02,0.745,0.152,69.2,3
Student_0539,T5_Fall,Program_D,First_Year,2,32,2.22,-0.09,0.68,1,1,12,1.56,0.649,0.403,72.7,6
Student_0540,T5_Fall,Program_B,First_Year,1,21,2.7,-0.06,0.873,0,1,9,4.25,0.814,0.201,81.9,3
Student_0541,T5_Fall,Program_D,First_Year,1,18,2.93,0.28,0.622,2,0,15,3.86,0.886,0.208,88.6,6
Student_0542,T5_Fall,Program_B,Transfer,2,54,2.59,0.05,0.836,1,2,18,5.42,0.886,0.151,71.7,0
Student_0543,T5_Fall,Program_B,Transfer,1,11,3.58,0.1,0.875,1,1,15,4.76,0.946,0.145,90.6,1
Student_0544,T5_Fall,Program_C,First_Year,3,78,2.78,0.14,0.929,0,0,18,5.15,1.0,0.208,65.6,1
Student_0545,T5_Fall,Program_C,First_Year,2,30,1.99,0.32,0.74,1,0,12,3.9,0.82,0.227,61.2,1
Student_0546,T5_Fall,Program_A,First_Year,2,34,2.4,0.04,0.815,0,0,15,3.43,1.0,0.276,79.5,0
Student_0547,T5_Fall,Program_B,First_Year,3,65,2.19,-0.16,0.953,0,2,12,5.3,0.863,0.0,87.4,1
Student_0548,T5_Fall,Program_A,First_Year,3,62,2.64,-0.05,0.654,1,0,15,3.61,0.757,0.3,70.6,1
Student_0549,T5_Fall,Program_C,First_Year,3,80,2.84,0.04,0.641,2,0,15,6.8,0.961,0.129,80.8,3
Student_0550,T5_Fall,Program_A,First_Year,1,20,2.4,0.42,0.651,2,0,15,3.85,0.974,0.048,74.4,4
Student_0551,T5_Fall,Program_D,First_Year,1,23,1.97,0.3,0.75,0,0,18,4.55,0.841,0.055,56.5,1
Student_0552,T5_Fall,Program_B,First_Year,4,88,2.77,-0.15,0.944,0,1,18,3.77,0.854,0.234,77.3,0
Student_0553,T5_Fall,Program_C,Transfer,1,27,2.87,-0.26,0.778,0,0,15,3.49,0.678,0.234,80.6,2
Student_0554,T5_Fall,Program_B,Transfer,2,42,3.47,0.13,0.933,0,0,15,3.08,0.743,0.18,65.2,0
Student_0555,T5_Fall,Program_B,Transfer,3,76,2.82,0.04,0.691,1,0,15,2.17,0.743,0.334,64.6,6
Student_0556,T5_Fall,Program_C,First_Year,2,30,2.66,-0.19,0.703,1,0,15,2.73,0.846,0.255,58.2,5
Student_0557,T5_Fall,Program_D,First_Year,3,56,2.8,-0.26,0.868,0,0,12,1.43,0.763,0.227,72.8,2
Student_0558,T5_Fall,Program_D,Transfer,3,60,2.59,-0.09,0.812,0,1,18,5.34,0.83,0.105,89.1,0
Student_0559,T5_Fall,Program_A,First_Year,1,19,3.06,0.4,0.568,2,1,18,3.39,0.68,0.255,74.9,2
Student_0560,T5_Fall,Program_B,First_Year,1,2,2.96,0.43,0.718,2,0,12,3.35,1.0,0.189,87.3,2
Student_0561,T5_Fall,Program_A,First_Year,4,102,2.55,0.78,0.759,1,0,12,4.23,0.868,0.208,88.9,2
Student_0562,T5_Fall,Program_A,First_Year,1,21,2.69,-0.35,0.827,0,0,12,1.13,0.574,0.311,73.8,1
Student_0563,T5_Fall,Program_D,First_Year,4,90,2.93,0.17,0.81,0,0,15,5.31,0.909,0.255,88.2,0
Student_0564,T5_Fall,Program_D,First_Year,1,8,2.65,-0.28,0.803,0,3,18,5.13,0.781,0.256,86.9,3
Student_0565,T5_Fall,Program_C,First_Year,1,7,2.65,-0.85,0.886,0,0,15,4.17,0.833,0.249,70.4,1
Student_0566,T5_Fall,Program_B,Transfer,3,78,2.51,0.24,0.852,0,2,12,3.95,0.948,0.129,92.4,3
Student_0567,T5_Fall,Program_A,First_Year,3,72,2.65,0.06,0.889,0,1,12,3.76,0.993,0.129,61.8,3
Student_0568,T5_Fall,Program_B,First_Year,4,107,2.82,0.25,0.812,1,0,18,3.65,0.89,0.213,86.2,1
Student_0569,T5_Fall,Program_C,First_Year,1,15,2.79,0.44,0.802,1,1,18,3.96,0.805,0.211,84.1,0
Student_0570,T5_Fall,Program_D,First_Year,3,60,2.35,0.42,0.757,0,0,12,2.12,1.0,0.202,63.8,6
Student_0571,T5_Fall,Program_B,First_Year,2,50,2.88,-0.09,0.783,1,1,15,2.73,0.827,0.201,86.1,1
Student_0572,T5_Fall,Program_C,First_Year,1,2,2.33,1.0,0.803,0,0,12,5.13,1.0,0.0,77.5,0
Student_0573,T5_Fall,Program_C,Transfer,3,63,2.15,-0.01,0.933,0,0,15,5.31,0.984,0.185,90.0,0
Student_0574,T5_Fall,Program_D,First_Year,3,57,3.54,-0.09,1.0,0,1,15,3.61,0.738,0.312,88.6,3
Student_0575,T5_Fall,Program_D,Transfer,2,44,2.85,-0.46,0.8,0,0,15,1.61,0.803,0.326,72.3,2
Student_0576,T5_Fall,Program_C,Transfer,3,57,2.54,0.21,0.774,2,0,15,3.39,1.0,0.138,72.5,5
Student_0577,T5_Fall,Program_A,First_Year,1,6,2.13,0.35,0.765,0,0,9,3.82,0.842,0.205,65.6,2
Student_0578,T5_Fall,Program_A,First_Year,1,2,3.03,-0.02,0.953,0,0,15,5.58,1.0,0.122,90.8,0
Student_0579,T5_Fall,Program_C,First_Year,1,25,3.34,-0.37,0.994,0,0,15,2.79,0.811,0.301,96.7,2
Student_0580,T5_Fall,Program_A,First_Year,3,77,2.32,0.49,0.906,0,0,12,3.89,0.738,0.17,80.3,3
Student_0581,T5_Fall,Program_B,First_Year,3,69,3.02,0.37,0.986,0,0,12,3.05,0.901,0.153,90.0,4
Student_0582,T5_Fall,Program_D,First_Year,4,83,2.17,0.28,0.804,0,0,18,3.1,0.898,0.255,70.6,4
Student_0583,T5_Fall,Program_C,First_Year,2,42,3.1,-0.21,0.782,1,1,15,3.27,0.85,0.206,100.0,2
Student_0584,T5_Fall,Program_A,First_Year,1,11,2.58,-0.37,0.825,0,0,15,2.63,0.801,0.198,63.7,0
Student_0585,T5_Fall,Program_B,First_Year,3,80,2.85,1.0,0.926,0,1,15,5.53,1.0,0.0,99.1,3
Student_0586,T5_Fall,Program_A,First_Year,3,60,3.28,-0.25,0.781,1,0,15,3.88,0.816,0.27,87.2,2
Student_0587,T5_Fall,Program_C,Transfer,1,9,2.7,-0.33,0.881,0,0,15,4.48,0.82,0.191,78.2,1
Student_0588,T5_Fall,Program_A,Transfer,1,12,2.05,0.35,0.877,0,0,15,3.97,0.946,0.026,82.9,3
Student_0589,T5_Fall,Program_D,Transfer,3,80,3.42,0.57,0.996,0,1,15,3.68,1.0,0.054,93.5,6
Student_0590,T5_Fall,Program_A,First_Year,4,100,3.25,-0.4,0.789,1,1,15,3.55,0.783,0.257,77.4,4
Student_0591,T5_Fall,Program_A,First_Year,1,2,2.69,0.1,1.0,0,0,15,5.74,0.94,0.109,88.1,0
Student_0592,T5_Fall,Program_A,First_Year,3,70,3.4,0.07,0.977,0,0,15,5.52,1.0,0.0,86.6,3
Student_0593,T5_Fall,Program_A,First_Year,2,48,3.3,-0.29,0.885,0,0,12,5.97,1.0,0.137,96.6,3
Student_0594,T5_Fall,Program_D,First_Year,4,89,2.25,-0.13,0.814,0,1,12,2.32,0.799,0.306,80.1,7
Student_0595,T5_Fall,Program_C,First_Year,2,32,2.64,0.27,0.876,0,0,12,4.11,1.0,0.13,66.7,0
Student_0596,T5_Fall,Program_C,Transfer,3,64,2.11,0.0,0.657,2,1,15,5.55,0.897,0.139,55.0,4
Student_0597,T5_Fall,Program_A,First_Year,2,35,3.31,-0.11,0.933,0,1,15,4.09,0.912,0.119,87.4,3
Student_0598,T5_Fall,Program_A,Transfer,2,46,2.66,0.74,0.78,0,0,15,3.76,0.988,0.173,71.4,0
Student_0599,T5_Fall,Program_A,Transfer,4,103,3.38,-0.05,1.0,0,0,12,4.29,0.75,0.267,86.0,3
Student_0600,T5_Fall,Program_D,Transfer,2,31,2.04,0.26,0.716,1,1,15,4.44,0.746,0.308,78.6,1
Student_0601,T5_Fall,Program_A,First_Year,2,37,3.45,0.57,0.913,0,0,12,5.66,1.0,0.132,76.7,2
Student_0602,T5_Fall,Program_B,First_Year,2,48,2.81,-0.66,0.921,0,0,12,3.76,0.904,0.105,68.5,4
Student_0603,T5_Fall,Program_B,First_Year,3,61,2.93,0.01,0.796,1,0,15,3.05,0.941,0.167,63.1,2
Student_0604,T5_Fall,Program_D,First_Year,2,43,1.67,0.26,0.493,3,0,12,4.37,0.834,0.006,72.9,3
Student_0605,T5_Fall,Program_D,First_Year,2,45,3.46,-0.4,0.941,0,1,12,4.65,0.805,0.187,97.3,2
Student_0606,T5_Fall,Program_B,First_Year,1,22,2.55,-0.3,0.719,1,1,12,3.35,0.714,0.228,68.5,2
Student_0607,T5_Fall,Program_D,First_Year,3,79,2.84,0.13,0.838,0,0,15,4.93,0.849,0.22,97.3,1
Student_0608,T5_Fall,Program_C,First_Year,3,78,3.04,-0.41,0.97,0,1,15,3.79,0.922,0.191,80.0,4
Student_0609,T5_Fall,Program_A,Transfer,4,97,3.09,0.13,0.848,0,1,18,4.64,0.83,0.098,80.6,2
Student_0610,T5_Fall,Program_D,Transfer,1,3,2.97,0.02,0.914,0,0,9,2.67,0.7,0.345,80.0,3
Student_0611,T5_Fall,Program_D,First_Year,3,81,2.69,0.66,0.889,0,0,15,1.32,0.788,0.229,86.2,4
Student_0612,T5_Fall,Program_D,Transfer,3,60,3.04,-0.27,0.968,0,1,9,3.93,0.81,0.155,94.1,2
Student_0613,T5_Fall,Program_A,Transfer,1,0,2.31,-0.43,0.777,0,0,12,1.78,0.831,0.209,46.1,4
Student_0614,T5_Fall,Program_C,First_Year,1,19,2.52,0.0,0.773,1,0,12,4.4,0.88,0.159,67.1,3
Student_0615,T5_Fall,Program_A,First_Year,3,81,2.78,0.19,0.79,1,0,15,3.38,0.794,0.211,91.3,1
Student_0616,T5_Fall,Program_D,First_Year,3,63,2.95,0.39,0.96,0,0,15,4.65,0.943,0.011,86.5,1
Student_0617,T5_Fall,Program_B,Transfer,4,103,2.65,-0.06,0.886,0,0,12,2.51,0.988,0.166,68.7,2
Student_0618,T5_Fall,Program_B,Transfer,2,39,2.68,0.34,0.893,0,1,15,5.97,0.962,0.135,77.2,0
Student_0619,T5_Fall,Program_C,Transfer,3,80,2.45,-0.38,0.795,1,1,12,6.25,0.924,0.208,85.6,0
Student_0620,T5_Fall,Program_A,First_Year,3,70,2.04,-0.28,0.951,0,0,12,3.51,1.0,0.048,78.7,4
Student_0621,T5_Fall,Program_C,Transfer,3,63,2.62,-0.07,0.796,1,0,12,4.28,0.845,0.299,74.7,3
Student_0622,T5_Fall,Program_B,First_Year,2,27,2.06,-0.15,0.727,1,0,15,5.23,0.849,0.107,65.9,0
Student_0623,T5_Fall,Program_D,First_Year,3,66,2.78,0.14,0.786,1,0,12,3.71,0.886,0.324,75.5,2
Student_0624,T5_Fall,Program_A,First_Year,2,29,2.53,-0.13,0.835,0,0,12,3.84,0.891,0.226,73.6,6
Student_0625,T5_Fall,Program_B,Transfer,3,66,3.14,-0.02,0.912,1,0,15,4.69,0.931,0.024,78.6,1
Student_0626,T5_Fall,Program_B,First_Year,3,76,3.32,-0.03,0.926,0,0,12,2.85,0.735,0.137,91.0,2
Student_0627,T5_Fall,Program_C,Transfer,2,36,2.37,-0.65,0.809,0,0,12,5.09,0.823,0.135,77.8,5
Student_0628,T5_Fall,Program_B,First_Year,1,14,2.36,-0.13,0.901,0,1,18,3.45,0.846,0.18,87.7,2
Student_0629,T5_Fall,Program_A,First_Year,1,14,3.19,1.0,0.912,1,0,9,5.85,1.0,0.005,75.4,1
Student_0630,T5_Fall,Program_D,Transfer,3,57,2.36,0.24,0.94,0,0,15,5.7,0.884,0.117,81.8,0
Student_0631,T5_Fall,Program_C,First_Year,4,92,2.51,-0.72,0.706,1,0,9,4.05,0.919,0.237,68.4,0
Student_0632,T5_Fall,Program_D,First_Year,4,89,2.05,0.03,0.761,0,0,12,4.79,0.755,0.283,67.4,1
Student_0633,T5_Fall,Program_A,First_Year,3,74,2.95,0.2,0.706,2,3,15,4.89,0.816,0.153,100.0,0
Student_0634,T5_Fall,Program_A,Transfer,2,48,2.91,0.14,0.797,0,0,15,2.67,0.822,0.142,75.5,3
Student_0635,T5_Fall,Program_D,First_Year,4,91,2.72,-0.04,0.903,0,1,15,3.89,0.879,0.088,85.4,2
Student_0636,T5_Fall,Program_C,First_Year,2,37,2.95,-0.25,0.747,1,0,12,1.68,0.64,0.317,71.8,5
Student_0637,T5_Fall,Program_B,First_Year,2,47,2.45,-0.24,0.933,0,3,15,3.89,0.805,0.244,78.6,3
Student_0638,T5_Fall,Program_D,First_Year,1,4,2.73,0.91,0.864,0,0,12,4.35,0.824,0.192,77.5,1
Student_0639,T5_Fall,Program_D,Transfer,1,20,3.03,-0.22,0.825,1,0,18,5.36,0.801,0.151,75.1,1
Student_0640,T5_Fall,Program_B,First_Year,2,32,2.49,-0.66,0.771,0,2,12,5.21,0.811,0.297,70.6,4
Student_0641,T5_Fall,Program_C,First_Year,4,95,3.05,-0.21,0.785,0,1,9,5.03,1.0,0.044,92.6,0
Student_0642,T5_Fall,Program_B,Transfer,4,106,2.45,0.05,0.613,2,2,9,3.34,0.862,0.217,50.4,0
Student_0643,T5_Fall,Program_C,First_Year,4,106,3.05,-0.13,0.733,1,0,15,4.71,0.908,0.154,79.8,1
Student_0644,T5_Fall,Program_B,First_Year,4,88,2.44,-1.53,0.849,0,0,15,3.21,0.741,0.29,56.7,1
Student_0645,T5_Fall,Program_C,First_Year,2,38,2.3,-0.3,0.67,1,0,15,3.43,0.808,0.221,64.5,3
Student_0646,T5_Fall,Program_D,First_Year,3,76,2.65,-0.22,0.806,0,1,12,2.24,0.833,0.249,68.6,5
Student_0647,T5_Fall,Program_C,First_Year,3,80,2.65,-0.2,1.0,0,0,18,6.49,0.999,0.0,93.6,4
Student_0648,T5_Fall,Program_D,First_Year,4,93,2.7,0.12,0.658,2,0,15,5.47,0.94,0.254,74.4,0
Student_0649,T5_Fall,Program_A,First_Year,4,102,3.28,-0.0,0.757,1,0,15,3.64,0.957,0.165,62.0,3
Student_0650,T5_Fall,Program_C,Transfer,3,73,1.84,0.03,0.866,0,1,15,3.01,0.817,0.33,64.8,2
Student_0651,T5_Fall,Program_B,First_Year,2,36,3.08,-0.2,0.869,0,0,15,1.9,0.7,0.208,84.4,2
Student_0652,T5_Fall,Program_A,First_Year,2,53,2.88,-0.17,0.835,0,0,15,3.86,0.939,0.191,70.4,1
Student_0653,T5_Fall,Program_C,First_Year,2,31,2.72,-0.44,0.798,1,0,18,4.16,0.97,0.042,70.7,1
Student_0654,T5_Fall,Program_C,First_Year,2,32,2.19,-0.17,0.758,1,1,12,4.07,0.825,0.233,64.9,0
Student_0655,T5_Fall,Program_A,First_Year,4,82,1.63,0.15,0.67,0,0,12,4.53,0.847,0.275,61.4,1
Student_0656,T5_Fall,Program_D,Transfer,1,18,3.35,0.09,0.974,0,1,12,4.38,0.89,0.158,77.9,2
Student_0657,T5_Fall,Program_B,Transfer,2,30,2.41,-0.29,0.527,2,0,12,3.7,0.718,0.257,72.3,1
Student_0658,T5_Fall,Program_B,First_Year,1,26,3.65,-0.21,0.946,0,1,12,3.91,0.866,0.117,81.1,5
Student_0659,T5_Fall,Program_A,First_Year,4,100,3.32,0.22,0.897,0,0,18,4.73,0.951,0.145,85.0,0
Student_0660,T5_Fall,Program_C,First_Year,2,36,2.93,-0.22,0.957,0,0,12,3.78,1.0,0.135,77.9,2
Student_0661,T5_Fall,Program_D,Transfer,3,65,2.44,1.0,0.69,1,1,15,4.83,0.877,0.265,78.2,1
Student_0662,T5_Fall,Program_B,Transfer,3,58,2.66,-0.3,0.916,0,1,15,3.29,0.723,0.241,82.8,3
Student_0663,T5_Fall,Program_C,First_Year,4,88,3.05,0.04,0.74,1,0,12,3.21,0.859,0.088,90.4,3
Student_0664,T5_Fall,Program_D,Transfer,3,70,2.49,-0.35,0.991,0,1,15,3.15,0.793,0.256,75.4,0
Student_0665,T5_Fall,Program_D,First_Year,3,58,3.3,-0.16,0.912,0,0,15,3.98,0.946,0.199,76.1,0
Student_0666,T5_Fall,Program_C,First_Year,4,92,2.34,-0.3,0.876,0,1,9,3.32,0.89,0.167,77.1,4
Student_0667,T5_Fall,Program_C,First_Year,4,98,1.61,-0.08,0.95,0,0,15,4.07,0.929,0.16,74.2,2
Student_0668,T5_Fall,Program_C,First_Year,3,62,1.59,0.11,0.815,0,0,12,4.62,0.932,0.107,93.2,1
Student_0669,T5_Fall,Program_A,Transfer,2,46,2.15,0.1,0.778,1,0,15,2.94,0.851,0.258,75.5,3
Student_0670,T5_Fall,Program_A,First_Year,3,78,2.01,1.0,0.924,0,0,15,5.13,1.0,0.0,80.7,4
Student_0671,T5_Fall,Program_A,First_Year,2,29,3.18,0.6,0.947,0,0,12,4.86,1.0,0.111,78.0,5
Student_0672,T5_Fall,Program_C,Transfer,4,84,3.11,-0.48,0.903,1,0,15,4.64,0.857,0.196,89.9,1
Student_0673,T5_Fall,Program_A,Transfer,3,67,2.75,-0.15,0.722,0,0,12,4.28,0.721,0.181,71.2,2
Student_0674,T5_Fall,Program_A,Transfer,4,106,2.36,-0.1,0.888,0,0,15,4.04,0.918,0.087,63.4,0
Student_0675,T5_Fall,Program_A,Transfer,2,51,3.22,0.81,0.983,0,1,15,5.61,0.982,0.208,87.3,1
Student_0676,T5_Fall,Program_A,First_Year,3,54,2.45,-0.55,0.851,0,0,12,2.99,0.726,0.212,64.2,3
Student_0677,T5_Fall,Program_A,First_Year,1,13,2.74,-0.21,0.812,1,0,9,3.86,0.848,0.271,68.2,6
Student_0678,T5_Fall,Program_D,First_Year,2,36,2.0,-0.3,0.528,2,0,18,2.54,0.758,0.327,62.2,6
Student_0679,T5_Fall,Program_B,Transfer,2,43,2.4,-0.39,0.859,0,0,15,3.15,0.872,0.259,72.2,4
Student_0680,T5_Fall,Program_A,Transfer,1,25,1.91,-0.61,0.845,0,0,15,2.34,0.772,0.451,85.3,3
Student_0681,T5_Fall,Program_A,First_Year,4,82,2.75,-0.06,0.908,0,1,9,3.4,0.946,0.231,76.9,0
Student_0682,T5_Fall,Program_B,First_Year,2,47,1.86,-0.0,0.75,0,1,15,2.53,0.786,0.177,53.8,6
Student_0683,T5_Fall,Program_D,Transfer,2,50,3.01,-0.53,0.692,1,0,18,2.65,0.692,0.318,81.8,4
Student_0684,T5_Fall,Program_A,Transfer,2,54,3.14,0.49,0.793,1,1,15,4.54,1.0,0.06,97.5,1
Student_0685,T5_Fall,Program_C,First_Year,2,47,2.18,-0.14,0.561,2,1,12,4.84,0.916,0.202,64.1,5
Student_0686,T5_Fall,Program_B,First_Year,4,106,2.54,-0.12,0.838,0,3,15,3.58,0.888,0.276,70.0,7
Student_0687,T5_Fall,Program_B,First_Year,1,11,3.36,0.92,0.708,2,0,15,5.74,1.0,0.063,99.8,0
Student_0688,T5_Fall,Program_A,First_Year,2,35,2.88,-0.53,0.691,2,0,15,2.49,0.768,0.258,77.7,2
Student_0689,T5_Fall,Program_C,Transfer,1,3,2.21,-0.3,0.919,0,1,15,4.55,0.648,0.239,68.6,1
Student_0690,T5_Fall,Program_B,First_Year,3,81,3.41,-0.6,0.81,1,1,15,3.92,0.729,0.279,71.1,0
Student_0691,T5_Fall,Program_B,Transfer,4,88,2.94,-0.82,0.677,1,0,15,2.76,0.877,0.338,84.9,1
Student_0692,T5_Fall,Program_A,First_Year,1,9,2.88,-0.02,0.945,0,0,18,5.4,0.837,0.116,78.5,0
Student_0693,T5_Fall,Program_B,First_Year,3,64,3.61,-0.39,1.0,0,0,12,3.89,0.909,0.131,67.3,0
Student_0694,T5_Fall,Program_A,Transfer,3,56,2.7,-0.71,0.875,0,3,15,2.08,0.663,0.52,76.8,3
Student_0695,T5_Fall,Program_C,First_Year,1,2,2.38,-0.07,0.713,1,0,15,3.12,0.818,0.051,60.3,1
Student_0696,T5_Fall,Program_D,Transfer,4,86,2.57,-0.35,0.807,1,0,15,4.64,0.788,0.204,71.1,2
Student_0697,T5_Fall,Program_A,Transfer,3,62,2.73,-0.1,0.876,0,0,15,4.38,1.0,0.255,84.7,2
Student_0698,T5_Fall,Program_B,First_Year,2,30,2.26,-0.32,0.846,0,0,15,2.66,0.947,0.199,61.3,3
Student_0699,T5_Fall,Program_C,Transfer,1,10,3.05,-0.36,0.825,0,0,18,4.02,0.826,0.273,85.9,3
Student_0700,T5_Fall,Program_B,Transfer,1,21,3.43,-0.11,0.901,1,1,15,3.64,0.908,0.171,100.0,3
Student_0701,T5_Fall,Program_D,First_Year,2,48,2.03,-0.39,0.506,2,1,12,5.11,0.884,0.188,55.8,0
Student_0702,T5_Fall,Program_A,First_Year,3,59,2.53,0.27,0.666,1,0,18,5.19,0.963,0.132,77.8,1
Student_0703,T5_Fall,Program_A,First_Year,2,48,2.71,-0.04,0.515,2,0,12,3.47,0.713,0.229,74.5,0
Student_0704,T5_Fall,Program_C,Transfer,3,74,2.22,-0.09,0.845,0,1,12,2.61,0.789,0.286,79.5,3
Student_0705,T5_Fall,Program_B,First_Year,4,93,2.39,0.18,0.809,0,0,12,5.26,0.893,0.153,77.8,0
Student_0706,T5_Fall,Program_B,First_Year,4,103,1.82,-0.51,0.45,2,0,15,2.12,0.806,0.399,68.0,4
Student_0707,T5_Fall,Program_C,First_Year,1,21,2.06,-0.04,0.794,1,0,15,3.76,1.0,0.196,63.4,2
Student_0708,T5_Fall,Program_B,First_Year,4,94,1.81,-0.23,0.615,2,0,12,3.46,0.779,0.264,78.9,4
Student_0709,T5_Fall,Program_A,First_Year,1,3,3.01,0.02,0.803,1,0,15,2.31,0.857,0.263,81.7,6
Student_0710,T5_Fall,Program_D,First_Year,4,83,3.34,0.52,0.979,0,0,12,4.71,0.987,0.135,80.7,1
Student_0711,T5_Fall,Program_D,First_Year,2,34,2.76,-0.53,0.869,0,0,15,4.51,0.903,0.335,68.4,0
Student_0712,T5_Fall,Program_A,First_Year,4,103,2.36,-0.05,0.622,1,0,12,3.55,0.866,0.052,73.1,3
Student_0713,T5_Fall,Program_A,Transfer,4,97,2.93,0.02,0.987,0,0,15,1.84,0.888,0.297,71.5,3
Student_0714,T5_Fall,Program_A,First_Year,2,40,2.63,0.12,0.859,0,2,15,5.55,0.882,0.241,93.6,5
Student_0715,T5_Fall,Program_A,First_Year,2,36,2.72,0.12,0.678,2,0,12,2.58,0.781,0.103,65.8,0
Student_0716,T5_Fall,Program_B,First_Year,3,78,2.0,0.94,0.712,1,1,18,3.85,0.898,0.185,73.1,0
Student_0717,T5_Fall,Program_D,First_Year,4,84,2.42,-0.39,0.779,1,1,12,3.06,0.926,0.122,64.7,1
Student_0718,T5_Fall,Program_A,Transfer,4,94,3.62,0.07,0.887,0,2,15,3.66,0.88,0.237,82.7,3
Student_0719,T5_Fall,Program_D,First_Year,3,66,3.56,0.16,0.91,0,0,15,4.91,0.78,0.17,94.4,0
Student_0720,T5_Fall,Program_B,First_Year,2,54,2.86,-0.22,0.915,0,0,12,5.57,0.972,0.216,72.3,0
Student_0721,T5_Fall,Program_C,First_Year,3,81,2.83,0.26,0.876,0,0,15,1.9,0.926,0.157,74.3,3
Student_0722,T5_Fall,Program_A,Transfer,1,23,2.89,0.37,0.788,0,0,15,4.9,0.951,0.202,81.0,0
Student_0723,T5_Fall,Program_A,First_Year,3,73,3.26,0.06,0.981,0,0,15,4.66,0.929,0.12,88.7,1
Student_0724,T5_Fall,Program_C,Transfer,4,89,2.84,-0.65,0.919,0,1,15,4.07,0.793,0.334,77.9,3
Student_0725,T5_Fall,Program_C,Transfer,4,100,3.39,-0.51,1.0,0,1,15,3.97,0.919,0.22,100.0,5
Student_0726,T5_Fall,Program_B,Transfer,1,15,1.92,-0.18,0.785,1,0,18,3.77,0.95,0.214,74.2,1
Student_0727,T5_Fall,Program_D,First_Year,3,64,2.77,-0.0,0.91,0,0,15,6.18,1.0,0.053,65.8,0
Student_0728,T5_Fall,Program_B,First_Year,1,26,3.1,-0.22,1.0,0,0,15,4.44,1.0,0.11,92.6,0
Student_0729,T5_Fall,Program_B,First_Year,3,62,2.54,0.17,0.742,0,0,9,4.97,0.939,0.116,55.6,2
Student_0730,T5_Fall,Program_D,First_Year,4,90,3.19,-0.02,0.908,1,0,15,3.35,1.0,0.223,90.9,0
Student_0731,T5_Fall,Program_A,Transfer,2,54,2.61,0.26,0.8,0,0,9,5.05,1.0,0.163,84.3,1
Student_0732,T5_Fall,Program_D,First_Year,3,78,3.41,-0.73,0.914,0,0,12,3.56,0.691,0.423,84.8,5
Student_0733,T5_Fall,Program_A,Transfer,1,24,2.95,0.31,0.911,0,1,15,2.98,0.88,0.26,82.6,1
Student_0734,T5_Fall,Program_B,First_Year,1,22,2.88,-0.37,0.828,0,3,12,3.02,0.913,0.317,83.4,0
Student_0735,T5_Fall,Program_C,Transfer,2,50,2.03,-0.16,0.76,0,0,12,3.76,0.746,0.124,78.1,4
Student_0736,T5_Fall,Program_D,Transfer,3,78,1.92,0.12,0.67,0,0,12,3.12,0.902,0.26,55.7,0
Student_0737,T5_Fall,Program_C,First_Year,2,42,2.68,0.0,0.943,0,0,15,2.1,0.9,0.254,80.6,5
Student_0738,T5_Fall,Program_A,First_Year,2,54,3.94,-0.08,0.982,0,0,15,4.96,0.959,0.063,67.3,0
Student_0739,T5_Fall,Program_B,Transfer,2,53,2.01,0.28,0.855,0,0,15,6.34,1.0,0.0,65.3,0
Student_0740,T5_Fall,Program_D,First_Year,1,20,2.63,-0.1,0.893,0,0,9,3.79,0.796,0.251,90.5,5
Student_0741,T5_Fall,Program_A,Transfer,1,8,2.28,0.37,0.883,0,0,15,3.98,0.867,0.197,76.0,2
Student_0742,T5_Fall,Program_A,First_Year,4,82,3.67,0.63,1.0,0,0,15,3.15,0.98,0.137,81.4,6
Student_0743,T5_Fall,Program_C,Transfer,2,30,1.85,-0.08,0.716,1,0,12,3.53,0.978,0.231,77.4,5
Student_0744,T5_Fall,Program_A,Transfer,1,26,2.38,-0.23,0.66,2,0,15,3.51,0.84,0.245,53.5,3
Student_0745,T5_Fall,Program_A,First_Year,1,19,3.3,-0.05,0.788,1,0,18,2.88,0.843,0.266,66.7,2
Student_0746,T5_Fall,Program_A,First_Year,1,20,3.29,0.37,0.954,0,0,15,4.09,0.995,0.186,82.6,1
Student_0747,T5_Fall,Program_C,Transfer,2,46,2.97,-0.03,0.872,0,1,18,3.4,0.971,0.0,89.7,4
Student_0748,T5_Fall,Program_B,First_Year,3,67,1.44,0.19,0.652,0,0,12,3.79,0.726,0.253,69.9,2
Student_0749,T5_Fall,Program_A,Transfer,1,23,2.64,0.19,0.737,2,0,15,3.94,0.842,0.204,88.3,0
Student_0750,T5_Fall,Program_C,First_Year,3,71,3.69,0.24,1.0,0,0,15,5.18,0.97,0.044,90.9,1
Student_0751,T5_Fall,Program_B,First_Year,2,38,3.42,-0.53,0.855,0,0,18,3.21,0.698,0.259,84.2,2
Student_0752,T5_Fall,Program_A,Transfer,3,59,2.73,0.29,0.852,0,0,12,5.43,0.866,0.221,82.8,0
Student_0753,T5_Fall,Program_D,First_Year,2,37,2.69,-0.09,1.0,0,0,12,5.15,0.875,0.187,94.1,1
Student_0754,T5_Fall,Program_D,First_Year,3,58,2.93,0.07,0.926,0,0,15,3.27,0.912,0.203,74.9,3
Student_0755,T5_Fall,Program_C,Transfer,4,91,2.89,-0.11,0.829,1,0,12,3.06,0.879,0.401,85.3,3
Student_0756,T5_Fall,Program_A,Transfer,2,54,3.11,0.49,0.778,0,0,12,1.68,0.764,0.233,79.8,0
Student_0757,T5_Fall,Program_C,Transfer,2,38,2.11,0.06,0.802,0,0,12,3.99,0.96,0.142,72.3,0
Student_0758,T5_Fall,Program_D,First_Year,2,47,2.25,-0.52,0.677,1,0,15,3.34,0.813,0.297,63.2,3
Student_0759,T5_Fall,Program_A,First_Year,2,40,3.86,0.41,0.935,1,0,15,3.85,0.938,0.046,95.5,5
Student_0760,T5_Fall,Program_D,First_Year,2,41,2.75,-0.53,0.918,1,0,15,5.66,0.842,0.185,84.2,0
Student_0761,T5_Fall,Program_B,First_Year,4,97,3.1,-0.04,0.96,0,0,15,2.43,0.713,0.254,81.1,5
Student_0762,T5_Fall,Program_A,First_Year,3,77,3.74,0.66,0.85,1,0,12,2.14,0.986,0.011,88.6,6
Student_0763,T5_Fall,Program_C,First_Year,1,4,3.41,0.45,0.863,0,1,15,2.65,1.0,0.14,86.8,1
Student_0764,T5_Fall,Program_B,First_Year,2,48,2.88,0.24,0.854,0,0,12,5.37,0.99,0.086,94.0,0
Student_0765,T5_Fall,Program_C,First_Year,1,23,3.13,0.17,1.0,0,0,15,4.38,1.0,0.072,76.0,3
Student_0766,T5_Fall,Program_B,First_Year,1,24,2.09,-0.26,0.86,0,0,15,4.32,0.809,0.186,79.2,0
Student_0767,T5_Fall,Program_A,First_Year,1,11,3.27,-0.11,0.837,0,1,12,4.53,0.884,0.151,78.9,0
Student_0768,T5_Fall,Program_C,First_Year,1,20,2.56,0.41,0.85,0,0,18,3.31,1.0,0.143,71.9,2
Student_0769,T5_Fall,Program_C,Transfer,4,102,2.68,0.03,0.808,0,2,15,3.75,0.773,0.25,86.4,1
Student_0770,T5_Fall,Program_A,First_Year,4,88,2.44,-0.87,0.898,0,0,15,3.51,0.781,0.2,71.7,0
Student_0771,T5_Fall,Program_D,First_Year,1,7,2.12,0.09,0.808,0,0,15,5.18,1.0,0.0,82.8,0
Student_0772,T5_Fall,Program_B,Transfer,3,56,2.14,0.74,0.798,1,0,18,4.86,0.963,0.216,70.0,5
Student_0773,T5_Fall,Program_C,First_Year,3,64,3.08,-0.21,0.633,1,0,15,3.75,0.708,0.271,89.0,3
Student_0774,T5_Fall,Program_C,Transfer,1,25,2.9,-0.19,0.831,0,0,15,3.49,0.763,0.275,84.8,5
Student_0775,T5_Fall,Program_B,First_Year,1,7,2.42,-0.1,0.928,0,0,15,3.36,0.956,0.146,68.9,2
Student_0776,T5_Fall,Program_C,First_Year,2,29,2.63,-0.44,0.803,0,1,12,0.43,0.643,0.356,75.5,3
Student_0777,T5_Fall,Program_D,First_Year,4,98,2.44,-0.49,0.527,3,1,15,3.69,0.903,0.246,68.4,2
Student_0778,T5_Fall,Program_B,First_Year,2,40,3.58,-0.15,0.927,0,0,15,3.81,0.851,0.175,81.4,0
Student_0779,T5_Fall,Program_C,Transfer,1,11,2.62,-0.22,0.621,2,0,12,2.87,0.794,0.219,72.2,1
Student_0780,T5_Fall,Program_B,First_Year,1,13,2.15,0.07,0.857,1,0,18,4.45,0.959,0.133,69.9,2
Student_0781,T5_Fall,Program_B,Transfer,2,28,3.08,-0.09,0.973,0,1,15,3.12,0.855,0.24,75.5,2
Student_0782,T5_Fall,Program_B,First_Year,3,80,2.84,0.24,0.835,0,1,12,5.3,0.935,0.04,72.3,0
Student_0783,T5_Fall,Program_C,First_Year,4,88,2.93,-0.25,0.956,0,2,15,4.35,0.867,0.249,84.6,0
Student_0784,T5_Fall,Program_B,First_Year,3,79,2.52,-0.5,0.813,0,1,15,2.49,0.777,0.269,68.5,0
Student_0785,T5_Fall,Program_D,First_Year,2,32,2.81,0.42,0.938,0,0,12,4.62,0.925,0.045,83.7,0
Student_0786,T5_Fall,Program_B,First_Year,4,103,2.24,0.43,0.763,2,1,12,4.4,0.889,0.119,73.3,1
Student_0787,T5_Fall,Program_C,First_Year,4,92,2.46,-0.35,0.807,0,1,18,2.84,0.751,0.273,83.3,3
Student_0788,T5_Fall,Program_B,Transfer,4,82,2.9,0.05,0.741,2,1,15,2.83,0.778,0.376,63.8,3
Student_0789,T5_Fall,Program_D,Transfer,1,13,2.31,-0.11,0.849,0,0,15,2.36,0.809,0.285,77.9,7
Student_0790,T5_Fall,Program_C,Transfer,3,60,2.48,-0.07,0.793,0,1,15,3.33,0.9,0.249,78.7,6
Student_0791,T5_Fall,Program_B,Transfer,3,77,1.93,-0.07,0.809,1,1,18,4.55,0.797,0.114,59.4,1
Student_0792,T5_Fall,Program_B,First_Year,2,44,2.56,-0.03,0.903,0,1,12,3.27,0.814,0.1,77.3,1
Student_0793,T5_Fall,Program_C,Transfer,1,3,2.69,-0.37,0.761,1,0,12,3.83,0.868,0.22,67.9,3
Student_0794,T5_Fall,Program_C,Transfer,1,1,2.79,0.15,0.735,1,0,15,6.27,1.0,0.093,66.9,2
Student_0795,T5_Fall,Program_B,First_Year,3,61,3.19,0.3,0.903,0,0,12,3.79,0.869,0.158,82.4,2
Student_0796,T5_Fall,Program_B,First_Year,3,70,2.59,0.28,0.976,0,0,12,4.52,1.0,0.152,63.7,1
Student_0797,T5_Fall,Program_B,First_Year,1,22,3.19,-0.71,0.963,0,0,15,2.36,0.664,0.175,73.8,4
Student_0798,T5_Fall,Program_C,Transfer,2,36,2.72,0.36,0.794,1,1,15,5.3,0.878,0.327,84.5,4
Student_0799,T5_Fall,Program_C,Transfer,2,40,3.41,-0.15,1.0,0,0,18,5.83,1.0,0.038,91.3,1
Student_0800,T5_Fall,Program_D,Transfer,1,2,3.45,0.07,0.949,0,0,15,3.39,0.866,0.171,86.7,2
Student_0801,T5_Fall,Program_C,First_Year,3,64,2.79,-0.04,0.773,0,1,18,5.63,0.953,0.121,62.9,3
Student_0802,T5_Fall,Program_B,First_Year,3,63,3.99,-0.2,0.967,0,1,15,4.96,0.992,0.05,100.0,0
Student_0803,T5_Fall,Program_B,First_Year,3,63,2.1,0.15,0.864,0,0,15,4.83,0.847,0.225,72.6,2
Student_0804,T5_Fall,Program_C,Transfer,3,78,3.62,-0.11,0.911,0,1,12,4.23,0.811,0.171,81.3,3
Student_0805,T5_Fall,Program_C,First_Year,3,56,2.96,-0.21,0.778,1,0,12,1.52,0.86,0.343,70.9,6
Student_0806,T5_Fall,Program_B,First_Year,3,69,3.59,-0.64,0.998,1,0,15,4.72,1.0,0.009,93.3,0
Student_0807,T5_Fall,Program_C,First_Year,1,8,4.0,0.33,0.975,0,0,15,3.81,0.966,0.129,99.5,0
Student_0808,T5_Fall,Program_D,First_Year,2,46,2.64,-0.4,0.851,0,1,12,4.61,0.996,0.226,80.7,4
Student_0809,T5_Fall,Program_C,First_Year,1,23,2.16,-0.13,0.801,0,0,9,3.78,0.788,0.232,81.0,2
Student_0810,T5_Fall,Program_D,Transfer,3,54,2.9,-0.11,0.965,0,0,15,4.12,0.926,0.204,72.5,2
Student_0811,T5_Fall,Program_C,First_Year,1,16,2.51,-1.39,0.888,0,0,15,5.55,0.819,0.18,69.5,1
Student_0812,T5_Fall,Program_A,First_Year,1,6,3.53,-0.17,1.0,0,1,12,4.42,1.0,0.094,80.7,0
Student_0813,T5_Fall,Program_C,Transfer,2,38,3.53,-0.21,1.0,0,0,15,4.4,0.943,0.0,75.0,0
Student_0814,T5_Fall,Program_B,First_Year,1,27,2.69,0.5,0.68,2,0,15,1.98,0.823,0.164,84.5,3
Student_0815,T5_Fall,Program_C,First_Year,3,55,2.17,0.96,0.909,1,0,15,3.87,1.0,0.13,58.5,3
Student_0816,T5_Fall,Program_B,First_Year,2,52,2.37,-0.0,0.488,3,0,18,5.16,1.0,0.201,78.8,0
Student_0817,T5_Fall,Program_A,First_Year,3,70,2.0,-0.03,0.672,1,0,15,2.98,0.738,0.356,65.6,0
Student_0818,T5_Fall,Program_C,First_Year,1,11,3.22,-0.21,0.855,0,1,12,4.83,0.84,0.304,86.7,4
Student_0819,T5_Fall,Program_C,Transfer,1,16,1.79,0.06,0.813,0,0,15,4.23,0.913,0.221,72.1,3
Student_0820,T5_Fall,Program_D,Transfer,4,101,2.63,0.82,0.974,0,0,12,4.36,0.906,0.172,87.9,4
Student_0821,T5_Fall,Program_A,Transfer,4,100,2.55,-0.48,0.695,0,0,15,2.45,0.612,0.511,70.1,0
Student_0822,T5_Fall,Program_A,First_Year,3,56,2.41,-0.24,0.784,1,0,12,2.71,0.863,0.273,65.6,4
Student_0823,T5_Fall,Program_B,First_Year,2,54,1.78,-0.13,0.682,1,0,12,3.81,0.871,0.251,62.4,3
Student_0824,T5_Fall,Program_B,First_Year,4,82,2.9,0.31,0.661,2,0,18,4.52,0.901,0.14,80.6,2
Student_0825,T5_Fall,Program_B,First_Year,2,29,1.69,-0.61,0.495,2,1,15,2.8,0.653,0.4,46.2,1
Student_0826,T5_Fall,Program_A,First_Year,2,51,3.31,0.84,0.934,0,0,12,3.45,0.886,0.165,94.6,2
Student_0827,T5_Fall,Program_D,Transfer,2,50,3.24,0.06,0.856,0,0,15,3.6,0.791,0.26,100.0,5
Student_0828,T5_Fall,Program_A,First_Year,4,95,3.44,0.17,0.946,0,0,18,3.82,0.87,0.193,90.1,4
Student_0829,T5_Fall,Program_C,First_Year,3,67,2.58,0.08,0.749,1,1,15,4.01,0.817,0.279,83.4,0
Student_0830,T5_Fall,Program_C,First_Year,1,12,2.52,-0.34,0.83,0,0,15,4.35,0.684,0.393,86.2,2
Student_0831,T5_Fall,Program_B,First_Year,2,40,2.92,-0.2,0.897,0,1,15,4.07,0.885,0.26,84.7,0
Student_0832,T5_Fall,Program_C,First_Year,2,27,2.97,-1.02,0.9,1,0,18,2.76,0.814,0.265,67.5,3
Student_0833,T5_Fall,Program_B,Transfer,4,93,2.22,0.06,0.826,0,0,15,2.28,0.807,0.249,74.6,5
Student_0834,T5_Fall,Program_B,First_Year,1,9,2.59,0.05,0.946,0,0,12,3.14,0.774,0.156,59.6,8
Student_0835,T5_Fall,Program_D,Transfer,3,69,2.74,-0.01,0.879,0,0,15,4.28,0.849,0.215,85.3,3
Student_0836,T5_Fall,Program_C,First_Year,2,40,1.99,0.48,0.542,3,0,9,2.61,0.826,0.172,75.5,1
Student_0837,T5_Fall,Program_C,Transfer,4,104,3.33,0.42,0.744,2,0,12,4.51,0.979,0.132,81.2,5
Student_0838,T5_Fall,Program_C,First_Year,2,27,3.07,-0.6,0.783,0,1,15,3.9,0.975,0.298,78.1,5
Student_0839,T5_Fall,Program_A,First_Year,2,49,2.88,0.25,0.892,0,1,15,3.7,0.986,0.148,83.1,4
Student_0840,T5_Fall,Program_A,First_Year,3,80,3.8,-1.57,0.819,0,0,15,2.27,0.677,0.39,92.7,1
Student_0841,T5_Fall,Program_B,Transfer,1,9,3.2,-0.11,0.878,1,0,15,3.55,0.942,0.058,70.9,0
Student_0842,T5_Fall,Program_D,First_Year,2,28,1.99,-0.88,0.824,0,1,12,0.57,0.742,0.325,60.4,8
Student_0843,T5_Fall,Program_C,First_Year,3,70,2.9,-0.1,0.825,1,1,12,5.58,1.0,0.083,93.4,0
Student_0844,T5_Fall,Program_A,Transfer,3,70,2.22,0.41,0.767,0,0,15,4.92,0.768,0.152,76.3,1
Student_0845,T5_Fall,Program_C,First_Year,1,1,2.07,-0.42,0.734,0,0,15,3.36,0.766,0.384,64.4,6
Student_0846,T5_Fall,Program_B,Transfer,1,15,2.98,-0.55,1.0,0,1,15,2.87,0.87,0.189,89.0,5
Student_0847,T5_Fall,Program_D,First_Year,2,29,1.43,-0.92,0.619,1,0,12,3.86,0.683,0.316,51.8,5
Student_0848,T5_Fall,Program_B,Transfer,1,24,2.28,0.02,0.546,3,1,15,4.21,0.918,0.25,65.5,0
Student_0849,T5_Fall,Program_A,First_Year,2,40,2.57,0.57,0.63,1,0,18,5.68,0.945,0.135,85.0,0
Student_0850,T5_Fall,Program_A,Transfer,3,79,2.22,-0.37,0.896,0,1,15,4.57,1.0,0.104,71.6,2
Student_0851,T5_Fall,Program_D,First_Year,2,48,2.34,-0.33,0.854,0,0,15,1.58,0.622,0.369,75.1,1
Student_0852,T5_Fall,Program_A,First_Year,4,99,2.62,0.55,0.856,0,0,15,5.22,0.925,0.136,84.9,0
Student_0853,T5_Fall,Program_B,Transfer,2,46,3.02,0.29,0.963,0,0,15,3.48,0.67,0.241,71.9,0
Student_0854,T5_Fall,Program_C,First_Year,1,23,2.46,-0.15,0.802,0,2,12,5.96,0.876,0.041,93.2,1
Student_0855,T5_Fall,Program_B,Transfer,2,34,2.9,-0.75,0.766,1,0,15,0.93,0.708,0.409,63.9,8
Student_0856,T5_Fall,Program_B,First_Year,2,37,2.83,-0.04,0.694,2,0,18,3.17,0.793,0.204,81.4,3
Student_0857,T5_Fall,Program_D,First_Year,2,53,2.26,-0.43,0.51,3,1,18,4.1,0.832,0.208,77.2,1
Student_0858,T5_Fall,Program_B,First_Year,1,7,2.49,0.22,0.638,2,0,12,4.19,0.944,0.104,87.0,6
Student_0859,T5_Fall,Program_A,First_Year,1,23,2.11,-0.28,0.7,1,0,15,3.02,0.773,0.266,74.3,5
Student_0860,T5_Fall,Program_A,First_Year,4,82,3.08,-0.16,0.781,1,0,18,4.56,0.819,0.151,83.3,6
Student_0861,T5_Fall,Program_A,First_Year,2,28,3.06,0.07,0.638,2,0,15,2.23,0.867,0.058,82.5,7
Student_0862,T5_Fall,Program_C,First_Year,4,100,2.74,-0.43,0.986,0,0,9,2.27,0.757,0.344,74.1,7
Student_0863,T5_Fall,Program_A,First_Year,1,14,1.87,-0.08,0.816,0,0,12,5.21,0.904,0.286,66.8,3
Student_0864,T5_Fall,Program_D,Transfer,1,23,3.51,0.22,0.861,0,0,15,3.96,0.891,0.208,77.0,4
Student_0865,T5_Fall,Program_C,First_Year,2,46,2.65,0.37,0.843,0,0,15,4.0,0.795,0.267,91.5,2
Student_0866,T5_Fall,Program_C,First_Year,3,79,1.96,0.23,0.662,2,0,12,4.96,0.989,0.071,76.7,1
Student_0867,T5_Fall,Program_D,Transfer,4,101,2.45,-0.4,0.755,0,0,9,3.15,0.852,0.302,79.9,1
Student_0868,T5_Fall,Program_B,First_Year,1,14,3.29,-0.04,0.976,0,1,15,5.17,0.979,0.0,87.3,0
Student_0869,T5_Fall,Program_B,Transfer,2,27,2.12,-0.3,0.901,0,1,18,5.37,1.0,0.036,81.3,0
Student_0870,T5_Fall,Program_D,First_Year,3,57,2.2,-0.46,0.908,0,1,15,3.53,0.647,0.311,79.1,2
Student_0871,T5_Fall,Program_B,First_Year,2,49,2.07,0.4,0.623,1,0,12,3.91,1.0,0.068,70.7,0
Student_0872,T5_Fall,Program_B,First_Year,1,7,2.55,-0.14,0.742,0,2,12,4.87,0.746,0.064,80.0,3
Student_0873,T5_Fall,Program_B,First_Year,4,97,2.86,-0.59,0.845,1,1,15,2.75,0.879,0.313,72.9,0
Student_0874,T5_Fall,Program_D,First_Year,1,14,2.66,-0.21,0.924,0,0,15,2.49,0.872,0.308,70.0,6
Student_0875,T5_Fall,Program_A,First_Year,4,84,3.15,-0.27,0.839,0,1,12,3.51,0.808,0.146,88.4,4
Student_0876,T5_Fall,Program_D,Transfer,4,102,2.78,-0.07,0.898,0,0,15,2.63,0.847,0.158,67.8,1
Student_0877,T5_Fall,Program_A,First_Year,3,65,2.86,-0.15,0.843,0,0,15,3.16,0.831,0.256,71.8,0
Student_0878,T5_Fall,Program_B,Transfer,1,12,2.25,-0.08,0.81,0,0,18,3.83,0.84,0.373,69.0,7
Student_0879,T5_Fall,Program_B,First_Year,4,98,2.77,0.5,0.828,0,0,18,5.07,0.96,0.076,79.4,0
Student_0880,T5_Fall,Program_D,First_Year,4,83,2.44,-0.54,0.709,1,0,15,0.0,0.501,0.463,79.6,8
Student_0881,T5_Fall,Program_C,First_Year,3,57,2.33,0.12,0.893,0,0,12,4.62,0.749,0.151,94.7,0
Student_0882,T5_Fall,Program_C,First_Year,1,27,3.42,-0.1,0.892,0,0,9,5.0,0.929,0.118,73.1,0
Student_0883,T5_Fall,Program_B,First_Year,2,50,3.2,0.2,0.805,1,0,12,5.03,1.0,0.011,89.6,2
Student_0884,T5_Fall,Program_A,Transfer,2,46,2.98,-0.11,1.0,0,0,12,3.47,0.764,0.346,69.3,1
Student_0885,T5_Fall,Program_C,First_Year,1,14,3.47,-0.14,0.868,0,0,15,3.56,0.759,0.208,67.9,4
Student_0886,T5_Fall,Program_A,First_Year,3,65,2.68,-0.19,0.799,0,0,15,3.0,0.704,0.493,77.6,2
Student_0887,T5_Fall,Program_C,Transfer,4,103,2.97,-0.27,0.793,0,0,18,3.28,0.743,0.254,74.3,4
Student_0888,T5_Fall,Program_B,First_Year,3,78,2.17,0.02,0.83,0,0,12,3.97,0.886,0.172,51.7,3
Student_0889,T5_Fall,Program_A,First_Year,1,4,3.6,-0.98,0.838,0,1,15,1.88,0.788,0.455,70.3,3
Student_0890,T5_Fall,Program_A,First_Year,4,93,3.41,-0.23,1.0,0,1,15,3.65,0.936,0.336,92.8,2
Student_0891,T5_Fall,Program_D,First_Year,4,105,2.72,-0.17,0.753,1,0,12,3.59,0.755,0.211,72.5,2
Student_0892,T5_Fall,Program_C,First_Year,4,91,3.12,-0.37,0.913,0,2,9,3.44,0.838,0.076,78.1,4
Student_0893,T5_Fall,Program_A,Transfer,4,92,2.58,-0.04,0.843,0,1,15,3.03,0.771,0.155,66.8,5
Student_0894,T5_Fall,Program_B,First_Year,2,31,3.04,0.03,0.933,0,0,12,3.46,0.749,0.295,85.4,6
Student_0895,T5_Fall,Program_B,First_Year,4,92,2.91,-0.26,0.933,1,0,12,4.53,1.0,0.018,75.3,2
Student_0896,T5_Fall,Program_A,First_Year,1,9,3.53,-0.11,1.0,0,0,12,4.6,0.9,0.086,85.5,1
Student_0897,T5_Fall,Program_B,First_Year,2,49,2.38,0.2,0.751,0,0,15,5.13,0.821,0.159,68.5,1
Student_0898,T5_Fall,Program_D,First_Year,1,20,1.96,-0.07,0.733,0,0,12,3.05,0.658,0.268,71.8,0
Student_0899,T5_Fall,Program_A,First_Year,2,40,3.09,0.04,0.897,1,0,15,2.82,0.946,0.06,68.0,7
Student_0900,T5_Fall,Program_A,First_Year,1,22,2.77,-0.67,0.942,0,0,15,3.69,0.8,0.147,83.7,1
Student_0901,T5_Fall,Program_B,First_Year,4,92,3.26,-0.17,0.748,1,1,15,2.93,0.778,0.226,73.9,0
Student_0902,T5_Fall,Program_C,First_Year,3,79,3.36,-0.2,0.668,1,0,15,4.13,0.932,0.231,65.3,3
Student_0903,T5_Fall,Program_A,First_Year,2,44,3.07,-0.06,0.814,2,1,15,5.82,1.0,0.123,85.4,0
Student_0904,T5_Fall,Program_A,First_Year,1,23,3.27,-0.16,0.879,0,1,12,4.57,1.0,0.185,83.5,4
Student_0905,T5_Fall,Program_C,Transfer,3,74,2.72,0.22,0.787,1,0,18,2.76,1.0,0.116,76.8,5
Student_0906,T5_Fall,Program_C,Transfer,2,38,2.04,-0.48,0.714,0,0,15,3.88,0.696,0.382,66.4,0
Student_0907,T5_Fall,Program_D,First_Year,2,46,2.74,0.27,0.762,1,1,15,3.07,0.875,0.214,71.4,5
Student_0908,T5_Fall,Program_D,First_Year,1,16,3.56,-0.24,0.893,1,0,15,5.61,1.0,0.0,93.0,0
Student_0909,T5_Fall,Program_D,First_Year,3,61,2.24,0.02,0.711,1,0,15,3.42,0.764,0.183,61.2,8
Student_0910,T5_Fall,Program_B,First_Year,3,70,2.71,0.63,0.969,0,0,15,5.09,0.999,0.15,69.7,0
Student_0911,T5_Fall,Program_D,First_Year,2,46,2.99,1.0,0.867,0,0,15,5.06,0.969,0.0,78.3,0
Student_0912,T5_Fall,Program_C,Transfer,3,73,3.12,0.2,0.837,1,0,18,3.06,0.796,0.27,87.3,5
Student_0913,T5_Fall,Program_D,Transfer,4,97,3.72,-0.14,0.916,0,1,12,3.0,0.791,0.037,85.0,3
Student_0914,T5_Fall,Program_A,Transfer,3,68,3.28,0.04,0.871,0,0,12,4.45,0.768,0.235,91.7,5
Student_0915,T5_Fall,Program_D,First_Year,2,48,2.25,-0.31,0.896,0,0,15,4.01,0.897,0.233,80.4,4
Student_0916,T5_Fall,Program_B,First_Year,2,50,2.76,-0.27,0.77,0,0,12,4.07,0.739,0.218,79.1,6
Student_0917,T5_Fall,Program_B,Transfer,3,77,2.82,0.17,0.923,0,0,15,5.89,1.0,0.0,87.3,1
Student_0918,T5_Fall,Program_D,First_Year,4,84,2.8,-0.29,1.0,0,1,15,4.42,1.0,0.146,88.2,3
Student_0919,T5_Fall,Program_A,First_Year,4,83,2.65,0.0,0.767,1,0,15,5.6,0.964,0.13,80.5,3
Student_0920,T5_Fall,Program_B,First_Year,4,89,2.86,-0.19,0.859,0,0,15,3.3,0.636,0.224,74.2,0
Student_0921,T5_Fall,Program_C,First_Year,1,7,3.05,0.1,0.638,2,0,15,3.18,0.766,0.204,87.5,2
Student_0922,T5_Fall,Program_B,Transfer,2,29,2.25,-0.58,0.622,1,1,18,4.57,0.863,0.131,65.6,0
Student_0923,T5_Fall,Program_C,First_Year,1,17,3.63,0.47,0.979,0,0,15,3.07,0.882,0.118,96.4,0
Student_0924,T5_Fall,Program_B,Transfer,4,89,2.57,-0.29,0.93,0,0,15,5.08,0.897,0.177,68.6,0
Student_0925,T5_Fall,Program_B,Transfer,2,32,2.88,-0.17,0.894,0,0,18,5.18,0.943,0.037,87.6,0
Student_0926,T5_Fall,Program_D,First_Year,4,104,3.38,-0.24,1.0,0,1,15,4.46,0.845,0.115,77.7,1
Student_0927,T5_Fall,Program_D,Transfer,4,82,2.65,-0.67,0.755,1,0,12,4.03,0.84,0.263,56.5,2
Student_0928,T5_Fall,Program_B,First_Year,1,2,2.85,0.36,1.0,0,0,15,3.79,0.857,0.128,68.9,0
Student_0929,T5_Fall,Program_B,First_Year,4,95,2.49,0.1,0.768,1,0,15,5.22,0.84,0.094,86.0,0
Student_0930,T5_Fall,Program_C,First_Year,4,91,2.69,-0.16,0.743,0,0,18,2.83,0.848,0.215,100.0,4
Student_0931,T5_Fall,Program_D,First_Year,4,102,2.64,0.04,0.7,3,0,15,3.42,0.873,0.104,77.7,6
Student_0932,T5_Fall,Program_D,First_Year,1,24,3.12,-0.56,0.869,0,1,15,1.65,0.66,0.399,76.5,7
Student_0933,T5_Fall,Program_C,First_Year,3,76,1.93,0.19,0.863,0,0,18,4.49,0.835,0.096,71.7,1
Student_0934,T5_Fall,Program_D,Transfer,4,85,3.72,0.21,0.777,0,1,15,4.16,0.896,0.232,89.8,2
Student_0935,T5_Fall,Program_C,First_Year,1,17,2.3,-0.15,0.675,0,0,18,3.89,0.738,0.19,59.6,0
Student_0936,T5_Fall,Program_A,First_Year,4,98,2.92,0.29,0.886,0,0,15,7.0,1.0,0.0,84.3,1
Student_0937,T5_Fall,Program_C,First_Year,3,68,3.1,0.3,0.882,1,0,12,3.57,0.954,0.164,86.5,4
Student_0938,T5_Fall,Program_C,First_Year,3,60,2.41,-0.29,0.852,0,1,15,4.15,0.757,0.322,64.6,2
Student_0939,T5_Fall,Program_D,First_Year,2,54,2.02,0.27,0.583,2,1,12,4.08,0.929,0.317,75.8,3
Student_0940,T5_Fall,Program_B,First_Year,1,4,1.54,-0.28,0.771,0,1,12,4.26,0.607,0.268,69.4,4
Student_0941,T5_Fall,Program_D,Transfer,2,48,3.12,0.04,0.916,0,0,12,4.61,0.862,0.306,80.9,1
Student_0942,T5_Fall,Program_C,First_Year,2,40,2.78,0.2,0.845,1,0,18,6.31,0.852,0.187,95.5,1
Student_0943,T5_Fall,Program_D,Transfer,2,53,3.26,0.32,0.851,1,0,15,3.33,0.97,0.209,63.1,3
Student_0944,T5_Fall,Program_A,First_Year,2,54,3.15,0.04,0.845,1,0,15,3.96,0.899,0.109,88.7,5
Student_0945,T5_Fall,Program_D,First_Year,1,23,2.61,-0.64,0.68,1,1,15,3.7,0.725,0.269,88.3,1
Student_0946,T5_Fall,Program_C,First_Year,1,26,2.86,0.12,0.733,2,0,12,3.56,0.904,0.289,78.7,2
Student_0947,T5_Fall,Program_A,First_Year,3,80,3.1,0.09,0.859,1,0,15,5.46,0.93,0.0,72.4,3
Student_0948,T5_Fall,Program_D,Transfer,1,2,2.75,0.21,0.877,0,0,15,6.37,0.89,0.213,100.0,2
Student_0949,T5_Fall,Program_C,Transfer,2,32,3.39,0.07,0.848,1,1,12,4.77,0.942,0.175,96.3,0
Student_0950,T5_Fall,Program_D,Transfer,2,53,3.14,-0.4,0.845,0,1,15,2.64,0.708,0.304,60.7,4
Student_0951,T5_Fall,Program_D,Transfer,3,74,3.43,0.01,0.834,1,1,12,4.67,0.898,0.141,66.1,0
Student_0952,T5_Fall,Program_C,Transfer,4,91,3.3,-0.02,0.956,0,1,15,4.84,0.92,0.022,95.3,0
Student_0953,T5_Fall,Program_D,Transfer,2,50,3.63,-0.94,0.897,0,1,18,4.78,0.837,0.24,87.1,0
Student_0954,T5_Fall,Program_D,First_Year,4,106,3.05,-0.53,0.853,0,0,9,3.95,0.74,0.34,70.9,4
Student_0955,T5_Fall,Program_D,Transfer,3,79,3.08,-0.31,0.9,0,1,9,2.67,0.732,0.281,67.8,2
Student_0956,T5_Fall,Program_A,First_Year,1,20,3.52,0.56,0.743,1,0,12,4.69,0.967,0.12,84.5,4
Student_0957,T5_Fall,Program_C,First_Year,4,98,2.93,0.5,0.888,0,1,15,5.17,0.906,0.119,81.2,4
Student_0958,T5_Fall,Program_C,Transfer,4,106,1.57,0.16,0.939,0,0,12,4.41,1.0,0.0,68.2,2
Student_0959,T5_Fall,Program_A,First_Year,3,70,2.98,-0.28,0.869,0,0,15,3.41,0.859,0.113,70.6,0
Student_0960,T5_Fall,Program_C,First_Year,1,3,2.86,-0.74,0.644,1,0,18,2.67,0.657,0.409,61.9,2
Student_0961,T5_Fall,Program_B,First_Year,2,52,2.31,-0.16,0.645,2,0,15,4.12,0.749,0.343,76.6,7
Student_0962,T5_Fall,Program_B,First_Year,3,67,1.67,0.07,0.62,1,1,18,6.06,0.886,0.265,71.7,0
Student_0963,T5_Fall,Program_B,First_Year,2,42,2.88,0.05,0.943,0,0,15,5.82,0.934,0.178,93.4,0
Student_0964,T5_Fall,Program_B,First_Year,2,46,2.09,0.16,0.889,0,1,18,4.29,0.952,0.195,82.2,0
Student_0965,T5_Fall,Program_D,First_Year,4,88,2.9,0.27,0.816,1,0,15,4.23,1.0,0.0,84.0,2
Student_0966,T5_Fall,Program_B,Transfer,3,69,2.41,0.28,0.816,0,0,15,3.3,0.838,0.171,68.4,2
Student_0967,T5_Fall,Program_C,First_Year,4,89,2.84,0.6,0.946,0,1,9,4.4,1.0,0.072,75.3,2
Student_0968,T5_Fall,Program_B,Transfer,4,93,3.69,0.41,0.895,0,2,18,3.86,0.754,0.216,92.0,0
Student_0969,T5_Fall,Program_A,First_Year,2,40,2.93,0.28,0.929,1,1,12,4.49,0.928,0.058,76.3,3
Student_0970,T5_Fall,Program_A,First_Year,3,79,1.93,-0.18,0.927,0,0,18,4.15,0.864,0.176,71.3,3
Student_0971,T5_Fall,Program_C,First_Year,3,59,3.45,0.25,1.0,0,0,18,4.88,1.0,0.095,89.3,3
Student_0972,T5_Fall,Program_C,Transfer,2,29,3.06,0.27,0.776,0,0,18,5.43,1.0,0.0,85.4,1
Student_0973,T5_Fall,Program_C,First_Year,3,70,2.62,0.36,0.64,2,0,9,4.39,1.0,0.116,82.2,3
Student_0974,T5_Fall,Program_C,First_Year,4,105,3.16,0.1,0.973,0,1,15,5.41,0.902,0.098,100.0,3
Student_0975,T5_Fall,Program_B,First_Year,1,15,2.88,0.12,0.92,1,1,15,3.08,0.929,0.239,74.4,5
Student_0976,T5_Fall,Program_B,First_Year,2,31,2.54,0.54,1.0,0,0,18,2.64,0.884,0.175,82.4,4
Student_0977,T5_Fall,Program_D,Transfer,2,45,2.64,0.19,0.905,0,0,12,5.32,0.928,0.122,76.8,0
Student_0978,T5_Fall,Program_A,First_Year,3,59,2.42,-0.31,0.654,1,1,12,3.59,0.876,0.135,54.8,2
Student_0979,T5_Fall,Program_A,Transfer,3,55,2.47,-0.45,0.809,1,0,18,4.1,0.838,0.175,59.4,1
Student_0980,T5_Fall,Program_B,First_Year,1,5,3.55,0.01,0.935,0,0,15,3.07,1.0,0.203,89.0,0
Student_0981,T5_Fall,Program_A,Transfer,2,48,3.11,0.05,1.0,0,0,18,3.97,0.972,0.066,82.6,0
Student_0982,T5_Fall,Program_D,First_Year,3,70,2.86,-0.08,0.816,0,1,15,3.69,0.729,0.165,74.0,1
Student_0983,T5_Fall,Program_A,First_Year,4,99,2.03,-0.29,0.569,1,0,15,4.77,0.812,0.269,77.7,3
Student_0984,T5_Fall,Program_B,First_Year,2,37,3.62,0.15,0.984,0,0,12,3.58,0.873,0.137,82.9,2
Student_0985,T5_Fall,Program_A,Transfer,3,57,3.6,0.16,0.756,2,0,15,4.82,0.956,0.078,87.0,5
Student_0986,T5_Fall,Program_A,Transfer,2,44,4.0,0.06,1.0,0,0,15,4.36,0.849,0.143,96.5,3
Student_0987,T5_Fall,Program_B,First_Year,4,84,2.04,-0.18,0.573,2,1,9,4.36,0.859,0.072,79.4,1
Student_0988,T5_Fall,Program_C,First_Year,2,47,2.7,0.07,0.839,1,1,15,5.84,1.0,0.018,78.6,0
Student_0989,T5_Fall,Program_B,First_Year,1,16,2.35,-0.32,0.546,2,0,15,2.75,0.953,0.168,64.9,4
Student_0990,T5_Fall,Program_A,First_Year,2,33,3.54,-1.6,0.947,0,0,15,2.39,0.808,0.309,71.8,5
Student_0991,T5_Fall,Program_D,Transfer,4,93,3.25,-0.21,0.86,0,1,12,2.76,0.818,0.389,74.7,4
Student_0992,T5_Fall,Program_A,First_Year,3,78,3.76,-0.35,0.949,0,0,18,3.19,0.774,0.241,89.9,1
Student_0993,T5_Fall,Program_A,First_Year,1,9,2.21,0.21,0.785,0,0,15,5.58,1.0,0.175,75.4,0
Student_0994,T5_Fall,Program_B,Transfer,1,3,2.89,-0.08,0.799,1,0,15,2.22,0.888,0.292,67.0,2
Student_0995,T5_Fall,Program_D,First_Year,3,77,2.34,1.0,0.902,0,1,12,4.51,0.988,0.0,79.0,0
Student_0996,T5_Fall,Program_A,First_Year,2,33,2.7,-0.08,0.874,0,0,15,4.33,0.767,0.287,80.1,2
Student_0997,T5_Fall,Program_A,Transfer,2,50,2.61,0.59,0.916,0,1,12,5.54,0.94,0.026,83.1,1
Student_0998,T5_Fall,Program_A,First_Year,4,82,2.83,0.54,0.819,1,0,15,4.72,0.974,0.07,79.4,2
Student_0999,T5_Fall,Program_C,First_Year,3,73,2.37,-0.08,0.892,0,1,15,5.15,0.897,0.2,81.8,1
Student_1000,T5_Fall,Program_D,Transfer,4,99,3.09,-0.35,0.928,0,0,9,3.72,0.979,0.239,78.6,0
Student_1001,T5_Fall,Program_A,First_Year,2,43,2.21,-0.64,0.76,1,0,15,3.03,0.912,0.279,60.2,3
Student_1002,T5_Fall,Program_A,First_Year,3,60,2.59,0.34,0.832,0,0,15,5.06,0.971,0.155,74.2,2
Student_1003,T5_Fall,Program_C,First_Year,4,105,2.69,0.59,0.861,0,0,15,4.29,0.903,0.205,83.8,1
Student_1004,T5_Fall,Program_A,First_Year,2,53,2.09,0.02,0.695,1,0,18,1.64,0.725,0.244,58.3,3
Student_1005,T5_Fall,Program_D,First_Year,3,69,3.19,0.11,0.859,1,0,9,2.56,0.87,0.113,72.2,2
Student_1006,T5_Fall,Program_B,First_Year,1,10,2.2,-0.24,0.651,1,0,18,3.25,0.723,0.29,62.1,4
Student_1007,T5_Fall,Program_C,First_Year,2,42,2.8,-0.22,0.733,1,0,9,2.94,0.875,0.169,78.0,0
Student_1008,T5_Fall,Program_A,First_Year,3,60,2.71,-0.16,0.892,0,0,15,6.8,1.0,0.152,83.5,0
Student_1009,T5_Fall,Program_C,Transfer,4,98,2.93,-0.02,0.641,2,0,15,4.54,0.832,0.176,70.8,2
Student_1010,T5_Fall,Program_A,Transfer,2,35,3.68,-0.75,0.958,0,0,18,2.77,0.844,0.191,87.4,4
Student_1011,T5_Fall,Program_B,First_Year,3,56,3.63,-1.16,1.0,0,0,12,3.41,0.787,0.228,85.8,3
Student_1012,T5_Fall,Program_B,First_Year,3,59,2.62,0.17,0.823,0,0,12,3.92,0.893,0.213,74.1,2
Student_1013,T5_Fall,Program_A,First_Year,1,15,2.59,-0.29,0.936,1,0,18,3.03,0.845,0.307,89.4,4
Student_1014,T5_Fall,Program_D,First_Year,3,75,2.73,0.19,0.752,0,0,15,3.06,0.904,0.165,78.1,6
Student_1015,T5_Fall,Program_A,Transfer,2,42,2.64,-0.05,0.917,0,0,15,0.92,0.775,0.336,69.1,7
Student_1016,T5_Fall,Program_A,First_Year,1,22,2.74,0.04,0.894,0,0,15,3.76,0.805,0.219,76.8,2
Student_1017,T5_Fall,Program_D,Transfer,1,22,2.73,-0.6,0.784,0,0,15,4.79,0.869,0.114,76.9,5
Student_1018,T5_Fall,Program_C,First_Year,2,46,1.99,-0.28,0.849,0,0,9,3.85,0.917,0.156,65.8,3
Student_1019,T5_Fall,Program_D,Transfer,4,87,2.57,-0.22,0.853,0,0,15,2.22,0.864,0.266,65.2,4
Student_1020,T5_Fall,Program_C,First_Year,3,59,3.47,-0.15,0.935,0,0,15,3.85,0.77,0.242,66.3,6
Student_1021,T5_Fall,Program_D,First_Year,2,54,2.39,-0.15,0.765,0,0,15,5.16,0.881,0.129,64.6,3
Student_1022,T5_Fall,Program_D,Transfer,1,10,1.6,-0.19,0.581,2,0,15,4.8,0.843,0.05,75.4,4
Student_1023,T5_Fall,Program_A,Transfer,2,46,2.44,0.22,0.91,0,0,9,4.93,0.936,0.028,72.7,2
Student_1024,T5_Fall,Program_C,Transfer,3,60,2.21,-0.27,0.601,2,0,12,3.67,0.951,0.208,74.4,3
Student_1025,T5_Fall,Program_D,First_Year,1,3,2.31,0.45,0.939,0,0,12,5.08,1.0,0.0,80.0,2
Student_1026,T5_Fall,Program_D,First_Year,2,33,2.97,0.21,1.0,0,2,15,5.82,0.806,0.092,80.7,1
Student_1027,T5_Fall,Program_C,First_Year,2,52,3.25,0.01,0.9,0,1,15,6.6,0.979,0.013,97.1,0
Student_1028,T5_Fall,Program_D,First_Year,3,76,2.34,0.38,0.69,0,0,18,3.56,0.935,0.212,68.6,2
Student_1029,T5_Fall,Program_C,Transfer,4,91,3.97,-0.19,0.972,0,0,12,3.96,0.897,0.155,92.1,3
Student_1030,T5_Fall,Program_A,Transfer,4,101,2.36,-0.24,0.669,2,0,15,4.18,0.768,0.292,77.8,3
Student_1031,T5_Fall,Program_B,First_Year,2,31,2.18,-0.2,0.67,0,0,15,3.03,0.785,0.272,76.3,0
Student_1032,T5_Fall,Program_B,First_Year,2,37,2.25,-0.22,0.852,0,2,15,2.83,0.712,0.191,66.5,5
Student_1033,T5_Fall,Program_A,First_Year,4,99,2.76,0.1,0.972,0,0,12,3.06,0.739,0.153,77.1,0
Student_1034,T5_Fall,Program_C,First_Year,4,93,1.71,0.38,0.585,2,1,15,3.61,0.99,0.01,64.2,0
Student_1035,T5_Fall,Program_A,Transfer,4,98,3.88,0.31,0.754,1,1,18,3.28,0.884,0.275,67.6,2
Student_1036,T5_Fall,Program_D,Transfer,3,77,3.27,-0.24,0.852,0,1,12,2.18,0.716,0.227,88.4,7
Student_1037,T5_Fall,Program_B,First_Year,3,70,2.63,0.18,0.847,0,0,15,3.68,0.762,0.214,79.7,5
Student_1038,T5_Fall,Program_C,Transfer,4,95,3.53,-0.08,0.962,0,0,15,2.06,0.511,0.411,93.1,1
Student_1039,T5_Fall,Program_A,Transfer,2,44,2.85,0.21,0.802,1,1,18,4.23,0.978,0.198,81.6,1
Student_1040,T5_Fall,Program_A,First_Year,1,8,3.1,0.01,0.794,0,0,12,2.28,0.672,0.396,78.2,3
Student_1041,T5_Fall,Program_D,First_Year,3,78,3.81,-0.63,0.92,0,0,18,2.46,0.693,0.235,74.8,1
Student_1042,T5_Fall,Program_B,Transfer,4,96,2.87,-0.19,0.952,0,0,12,0.81,0.804,0.276,80.3,3
Student_1043,T5_Fall,Program_A,Transfer,3,79,3.46,-0.4,0.93,0,0,12,3.92,0.782,0.201,86.8,0
Student_1044,T5_Fall,Program_D,First_Year,2,39,3.43,0.64,0.925,0,0,12,4.48,0.96,0.211,85.6,2
Student_1045,T5_Fall,Program_D,Transfer,4,97,2.66,0.03,0.876,0,0,15,4.11,0.868,0.189,93.4,0
Student_1046,T5_Fall,Program_C,Transfer,2,31,3.22,-0.28,0.94,0,0,12,2.2,0.837,0.36,74.3,0
Student_1047,T5_Fall,Program_A,First_Year,2,30,3.21,-0.15,0.729,1,0,15,4.3,0.956,0.206,73.3,0
Student_1048,T5_Fall,Program_D,First_Year,4,96,2.18,0.99,0.715,1,0,15,6.61,1.0,0.0,80.5,0
Student_1049,T5_Fall,Program_A,First_Year,1,23,3.12,-0.08,0.895,0,0,15,4.41,0.869,0.166,73.1,0
Student_1050,T5_Fall,Program_B,First_Year,2,29,3.22,-0.26,0.85,0,0,12,1.48,0.526,0.423,92.4,6
Student_1051,T5_Fall,Program_A,First_Year,4,99,2.98,0.1,0.94,0,0,18,6.13,1.0,0.0,75.5,0
Student_1052,T5_Fall,Program_D,First_Year,4,97,2.85,-0.14,0.691,1,0,15,3.9,0.865,0.044,63.7,0
Student_1053,T5_Fall,Program_C,First_Year,4,86,2.86,0.28,0.945,0,0,12,4.94,1.0,0.045,88.0,5
Student_1054,T5_Fall,Program_A,Transfer,4,89,3.34,-0.1,0.843,0,0,15,5.43,0.85,0.16,93.8,1
Student_1055,T5_Fall,Program_D,First_Year,4,94,3.0,-0.0,0.809,1,0,15,4.55,0.843,0.274,62.4,5
Student_1056,T5_Fall,Program_A,First_Year,2,34,3.18,0.17,0.898,0,0,9,4.46,0.919,0.21,77.3,2
Student_1057,T5_Fall,Program_D,First_Year,2,34,2.78,-0.16,0.735,1,1,15,5.35,0.943,0.026,70.7,2
Student_1058,T5_Fall,Program_D,First_Year,3,65,2.88,-0.4,1.0,0,0,18,3.01,0.833,0.204,62.7,0
Student_1059,T5_Fall,Program_A,Transfer,1,11,3.7,-0.1,0.885,0,0,9,3.5,0.871,0.244,100.0,6
Student_1060,T5_Fall,Program_C,Transfer,2,32,2.54,0.13,0.967,0,0,15,2.8,0.93,0.245,77.0,5
Student_1061,T5_Fall,Program_A,Transfer,3,78,2.85,0.05,0.855,0,0,15,6.17,0.879,0.19,81.9,4
Student_1062,T5_Fall,Program_A,Transfer,3,66,2.55,-0.07,0.831,1,0,15,3.29,0.965,0.126,85.3,5
Student_1063,T5_Fall,Program_B,First_Year,4,84,2.43,-0.0,0.89,0,2,12,2.85,0.802,0.251,84.6,3
Student_1064,T5_Fall,Program_A,First_Year,1,24,3.59,-0.2,0.865,0,1,15,4.36,0.756,0.192,76.8,0
Student_1065,T5_Fall,Program_D,First_Year,4,82,3.12,-1.09,0.875,0,1,12,3.47,0.927,0.271,86.6,1
Student_1066,T5_Fall,Program_A,Transfer,4,83,3.44,0.31,0.922,0,1,18,3.41,0.904,0.172,86.3,2
Student_1067,T5_Fall,Program_A,Transfer,2,44,3.59,0.24,0.944,0,0,18,3.71,1.0,0.0,83.1,6
Student_1068,T5_Fall,Program_A,Transfer,3,74,2.26,-0.07,0.605,2,0,15,4.01,0.74,0.295,73.7,6
Student_1069,T5_Fall,Program_B,Transfer,1,17,2.64,-0.12,0.742,0,0,15,4.48,0.884,0.3,63.6,2
Student_1070,T5_Fall,Program_C,First_Year,1,12,3.73,-0.78,0.819,0,1,15,4.98,0.841,0.262,69.7,1
Student_1071,T5_Fall,Program_B,First_Year,1,13,3.65,-0.03,1.0,0,0,12,4.26,0.904,0.144,100.0,4
Student_1072,T5_Fall,Program_D,First_Year,2,30,2.16,-0.52,0.517,3,0,15,0.83,0.725,0.43,65.3,6
Student_1073,T5_Fall,Program_D,Transfer,2,27,2.78,0.56,0.928,0,0,15,4.69,1.0,0.0,85.0,4
Student_1074,T5_Fall,Program_A,First_Year,1,11,4.0,0.15,0.853,1,0,15,2.78,0.9,0.174,93.5,2
Student_1075,T5_Fall,Program_B,First_Year,3,77,3.09,0.43,0.865,0,0,15,3.68,0.972,0.068,91.4,1
Student_1076,T5_Fall,Program_B,Transfer,3,81,2.44,-0.14,0.871,0,1,12,4.8,0.853,0.223,88.8,0
Student_1077,T5_Fall,Program_D,Transfer,2,53,1.79,-0.06,0.548,2,1,18,3.23,0.623,0.374,53.1,2
Student_1078,T5_Fall,Program_D,First_Year,3,72,3.26,0.88,0.949,0,1,15,4.84,0.894,0.269,99.3,0
Student_1079,T5_Fall,Program_A,First_Year,1,16,2.67,0.13,0.959,0,0,9,5.66,1.0,0.006,75.7,0
Student_1080,T5_Fall,Program_B,First_Year,4,103,2.34,-0.08,0.793,0,0,12,4.43,0.783,0.298,73.3,2
Student_1081,T5_Fall,Program_C,First_Year,3,70,3.59,0.21,0.921,0,0,18,5.07,0.868,0.0,97.3,5
Student_1082,T5_Fall,Program_A,First_Year,3,66,3.11,-0.22,0.933,0,1,15,2.43,0.725,0.278,84.7,3
Student_1083,T5_Fall,Program_C,Transfer,1,3,2.6,0.42,0.857,1,0,15,4.6,0.856,0.154,61.0,3
Student_1084,T5_Fall,Program_D,First_Year,2,53,3.12,-0.07,0.884,0,1,9,4.51,0.902,0.278,84.8,4
Student_1085,T5_Fall,Program_C,First_Year,4,95,2.81,0.6,1.0,0,0,15,4.03,0.838,0.185,95.2,4
Student_1086,T5_Fall,Program_A,First_Year,3,56,2.37,0.67,0.686,2,0,9,4.89,0.874,0.159,68.5,0
Student_1087,T5_Fall,Program_B,First_Year,4,102,2.65,0.28,0.788,1,1,12,3.72,0.868,0.357,94.1,6
Student_1088,T5_Fall,Program_B,First_Year,2,42,3.93,-0.33,0.949,0,1,9,2.38,0.643,0.401,80.2,1
Student_1089,T5_Fall,Program_B,First_Year,2,48,3.2,0.59,0.868,1,0,15,5.58,0.952,0.017,95.9,2
Student_1090,T5_Fall,Program_A,Transfer,4,106,2.99,-1.3,0.77,1,0,12,3.45,0.729,0.265,66.9,2
Student_1091,T5_Fall,Program_C,First_Year,1,3,2.19,-0.06,0.697,2,0,15,2.76,0.919,0.157,80.3,7
Student_1092,T5_Fall,Program_D,First_Year,3,74,1.92,-0.3,0.725,1,0,18,2.12,0.738,0.183,61.0,3
Student_1093,T5_Fall,Program_C,First_Year,1,24,2.18,-0.26,0.828,0,0,12,1.79,0.615,0.241,59.1,5
Student_1094,T5_Fall,Program_B,Transfer,2,46,2.92,0.03,0.908,0,0,15,2.9,0.769,0.314,58.4,1
Student_1095,T5_Fall,Program_A,Transfer,2,47,2.58,1.0,0.767,1,0,9,5.39,1.0,0.0,79.4,2
Student_1096,T5_Fall,Program_A,Transfer,4,107,2.48,-0.27,0.752,0,0,15,4.82,0.808,0.377,73.7,3
Student_1097,T5_Fall,Program_B,First_Year,1,6,1.77,-0.45,0.826,0,0,9,2.93,0.697,0.29,84.4,2
Student_1098,T5_Fall,Program_C,First_Year,3,74,3.6,-0.17,0.971,0,0,9,3.11,0.812,0.246,86.9,0
Student_1099,T5_Fall,Program_C,First_Year,2,40,2.17,-0.71,0.747,1,0,15,2.38,0.755,0.254,75.4,0
Student_1100,T5_Fall,Program_A,Transfer,4,104,3.01,0.13,0.824,1,0,18,4.78,0.911,0.125,74.4,1
Student_1101,T5_Fall,Program_B,Transfer,4,102,2.77,0.65,0.949,0,0,9,3.86,1.0,0.162,84.2,3
Student_1102,T5_Fall,Program_C,Transfer,2,52,2.94,-0.24,0.862,0,1,15,3.77,0.937,0.28,97.4,1
Student_1103,T5_Fall,Program_D,Transfer,4,100,2.76,-0.54,0.662,1,1,18,4.45,0.798,0.054,73.0,2
Student_1104,T5_Fall,Program_A,Transfer,1,2,2.48,0.31,0.71,1,2,15,4.41,1.0,0.155,64.7,1
Student_1105,T5_Fall,Program_C,Transfer,2,38,3.05,-0.21,0.831,1,1,9,3.36,0.88,0.219,90.3,4
Student_1106,T5_Fall,Program_B,First_Year,3,72,2.14,-0.17,0.947,0,0,12,4.53,0.998,0.206,79.3,0
Student_1107,T5_Fall,Program_B,First_Year,1,7,3.34,0.15,0.882,0,0,15,4.32,0.782,0.208,88.2,3
Student_1108,T5_Fall,Program_B,First_Year,2,48,2.49,-0.13,0.695,1,0,18,3.11,0.702,0.417,74.5,5
Student_1109,T5_Fall,Program_C,Transfer,4,90,2.78,0.04,0.934,0,0,12,4.68,0.914,0.228,86.3,0
Student_1110,T5_Fall,Program_D,Transfer,2,46,3.14,0.05,0.637,1,0,12,3.32,0.753,0.297,94.3,6
Student_1111,T5_Fall,Program_A,Transfer,2,37,3.28,-0.15,0.876,0,0,18,3.22,0.772,0.281,87.9,6
Student_1112,T5_Fall,Program_D,Transfer,1,11,2.56,-0.09,0.845,2,0,15,4.76,1.0,0.0,79.7,1
Student_1113,T5_Fall,Program_A,First_Year,1,24,2.88,0.37,0.722,1,2,15,5.5,1.0,0.206,84.3,0
Student_1114,T5_Fall,Program_D,First_Year,3,60,3.59,-0.04,0.961,0,0,15,3.01,0.901,0.28,92.5,0
Student_1115,T5_Fall,Program_A,First_Year,4,99,3.27,0.5,0.695,2,0,15,5.7,1.0,0.0,87.2,2
Student_1116,T5_Fall,Program_A,Transfer,1,11,3.09,0.51,0.928,0,0,12,5.58,0.907,0.155,86.9,4
Student_1117,T5_Fall,Program_B,First_Year,2,37,1.55,0.06,0.626,1,1,9,4.97,0.987,0.014,67.7,0
Student_1118,T5_Fall,Program_A,First_Year,1,13,2.43,0.16,0.497,3,0,18,4.86,0.925,0.122,82.9,0
Student_1119,T5_Fall,Program_D,First_Year,3,65,2.64,0.47,0.864,0,0,15,4.91,0.991,0.038,89.5,1
Student_1120,T5_Fall,Program_B,First_Year,3,64,3.53,0.2,0.844,0,1,15,3.6,0.802,0.216,88.3,1
Student_1121,T5_Fall,Program_C,Transfer,4,89,3.06,-0.31,0.961,0,2,15,3.62,0.969,0.088,82.6,7
Student_1122,T5_Fall,Program_B,First_Year,2,39,2.44,-0.07,0.902,0,1,15,3.43,0.865,0.126,78.6,7
Student_1123,T5_Fall,Program_C,First_Year,2,50,2.07,-0.3,0.776,1,0,12,3.87,0.887,0.153,89.9,3
Student_1124,T5_Fall,Program_B,First_Year,1,8,2.4,0.23,0.687,1,1,18,3.32,0.969,0.282,77.5,4
Student_1125,T5_Fall,Program_A,Transfer,3,77,3.16,0.47,1.0,0,0,12,2.74,0.845,0.139,91.2,3
Student_1126,T5_Fall,Program_B,First_Year,2,43,3.97,0.08,1.0,0,0,12,5.87,1.0,0.04,88.2,2
Student_1127,T5_Fall,Program_C,First_Year,2,49,2.12,0.65,0.695,1,0,18,3.41,1.0,0.22,61.9,3
Student_1128,T5_Fall,Program_A,First_Year,4,96,1.92,0.36,0.871,0,1,12,5.76,1.0,0.061,69.9,0
Student_1129,T5_Fall,Program_D,First_Year,1,22,3.03,-0.31,0.826,0,0,12,3.92,0.921,0.06,84.4,4
Student_1130,T5_Fall,Program_B,First_Year,1,22,2.69,0.0,0.788,0,1,12,2.88,0.791,0.159,83.6,3
Student_1131,T5_Fall,Program_C,First_Year,3,56,2.19,-0.08,0.669,1,1,15,4.21,0.742,0.227,69.6,5
Student_1132,T5_Fall,Program_D,First_Year,2,34,2.75,0.32,0.733,1,0,9,5.19,0.794,0.133,86.2,0
Student_1133,T5_Fall,Program_B,First_Year,2,32,2.46,-0.47,0.924,0,0,12,3.39,0.785,0.239,75.8,5
Student_1134,T5_Fall,Program_B,First_Year,1,11,3.26,0.06,0.853,0,1,12,4.88,1.0,0.03,84.2,0
Student_1135,T5_Fall,Program_A,First_Year,3,81,2.64,-0.12,0.901,0,2,12,3.6,0.915,0.059,86.9,7
Student_1136,T5_Fall,Program_D,First_Year,4,108,2.24,0.53,0.636,2,0,12,5.24,1.0,0.102,75.0,3
Student_1137,T5_Fall,Program_C,Transfer,4,105,3.2,0.38,0.883,0,0,12,5.09,0.978,0.108,77.5,0
Student_1138,T5_Fall,Program_B,First_Year,3,57,3.23,0.2,0.782,1,1,15,3.15,1.0,0.285,75.9,4
Student_1139,T5_Fall,Program_C,First_Year,4,105,2.99,-0.22,0.853,1,0,15,3.42,0.805,0.234,81.2,1
Student_1140,T5_Fall,Program_A,Transfer,2,30,2.92,0.31,0.713,1,1,12,5.19,0.925,0.129,96.2,1
Student_1141,T5_Fall,Program_C,First_Year,3,64,2.39,0.12,0.743,0,0,18,2.37,0.861,0.261,64.4,11
Student_1142,T5_Fall,Program_D,Transfer,1,26,3.14,-0.7,0.757,1,0,12,3.56,0.708,0.358,70.0,5
Student_1143,T5_Fall,Program_D,Transfer,3,80,3.59,0.05,1.0,0,1,12,4.54,1.0,0.0,97.0,0
Student_1144,T5_Fall,Program_D,Transfer,1,14,1.76,0.96,0.822,1,0,18,5.97,0.993,0.017,89.3,3
Student_1145,T5_Fall,Program_A,First_Year,2,46,2.24,0.17,0.846,1,0,15,4.06,0.806,0.136,89.4,6
Student_1146,T5_Fall,Program_D,Transfer,1,26,2.63,0.24,0.902,0,1,18,2.23,0.867,0.184,83.9,1
Student_1147,T5_Fall,Program_B,First_Year,1,16,2.71,0.35,0.928,0,0,12,3.81,0.959,0.261,86.0,0
Student_1148,T5_Fall,Program_D,First_Year,4,103,3.83,-0.24,0.804,2,0,15,3.75,0.648,0.237,100.0,0
Student_1149,T5_Fall,Program_C,First_Year,2,35,2.93,0.09,0.916,0,1,15,4.68,0.753,0.23,84.5,0
Student_1150,T5_Fall,Program_B,First_Year,2,54,3.22,-0.47,0.941,0,1,15,3.73,0.738,0.268,70.1,3
Student_1151,T5_Fall,Program_C,First_Year,3,73,2.83,0.04,0.851,0,1,9,3.4,0.766,0.385,81.6,6
Student_1152,T5_Fall,Program_A,First_Year,1,10,2.6,-0.14,0.771,0,0,12,1.8,0.744,0.384,89.7,6
Student_1153,T5_Fall,Program_C,First_Year,1,3,2.93,-0.54,0.895,0,1,15,2.44,0.878,0.224,70.0,0
Student_1154,T5_Fall,Program_D,Transfer,2,48,3.87,0.08,1.0,0,0,18,5.27,0.993,0.1,100.0,2
Student_1155,T5_Fall,Program_B,Transfer,3,63,3.15,0.24,0.884,0,0,18,4.13,1.0,0.07,84.7,3
Student_1156,T5_Fall,Program_C,First_Year,3,58,3.58,0.15,0.998,0,0,12,3.53,0.849,0.123,88.7,2
Student_1157,T5_Fall,Program_C,First_Year,3,69,3.24,-0.06,0.909,0,0,15,4.84,0.962,0.136,65.3,4
Student_1158,T5_Fall,Program_A,First_Year,2,54,3.0,0.07,0.861,0,0,18,4.85,0.959,0.179,86.9,0
Student_1159,T5_Fall,Program_D,First_Year,2,41,2.88,0.44,0.475,3,0,15,3.24,0.792,0.236,68.0,4
Student_1160,T5_Fall,Program_C,First_Year,1,3,2.04,-0.15,0.777,0,0,12,3.71,0.735,0.175,64.0,1
Student_1161,T5_Fall,Program_A,First_Year,2,40,2.6,0.43,0.77,1,0,15,5.28,0.928,0.045,80.1,1
Student_1162,T5_Fall,Program_B,First_Year,3,66,2.78,-0.08,0.913,1,0,15,3.86,0.922,0.079,81.9,3
Student_1163,T5_Fall,Program_B,Transfer,2,47,2.35,-0.09,0.628,1,1,15,1.77,0.876,0.196,60.4,8
Student_1164,T5_Fall,Program_A,First_Year,2,27,3.74,-0.07,0.937,0,0,18,4.03,0.793,0.183,87.8,1
Student_1165,T5_Fall,Program_A,First_Year,3,57,2.98,0.51,0.912,0,0,12,5.46,0.88,0.212,69.3,0
Student_1166,T5_Fall,Program_D,First_Year,4,98,3.41,0.35,0.948,0,0,18,2.56,0.951,0.159,85.2,6
Student_1167,T5_Fall,Program_C,First_Year,2,49,2.52,0.1,0.734,1,1,15,3.39,0.799,0.295,81.9,3
Student_1168,T5_Fall,Program_A,First_Year,3,57,2.65,-0.04,0.84,0,1,15,3.53,0.98,0.235,63.9,4
Student_1169,T5_Fall,Program_C,Transfer,1,20,3.32,-0.56,1.0,0,0,18,3.48,0.879,0.25,92.6,1
Student_1170,T5_Fall,Program_B,First_Year,4,98,3.01,0.05,0.884,1,1,15,5.63,1.0,0.066,88.4,3
Student_1171,T5_Fall,Program_C,Transfer,1,1,3.31,-0.36,0.912,1,0,12,4.32,0.795,0.311,87.0,0
Student_1172,T5_Fall,Program_D,First_Year,2,43,2.99,-0.49,0.805,1,1,9,3.29,0.854,0.376,87.7,4
Student_1173,T5_Fall,Program_A,Transfer,4,108,3.27,-0.12,0.853,0,0,9,4.28,0.802,0.275,95.5,2
Student_1174,T5_Fall,Program_B,First_Year,3,74,2.88,-0.68,0.509,3,1,18,3.24,0.849,0.247,74.4,2
Student_1175,T5_Fall,Program_D,First_Year,4,93,3.77,0.01,1.0,0,1,15,6.52,0.949,0.0,100.0,0
Student_1176,T5_Fall,Program_C,First_Year,2,32,3.39,-0.24,0.812,0,0,15,2.94,0.765,0.159,79.4,2
Student_1177,T5_Fall,Program_D,First_Year,4,93,2.98,0.13,0.846,0,0,18,4.37,0.868,0.135,82.3,1
Student_1178,T5_Fall,Program_D,Transfer,2,44,3.12,0.22,0.869,0,0,15,4.19,0.975,0.221,91.6,3
Student_1179,T5_Fall,Program_C,Transfer,4,85,1.95,-0.03,0.821,0,0,15,3.87,0.723,0.233,57.4,3
Student_1180,T5_Fall,Program_A,First_Year,4,94,3.46,-0.27,0.832,0,1,12,3.23,0.77,0.199,88.1,1
Student_1181,T5_Fall,Program_A,First_Year,2,50,3.57,-0.16,0.93,0,1,12,4.27,0.862,0.122,95.1,3
Student_1182,T5_Fall,Program_C,First_Year,4,99,2.59,-0.54,0.811,0,0,12,3.7,0.632,0.4,84.5,7
Student_1183,T5_Fall,Program_C,Transfer,1,8,2.55,-0.92,0.691,0,0,18,2.81,0.795,0.3,85.1,4
Student_1184,T5_Fall,Program_A,First_Year,3,71,2.54,-0.05,0.88,0,0,18,2.9,0.86,0.24,65.6,2
Student_1185,T5_Fall,Program_C,First_Year,3,80,3.36,0.0,0.979,0,1,15,3.42,0.799,0.163,82.7,5
Student_1186,T5_Fall,Program_A,First_Year,3,63,2.69,-0.2,0.8,0,1,12,2.2,0.61,0.268,73.5,3
Student_1187,T5_Fall,Program_B,Transfer,3,55,3.27,-0.19,0.999,0,0,12,3.91,0.973,0.0,78.1,2
Student_1188,T5_Fall,Program_A,First_Year,4,93,1.89,0.36,0.812,0,0,12,4.07,0.914,0.263,81.5,2
Student_1189,T5_Fall,Program_D,First_Year,3,78,3.16,0.19,0.919,0,1,15,5.04,0.835,0.172,56.7,5
Student_1190,T5_Fall,Program_B,First_Year,3,66,3.32,-0.25,0.856,0,0,18,3.46,0.721,0.295,86.0,1
Student_1191,T5_Fall,Program_A,First_Year,3,54,2.23,0.4,0.702,1,0,12,3.41,0.783,0.159,85.1,2
Student_1192,T5_Fall,Program_B,First_Year,2,31,2.14,0.22,0.885,0,0,12,5.2,0.824,0.038,74.9,1
Student_1193,T5_Fall,Program_B,Transfer,2,31,2.13,0.02,0.78,1,0,15,2.94,0.917,0.223,63.5,2
Student_1194,T5_Fall,Program_C,First_Year,3,78,2.96,-0.04,0.885,0,1,18,3.48,0.843,0.235,84.7,5
Student_1195,T5_Fall,Program_C,First_Year,1,14,2.89,-0.01,0.913,0,0,18,4.48,0.986,0.156,79.0,0
Student_1196,T5_Fall,Program_B,First_Year,3,54,3.9,0.05,1.0,0,1,18,4.15,0.791,0.137,72.6,2
Student_1197,T5_Fall,Program_A,First_Year,3,54,2.88,-0.16,0.831,1,0,15,3.9,0.744,0.087,72.6,4
Student_1198,T5_Fall,Program_A,Transfer,3,62,3.02,0.19,0.944,0,0,12,3.34,0.855,0.157,71.9,0
Student_1199,T5_Fall,Program_A,First_Year,2,44,2.57,-0.66,0.846,0,0,15,2.85,0.845,0.239,85.5,7
Student_1200,T5_Fall,Program_A,First_Year,4,108,3.14,0.64,0.929,0,0,15,5.78,1.0,0.049,88.2,0
Student_1201,T5_Fall,Program_C,First_Year,2,29,2.64,0.42,0.737,1,0,15,4.05,0.789,0.03,71.8,7
Student_1202,T5_Fall,Program_D,Transfer,3,78,2.2,-0.0,0.807,1,0,12,5.01,0.847,0.18,72.5,6
Student_1203,T5_Fall,Program_A,Transfer,4,101,2.72,0.22,0.82,1,0,15,4.89,0.935,0.038,93.0,2
Student_1204,T5_Fall,Program_B,Transfer,1,11,2.51,-0.48,0.816,0,0,12,5.23,0.904,0.093,62.3,0
Student_1205,T5_Fall,Program_D,First_Year,3,70,2.8,-0.15,0.88,0,0,15,3.27,0.931,0.27,88.8,2
Student_1206,T5_Fall,Program_D,Transfer,2,45,2.39,0.9,0.788,0,0,18,4.31,0.854,0.332,64.8,1
Student_1207,T5_Fall,Program_A,First_Year,3,70,2.81,-0.03,0.701,1,0,12,4.78,0.938,0.193,74.2,0
Student_1208,T5_Fall,Program_D,First_Year,2,27,2.74,0.63,0.87,0,0,15,5.32,1.0,0.141,91.2,0
Student_1209,T5_Fall,Program_D,First_Year,3,67,2.88,-1.08,0.963,0,0,18,4.56,1.0,0.042,71.5,1
Student_1210,T5_Fall,Program_D,First_Year,1,6,1.81,0.06,0.87,0,0,15,5.15,0.803,0.117,91.3,1
Student_1211,T5_Fall,Program_C,First_Year,3,79,3.31,0.14,0.925,0,0,15,3.81,0.811,0.285,86.5,1
Student_1212,T5_Fall,Program_A,First_Year,4,92,2.39,0.02,0.576,2,0,12,3.71,0.912,0.151,73.5,4
Student_1213,T5_Fall,Program_D,First_Year,4,99,3.57,0.19,0.916,0,0,15,3.76,0.812,0.204,83.8,0
Student_1214,T5_Fall,Program_A,First_Year,1,26,3.01,-0.44,0.729,2,0,15,3.98,0.964,0.03,78.9,5
Student_1215,T5_Fall,Program_B,First_Year,1,26,2.19,-0.45,0.785,0,0,12,5.7,1.0,0.201,58.0,0
Student_1216,T5_Fall,Program_B,Transfer,1,22,3.08,0.05,0.911,0,0,15,4.32,0.975,0.152,95.0,4
Student_1217,T5_Fall,Program_C,First_Year,3,75,1.71,0.2,0.776,0,0,15,4.28,0.893,0.152,85.0,3
Student_1218,T5_Fall,Program_A,Transfer,4,105,2.47,-0.2,0.929,0,0,12,4.87,0.805,0.174,61.3,3
Student_1219,T5_Fall,Program_D,First_Year,1,0,3.17,-0.54,0.927,0,0,15,4.15,0.716,0.254,69.6,3
Student_1220,T5_Fall,Program_C,First_Year,3,78,2.09,0.29,0.85,0,1,12,3.88,0.863,0.27,72.8,0
Student_1221,T5_Fall,Program_D,First_Year,4,104,2.91,0.24,0.984,0,0,15,4.53,0.991,0.0,96.0,3
Student_1222,T5_Fall,Program_C,First_Year,1,13,3.01,0.14,0.889,0,0,15,3.14,0.756,0.287,87.3,0
Student_1223,T5_Fall,Program_B,First_Year,1,0,3.47,0.05,0.994,0,0,15,3.92,0.852,0.073,90.9,2
Student_1224,T5_Fall,Program_D,Transfer,3,70,2.35,0.03,0.818,0,0,15,6.33,0.994,0.127,86.1,0
Student_1225,T5_Fall,Program_A,First_Year,3,59,2.68,-0.12,0.859,0,0,15,2.71,1.0,0.176,67.1,3
Student_1226,T5_Fall,Program_C,First_Year,4,106,3.04,0.3,0.753,1,0,18,5.79,1.0,0.113,80.7,2
Student_1227,T5_Fall,Program_A,First_Year,4,86,2.98,0.33,0.943,0,0,15,3.01,0.841,0.177,83.0,5
Student_1228,T5_Fall,Program_D,First_Year,2,47,2.62,0.01,0.912,0,0,15,4.59,0.847,0.172,91.9,2
Student_1229,T5_Fall,Program_A,First_Year,3,62,2.6,0.0,0.884,0,0,12,2.05,0.77,0.282,65.7,1
Student_1230,T5_Fall,Program_D,First_Year,1,8,2.8,0.25,0.709,1,0,18,4.35,0.755,0.214,95.1,0
Student_1231,T5_Fall,Program_D,Transfer,4,92,3.1,0.41,0.72,2,0,15,4.63,1.0,0.005,82.6,0
Student_1232,T5_Fall,Program_B,First_Year,4,108,2.29,0.37,0.821,0,1,12,3.94,1.0,0.056,82.4,1
Student_1233,T5_Fall,Program_A,Transfer,2,36,2.42,-0.02,0.824,0,0,12,4.63,0.869,0.121,82.3,3
Student_1234,T5_Fall,Program_C,First_Year,3,65,2.68,0.09,0.78,0,0,9,3.87,0.885,0.191,71.7,1
Student_1235,T5_Fall,Program_D,First_Year,4,87,2.06,0.66,0.841,0,0,15,4.81,0.894,0.091,81.7,0
Student_1236,T5_Fall,Program_A,Transfer,2,52,1.97,0.1,0.88,0,0,15,3.85,0.789,0.201,75.6,7
Student_1237,T5_Fall,Program_B,First_Year,3,72,2.68,0.28,0.856,0,0,15,2.64,0.944,0.173,79.9,0
Student_1238,T5_Fall,Program_D,Transfer,2,42,2.71,0.35,0.992,0,0,18,4.45,1.0,0.129,89.2,1
Student_1239,T5_Fall,Program_C,Transfer,3,64,3.48,0.42,0.965,0,0,9,4.31,0.981,0.172,87.7,5
Student_1240,T5_Fall,Program_D,Transfer,4,90,2.28,-0.17,0.884,0,2,12,2.85,0.752,0.373,56.4,3
Student_1241,T5_Fall,Program_A,First_Year,1,6,2.83,0.85,0.906,0,0,9,7.0,1.0,0.0,89.0,3
Student_1242,T5_Fall,Program_D,Transfer,1,9,2.52,-0.25,0.785,0,0,9,2.79,0.672,0.392,73.2,2
Student_1243,T5_Fall,Program_A,First_Year,4,98,3.03,-0.06,0.81,1,0,15,3.49,0.711,0.259,74.0,4
Student_1244,T5_Fall,Program_C,Transfer,1,4,3.16,-0.07,0.98,0,1,18,2.69,1.0,0.179,66.0,2
Student_1245,T5_Fall,Program_B,First_Year,2,28,2.11,0.17,0.864,0,0,18,3.65,0.995,0.295,75.1,6
Student_1246,T5_Fall,Program_D,First_Year,2,27,3.36,-0.02,0.924,0,0,12,4.67,0.978,0.175,89.5,4
Student_1247,T5_Fall,Program_D,First_Year,3,78,2.52,0.15,0.77,1,0,15,4.49,1.0,0.086,88.7,0
Student_1248,T5_Fall,Program_B,First_Year,1,12,2.38,-0.4,0.674,1,0,12,3.18,0.68,0.256,71.9,7
Student_1249,T5_Fall,Program_A,First_Year,1,10,2.26,0.36,0.733,1,0,9,3.81,0.787,0.279,75.4,0
Student_1250,T5_Fall,Program_B,First_Year,4,85,2.53,0.12,0.77,0,0,15,3.91,0.909,0.288,82.5,0
Student_1251,T5_Fall,Program_D,Transfer,2,46,3.42,-0.33,0.915,0,1,9,2.41,0.661,0.429,78.5,2
Student_1252,T5_Fall,Program_B,First_Year,2,42,2.77,-1.03,0.855,0,0,12,2.96,0.752,0.199,73.5,5
Student_1253,T5_Fall,Program_D,Transfer,2,29,2.19,-0.09,0.729,0,0,12,4.55,0.807,0.132,78.8,4
Student_1254,T5_Fall,Program_D,Transfer,4,102,2.81,-0.43,0.863,0,0,18,4.08,0.865,0.245,94.6,2
Student_1255,T5_Fall,Program_D,Transfer,3,81,2.99,0.05,0.814,0,0,15,5.22,0.948,0.139,98.6,2
Student_1256,T5_Fall,Program_A,Transfer,3,77,2.13,0.36,0.897,0,0,12,5.49,0.885,0.076,64.8,0
Student_1257,T5_Fall,Program_C,Transfer,2,46,2.47,-0.22,0.831,1,2,15,6.29,0.911,0.156,81.4,1
Student_1258,T5_Fall,Program_A,Transfer,4,99,2.76,-0.4,0.892,0,0,15,1.01,0.823,0.188,50.8,3
Student_1259,T5_Fall,Program_A,First_Year,1,25,2.88,0.18,0.859,1,0,15,4.96,1.0,0.111,79.0,0
Student_1260,T5_Fall,Program_D,First_Year,3,58,2.67,-0.2,0.971,0,0,18,6.0,0.857,0.128,63.8,2
Student_1261,T5_Fall,Program_B,First_Year,2,51,3.44,0.52,0.971,0,0,15,4.42,0.931,0.132,89.7,4
Student_1262,T5_Fall,Program_D,First_Year,4,98,2.16,-0.06,0.682,1,0,15,4.46,0.984,0.037,73.6,2
Student_1263,T5_Fall,Program_D,First_Year,3,70,2.95,-0.17,0.917,0,0,15,3.41,0.817,0.362,80.7,4
Student_1264,T5_Fall,Program_B,First_Year,4,87,2.86,0.21,1.0,0,1,15,6.69,1.0,0.0,85.1,0
Student_1265,T5_Fall,Program_A,Transfer,1,21,2.88,0.24,0.737,1,0,9,2.75,0.717,0.264,87.3,4
Student_1266,T5_Fall,Program_D,First_Year,2,29,2.05,0.3,0.527,3,0,18,5.6,0.987,0.152,84.2,0
Student_1267,T5_Fall,Program_B,Transfer,3,58,3.7,-0.3,0.908,0,0,18,3.72,1.0,0.084,77.7,0
Student_1268,T5_Fall,Program_B,First_Year,1,18,2.69,0.3,0.795,0,0,18,5.29,0.938,0.044,68.5,2
Student_1269,T5_Fall,Program_A,First_Year,2,34,2.17,-0.29,0.738,0,1,15,3.92,0.797,0.313,64.1,2
Student_1270,T5_Fall,Program_B,Transfer,3,58,3.1,0.18,0.797,1,1,12,3.85,1.0,0.114,90.6,4
Student_1271,T5_Fall,Program_D,First_Year,2,43,2.5,0.31,0.706,1,0,12,3.68,0.917,0.146,55.6,1
Student_1272,T5_Fall,Program_D,First_Year,2,46,2.97,-0.29,0.844,0,0,9,3.83,0.867,0.262,92.5,1
Student_1273,T5_Fall,Program_D,First_Year,4,102,3.07,-0.07,0.795,1,0,15,4.35,0.936,0.184,73.6,3
Student_1274,T5_Fall,Program_C,First_Year,1,12,2.97,-0.08,0.876,0,1,18,4.02,0.958,0.308,77.6,1
Student_1275,T5_Fall,Program_C,First_Year,2,37,3.2,0.65,0.926,0,0,12,3.74,1.0,0.15,90.6,6
Student_1276,T5_Fall,Program_D,First_Year,4,81,2.74,0.07,0.802,1,1,12,3.34,0.853,0.243,86.8,2
Student_1277,T5_Fall,Program_D,First_Year,4,87,2.48,-0.09,0.684,1,0,15,3.48,0.836,0.214,65.8,4
Student_1278,T5_Fall,Program_B,First_Year,4,93,2.86,0.65,0.698,1,1,15,3.36,0.819,0.317,67.6,3
Student_1279,T5_Fall,Program_A,First_Year,2,40,2.67,-0.03,0.663,1,0,15,2.13,0.719,0.355,89.4,4
Student_1280,T5_Fall,Program_C,Transfer,4,108,2.81,0.04,0.845,0,0,9,3.0,0.914,0.148,69.4,2
Student_1281,T5_Fall,Program_A,First_Year,2,36,4.0,0.74,1.0,0,0,9,3.29,0.735,0.109,100.0,4
Student_1282,T5_Fall,Program_C,First_Year,2,28,3.38,0.32,0.944,0,0,15,3.92,0.95,0.235,86.0,1
Student_1283,T5_Fall,Program_C,First_Year,3,67,1.87,0.27,0.795,0,0,12,4.92,0.706,0.296,72.1,1
Student_1284,T5_Fall,Program_B,Transfer,2,34,3.05,-0.25,0.741,2,0,18,6.08,0.883,0.23,82.3,0
Student_1285,T5_Fall,Program_B,First_Year,1,7,3.17,-0.84,0.924,0,0,12,1.43,0.621,0.506,80.1,9
Student_1286,T5_Fall,Program_A,First_Year,1,27,2.6,-0.01,0.702,1,0,15,3.17,0.974,0.107,69.5,3
Student_1287,T5_Fall,Program_D,First_Year,1,22,3.03,-0.17,0.888,0,1,18,4.69,0.848,0.334,75.5,0
Student_1288,T5_Fall,Program_C,Transfer,4,96,1.59,0.06,0.72,1,0,15,4.53,0.958,0.135,58.0,3
Student_1289,T5_Fall,Program_B,Transfer,1,3,3.33,-0.02,0.939,0,0,15,5.74,0.867,0.012,91.9,0
Student_1290,T5_Fall,Program_A,First_Year,1,23,2.71,-0.2,0.817,1,1,15,4.11,0.883,0.23,59.0,1
Student_1291,T5_Fall,Program_C,First_Year,3,74,2.96,-0.15,0.863,0,0,15,4.71,0.828,0.172,77.1,3
Student_1292,T5_Fall,Program_A,Transfer,4,99,3.37,0.58,0.889,0,0,12,4.98,1.0,0.18,85.0,2
Student_1293,T5_Fall,Program_C,First_Year,2,43,3.26,-0.53,0.927,0,0,15,4.33,0.782,0.453,79.6,0
Student_1294,T5_Fall,Program_C,Transfer,1,3,3.89,0.13,0.779,1,0,12,2.96,0.916,0.1,71.7,3
Student_1295,T5_Fall,Program_B,First_Year,1,19,2.94,0.44,0.84,1,0,15,6.03,1.0,0.0,100.0,4
Student_1296,T5_Fall,Program_B,First_Year,4,95,2.41,-1.46,0.732,2,0,12,3.16,0.8,0.337,64.6,5
Student_1297,T5_Fall,Program_C,Transfer,3,71,1.65,-0.31,0.868,0,0,15,4.74,0.869,0.13,58.5,2
Student_1298,T5_Fall,Program_A,First_Year,3,62,2.46,0.05,0.807,1,0,18,3.39,0.859,0.171,75.6,1
Student_1299,T5_Fall,Program_A,First_Year,4,88,2.58,0.06,0.842,0,1,18,2.35,0.937,0.099,68.6,0
Student_1300,T5_Fall,Program_B,First_Year,2,48,2.43,-0.11,0.847,0,0,15,3.35,0.861,0.178,77.8,4
Student_1301,T5_Fall,Program_C,Transfer,1,17,2.55,0.43,1.0,0,0,15,3.11,1.0,0.033,79.1,3
Student_1302,T5_Fall,Program_A,First_Year,4,83,2.94,0.85,0.931,0,1,15,3.97,1.0,0.0,92.9,0
Student_1303,T5_Fall,Program_B,First_Year,2,39,2.6,-0.55,0.929,0,0,18,2.22,0.827,0.397,80.8,6
Student_1304,T5_Fall,Program_D,First_Year,2,42,2.33,0.06,0.943,0,0,15,5.0,0.945,0.2,70.2,4
Student_1305,T5_Fall,Program_B,Transfer,2,32,2.15,0.44,0.86,0,0,9,2.94,0.856,0.072,78.6,0
Student_1306,T5_Fall,Program_D,First_Year,4,102,3.26,0.0,0.684,2,0,12,4.23,0.817,0.053,98.9,0
Student_1307,T5_Fall,Program_B,First_Year,3,60,2.91,-0.07,0.929,0,0,15,6.18,1.0,0.092,75.1,3
Student_1308,T5_Fall,Program_A,First_Year,2,42,2.8,0.0,0.834,1,0,15,4.96,0.954,0.04,85.3,0
Student_1309,T5_Fall,Program_A,Transfer,3,58,2.62,0.01,0.832,0,1,15,3.73,0.839,0.1,70.6,0
Student_1310,T5_Fall,Program_A,Transfer,2,47,2.68,0.18,0.786,1,0,15,3.12,0.808,0.127,81.2,7
Student_1311,T5_Fall,Program_C,First_Year,1,1,3.38,-0.19,0.97,0,0,12,2.35,0.832,0.325,73.4,6
Student_1312,T5_Fall,Program_C,Transfer,2,35,4.0,0.06,1.0,0,1,9,4.32,1.0,0.119,92.3,0
Student_1313,T5_Fall,Program_B,First_Year,1,8,2.07,-0.54,0.763,1,1,18,1.83,0.901,0.087,55.4,3
Student_1314,T5_Fall,Program_D,First_Year,3,79,2.76,-0.04,0.62,2,0,15,4.55,0.938,0.199,74.8,0
Student_1315,T5_Fall,Program_A,First_Year,2,37,1.96,-0.83,0.838,0,0,12,2.36,0.808,0.309,76.4,7
Student_1316,T5_Fall,Program_C,First_Year,2,42,2.84,0.15,0.934,0,0,12,6.64,0.977,0.0,72.7,4
Student_1317,T5_Fall,Program_C,First_Year,1,20,2.6,-0.62,0.927,0,0,15,4.29,0.791,0.072,73.9,2
Student_1318,T5_Fall,Program_D,First_Year,2,53,2.65,0.33,0.828,0,0,12,3.36,1.0,0.066,85.5,0
Student_1319,T5_Fall,Program_B,First_Year,2,43,2.67,0.24,1.0,0,0,12,4.91,0.996,0.101,86.7,0
Student_1320,T5_Fall,Program_B,First_Year,2,53,3.3,0.6,0.929,0,1,15,3.65,1.0,0.19,76.6,1
Student_1321,T5_Fall,Program_C,Transfer,2,37,3.14,-0.08,0.799,0,1,12,3.19,0.763,0.202,72.6,2
Student_1322,T5_Fall,Program_C,Transfer,2,44,1.93,-0.01,0.751,0,0,15,2.5,0.701,0.315,72.2,0
Student_1323,T5_Fall,Program_A,Transfer,1,5,1.97,0.31,0.816,0,0,15,5.02,0.815,0.16,60.7,0
Student_1324,T5_Fall,Program_A,First_Year,3,68,3.09,0.24,0.87,0,0,12,4.82,1.0,0.067,77.9,3
Student_1325,T5_Fall,Program_B,First_Year,3,55,3.57,0.32,0.987,1,0,15,4.43,0.928,0.019,82.0,2
Student_1326,T5_Fall,Program_A,First_Year,3,70,2.96,0.09,0.892,0,1,18,5.07,0.873,0.042,90.1,1
Student_1327,T5_Fall,Program_C,First_Year,1,7,2.83,0.5,0.8,1,0,18,3.38,0.967,0.127,76.2,4
Student_1328,T5_Fall,Program_B,First_Year,2,34,2.38,0.24,0.822,0,1,15,5.39,0.919,0.171,91.3,2
Student_1329,T5_Fall,Program_D,First_Year,1,14,3.9,0.22,1.0,0,0,12,5.34,0.847,0.075,92.9,2
Student_1330,T5_Fall,Program_B,Transfer,4,103,2.41,-0.15,0.946,0,0,15,5.54,0.955,0.055,75.8,0
Student_1331,T5_Fall,Program_B,First_Year,2,32,2.95,-0.21,0.9,0,0,15,3.96,0.832,0.296,74.4,5
Student_1332,T5_Fall,Program_D,First_Year,2,52,2.48,0.25,0.658,1,0,18,2.55,1.0,0.341,77.8,0
Student_1333,T5_Fall,Program_A,First_Year,1,19,2.2,-0.37,0.75,1,1,18,4.05,0.9,0.126,78.1,5
Student_1334,T5_Fall,Program_B,First_Year,2,46,2.9,0.09,0.938,0,1,12,6.1,0.951,0.113,81.7,0
Student_1335,T5_Fall,Program_A,Transfer,1,22,2.1,0.51,0.689,2,0,15,5.21,0.848,0.166,77.8,0
Student_1336,T5_Fall,Program_A,First_Year,2,29,2.24,-0.21,0.868,0,0,15,4.69,0.905,0.187,71.3,0
Student_1337,T5_Fall,Program_A,First_Year,2,42,2.95,0.14,0.946,0,1,12,3.26,0.802,0.137,81.9,6
Student_1338,T5_Fall,Program_C,Transfer,1,21,2.22,-0.02,0.814,0,0,15,4.88,0.908,0.094,74.4,2
Student_1339,T5_Fall,Program_B,First_Year,3,62,2.29,0.09,0.644,1,0,15,2.63,0.674,0.285,65.6,1
Student_1340,T5_Fall,Program_D,First_Year,4,106,2.69,-0.21,0.827,0,0,12,2.59,0.747,0.11,82.0,6
Student_1341,T5_Fall,Program_B,Transfer,1,10,2.63,-0.24,0.721,1,0,18,2.42,0.756,0.401,66.8,4
Student_1342,T5_Fall,Program_C,First_Year,4,99,2.07,-0.03,0.565,1,0,15,2.14,0.749,0.415,59.7,5
Student_1343,T5_Fall,Program_B,First_Year,3,65,1.93,-0.83,0.719,0,0,12,4.01,0.851,0.191,66.1,5
Student_1344,T5_Fall,Program_A,First_Year,4,94,2.2,0.3,0.592,0,0,15,4.9,0.755,0.162,60.3,0
Student_1345,T5_Fall,Program_C,First_Year,4,96,2.49,-0.69,0.871,0,2,15,4.09,0.78,0.169,68.0,1
Student_1346,T5_Fall,Program_C,First_Year,4,105,3.14,0.25,1.0,0,0,12,4.88,1.0,0.0,97.6,0
Student_1347,T5_Fall,Program_C,Transfer,1,24,2.74,-0.03,0.882,1,0,9,3.51,0.946,0.085,89.7,7
Student_1348,T5_Fall,Program_D,First_Year,2,33,3.26,-0.96,0.821,0,0,15,5.81,0.825,0.14,80.7,3
Student_1349,T5_Fall,Program_C,First_Year,1,21,1.87,-0.07,0.682,0,0,15,3.97,0.838,0.333,62.3,4
Student_1350,T5_Fall,Program_C,First_Year,1,13,3.34,0.17,0.888,0,0,12,4.91,0.898,0.172,91.7,1
Student_1351,T5_Fall,Program_B,First_Year,2,29,2.81,0.07,1.0,0,1,15,6.61,1.0,0.011,93.8,0
Student_1352,T5_Fall,Program_A,First_Year,3,60,1.97,0.44,0.754,0,0,15,5.54,0.911,0.188,72.8,0
Student_1353,T5_Fall,Program_A,First_Year,4,81,2.79,-0.14,0.85,1,1,15,2.81,0.894,0.315,75.4,4
Student_1354,T5_Fall,Program_D,First_Year,1,27,3.47,0.04,0.946,0,1,15,4.5,0.907,0.186,99.5,0
Student_1355,T5_Fall,Program_B,First_Year,4,97,3.09,-0.67,0.908,0,0,18,4.08,0.899,0.281,82.9,5
Student_1356,T5_Fall,Program_C,Transfer,2,51,2.91,-0.67,0.927,0,1,15,3.9,0.754,0.203,78.4,2
Student_1357,T5_Fall,Program_B,First_Year,3,78,2.54,-0.32,0.883,0,1,15,2.51,0.945,0.186,67.4,3
Student_1358,T5_Fall,Program_A,First_Year,1,7,3.12,-0.51,0.962,0,0,15,4.27,1.0,0.1,81.5,7
Student_1359,T5_Fall,Program_A,First_Year,1,12,2.92,0.1,0.891,0,0,9,3.98,0.815,0.164,77.1,3
Student_1360,T5_Fall,Program_B,First_Year,4,86,2.43,0.18,0.648,2,0,12,3.71,0.911,0.199,73.7,5
Student_1361,T5_Fall,Program_B,Transfer,3,75,2.34,-0.42,0.809,0,0,18,3.11,0.734,0.437,75.3,3
Student_1362,T5_Fall,Program_A,First_Year,3,58,3.34,-0.17,0.67,1,1,12,4.4,0.94,0.156,82.4,4
Student_1363,T5_Fall,Program_C,First_Year,1,25,2.88,-0.01,0.904,0,0,18,6.46,1.0,0.0,82.2,0
Student_1364,T5_Fall,Program_C,Transfer,1,10,3.35,-0.0,0.761,1,0,9,3.17,0.949,0.204,90.2,6
Student_1365,T5_Fall,Program_A,Transfer,4,107,2.63,-0.32,0.94,0,1,12,4.03,0.702,0.448,74.4,3
Student_1366,T5_Fall,Program_D,First_Year,2,46,2.27,-0.23,0.83,0,0,18,4.42,0.909,0.222,70.3,3
Student_1367,T5_Fall,Program_D,First_Year,2,39,2.87,-0.34,0.741,1,0,12,4.75,1.0,0.049,71.3,0
Student_1368,T5_Fall,Program_C,Transfer,3,66,2.45,-0.02,0.645,1,1,12,5.4,1.0,0.259,76.4,4
Student_1369,T5_Fall,Program_A,First_Year,3,68,2.51,-0.28,0.791,0,1,12,2.84,0.762,0.276,77.7,0
Student_1370,T5_Fall,Program_B,First_Year,3,71,2.67,-0.34,0.725,1,1,12,4.13,0.967,0.264,79.5,0
Student_1371,T5_Fall,Program_D,Transfer,3,68,2.9,0.09,0.86,1,0,15,3.69,0.747,0.275,98.7,4
Student_1372,T5_Fall,Program_B,First_Year,1,18,3.11,-0.01,0.888,0,0,12,4.02,0.729,0.333,83.2,0
Student_1373,T5_Fall,Program_A,First_Year,2,31,2.97,-0.26,0.933,0,0,15,4.33,0.914,0.103,87.4,5
Student_1374,T5_Fall,Program_A,Transfer,1,22,2.1,-0.11,0.943,0,0,15,4.32,1.0,0.112,84.5,3
Student_1375,T5_Fall,Program_D,Transfer,3,74,3.41,0.1,0.739,1,1,15,4.16,1.0,0.183,70.9,0
Student_1376,T5_Fall,Program_B,First_Year,2,47,2.47,0.07,0.862,0,2,12,3.52,0.913,0.24,81.2,1
Student_1377,T5_Fall,Program_B,Transfer,3,65,1.47,0.38,0.792,0,1,15,6.27,1.0,0.176,62.8,1
Student_1378,T5_Fall,Program_D,First_Year,3,67,3.65,0.58,0.98,0,0,12,6.03,0.958,0.007,91.8,2
Student_1379,T5_Fall,Program_A,First_Year,2,33,3.03,-0.14,0.903,0,0,18,3.82,0.845,0.231,77.7,2
Student_1380,T5_Fall,Program_C,Transfer,3,78,2.3,0.13,0.856,0,0,12,4.99,1.0,0.043,90.6,0
Student_1381,T5_Fall,Program_A,First_Year,4,108,3.03,0.5,1.0,0,0,15,5.91,1.0,0.0,96.6,4
Student_1382,T5_Fall,Program_D,Transfer,1,22,2.13,0.24,0.803,1,0,12,4.56,0.928,0.167,75.9,3
Student_1383,T5_Fall,Program_C,First_Year,2,31,2.97,-0.61,0.99,0,1,15,3.82,0.913,0.15,82.9,0
Student_1384,T5_Fall,Program_B,First_Year,2,54,2.41,-0.09,0.836,0,0,18,2.28,0.853,0.29,56.0,7
Student_1385,T5_Fall,Program_A,Transfer,2,44,2.27,0.01,0.75,1,1,12,5.14,0.906,0.262,69.3,0
Student_1386,T5_Fall,Program_A,Transfer,2,44,2.66,0.28,0.746,0,0,12,4.6,0.896,0.283,63.5,2
Student_1387,T5_Fall,Program_B,First_Year,4,92,2.88,0.19,0.736,1,1,18,4.28,1.0,0.129,75.9,5
Student_1388,T5_Fall,Program_B,First_Year,1,4,3.16,0.06,0.917,0,0,15,3.38,0.863,0.239,74.7,4
Student_1389,T5_Fall,Program_C,First_Year,1,9,2.35,0.55,0.841,0,1,15,3.38,0.775,0.195,83.3,0
Student_1390,T5_Fall,Program_C,First_Year,2,32,2.79,-0.25,0.889,0,1,15,3.69,0.813,0.136,87.7,3
Student_1391,T5_Fall,Program_C,First_Year,4,104,2.68,-0.08,0.892,0,0,12,2.99,0.88,0.091,82.6,4
Student_1392,T5_Fall,Program_A,First_Year,2,50,2.76,0.11,0.928,0,0,15,5.12,0.929,0.161,78.0,3
Student_1393,T5_Fall,Program_A,First_Year,3,63,3.08,0.05,0.916,0,0,12,5.48,1.0,0.064,93.3,0
Student_1394,T5_Fall,Program_C,First_Year,1,25,2.56,-0.31,0.822,0,0,9,3.24,0.878,0.167,62.9,2
Student_1395,T5_Fall,Program_C,First_Year,3,58,2.79,0.06,1.0,0,0,15,4.86,0.815,0.0,68.4,4
Student_1396,T5_Fall,Program_A,Transfer,1,15,3.14,0.07,1.0,0,0,15,3.84,0.855,0.045,86.6,1
Student_1397,T5_Fall,Program_C,Transfer,3,56,2.85,0.57,0.774,1,0,15,4.86,0.841,0.207,84.4,1
Student_1398,T5_Fall,Program_A,Transfer,2,46,2.52,-0.16,0.856,0,0,15,2.71,0.876,0.246,69.2,4
Student_1399,T5_Fall,Program_C,First_Year,4,95,2.73,-0.14,0.713,1,1,15,3.39,0.794,0.097,65.8,3
Student_1400,T5_Fall,Program_A,Transfer,1,4,2.99,0.6,0.906,0,1,15,2.31,0.948,0.276,85.9,3
Student_1401,T5_Fall,Program_D,First_Year,4,97,2.68,0.66,0.843,0,0,15,3.18,0.916,0.191,79.9,5
Student_1402,T5_Fall,Program_A,First_Year,1,12,3.05,-0.27,0.824,1,0,15,5.51,0.907,0.103,73.0,0
Student_1403,T5_Fall,Program_C,First_Year,1,20,3.87,0.26,1.0,0,0,18,4.56,0.976,0.0,88.9,4
Student_1404,T5_Fall,Program_C,Transfer,3,68,3.07,-0.55,0.555,2,1,18,2.77,0.654,0.429,75.0,4
Student_1405,T5_Fall,Program_C,Transfer,2,33,2.42,-0.64,0.835,0,0,15,0.56,0.695,0.469,67.8,6
Student_1406,T5_Fall,Program_A,First_Year,3,76,2.95,-0.07,0.862,0,1,15,4.54,1.0,0.084,73.6,2
Student_1407,T5_Fall,Program_C,First_Year,2,36,2.39,0.45,0.801,0,1,15,4.79,0.923,0.074,70.3,0
Student_1408,T5_Fall,Program_B,Transfer,2,47,2.54,-0.1,0.727,0,0,12,3.53,0.737,0.201,75.9,6
Student_1409,T5_Fall,Program_B,Transfer,3,72,2.93,-0.19,0.688,1,1,12,4.39,0.824,0.272,81.8,2
Student_1410,T5_Fall,Program_D,First_Year,2,37,2.68,0.35,0.883,0,0,15,5.9,1.0,0.027,76.9,0
Student_1411,T5_Fall,Program_C,First_Year,2,39,2.69,0.41,0.92,0,0,15,3.46,0.792,0.137,79.0,4
Student_1412,T5_Fall,Program_A,First_Year,4,99,2.62,-0.37,0.868,0,0,12,3.85,0.791,0.255,59.4,2
Student_1413,T5_Fall,Program_A,First_Year,4,95,3.16,0.2,1.0,0,0,18,4.49,1.0,0.0,83.9,4
Student_1414,T5_Fall,Program_A,First_Year,4,88,3.3,-0.12,0.921,0,1,15,3.09,0.802,0.24,89.2,7
Student_1415,T5_Fall,Program_D,First_Year,4,91,3.41,0.16,0.956,1,0,15,4.88,1.0,0.057,100.0,1
Student_1416,T5_Fall,Program_A,Transfer,1,23,3.62,0.13,1.0,0,0,9,3.21,0.848,0.185,77.1,5
Student_1417,T5_Fall,Program_A,Transfer,3,54,3.4,0.57,0.953,0,0,15,4.08,1.0,0.008,78.4,2
Student_1418,T5_Fall,Program_B,Transfer,4,103,1.82,-0.32,0.745,0,1,15,2.35,0.503,0.503,46.9,2
Student_1419,T5_Fall,Program_A,Transfer,2,33,3.0,-0.32,0.877,1,0,12,3.76,0.949,0.016,59.7,4
Student_1420,T5_Fall,Program_A,Transfer,2,50,3.21,-0.12,0.884,1,0,15,2.72,1.0,0.12,91.5,5
Student_1421,T5_Fall,Program_A,First_Year,1,12,2.45,-0.38,0.803,0,0,12,2.31,0.835,0.308,67.5,5
Student_1422,T5_Fall,Program_B,First_Year,3,54,3.31,-0.91,0.762,1,0,15,2.42,0.683,0.411,57.0,3
Student_1423,T5_Fall,Program_B,First_Year,1,12,2.94,0.22,0.945,0,1,12,2.47,0.743,0.241,93.2,1
Student_1424,T5_Fall,Program_C,First_Year,3,74,2.03,0.05,0.714,1,1,18,2.42,0.728,0.297,70.8,4
Student_1425,T5_Fall,Program_B,Transfer,2,34,3.75,-0.02,0.884,0,0,15,4.24,0.804,0.119,87.3,2
Student_1426,T5_Fall,Program_C,First_Year,4,90,2.48,-0.14,0.521,2,1,15,2.99,0.853,0.269,76.4,4
Student_1427,T5_Fall,Program_B,Transfer,1,5,2.69,0.22,0.811,1,1,18,6.12,0.978,0.025,78.5,0
Student_1428,T5_Fall,Program_A,First_Year,3,76,2.72,-0.07,0.794,2,0,12,5.15,0.957,0.099,66.4,4
Student_1429,T5_Fall,Program_C,First_Year,3,80,2.4,-0.51,0.866,0,1,18,3.77,0.84,0.187,70.0,1
Student_1430,T5_Fall,Program_B,First_Year,3,72,3.23,-0.18,0.859,0,0,15,2.13,0.683,0.323,81.4,4
Student_1431,T5_Fall,Program_C,First_Year,2,49,1.8,0.1,0.884,0,1,15,2.83,0.94,0.077,66.0,4
Student_1432,T5_Fall,Program_D,Transfer,2,28,2.83,-0.05,0.756,0,0,15,5.11,0.906,0.182,74.6,7
Student_1433,T5_Fall,Program_B,First_Year,3,64,3.17,-0.11,1.0,0,1,18,4.59,0.992,0.17,73.0,0
Student_1434,T5_Fall,Program_B,Transfer,1,16,3.24,-0.16,0.815,1,0,9,3.17,0.737,0.333,62.8,0
Student_1435,T5_Fall,Program_B,First_Year,2,37,2.73,0.19,0.753,1,0,12,4.05,0.921,0.191,76.0,1
Student_1436,T5_Fall,Program_A,First_Year,4,104,2.82,-0.16,0.841,1,0,15,2.79,0.824,0.156,74.3,5
Student_1437,T5_Fall,Program_A,First_Year,4,102,2.55,-0.26,0.853,0,0,15,2.93,0.718,0.297,61.2,2
Student_1438,T5_Fall,Program_D,First_Year,2,36,2.72,-0.19,0.757,0,0,12,3.21,0.785,0.234,66.9,0
Student_1439,T5_Fall,Program_C,Transfer,2,47,3.19,-0.18,0.882,0,1,12,3.28,0.805,0.337,88.5,0
Student_1440,T5_Fall,Program_A,First_Year,4,103,2.17,0.04,0.863,0,0,18,3.27,0.894,0.145,86.2,4
Student_1441,T5_Fall,Program_D,First_Year,1,19,2.78,0.15,0.898,0,0,15,4.56,0.853,0.077,86.3,0
Student_1442,T5_Fall,Program_B,First_Year,2,29,2.79,-0.11,0.876,0,0,18,3.9,0.972,0.227,98.3,3
Student_1443,T5_Fall,Program_D,First_Year,4,93,3.8,0.11,0.998,0,0,15,2.77,0.784,0.147,81.3,6
Student_1444,T5_Fall,Program_B,First_Year,3,55,2.78,-0.05,0.743,1,0,12,3.95,0.892,0.227,94.7,1
Student_1445,T5_Fall,Program_C,Transfer,3,57,2.4,0.18,0.699,1,0,15,2.44,0.682,0.214,68.8,4
Student_1446,T5_Fall,Program_B,Transfer,2,41,3.67,1.0,0.92,0,1,15,4.34,0.905,0.125,91.6,2
Student_1447,T5_Fall,Program_B,First_Year,3,64,2.43,-0.47,0.919,0,1,15,2.84,0.725,0.31,71.3,4
Student_1448,T5_Fall,Program_C,First_Year,2,35,2.43,-0.44,0.731,1,1,15,4.52,0.902,0.24,67.9,2
Student_1449,T5_Fall,Program_B,First_Year,2,43,3.38,0.38,1.0,0,1,12,5.57,1.0,0.031,79.5,0
Student_1450,T5_Fall,Program_A,Transfer,3,67,2.94,0.32,0.819,1,0,15,5.42,1.0,0.141,84.4,3
Student_1451,T5_Fall,Program_A,First_Year,2,33,3.57,-0.1,0.822,1,0,12,3.23,0.914,0.185,87.2,4
Student_1452,T5_Fall,Program_C,First_Year,4,93,2.35,0.22,0.806,1,0,12,3.41,0.83,0.169,77.4,2
Student_1453,T5_Fall,Program_C,First_Year,3,62,3.04,-0.29,0.896,0,0,15,3.53,0.758,0.241,79.9,5
Student_1454,T5_Fall,Program_D,First_Year,2,38,2.92,0.37,0.809,0,0,12,3.26,0.883,0.123,62.4,1
Student_1455,T5_Fall,Program_A,First_Year,4,91,2.83,0.11,0.861,0,0,18,4.31,0.861,0.294,83.3,0
Student_1456,T5_Fall,Program_D,Transfer,2,27,2.95,-0.07,0.907,0,0,18,5.17,1.0,0.08,74.7,0
Student_1457,T5_Fall,Program_B,First_Year,2,33,1.92,0.13,0.916,0,0,15,4.56,0.923,0.118,77.2,5
Student_1458,T5_Fall,Program_A,First_Year,3,72,1.84,0.16,0.795,0,0,18,3.71,0.958,0.083,69.1,4
Student_1459,T5_Fall,Program_D,First_Year,1,5,3.31,0.14,0.899,0,1,15,3.17,0.822,0.214,77.5,0
Student_1460,T5_Fall,Program_A,First_Year,1,21,2.76,0.34,0.759,2,2,9,2.41,0.926,0.144,69.4,4
Student_1461,T5_Fall,Program_A,First_Year,4,102,3.1,-0.01,0.989,0,0,15,3.24,0.879,0.179,88.0,2
Student_1462,T5_Fall,Program_C,First_Year,3,63,2.32,0.2,0.839,0,1,12,4.22,0.954,0.247,73.8,4
Student_1463,T5_Fall,Program_D,First_Year,4,99,2.8,0.11,0.893,0,1,12,5.11,0.988,0.0,71.5,0
Student_1464,T5_Fall,Program_C,First_Year,4,102,2.7,0.19,0.967,0,0,12,2.6,0.717,0.177,89.6,7
Student_1465,T5_Fall,Program_A,First_Year,1,21,2.25,0.25,0.887,0,1,18,5.28,0.884,0.054,65.0,1
Student_1466,T5_Fall,Program_C,First_Year,2,45,3.12,-0.26,0.963,0,0,15,2.13,0.759,0.27,75.9,0
Student_1467,T5_Fall,Program_A,First_Year,2,29,2.73,-0.06,0.934,0,0,12,4.02,1.0,0.068,64.4,3
Student_1468,T5_Fall,Program_B,First_Year,4,94,2.72,0.49,0.887,0,2,15,3.76,0.897,0.131,87.4,1
Student_1469,T5_Fall,Program_B,First_Year,2,36,2.7,0.05,0.642,2,0,18,5.64,0.912,0.014,63.3,1
Student_1470,T5_Fall,Program_B,First_Year,1,19,3.02,-0.03,0.986,0,0,15,3.73,0.775,0.154,82.6,3
Student_1471,T5_Fall,Program_C,Transfer,3,70,3.1,-0.3,0.816,0,0,15,3.34,0.945,0.271,66.0,2
Student_1472,T5_Fall,Program_C,First_Year,3,67,3.13,0.09,0.875,0,0,15,3.87,0.929,0.184,69.3,2
Student_1473,T5_Fall,Program_A,First_Year,1,25,3.57,-0.03,0.999,0,0,15,4.96,0.806,0.111,96.4,0
Student_1474,T5_Fall,Program_C,First_Year,1,11,2.6,-0.01,0.757,1,0,15,5.58,0.96,0.099,63.5,0
Student_1475,T5_Fall,Program_C,First_Year,4,97,2.97,-0.42,0.949,0,0,12,2.54,0.698,0.28,73.8,5
Student_1476,T5_Fall,Program_B,Transfer,1,6,2.88,0.25,0.904,0,0,15,4.67,0.915,0.224,84.5,3
Student_1477,T5_Fall,Program_D,First_Year,4,90,3.06,0.23,0.883,0,0,15,4.42,0.865,0.157,76.0,4
Student_1478,T5_Fall,Program_B,First_Year,4,98,2.16,-0.67,0.756,0,0,15,3.41,0.627,0.253,67.2,2
Student_1479,T5_Fall,Program_D,First_Year,4,85,2.91,0.28,0.98,0,1,12,6.64,1.0,0.0,74.4,0
Student_1480,T5_Fall,Program_B,First_Year,1,25,2.51,0.34,0.625,3,0,18,3.96,0.831,0.273,82.5,2
Student_1481,T5_Fall,Program_B,First_Year,2,47,3.04,-0.22,0.79,0,0,18,1.78,0.75,0.369,78.5,2
Student_1482,T5_Fall,Program_D,First_Year,2,51,2.94,0.3,0.727,2,0,12,4.38,0.982,0.0,86.2,0
Student_1483,T5_Fall,Program_A,First_Year,3,78,2.85,0.29,0.759,1,0,18,2.59,0.894,0.099,65.1,4
Student_1484,T5_Fall,Program_A,First_Year,2,34,1.92,-0.32,0.58,2,1,15,4.45,0.736,0.245,55.7,1
Student_1485,T5_Fall,Program_A,Transfer,1,21,3.26,0.02,0.884,0,0,15,4.67,0.739,0.226,91.8,2
Student_1486,T5_Fall,Program_A,First_Year,1,12,1.84,-0.03,0.722,2,0,15,4.17,0.958,0.247,72.8,0
Student_1487,T5_Fall,Program_C,Transfer,2,45,2.3,-0.41,0.861,0,0,12,3.67,0.782,0.35,75.7,6
Student_1488,T5_Fall,Program_D,First_Year,3,76,2.75,-0.02,0.776,1,0,15,2.87,0.881,0.351,58.4,5
Student_1489,T5_Fall,Program_C,First_Year,3,55,2.9,0.09,0.946,0,1,15,4.37,0.864,0.0,75.0,0
Student_1490,T5_Fall,Program_A,First_Year,2,38,3.0,-0.52,0.67,2,0,18,2.05,0.787,0.436,68.8,6
Student_1491,T5_Fall,Program_D,First_Year,4,101,3.02,0.05,0.913,0,1,12,4.49,0.815,0.189,80.7,1
Student_1492,T5_Fall,Program_B,Transfer,1,6,3.16,-0.13,0.844,1,0,15,4.51,0.803,0.09,93.1,2
Student_1493,T5_Fall,Program_C,Transfer,2,30,2.75,0.62,0.934,0,0,12,3.48,0.995,0.119,88.9,2
Student_1494,T5_Fall,Program_A,First_Year,3,75,3.64,0.46,1.0,0,0,12,5.95,0.96,0.0,84.9,0
Student_1495,T5_Fall,Program_C,First_Year,4,95,3.26,-0.41,0.856,0,0,12,3.72,0.68,0.297,81.7,5
Student_1496,T5_Fall,Program_C,Transfer,3,73,3.08,0.17,0.917,0,1,12,3.97,0.793,0.268,83.4,4
Student_1497,T5_Fall,Program_C,First_Year,2,43,3.58,0.29,0.959,0,1,18,4.75,1.0,0.223,97.0,0
Student_1498,T5_Fall,Program_D,Transfer,4,85,3.11,-0.31,0.894,0,0,15,3.4,0.818,0.249,73.4,3
Student_1499,T5_Fall,Program_D,First_Year,2,46,3.25,0.49,0.872,0,1,15,4.99,0.922,0.204,86.9,8
Student_1500,T5_Fall,Program_A,First_Year,3,81,2.87,0.02,0.992,0,1,18,5.45,1.0,0.06,96.6,1
Student_1501,T5_Fall,Program_B,Transfer,3,65,2.65,-0.14,0.768,1,1,12,6.29,0.757,0.098,84.5,0
Student_1502,T5_Fall,Program_B,First_Year,2,29,2.91,-0.32,0.774,1,0,12,4.78,0.829,0.173,75.6,1
Student_1503,T5_Fall,Program_C,First_Year,1,26,3.31,-0.05,0.869,0,0,15,4.28,0.746,0.129,81.2,1
Student_1504,T5_Fall,Program_A,First_Year,2,39,2.63,-0.08,0.894,0,0,15,3.16,0.82,0.169,86.0,2
Student_1505,T5_Fall,Program_B,First_Year,1,23,2.88,-0.34,0.879,1,0,18,4.01,0.91,0.246,76.8,2
Student_1506,T5_Fall,Program_A,First_Year,2,47,2.52,0.57,0.81,1,0,9,5.63,1.0,0.0,72.3,0
Student_1507,T5_Fall,Program_C,First_Year,4,100,2.55,-0.24,0.826,0,1,15,2.18,0.697,0.312,74.0,5
Student_1508,T5_Fall,Program_B,First_Year,3,61,2.32,-0.0,0.685,1,0,15,3.85,0.815,0.314,61.0,2
Student_1509,T5_Fall,Program_C,First_Year,3,70,2.77,-0.02,0.75,2,0,12,5.12,0.873,0.164,84.9,0
Student_1510,T5_Fall,Program_D,First_Year,2,32,2.83,0.1,0.951,0,0,15,5.16,0.913,0.128,76.0,2
Student_1511,T5_Fall,Program_A,Transfer,3,57,2.77,0.15,0.982,0,0,15,2.93,1.0,0.05,81.2,0
Student_1512,T5_Fall,Program_A,First_Year,3,80,2.74,0.54,0.943,0,0,12,4.74,0.901,0.006,83.8,3
Student_1513,T5_Fall,Program_D,Transfer,1,18,3.27,0.35,0.708,1,2,9,2.8,0.677,0.35,71.7,3
Student_1514,T5_Fall,Program_A,Transfer,4,94,3.42,0.69,0.943,0,0,12,4.52,0.828,0.299,85.9,0
Student_1515,T5_Fall,Program_B,Transfer,4,107,2.16,0.0,0.819,0,0,15,5.23,0.992,0.152,56.6,0
Student_1516,T5_Fall,Program_B,First_Year,4,106,2.64,-0.47,0.959,0,0,18,2.61,0.987,0.157,77.3,1
Student_1517,T5_Fall,Program_A,First_Year,4,83,3.15,-0.15,0.851,0,0,15,3.76,0.726,0.21,58.4,0
Student_1518,T5_Fall,Program_C,First_Year,1,2,2.47,0.15,0.871,0,1,15,4.21,0.731,0.24,74.8,0
Student_1519,T5_Fall,Program_B,Transfer,3,61,2.72,0.16,0.89,0,0,15,4.72,0.959,0.108,74.5,1
Student_1520,T5_Fall,Program_D,Transfer,3,70,2.92,-0.29,0.601,2,0,15,4.11,0.887,0.208,79.0,1
Student_1521,T5_Fall,Program_A,First_Year,3,65,1.83,0.06,0.663,1,0,12,4.4,0.868,0.276,54.2,1
Student_1522,T5_Fall,Program_B,First_Year,4,88,3.07,0.04,0.799,1,0,15,5.44,0.971,0.105,79.4,4
Student_1523,T5_Fall,Program_C,First_Year,4,84,2.77,-0.21,0.841,0,0,15,4.86,0.872,0.204,81.7,1
Student_1524,T5_Fall,Program_A,Transfer,4,83,2.19,0.14,0.899,0,1,15,3.68,0.869,0.159,75.1,5
Student_1525,T5_Fall,Program_D,First_Year,2,36,2.56,0.31,0.78,1,0,15,4.32,0.873,0.153,76.3,4
Student_1526,T5_Fall,Program_B,First_Year,4,99,2.88,-0.51,0.898,0,2,9,2.48,0.616,0.291,72.8,5
Student_1527,T5_Fall,Program_B,First_Year,1,16,3.91,0.09,0.961,0,0,18,5.4,0.952,0.11,88.7,6
Student_1528,T5_Fall,Program_D,Transfer,4,106,3.22,0.56,0.848,1,0,18,5.98,1.0,0.126,75.6,0
Student_1529,T5_Fall,Program_D,First_Year,3,75,2.95,0.19,0.913,0,2,15,4.65,1.0,0.076,90.7,0
Student_1530,T5_Fall,Program_A,Transfer,1,13,2.6,-0.09,0.768,1,0,18,4.33,0.878,0.237,80.0,0
Student_1531,T5_Fall,Program_A,Transfer,1,24,3.29,0.33,1.0,0,0,15,3.6,0.969,0.155,89.5,3
Student_1532,T5_Fall,Program_D,First_Year,2,48,3.63,-0.06,0.978,0,0,18,4.46,0.955,0.174,98.4,1
Student_1533,T5_Fall,Program_B,First_Year,4,95,2.63,0.13,1.0,0,0,12,3.91,0.987,0.106,82.9,4
Student_1534,T5_Fall,Program_D,First_Year,4,90,3.17,0.01,0.855,0,1,15,5.98,1.0,0.088,88.4,4
Student_1535,T5_Fall,Program_C,First_Year,4,107,3.36,0.35,0.898,0,1,15,3.72,0.904,0.0,79.8,4
Student_1536,T5_Fall,Program_C,First_Year,1,22,2.6,0.07,1.0,0,0,18,3.63,0.903,0.039,85.8,3
Student_1537,T5_Fall,Program_B,First_Year,4,104,3.0,-0.39,0.919,0,0,12,2.36,0.87,0.225,76.3,5
Student_1538,T5_Fall,Program_A,Transfer,3,57,3.02,-0.27,0.901,0,1,15,2.94,0.862,0.305,59.7,0
Student_1539,T5_Fall,Program_C,First_Year,2,44,2.6,-0.21,0.702,1,0,18,1.51,0.813,0.225,51.4,4
Student_1540,T5_Fall,Program_C,First_Year,4,82,3.09,0.07,0.718,2,1,12,3.86,0.76,0.273,70.2,0
Student_1541,T5_Fall,Program_D,Transfer,4,85,2.66,0.04,0.683,1,1,18,3.52,0.84,0.272,70.5,5
Student_1542,T5_Fall,Program_B,First_Year,1,23,1.56,-0.2,0.869,0,0,12,5.38,0.963,0.184,60.0,0
Student_1543,T5_Fall,Program_B,Transfer,2,51,2.01,0.44,0.802,1,0,15,6.36,1.0,0.048,77.4,2
Student_1544,T5_Fall,Program_B,Transfer,2,31,2.14,-0.21,0.814,1,0,12,3.56,0.969,0.111,73.4,0
Student_1545,T5_Fall,Program_A,Transfer,2,32,2.74,-0.22,0.909,0,1,15,3.47,0.913,0.337,81.5,3
Student_1546,T5_Fall,Program_C,First_Year,2,38,2.08,-0.43,0.9,0,1,12,3.88,0.798,0.242,72.3,0
Student_1547,T5_Fall,Program_A,First_Year,4,84,3.22,-0.03,0.905,0,0,12,5.28,1.0,0.209,74.2,2
Student_1548,T5_Fall,Program_C,First_Year,1,1,3.36,0.43,0.912,0,0,15,3.3,0.913,0.168,77.8,0
Student_1549,T5_Fall,Program_C,Transfer,3,59,3.11,1.0,0.817,1,0,12,6.15,0.866,0.153,95.4,3
Student_1550,T5_Fall,Program_D,First_Year,1,7,3.47,0.57,1.0,0,1,15,1.99,0.94,0.084,83.8,1
Student_1551,T5_Fall,Program_A,First_Year,1,22,2.39,0.52,0.932,0,1,15,2.86,0.931,0.147,71.1,4
Student_1552,T5_Fall,Program_C,First_Year,2,52,3.31,-0.17,0.901,0,1,15,4.43,0.827,0.251,90.3,0
Student_1553,T5_Fall,Program_B,First_Year,3,75,3.17,0.44,0.775,1,0,12,3.11,0.758,0.289,88.2,0
Student_1554,T5_Fall,Program_D,First_Year,3,62,2.81,-0.15,0.82,0,0,9,4.82,0.788,0.182,74.7,1
Student_1555,T5_Fall,Program_A,First_Year,2,40,3.37,0.6,0.709,1,1,15,3.79,0.955,0.167,89.5,4
Student_1556,T5_Fall,Program_B,First_Year,4,83,2.29,-0.42,0.704,1,0,12,2.1,0.839,0.217,47.6,5
Student_1557,T5_Fall,Program_B,First_Year,1,11,2.61,0.13,0.886,0,0,15,3.8,0.805,0.242,63.3,5
Student_1558,T5_Fall,Program_D,First_Year,2,53,2.15,-0.31,0.897,0,1,9,4.31,0.926,0.151,68.3,1
Student_1559,T5_Fall,Program_B,Transfer,4,86,2.8,-0.11,0.867,0,0,15,4.84,0.842,0.146,82.0,3
Student_1560,T5_Fall,Program_C,First_Year,4,90,2.38,-0.09,0.874,0,1,15,3.59,0.792,0.242,71.4,0
Student_1561,T5_Fall,Program_B,First_Year,4,103,3.03,0.17,0.885,0,0,15,4.86,0.87,0.143,81.2,3
Student_1562,T5_Fall,Program_B,First_Year,3,56,2.84,-0.04,0.839,0,0,12,4.1,0.895,0.176,69.6,0
Student_1563,T5_Fall,Program_D,Transfer,4,83,2.77,0.02,0.787,1,0,9,3.61,0.768,0.244,81.8,1
Student_1564,T5_Fall,Program_D,First_Year,4,82,2.92,-0.09,0.754,1,1,12,5.0,0.968,0.117,66.6,0
Student_1565,T5_Fall,Program_B,First_Year,1,9,2.86,-0.36,0.787,0,0,15,4.8,0.886,0.242,58.1,4
Student_1566,T5_Fall,Program_A,First_Year,3,54,2.54,0.51,0.791,0,0,15,4.05,0.686,0.383,81.3,0
Student_1567,T5_Fall,Program_B,First_Year,1,15,3.34,0.66,0.954,0,0,12,6.45,1.0,0.03,72.3,1
Student_1568,T5_Fall,Program_A,Transfer,3,66,2.7,0.17,0.759,0,0,15,2.85,0.867,0.2,60.5,4
Student_1569,T5_Fall,Program_B,First_Year,1,16,3.64,-0.0,0.843,1,0,12,3.58,0.938,0.295,84.4,1
Student_1570,T5_Fall,Program_A,First_Year,4,99,3.07,-0.13,0.867,0,0,12,1.24,0.691,0.434,75.7,5
Student_1571,T5_Fall,Program_A,First_Year,4,90,3.26,0.08,0.93,0,0,18,4.71,1.0,0.1,73.2,0
Student_1572,T5_Fall,Program_A,First_Year,4,81,2.65,-0.38,0.601,2,1,15,2.28,0.695,0.247,68.4,5
Student_1573,T5_Fall,Program_D,First_Year,1,11,2.01,-0.05,0.628,1,0,15,4.32,0.718,0.211,82.3,2
Student_1574,T5_Fall,Program_C,First_Year,2,50,2.82,0.08,0.503,2,1,12,2.62,0.818,0.256,56.9,7
Student_1575,T5_Fall,Program_D,First_Year,1,0,3.41,-0.1,0.964,0,1,15,4.33,1.0,0.181,84.5,1
Student_1576,T5_Fall,Program_B,First_Year,1,12,2.35,-0.53,0.738,0,0,9,1.57,0.633,0.487,49.1,4
Student_1577,T5_Fall,Program_C,Transfer,4,100,2.98,0.15,0.915,0,2,12,2.33,0.899,0.294,68.3,4
Student_1578,T5_Fall,Program_A,Transfer,4,90,2.64,-0.31,0.742,1,0,15,4.84,0.85,0.363,70.2,1
Student_1579,T5_Fall,Program_B,Transfer,3,65,2.38,0.16,0.874,0,0,15,1.85,0.888,0.282,80.7,5
Student_1580,T5_Fall,Program_A,Transfer,2,45,2.73,-0.21,0.722,1,1,12,3.85,0.857,0.223,94.3,2
Student_1581,T5_Fall,Program_B,First_Year,4,85,2.35,0.01,0.693,1,0,12,4.15,0.981,0.141,69.8,3
Student_1582,T5_Fall,Program_D,First_Year,2,53,2.79,0.32,0.83,1,0,15,3.37,0.971,0.027,53.2,4
Student_1583,T5_Fall,Program_B,Transfer,1,20,2.27,-0.11,0.956,0,1,15,2.97,0.693,0.255,75.4,2
Student_1584,T5_Fall,Program_B,First_Year,2,42,2.14,-0.12,0.835,0,0,9,4.16,0.82,0.345,82.3,3
Student_1585,T5_Fall,Program_A,First_Year,4,105,2.91,0.67,0.696,1,0,18,3.23,0.869,0.283,82.1,3
Student_1586,T5_Fall,Program_B,Transfer,2,32,3.24,-0.29,0.962,0,0,15,3.84,0.848,0.257,80.6,0
Student_1587,T5_Fall,Program_A,First_Year,3,55,2.2,0.03,0.701,0,0,15,4.16,0.928,0.113,44.0,0
Student_1588,T5_Fall,Program_D,Transfer,1,11,2.67,-0.04,0.622,2,0,15,3.31,0.877,0.267,89.7,1
Student_1589,T5_Fall,Program_D,Transfer,2,45,1.97,-0.26,0.676,0,0,15,3.56,0.765,0.276,75.3,2
Student_1590,T5_Fall,Program_B,Transfer,3,64,2.89,1.0,0.733,1,0,12,6.06,1.0,0.18,86.8,0
Student_1591,T5_Fall,Program_A,Transfer,2,36,3.07,-0.25,0.794,0,1,18,4.82,0.949,0.183,70.6,4
Student_1592,T5_Fall,Program_B,First_Year,3,66,2.89,0.15,0.739,1,1,12,3.98,0.8,0.308,69.2,5
Student_1593,T5_Fall,Program_B,First_Year,2,46,1.74,0.63,0.918,0,0,15,4.36,1.0,0.128,68.9,3
Student_1594,T5_Fall,Program_C,First_Year,3,66,3.83,0.37,0.921,0,0,12,3.46,0.971,0.141,69.2,2
Student_1595,T5_Fall,Program_C,First_Year,1,18,2.56,-0.15,0.736,2,1,12,4.13,0.841,0.186,89.6,0
Student_1596,T5_Fall,Program_D,First_Year,3,71,2.37,0.08,0.947,0,0,9,3.05,0.825,0.177,91.1,2
Student_1597,T5_Fall,Program_A,First_Year,1,27,2.45,0.2,0.677,3,0,15,4.78,0.967,0.094,62.3,1
Student_1598,T5_Fall,Program_C,First_Year,3,54,2.07,-0.3,0.542,2,0,9,5.53,0.707,0.294,56.8,0
Student_1599,T5_Fall,Program_D,First_Year,2,50,2.39,-0.23,0.557,3,0,15,4.52,0.84,0.035,82.0,0
Student_1600,T5_Fall,Program_C,Transfer,4,103,3.36,-0.36,0.811,0,1,9,3.7,0.69,0.192,86.6,2
Student_1601,T5_Fall,Program_B,Transfer,2,34,2.66,0.01,0.895,0,1,18,3.24,0.838,0.225,57.9,3
Student_1602,T5_Fall,Program_A,First_Year,3,54,3.49,0.33,0.953,0,0,15,5.56,0.936,0.157,98.1,0
Student_1603,T5_Fall,Program_B,Transfer,2,49,2.87,0.26,0.699,2,0,15,3.16,0.757,0.278,77.6,1
Student_1604,T5_Fall,Program_A,First_Year,3,73,2.11,0.1,0.745,0,0,12,1.68,0.699,0.271,77.7,7
Student_1605,T5_Fall,Program_D,First_Year,4,106,2.02,0.31,0.793,0,0,15,3.77,0.934,0.266,69.3,3
Student_1606,T5_Fall,Program_D,Transfer,3,73,2.57,0.04,0.83,0,1,9,0.51,0.851,0.212,78.6,2
Student_1607,T5_Fall,Program_B,First_Year,3,66,2.76,0.74,0.797,0,0,15,4.23,0.951,0.242,67.0,2
Student_1608,T5_Fall,Program_A,Transfer,2,54,2.81,0.13,0.842,1,1,9,4.53,0.692,0.29,95.9,3
Student_1609,T5_Fall,Program_B,First_Year,3,66,2.03,0.66,0.872,0,0,15,4.17,0.879,0.094,78.4,0
Student_1610,T5_Fall,Program_D,First_Year,2,49,2.98,0.12,0.888,0,0,15,4.34,0.967,0.268,71.8,4
Student_1611,T5_Fall,Program_C,First_Year,1,2,3.56,0.18,1.0,0,0,12,4.0,1.0,0.108,95.5,0
Student_1612,T5_Fall,Program_C,First_Year,2,38,2.35,-0.38,0.929,0,0,12,5.5,0.914,0.176,79.0,3
Student_1613,T5_Fall,Program_A,First_Year,2,47,3.27,-0.18,0.924,0,0,15,4.08,0.87,0.054,81.1,2
Student_1614,T5_Fall,Program_A,First_Year,1,17,2.43,-0.23,0.802,0,1,15,2.73,0.896,0.259,75.4,6
Student_1615,T5_Fall,Program_D,First_Year,1,27,2.35,-0.17,0.736,1,0,15,3.8,0.835,0.174,65.9,1
Student_1616,T5_Fall,Program_C,First_Year,1,8,2.74,0.3,0.725,2,0,15,4.63,0.951,0.072,91.6,4
Student_1617,T5_Fall,Program_D,Transfer,2,30,2.55,0.07,0.843,0,0,18,3.03,0.77,0.085,60.8,0
Student_1618,T5_Fall,Program_C,First_Year,3,65,3.23,-0.64,0.905,0,0,18,4.61,0.809,0.096,83.8,0
Student_1619,T5_Fall,Program_B,Transfer,2,51,2.94,-0.51,0.765,1,0,15,4.87,0.879,0.301,75.3,4
Student_1620,T5_Fall,Program_D,Transfer,3,81,3.36,0.12,0.866,0,0,12,4.46,0.866,0.244,83.3,2
Student_1621,T5_Fall,Program_B,Transfer,1,26,2.2,-0.14,0.711,1,0,12,2.9,0.801,0.134,60.7,4
Student_1622,T5_Fall,Program_C,First_Year,3,77,2.87,0.35,0.966,0,0,15,4.31,0.849,0.265,87.2,5
Student_1623,T5_Fall,Program_D,Transfer,1,16,2.1,0.13,0.808,0,0,18,4.02,0.806,0.305,74.5,5
Student_1624,T5_Fall,Program_C,First_Year,1,26,3.64,0.29,0.843,1,0,15,4.01,0.895,0.113,77.6,1
Student_1625,T5_Fall,Program_D,First_Year,2,43,2.12,-0.16,0.49,2,1,18,3.06,0.698,0.335,45.3,4
Student_1626,T5_Fall,Program_C,First_Year,2,46,2.42,0.35,0.658,2,2,15,0.91,0.853,0.176,81.2,6
Student_1627,T5_Fall,Program_A,Transfer,2,27,2.0,0.51,0.766,0,0,18,3.36,0.829,0.233,77.4,2
Student_1628,T5_Fall,Program_D,First_Year,4,106,1.7,0.32,0.791,0,0,12,6.03,0.965,0.217,73.1,0
Student_1629,T5_Fall,Program_D,First_Year,1,26,2.76,0.22,0.976,0,0,9,4.24,0.929,0.086,77.7,1
Student_1630,T5_Fall,Program_C,First_Year,2,43,1.88,-0.21,0.613,2,0,12,2.31,0.795,0.459,66.8,0
Student_1631,T5_Fall,Program_C,Transfer,4,87,2.7,0.31,0.951,0,0,15,5.99,1.0,0.081,55.1,3
Student_1632,T5_Fall,Program_A,Transfer,2,46,2.84,0.07,0.81,0,0,15,4.28,1.0,0.133,80.1,7
Student_1633,T5_Fall,Program_B,Transfer,3,60,2.82,-0.26,0.919,0,0,18,3.59,0.791,0.267,84.9,2
Student_1634,T5_Fall,Program_D,First_Year,2,51,2.99,0.14,0.921,0,0,12,3.82,0.852,0.363,68.6,2
Student_1635,T5_Fall,Program_D,Transfer,1,7,2.41,0.25,0.892,0,0,15,4.84,0.917,0.128,74.7,3
Student_1636,T5_Fall,Program_A,Transfer,2,28,2.44,0.09,0.708,1,1,15,4.59,0.919,0.14,73.1,2
Student_1637,T5_Fall,Program_A,Transfer,2,37,3.38,0.76,0.863,1,0,12,4.99,0.963,0.101,80.7,2
Student_1638,T5_Fall,Program_C,Transfer,1,27,3.47,0.07,0.841,1,0,15,4.49,0.871,0.212,74.7,4
Student_1639,T5_Fall,Program_D,Transfer,3,64,2.56,0.24,0.952,0,0,9,4.44,0.861,0.233,87.9,5
Student_1640,T5_Fall,Program_D,First_Year,4,98,1.86,-0.18,0.549,1,0,12,5.92,0.927,0.158,72.3,0
Student_1641,T5_Fall,Program_A,First_Year,3,54,3.44,0.09,0.741,1,0,15,3.71,0.828,0.123,91.2,3
Student_1642,T5_Fall,Program_D,First_Year,4,86,2.66,-0.32,0.858,0,1,18,3.93,0.818,0.118,89.8,3
Student_1643,T5_Fall,Program_A,First_Year,3,80,3.09,-0.16,0.937,0,0,15,4.64,0.861,0.174,78.7,3
Student_1644,T5_Fall,Program_B,First_Year,4,99,2.32,-0.35,0.791,0,0,15,2.23,0.826,0.155,55.0,4
Student_1645,T5_Fall,Program_A,Transfer,4,83,3.16,-0.05,0.873,0,0,15,5.11,0.909,0.279,89.0,0
Student_1646,T5_Fall,Program_B,Transfer,4,91,2.64,0.5,0.778,1,0,15,3.98,0.854,0.149,86.6,2
Student_1647,T5_Fall,Program_C,Transfer,2,43,3.58,-0.68,0.781,2,0,12,4.32,1.0,0.117,85.8,4
Student_1648,T5_Fall,Program_C,First_Year,2,28,3.36,0.31,0.924,1,1,12,4.66,0.889,0.077,92.4,5
Student_1649,T5_Fall,Program_B,First_Year,2,36,2.92,-0.02,1.0,0,0,9,4.31,1.0,0.0,65.0,1
Student_1650,T5_Fall,Program_A,Transfer,4,87,1.75,0.13,0.665,1,0,15,5.39,0.885,0.116,67.3,4
Student_1651,T5_Fall,Program_A,First_Year,1,6,1.85,-0.55,0.784,0,0,18,3.6,0.841,0.31,41.9,3
Student_1652,T5_Fall,Program_A,Transfer,3,66,3.33,-0.01,0.903,0,1,9,3.7,0.806,0.234,73.3,0
Student_1653,T5_Fall,Program_C,Transfer,2,45,1.98,0.11,0.805,0,0,18,3.18,0.606,0.34,78.9,3
Student_1654,T5_Fall,Program_D,First_Year,2,54,2.27,0.05,0.689,1,0,15,2.46,0.741,0.171,73.2,2
Student_1655,T5_Fall,Program_D,Transfer,1,21,2.71,0.22,0.777,1,0,12,4.86,1.0,0.0,86.2,3
Student_1656,T5_Fall,Program_A,First_Year,1,18,2.66,0.85,0.818,0,0,15,5.74,1.0,0.221,96.7,0
Student_1657,T5_Fall,Program_D,First_Year,3,74,2.55,-0.0,0.816,1,0,15,4.72,0.868,0.103,81.2,1
Student_1658,T5_Fall,Program_C,First_Year,2,30,2.6,0.07,0.508,3,0,15,3.14,0.711,0.221,83.9,2
Student_1659,T5_Fall,Program_B,First_Year,3,74,1.99,-0.47,0.795,0,1,15,2.3,0.857,0.276,70.0,3
Student_1660,T5_Fall,Program_A,First_Year,2,27,2.41,0.29,0.82,0,0,18,3.69,0.774,0.212,74.4,3
Student_1661,T5_Fall,Program_C,Transfer,3,62,2.43,0.23,0.919,0,1,15,5.01,1.0,0.0,76.8,2
Student_1662,T5_Fall,Program_B,First_Year,2,53,2.65,-0.24,0.826,0,1,9,5.04,0.873,0.205,79.6,5
Student_1663,T5_Fall,Program_B,First_Year,2,40,3.44,0.16,0.992,0,0,12,3.13,0.913,0.187,73.2,3
Student_1664,T5_Fall,Program_A,First_Year,4,98,2.72,0.06,0.806,1,0,15,4.15,0.719,0.0,81.3,3
Student_1665,T5_Fall,Program_A,Transfer,1,21,1.97,0.17,0.894,0,0,15,3.44,0.819,0.132,63.3,1
Student_1666,T5_Fall,Program_B,First_Year,2,45,2.31,0.15,0.877,0,0,12,3.28,0.685,0.273,94.3,6
Student_1667,T5_Fall,Program_D,Transfer,2,31,2.88,0.18,0.751,2,0,18,6.2,0.995,0.184,85.3,0
Student_1668,T5_Fall,Program_B,First_Year,1,9,2.8,-0.53,0.763,1,2,15,3.38,0.81,0.257,75.7,6
Student_1669,T5_Fall,Program_B,First_Year,1,4,2.11,-0.17,0.767,0,1,18,4.91,0.935,0.107,68.1,0
Student_1670,T5_Fall,Program_C,First_Year,4,100,2.89,0.01,0.808,0,0,15,3.78,0.81,0.198,82.7,3
Student_1671,T5_Fall,Program_C,First_Year,2,48,2.93,0.08,0.784,1,2,15,4.71,0.745,0.067,83.7,3
Student_1672,T5_Fall,Program_C,Transfer,2,54,2.51,-0.48,0.726,1,0,15,2.48,0.83,0.335,67.4,6
Student_1673,T5_Fall,Program_D,First_Year,4,86,2.41,-0.09,0.973,0,1,18,4.13,0.792,0.077,75.6,4
Student_1674,T5_Fall,Program_D,First_Year,2,45,2.28,0.57,0.845,0,0,15,5.02,0.949,0.135,68.4,5
Student_1675,T5_Fall,Program_D,First_Year,3,77,2.75,-0.2,0.96,0,0,15,4.66,0.893,0.197,100.0,6
Student_1676,T5_Fall,Program_B,Transfer,1,11,3.14,0.01,0.886,0,0,9,5.17,1.0,0.061,77.2,1
Student_1677,T5_Fall,Program_A,First_Year,3,65,2.63,0.18,0.796,1,1,15,2.71,0.885,0.26,67.4,4
Student_1678,T5_Fall,Program_A,First_Year,3,71,2.46,-0.33,0.808,0,1,15,4.54,0.955,0.133,82.9,0
Student_1679,T5_Fall,Program_A,Transfer,1,16,2.49,-0.52,0.484,3,1,18,4.83,0.862,0.145,70.1,6
Student_1680,T5_Fall,Program_B,First_Year,2,35,2.52,-0.09,0.786,1,1,18,4.66,0.816,0.124,75.0,0
Student_1681,T5_Fall,Program_B,First_Year,4,103,2.81,-0.15,1.0,0,0,18,4.06,1.0,0.101,75.9,2
Student_1682,T5_Fall,Program_A,First_Year,2,41,2.32,0.11,0.843,0,0,15,4.43,0.955,0.306,49.4,3
Student_1683,T5_Fall,Program_B,Transfer,4,108,2.85,0.0,0.797,1,1,15,3.41,0.954,0.24,75.8,4
Student_1684,T5_Fall,Program_B,Transfer,1,1,2.37,0.35,0.906,0,0,15,5.52,1.0,0.0,76.8,1
Student_1685,T5_Fall,Program_B,First_Year,2,52,2.4,-0.61,0.767,1,0,15,2.62,0.962,0.102,66.2,3
Student_1686,T5_Fall,Program_D,First_Year,4,90,3.38,0.11,0.723,1,0,15,2.62,0.933,0.193,84.6,1
Student_1687,T5_Fall,Program_B,First_Year,4,81,2.89,-0.0,0.743,2,0,9,4.13,1.0,0.052,69.6,5
Student_1688,T5_Fall,Program_C,Transfer,4,96,3.19,0.02,0.873,0,0,12,4.77,0.94,0.135,84.7,0
Student_1689,T5_Fall,Program_B,Transfer,4,86,2.33,-0.22,0.939,0,0,15,4.51,1.0,0.041,83.2,0
Student_1690,T5_Fall,Program_A,Transfer,3,65,2.7,-0.52,0.907,0,1,18,4.95,0.817,0.211,74.4,2
Student_1691,T5_Fall,Program_C,First_Year,1,16,3.18,-0.32,0.886,0,1,9,5.57,0.826,0.174,77.7,0
Student_1692,T5_Fall,Program_B,First_Year,1,3,2.13,0.1,0.822,0,0,18,3.94,0.852,0.272,70.7,2
Student_1693,T5_Fall,Program_B,Transfer,2,31,2.57,0.19,0.793,0,0,15,3.3,0.975,0.191,70.1,4
Student_1694,T5_Fall,Program_A,Transfer,3,62,2.84,-0.27,0.777,0,0,15,2.17,0.824,0.37,66.0,5
Student_1695,T5_Fall,Program_C,First_Year,4,107,2.97,-0.23,0.841,0,0,9,6.0,0.755,0.178,80.1,0
Student_1696,T5_Fall,Program_C,First_Year,1,5,1.63,0.11,0.817,0,0,12,3.68,0.819,0.111,67.0,3
Student_1697,T5_Fall,Program_D,Transfer,1,25,3.1,-0.11,0.886,0,0,12,4.49,0.881,0.164,66.9,0
Student_1698,T5_Fall,Program_C,Transfer,4,95,2.9,-0.2,0.986,0,0,12,4.82,0.844,0.07,84.0,4
Student_1699,T5_Fall,Program_B,Transfer,2,50,2.38,0.37,0.66,1,1,15,3.55,0.898,0.18,61.3,3
Student_1700,T5_Fall,Program_C,First_Year,1,27,2.43,-0.43,0.766,1,0,15,2.91,0.752,0.179,60.6,6
Student_1701,T5_Fall,Program_D,Transfer,4,108,3.6,0.17,1.0,0,1,12,1.37,0.947,0.081,76.5,6
Student_1702,T5_Fall,Program_C,First_Year,3,81,2.93,-0.12,0.688,2,0,15,5.09,0.955,0.209,81.5,0
Student_1703,T5_Fall,Program_D,First_Year,2,36,2.44,-0.01,0.897,0,1,9,3.66,0.757,0.274,74.6,4
Student_1704,T5_Fall,Program_A,Transfer,1,25,2.23,-0.2,0.513,3,0,12,4.5,0.712,0.163,70.5,1
Student_1705,T5_Fall,Program_D,Transfer,3,80,2.65,0.39,0.811,1,0,18,3.86,1.0,0.133,69.1,1
Student_1706,T5_Fall,Program_A,Transfer,3,75,2.76,-0.22,0.907,0,0,15,4.68,0.867,0.25,81.6,3
Student_1707,T5_Fall,Program_D,First_Year,2,41,2.91,-0.3,0.851,0,0,15,3.94,0.738,0.151,83.6,6
Student_1708,T5_Fall,Program_A,First_Year,4,104,2.29,-0.38,0.731,0,2,15,4.46,0.834,0.2,67.1,2
Student_1709,T5_Fall,Program_C,First_Year,3,62,2.61,0.36,0.681,2,0,12,5.2,1.0,0.101,78.3,0
Student_1710,T5_Fall,Program_D,First_Year,3,76,2.8,-0.24,0.639,2,0,18,3.23,0.751,0.295,83.7,3
Student_1711,T5_Fall,Program_D,First_Year,3,74,2.99,0.38,0.989,0,0,18,2.72,0.928,0.048,83.2,9
Student_1712,T5_Fall,Program_B,First_Year,1,0,2.35,-0.19,0.809,1,0,12,3.8,0.924,0.187,64.2,5
Student_1713,T5_Fall,Program_A,First_Year,3,70,2.3,0.26,0.95,0,0,12,3.6,0.966,0.238,78.2,0
Student_1714,T5_Fall,Program_C,First_Year,1,7,3.14,-0.16,0.848,1,0,15,5.66,1.0,0.0,77.5,0
Student_1715,T5_Fall,Program_D,First_Year,4,103,2.84,0.27,0.729,2,0,15,4.26,0.997,0.05,78.3,3
Student_1716,T5_Fall,Program_A,First_Year,2,42,3.1,0.36,0.752,2,0,15,5.88,0.906,0.13,73.2,2
Student_1717,T5_Fall,Program_D,Transfer,4,100,2.44,-0.07,0.659,1,0,12,5.28,1.0,0.123,83.4,2
Student_1718,T5_Fall,Program_C,First_Year,2,43,2.84,0.44,0.876,1,0,15,4.22,0.942,0.061,82.3,4
Student_1719,T5_Fall,Program_C,First_Year,2,35,3.24,0.86,0.579,3,1,15,4.6,0.971,0.0,91.8,4
Student_1720,T5_Fall,Program_B,First_Year,3,65,2.1,-0.8,0.693,0,0,12,1.14,0.701,0.4,55.1,1
Student_1721,T5_Fall,Program_A,Transfer,3,78,2.47,0.59,0.63,0,0,15,6.48,0.918,0.2,73.1,0
Student_1722,T5_Fall,Program_D,First_Year,1,18,2.59,0.05,0.869,0,1,12,5.06,1.0,0.029,77.3,0
Student_1723,T5_Fall,Program_B,Transfer,1,4,2.41,-0.47,0.837,0,0,9,2.93,0.907,0.306,78.6,4
Student_1724,T5_Fall,Program_C,First_Year,4,83,3.34,0.01,1.0,0,0,15,4.41,0.945,0.282,89.8,0
Student_1725,T5_Fall,Program_A,First_Year,2,44,3.02,-0.46,0.878,0,0,15,3.31,0.817,0.113,73.1,2
Student_1726,T5_Fall,Program_B,Transfer,4,90,2.35,0.3,0.872,0,0,15,4.38,0.746,0.195,81.7,0
Student_1727,T5_Fall,Program_A,Transfer,4,101,2.32,0.02,0.74,0,0,18,3.3,0.651,0.263,65.6,5
Student_1728,T5_Fall,Program_A,First_Year,4,84,3.16,0.26,0.918,0,0,15,4.5,1.0,0.154,70.7,4
Student_1729,T5_Fall,Program_B,Transfer,4,89,2.1,0.25,0.815,1,0,15,4.46,0.734,0.185,86.5,4
Student_1730,T5_Fall,Program_D,First_Year,1,1,2.36,-0.23,0.838,0,0,18,3.62,0.628,0.273,81.6,1
Student_1731,T5_Fall,Program_C,Transfer,2,46,3.01,0.13,0.879,0,0,15,6.18,0.997,0.072,74.2,1
Student_1732,T5_Fall,Program_B,First_Year,3,79,2.37,-0.54,0.762,0,1,18,4.14,0.753,0.235,71.1,3
Student_1733,T5_Fall,Program_B,First_Year,2,31,2.06,-0.53,0.723,0,0,12,1.64,0.483,0.402,61.2,4
Student_1734,T5_Fall,Program_C,First_Year,3,74,2.82,0.35,0.819,0,0,12,3.01,0.947,0.207,81.4,3
Student_1735,T5_Fall,Program_A,Transfer,1,7,2.66,-0.13,0.797,0,2,15,3.94,0.991,0.276,80.7,3
Student_1736,T5_Fall,Program_B,First_Year,2,36,2.53,-0.09,0.831,0,0,12,3.13,0.729,0.128,62.7,5
Student_1737,T5_Fall,Program_B,Transfer,3,57,2.64,-0.13,0.691,1,0,15,2.96,0.703,0.384,78.8,4
Student_1738,T5_Fall,Program_D,First_Year,2,36,2.96,0.23,0.795,0,0,15,4.0,0.837,0.299,84.4,4
Student_1739,T5_Fall,Program_A,Transfer,3,63,1.81,-0.59,0.773,1,0,12,0.67,0.631,0.469,76.3,7
Student_1740,T5_Fall,Program_A,First_Year,3,79,2.83,-0.77,0.771,1,0,15,3.6,0.885,0.208,86.3,3
Student_1741,T5_Fall,Program_C,Transfer,3,75,3.19,-0.62,0.777,1,0,15,2.54,0.7,0.305,66.8,4
Student_1742,T5_Fall,Program_C,First_Year,3,69,3.06,-0.13,0.795,0,1,12,4.8,0.818,0.288,74.0,3
Student_1743,T5_Fall,Program_C,First_Year,3,70,2.19,-0.07,0.913,0,0,15,3.7,0.854,0.106,81.0,1
Student_1744,T5_Fall,Program_D,First_Year,1,26,2.46,0.28,0.855,1,0,12,4.26,1.0,0.043,73.9,4
Student_1745,T5_Fall,Program_B,First_Year,1,9,3.25,0.46,0.966,0,0,18,5.85,1.0,0.0,88.1,0
Student_1746,T5_Fall,Program_C,Transfer,1,5,1.96,0.29,0.764,0,0,12,3.8,0.747,0.162,71.2,1
Student_1747,T5_Fall,Program_C,First_Year,3,81,2.68,0.42,0.539,3,0,18,4.0,0.911,0.099,77.7,0
Student_1748,T5_Fall,Program_D,First_Year,2,44,2.13,0.3,0.767,1,0,15,4.2,1.0,0.071,86.7,2
Student_1749,T5_Fall,Program_B,Transfer,3,65,3.48,0.36,1.0,0,1,15,4.62,0.956,0.133,78.7,5
Student_1750,T5_Fall,Program_C,First_Year,3,69,2.22,0.31,0.518,3,0,12,3.88,0.988,0.102,63.0,4
Student_1751,T5_Fall,Program_A,First_Year,3,69,2.19,0.18,0.73,0,0,18,3.6,0.852,0.18,70.4,0
Student_1752,T5_Fall,Program_D,First_Year,3,75,2.7,0.37,0.731,1,1,12,3.29,0.862,0.251,62.6,0
Student_1753,T5_Fall,Program_D,First_Year,4,106,2.82,0.5,0.627,2,0,12,4.32,0.894,0.156,72.8,0
Student_1754,T5_Fall,Program_A,First_Year,2,31,2.85,0.46,0.929,0,0,15,3.46,0.913,0.1,59.4,4
Student_1755,T5_Fall,Program_B,First_Year,4,92,2.96,0.12,0.846,0,0,12,2.61,0.807,0.176,69.4,5
Student_1756,T5_Fall,Program_A,First_Year,2,32,2.71,-0.47,0.584,3,0,12,3.23,0.847,0.218,77.2,3
Student_1757,T5_Fall,Program_D,First_Year,2,42,2.99,-0.34,0.683,2,1,15,1.85,0.553,0.32,67.8,4
Student_1758,T5_Fall,Program_A,First_Year,3,56,2.07,0.1,0.713,1,0,9,4.05,1.0,0.117,67.7,0
Student_1759,T5_Fall,Program_C,First_Year,4,106,2.77,-0.17,0.914,0,1,15,3.54,0.829,0.227,65.0,3
Student_1760,T5_Fall,Program_B,First_Year,4,105,2.94,0.23,0.867,1,1,15,3.9,0.919,0.158,74.6,1
Student_1761,T5_Fall,Program_C,First_Year,2,33,0.88,-0.31,0.584,1,0,12,2.3,0.814,0.328,53.3,1
Student_1762,T5_Fall,Program_D,First_Year,3,65,1.89,0.46,0.717,0,0,15,3.28,1.0,0.297,72.4,5
Student_1763,T5_Fall,Program_B,Transfer,4,101,2.95,0.05,0.959,0,0,15,1.92,0.782,0.321,69.2,3
Student_1764,T5_Fall,Program_D,First_Year,1,16,3.33,0.18,0.989,0,0,15,5.35,1.0,0.134,100.0,0
Student_1765,T5_Fall,Program_A,Transfer,2,28,2.61,-0.25,0.781,0,1,15,4.36,0.748,0.332,87.4,2
Student_1766,T5_Fall,Program_C,First_Year,4,82,2.18,-0.34,0.916,0,0,12,3.71,0.91,0.268,81.8,1
Student_1767,T5_Fall,Program_C,First_Year,3,67,2.68,0.57,0.82,0,0,12,7.0,1.0,0.0,87.7,0
Student_1768,T5_Fall,Program_B,Transfer,2,33,3.48,0.06,0.727,2,0,15,4.43,0.938,0.106,58.0,3
Student_1769,T5_Fall,Program_C,First_Year,1,8,2.88,0.36,1.0,0,0,18,4.52,1.0,0.0,86.5,0
Student_1770,T5_Fall,Program_B,First_Year,4,94,2.06,-0.07,0.847,0,0,15,5.9,0.873,0.187,83.0,4
Student_1771,T5_Fall,Program_D,First_Year,1,2,3.56,-0.15,0.98,0,2,12,4.37,1.0,0.121,71.5,3
Student_1772,T5_Fall,Program_A,First_Year,3,62,2.3,-0.3,0.832,0,0,12,3.35,0.883,0.259,74.5,0
Student_1773,T5_Fall,Program_C,Transfer,1,3,2.77,-0.12,0.723,1,0,15,1.19,0.768,0.394,78.5,2
Student_1774,T5_Fall,Program_D,First_Year,4,99,2.36,0.24,0.79,0,0,9,1.99,0.915,0.202,77.9,5
Student_1775,T5_Fall,Program_C,First_Year,3,69,3.7,-0.15,0.995,0,0,9,2.12,0.9,0.051,93.3,1
Student_1776,T5_Fall,Program_C,First_Year,4,93,2.62,0.2,0.942,0,0,15,3.28,0.9,0.202,79.2,2
Student_1777,T5_Fall,Program_B,First_Year,4,87,2.01,-0.22,0.69,1,0,15,3.08,0.807,0.223,76.4,2
Student_1778,T5_Fall,Program_A,First_Year,2,29,2.59,0.03,0.754,0,0,15,2.98,0.733,0.157,73.0,1
Student_1779,T5_Fall,Program_A,First_Year,4,89,3.37,-0.48,0.953,0,0,18,4.2,0.824,0.334,93.2,1
Student_1780,T5_Fall,Program_D,First_Year,3,81,2.68,0.01,0.798,0,0,15,3.72,0.979,0.165,75.3,3
Student_1781,T5_Fall,Program_A,First_Year,2,40,2.05,-0.33,0.913,0,1,12,3.22,0.698,0.211,64.9,4
Student_1782,T5_Fall,Program_D,First_Year,2,50,2.33,0.37,0.803,0,0,9,3.53,0.998,0.101,58.7,2
Student_1783,T5_Fall,Program_B,First_Year,2,33,2.06,0.14,0.555,2,1,12,4.89,0.767,0.241,72.8,7
Student_1784,T5_Fall,Program_B,First_Year,2,49,2.94,-1.06,0.952,0,1,12,3.15,0.85,0.332,70.0,3
Student_1785,T5_Fall,Program_C,First_Year,3,56,3.41,0.05,0.984,0,1,15,3.07,0.746,0.147,73.3,0
Student_1786,T5_Fall,Program_D,First_Year,4,81,3.85,-0.38,0.966,0,1,15,3.68,0.943,0.15,83.1,0
Student_1787,T5_Fall,Program_A,First_Year,3,75,2.67,-0.39,0.743,1,0,15,5.54,0.909,0.037,60.7,0
Student_1788,T5_Fall,Program_D,First_Year,1,4,2.95,0.15,0.918,0,0,15,3.8,0.728,0.233,88.7,6
Student_1789,T5_Fall,Program_A,Transfer,3,61,2.77,0.33,1.0,0,2,18,5.22,1.0,0.0,88.6,0
Student_1790,T5_Fall,Program_C,Transfer,2,47,2.3,-0.31,0.839,0,1,18,4.19,0.913,0.302,91.6,0
Student_1791,T5_Fall,Program_C,Transfer,2,50,2.36,0.12,0.875,0,0,12,2.26,0.861,0.27,64.9,1
Student_1792,T5_Fall,Program_C,Transfer,1,13,2.86,0.3,0.866,0,1,15,2.72,0.969,0.2,72.1,3
Student_1793,T5_Fall,Program_B,First_Year,4,102,3.59,-0.18,0.886,0,0,15,4.44,0.899,0.255,83.4,0
Student_1794,T5_Fall,Program_D,Transfer,2,48,2.89,0.45,0.76,1,0,15,3.87,0.921,0.133,86.3,0
Student_1795,T5_Fall,Program_B,First_Year,3,73,3.63,-0.05,1.0,0,0,15,5.09,0.943,0.111,100.0,2
Student_1796,T5_Fall,Program_C,First_Year,4,86,2.56,0.02,0.808,1,0,12,4.49,0.855,0.087,83.9,5
Student_1797,T5_Fall,Program_D,First_Year,1,14,2.85,-0.09,0.78,1,1,18,4.58,0.893,0.143,80.4,5
Student_1798,T5_Fall,Program_A,Transfer,2,46,3.8,0.03,0.988,0,0,9,4.28,1.0,0.101,85.3,4
Student_1799,T5_Fall,Program_A,Transfer,2,47,2.51,-0.24,0.523,3,0,12,5.36,0.771,0.219,67.4,4
Student_1800,T5_Fall,Program_B,Transfer,2,54,3.33,-0.08,1.0,0,0,12,3.68,0.811,0.127,67.4,2
Student_1801,T5_Fall,Program_A,First_Year,4,89,3.41,-0.04,0.984,0,0,9,4.92,0.88,0.056,96.6,0
Student_1802,T5_Fall,Program_D,First_Year,3,57,2.63,-0.1,0.806,1,0,15,5.5,0.832,0.102,76.1,0
Student_1803,T5_Fall,Program_A,First_Year,1,23,2.58,0.19,0.633,2,1,12,4.58,0.95,0.101,78.9,7
Student_1804,T5_Fall,Program_D,First_Year,4,88,2.52,0.02,0.744,1,1,18,3.61,0.792,0.302,84.8,0
Student_1805,T5_Fall,Program_B,First_Year,3,71,2.35,0.19,0.78,1,1,15,3.31,0.875,0.227,72.0,0
Student_1806,T5_Fall,Program_B,Transfer,4,92,2.62,-0.58,0.655,1,1,15,2.35,0.669,0.412,78.0,5
Student_1807,T5_Fall,Program_C,First_Year,4,100,3.02,1.0,0.944,0,0,15,3.91,0.996,0.071,95.8,0
Student_1808,T5_Fall,Program_D,First_Year,1,6,3.23,0.01,0.916,0,1,12,7.0,0.957,0.113,95.5,0
Student_1809,T5_Fall,Program_A,First_Year,2,40,2.81,0.04,0.794,1,0,12,4.59,1.0,0.087,92.7,4
Student_1810,T5_Fall,Program_D,Transfer,1,13,2.9,-0.09,0.837,0,0,12,3.5,0.791,0.224,78.7,2
Student_1811,T5_Fall,Program_B,First_Year,3,70,2.31,0.27,0.733,1,1,15,3.48,0.917,0.303,66.6,0
Student_1812,T5_Fall,Program_C,First_Year,2,45,3.35,-0.23,1.0,0,0,12,4.68,0.886,0.121,79.4,1
Student_1813,T5_Fall,Program_A,First_Year,3,76,3.04,0.04,0.77,2,2,9,2.93,0.978,0.167,74.6,0
Student_1814,T5_Fall,Program_A,Transfer,2,49,3.34,0.02,0.91,0,0,15,5.77,0.86,0.149,98.5,3
Student_1815,T5_Fall,Program_C,First_Year,1,21,2.68,-0.4,0.863,0,0,12,1.63,0.727,0.206,68.2,6
Student_1816,T5_Fall,Program_D,Transfer,1,13,2.3,-0.52,0.725,0,0,15,3.51,0.913,0.303,64.3,2
Student_1817,T5_Fall,Program_C,First_Year,1,8,2.92,1.0,0.864,0,0,15,3.44,0.772,0.088,86.8,4
Student_1818,T5_Fall,Program_D,First_Year,4,95,3.26,0.81,0.948,0,1,12,4.28,1.0,0.095,90.4,1
Student_1819,T5_Fall,Program_A,Transfer,3,57,2.65,0.09,0.622,3,0,12,2.96,1.0,0.147,73.2,5
Student_1820,T5_Fall,Program_A,First_Year,1,27,2.46,0.19,0.841,0,0,9,3.34,1.0,0.057,78.2,1
Student_1821,T5_Fall,Program_D,First_Year,2,39,3.73,0.18,0.946,0,0,9,4.87,0.854,0.276,86.1,1
Student_1822,T5_Fall,Program_A,Transfer,1,17,2.94,0.36,0.742,2,0,12,5.85,0.987,0.0,74.7,0
Student_1823,T5_Fall,Program_B,First_Year,4,81,3.35,0.28,0.776,1,0,15,1.7,0.922,0.115,76.6,0
Student_1824,T5_Fall,Program_C,First_Year,2,34,3.2,0.46,0.963,0,1,15,3.02,0.981,0.136,86.2,0
Student_1825,T5_Fall,Program_C,First_Year,4,94,2.61,0.02,0.72,1,0,18,3.19,0.872,0.35,74.2,3
Student_1826,T5_Fall,Program_D,First_Year,4,82,2.55,0.32,1.0,0,1,18,3.41,0.738,0.2,93.7,2
Student_1827,T5_Fall,Program_D,First_Year,2,42,3.19,0.09,0.969,0,0,18,5.08,0.993,0.0,78.1,5
Student_1828,T5_Fall,Program_A,First_Year,3,67,3.09,0.56,0.84,0,0,15,4.74,0.908,0.117,80.2,4
Student_1829,T5_Fall,Program_C,First_Year,2,47,2.47,0.21,0.759,1,2,9,3.18,0.81,0.255,69.7,1
Student_1830,T5_Fall,Program_A,First_Year,2,32,3.33,-0.09,0.843,1,0,12,2.99,0.944,0.185,72.0,0
Student_1831,T5_Fall,Program_D,Transfer,1,10,2.57,0.3,0.768,0,0,15,4.88,0.873,0.142,73.8,0
Student_1832,T5_Fall,Program_A,Transfer,1,8,3.02,-0.02,0.879,0,1,15,1.71,0.765,0.338,80.8,3
Student_1833,T5_Fall,Program_B,First_Year,1,27,3.59,0.07,0.983,0,0,18,3.81,0.951,0.174,91.4,0
Student_1834,T5_Fall,Program_C,Transfer,1,18,1.76,-0.17,0.523,2,0,15,4.51,0.745,0.186,66.4,1
Student_1835,T5_Fall,Program_D,First_Year,2,38,3.24,0.02,0.747,1,0,15,2.07,0.791,0.244,69.2,4
Student_1836,T5_Fall,Program_A,Transfer,3,59,3.01,-0.24,0.933,0,0,18,4.08,0.96,0.14,74.3,1
Student_1837,T5_Fall,Program_B,Transfer,3,80,1.95,0.12,0.739,0,0,15,2.24,0.836,0.259,75.4,3
Student_1838,T5_Fall,Program_A,Transfer,2,46,2.9,-0.17,0.807,0,0,15,2.81,0.842,0.296,99.9,1
Student_1839,T5_Fall,Program_C,First_Year,2,33,3.33,-0.1,0.989,0,0,15,5.12,0.889,0.267,98.8,0
Student_1840,T5_Fall,Program_D,First_Year,3,70,3.06,-0.16,0.74,2,0,15,4.33,0.898,0.123,100.0,5
Student_1841,T5_Fall,Program_A,Transfer,3,65,2.89,0.2,0.83,1,0,15,3.29,0.836,0.183,83.2,0
Student_1842,T5_Fall,Program_D,First_Year,2,35,3.18,0.23,0.852,1,0,15,3.56,0.92,0.092,86.4,5
Student_1843,T5_Fall,Program_A,First_Year,2,29,3.35,0.56,0.841,1,2,15,5.04,0.949,0.046,99.2,0
Student_1844,T5_Fall,Program_B,First_Year,2,36,1.83,0.26,0.679,0,0,12,3.71,0.758,0.245,71.6,3
Student_1845,T5_Fall,Program_C,Transfer,1,4,2.45,-0.42,0.869,0,0,15,3.76,0.851,0.118,72.0,2
Student_1846,T5_Fall,Program_B,First_Year,1,21,3.61,-0.03,1.0,0,0,15,3.01,0.863,0.144,76.7,3
Student_1847,T5_Fall,Program_C,First_Year,3,62,3.44,0.06,0.761,0,0,15,3.13,0.741,0.269,79.0,6
Student_1848,T5_Fall,Program_A,First_Year,3,74,2.9,-0.37,0.906,0,0,12,3.86,0.935,0.166,93.0,0
Student_1849,T5_Fall,Program_A,First_Year,2,46,2.92,-0.21,0.843,0,0,9,2.65,0.781,0.344,76.5,2
Student_1850,T5_Fall,Program_B,First_Year,3,78,1.97,0.09,0.574,2,3,15,1.75,0.673,0.404,57.1,3
Student_1851,T5_Fall,Program_B,Transfer,4,88,3.17,0.1,0.823,1,0,12,5.0,1.0,0.082,64.7,0
Student_1852,T5_Fall,Program_D,Transfer,1,27,2.96,0.47,0.909,0,1,18,4.47,0.921,0.089,86.9,0
Student_1853,T5_Fall,Program_A,Transfer,3,63,3.47,-0.19,1.0,0,0,15,4.13,0.885,0.239,82.1,2
Student_1854,T5_Fall,Program_D,First_Year,4,103,2.72,-0.13,0.844,0,0,12,3.25,0.588,0.337,85.0,6
Student_1855,T5_Fall,Program_B,First_Year,4,99,2.4,-0.32,0.791,0,1,15,1.84,0.681,0.273,57.5,3
Student_1856,T5_Fall,Program_B,First_Year,1,16,2.54,0.26,0.965,0,0,18,6.09,0.928,0.0,85.0,0
Student_1857,T5_Fall,Program_D,First_Year,1,16,2.6,-0.21,0.7,1,1,12,4.4,0.929,0.125,78.9,0
Student_1858,T5_Fall,Program_D,First_Year,2,41,2.73,-0.14,0.868,0,1,18,4.7,0.903,0.218,75.7,3
Student_1859,T5_Fall,Program_A,First_Year,1,6,2.51,-0.17,0.737,0,1,12,3.58,0.842,0.207,92.1,8
Student_1860,T5_Fall,Program_A,Transfer,2,32,3.66,0.16,1.0,0,0,15,2.56,0.891,0.186,94.8,0
Student_1861,T5_Fall,Program_D,Transfer,3,69,2.71,0.47,0.91,0,0,12,3.82,0.98,0.174,65.7,3
Student_1862,T5_Fall,Program_A,First_Year,3,71,2.9,-0.1,0.92,0,0,12,1.01,0.779,0.316,69.9,3
Student_1863,T5_Fall,Program_C,Transfer,4,98,2.89,-0.14,0.885,0,0,18,3.65,0.917,0.317,82.3,3
Student_1864,T5_Fall,Program_B,First_Year,1,9,2.65,0.53,0.867,0,0,15,4.74,0.909,0.12,77.6,0
Student_1865,T5_Fall,Program_C,First_Year,3,77,3.3,0.27,0.96,0,0,9,4.22,0.946,0.162,77.6,6
Student_1866,T5_Fall,Program_B,Transfer,2,31,3.51,0.07,1.0,0,1,9,5.02,1.0,0.086,98.9,2
Student_1867,T5_Fall,Program_A,Transfer,2,45,2.6,-0.05,0.806,0,0,15,3.66,0.891,0.269,69.4,2
Student_1868,T5_Fall,Program_D,First_Year,3,68,3.43,1.0,0.996,0,1,15,4.13,0.979,0.099,83.3,0
Student_1869,T5_Fall,Program_C,First_Year,1,1,2.46,0.21,0.678,1,0,18,3.71,0.753,0.303,65.1,2
Student_1870,T5_Fall,Program_D,Transfer,2,41,2.72,-0.01,0.742,1,0,15,5.22,0.902,0.13,65.9,1
Student_1871,T5_Fall,Program_C,First_Year,4,88,2.67,0.15,0.772,0,2,15,3.98,0.828,0.201,75.3,1
Student_1872,T5_Fall,Program_A,Transfer,4,95,2.41,-0.33,0.748,0,0,18,2.78,0.74,0.259,51.0,3
Student_1873,T5_Fall,Program_C,Transfer,2,53,2.72,0.23,0.937,0,0,15,4.8,0.893,0.094,76.4,0
Student_1874,T5_Fall,Program_A,First_Year,1,17,3.01,0.1,0.874,0,0,15,3.69,0.929,0.213,78.3,0
Student_1875,T5_Fall,Program_C,Transfer,4,83,3.51,0.03,0.759,1,0,15,3.59,1.0,0.162,89.8,4
Student_1876,T5_Fall,Program_C,First_Year,1,10,2.99,0.09,0.774,1,0,15,3.55,0.983,0.127,71.7,4
Student_1877,T5_Fall,Program_B,First_Year,3,80,3.51,0.18,0.923,1,2,18,2.44,0.865,0.13,95.0,1
Student_1878,T5_Fall,Program_D,First_Year,2,32,2.4,-0.47,0.854,0,0,15,3.44,0.85,0.054,62.8,6
Student_1879,T5_Fall,Program_D,Transfer,1,7,2.81,-0.05,0.897,0,0,9,4.69,0.884,0.074,78.9,1
Student_1880,T5_Fall,Program_A,First_Year,4,99,2.75,-0.18,0.74,1,0,12,2.09,0.777,0.252,78.3,4
Student_1881,T5_Fall,Program_A,First_Year,4,99,2.65,-0.02,0.897,0,0,15,2.28,0.76,0.235,68.5,6
Student_1882,T5_Fall,Program_A,First_Year,2,54,2.68,-0.17,0.755,1,0,15,5.77,0.881,0.112,66.4,1
Student_1883,T5_Fall,Program_A,Transfer,3,54,1.82,0.42,0.613,2,0,12,4.01,0.824,0.236,70.1,5
Student_1884,T5_Fall,Program_A,First_Year,2,41,2.86,-0.24,0.934,0,0,12,6.37,1.0,0.015,89.2,0
Student_1885,T5_Fall,Program_A,Transfer,2,36,3.13,-0.09,0.954,0,0,12,4.15,0.956,0.147,73.8,9
Student_1886,T5_Fall,Program_D,First_Year,1,13,2.54,0.16,0.762,0,2,15,5.34,0.81,0.242,82.8,0
Student_1887,T5_Fall,Program_D,Transfer,2,33,3.38,-0.76,0.941,0,1,12,2.56,0.921,0.313,93.7,6
Student_1888,T5_Fall,Program_D,First_Year,2,28,3.27,-0.01,0.825,1,0,15,3.52,0.786,0.232,77.8,3
Student_1889,T5_Fall,Program_B,Transfer,3,74,2.55,0.36,0.843,0,1,9,5.37,1.0,0.189,75.6,4
Student_1890,T5_Fall,Program_C,First_Year,1,10,2.3,-0.17,0.908,0,0,18,3.27,0.89,0.264,62.6,1
Student_1891,T5_Fall,Program_A,First_Year,2,47,2.64,0.34,0.696,0,2,18,3.62,0.855,0.142,79.3,0
Student_1892,T5_Fall,Program_A,Transfer,1,10,2.95,-0.23,0.895,0,0,12,4.05,0.669,0.237,76.0,1
Student_1893,T5_Fall,Program_A,First_Year,3,60,1.94,-0.47,0.843,1,0,15,4.23,0.819,0.189,74.6,0
Student_1894,T5_Fall,Program_A,First_Year,2,54,2.09,0.23,1.0,0,0,9,4.32,1.0,0.127,77.8,5
Student_1895,T5_Fall,Program_B,Transfer,2,53,2.52,-0.21,0.798,1,1,15,2.98,0.928,0.043,74.9,2
Student_1896,T5_Fall,Program_D,First_Year,1,14,2.52,-0.1,0.716,1,0,15,3.52,0.826,0.199,58.0,4
Student_1897,T5_Fall,Program_D,Transfer,1,8,2.38,-0.11,0.767,0,1,15,4.22,0.85,0.32,72.6,1
Student_1898,T5_Fall,Program_A,Transfer,4,102,3.71,0.02,0.963,1,1,12,4.25,0.863,0.157,83.0,3
Student_1899,T5_Fall,Program_D,First_Year,3,60,1.96,0.84,0.776,1,1,18,5.51,1.0,0.016,100.0,0
Student_1900,T5_Fall,Program_C,First_Year,3,54,2.1,-0.41,0.588,3,0,15,4.33,0.955,0.183,71.7,0
Student_1901,T5_Fall,Program_B,First_Year,1,18,2.8,-0.6,0.831,1,0,15,3.19,0.979,0.247,78.1,1
Student_1902,T5_Fall,Program_B,Transfer,2,50,2.11,0.38,0.734,1,0,18,5.05,0.99,0.053,72.5,0
Student_1903,T5_Fall,Program_C,First_Year,1,14,3.47,-0.1,0.847,1,0,15,3.33,0.963,0.18,87.6,1
Student_1904,T5_Fall,Program_A,Transfer,4,106,3.44,0.32,0.669,1,2,15,5.76,0.992,0.056,88.7,0
Student_1905,T5_Fall,Program_D,First_Year,2,36,2.53,-0.24,0.879,0,0,12,4.51,0.755,0.299,83.0,0
Student_1906,T5_Fall,Program_C,Transfer,2,50,1.99,-0.46,0.8,0,0,12,4.15,0.731,0.266,64.6,7
Student_1907,T5_Fall,Program_D,First_Year,1,8,2.15,0.74,0.647,1,0,15,3.56,0.934,0.128,72.0,3
Student_1908,T5_Fall,Program_A,Transfer,4,102,2.85,0.31,0.861,0,0,15,3.92,0.845,0.137,66.2,2
Student_1909,T5_Fall,Program_C,First_Year,3,75,2.48,-0.12,0.663,1,0,15,3.04,0.839,0.366,72.3,7
Student_1910,T5_Fall,Program_A,First_Year,3,64,3.5,-0.19,0.922,0,1,15,4.82,0.883,0.158,95.9,3
Student_1911,T5_Fall,Program_B,Transfer,2,35,3.08,0.14,0.845,0,0,9,3.36,0.897,0.326,92.7,3
Student_1912,T5_Fall,Program_B,First_Year,1,19,2.33,-0.1,0.794,0,1,12,3.82,0.677,0.464,65.6,2
Student_1913,T5_Fall,Program_A,First_Year,3,78,2.0,0.43,0.737,1,0,15,1.56,0.824,0.221,85.5,2
Student_1914,T5_Fall,Program_C,First_Year,1,13,2.97,-0.61,0.698,1,0,12,3.58,0.782,0.285,78.0,1
Student_1915,T5_Fall,Program_C,Transfer,2,33,2.72,0.05,0.797,0,0,15,2.23,0.774,0.207,66.2,3
Student_1916,T5_Fall,Program_C,Transfer,2,51,2.77,-0.34,0.905,0,0,12,3.53,0.864,0.161,59.4,1
Student_1917,T5_Fall,Program_A,First_Year,3,79,2.21,-0.2,0.785,1,0,15,3.76,0.856,0.099,75.9,4
Student_1918,T5_Fall,Program_A,First_Year,2,54,2.91,-0.05,0.915,0,0,15,3.93,0.982,0.136,83.9,6
Student_1919,T5_Fall,Program_A,First_Year,3,65,2.21,0.27,0.823,0,0,9,3.79,0.875,0.142,67.3,3
Student_1920,T5_Fall,Program_A,First_Year,3,56,3.2,-0.14,1.0,0,0,15,1.87,0.735,0.436,88.3,3
Student_1921,T5_Fall,Program_C,First_Year,2,38,2.5,-0.28,0.982,0,0,18,2.89,0.863,0.336,71.1,2
Student_1922,T5_Fall,Program_D,Transfer,3,58,2.64,-0.11,0.928,0,0,15,3.06,0.828,0.081,46.2,0
Student_1923,T5_Fall,Program_D,Transfer,1,23,2.18,0.23,0.818,1,0,15,3.71,0.927,0.129,69.8,0
Student_1924,T5_Fall,Program_A,First_Year,2,37,3.1,1.0,0.894,0,0,12,3.94,0.943,0.176,94.7,0
Student_1925,T5_Fall,Program_A,Transfer,4,81,2.49,-0.08,0.854,0,0,9,2.73,0.831,0.35,68.2,3
Student_1926,T5_Fall,Program_A,First_Year,3,57,2.95,-0.03,0.713,1,2,15,3.74,0.881,0.231,60.2,0
Student_1927,T5_Fall,Program_D,First_Year,2,37,3.26,-0.02,0.825,0,0,15,3.37,0.674,0.234,75.3,4
Student_1928,T5_Fall,Program_D,First_Year,1,27,2.4,0.25,0.959,0,0,15,3.49,0.943,0.125,81.0,2
Student_1929,T5_Fall,Program_C,First_Year,1,6,2.67,0.14,0.873,0,0,15,4.25,0.804,0.264,77.0,1
Student_1930,T5_Fall,Program_B,First_Year,4,105,2.57,0.37,0.904,0,0,12,5.57,1.0,0.046,79.9,0
Student_1931,T5_Fall,Program_A,First_Year,4,82,2.25,-0.16,0.887,0,0,15,4.77,0.82,0.305,90.1,1
Student_1932,T5_Fall,Program_D,Transfer,3,66,2.66,-0.07,0.916,0,0,15,3.63,0.796,0.172,82.3,0
Student_1933,T5_Fall,Program_B,First_Year,4,107,3.3,-0.26,0.859,0,0,15,4.53,0.789,0.165,79.0,2
Student_1934,T5_Fall,Program_A,First_Year,3,80,2.72,0.29,0.864,0,1,15,4.12,0.912,0.156,78.2,5
Student_1935,T5_Fall,Program_B,First_Year,3,66,2.28,-0.06,0.684,1,0,12,4.17,0.83,0.133,58.8,0
Student_1936,T5_Fall,Program_C,First_Year,1,7,3.29,0.43,0.833,1,0,15,1.91,1.0,0.21,87.6,2
Student_1937,T5_Fall,Program_D,Transfer,4,94,2.49,0.15,0.655,1,1,15,4.63,0.758,0.252,67.5,1
Student_1938,T5_Fall,Program_D,Transfer,2,50,3.38,0.1,0.836,0,1,18,3.55,0.89,0.182,84.3,0
Student_1939,T5_Fall,Program_D,First_Year,1,24,2.87,-0.17,0.931,0,2,12,4.91,0.722,0.223,100.0,0
Student_1940,T5_Fall,Program_D,First_Year,2,33,3.27,0.67,1.0,0,0,18,4.72,0.998,0.128,85.6,2
Student_1941,T5_Fall,Program_B,Transfer,1,7,2.21,0.1,0.759,0,2,12,3.4,0.894,0.38,65.4,3
Student_1942,T5_Fall,Program_A,Transfer,4,90,2.55,-0.11,0.753,1,1,12,4.93,0.76,0.303,69.3,0
Student_1943,T5_Fall,Program_A,First_Year,2,29,2.6,-0.4,0.916,0,0,15,3.5,0.809,0.138,82.3,4
Student_1944,T5_Fall,Program_A,Transfer,2,34,2.0,-0.36,0.75,1,1,12,4.53,1.0,0.114,52.9,0
Student_1945,T5_Fall,Program_D,Transfer,2,36,3.5,0.04,0.946,0,2,15,3.45,0.889,0.118,77.0,2
Student_1946,T5_Fall,Program_C,First_Year,1,15,3.01,-0.26,0.927,0,0,12,4.61,0.892,0.086,82.0,0
Student_1947,T5_Fall,Program_B,First_Year,2,37,2.31,0.01,0.929,0,0,15,2.23,0.85,0.143,88.7,8
Student_1948,T5_Fall,Program_C,First_Year,4,106,2.26,-0.39,0.716,1,0,15,3.44,0.803,0.282,61.3,4
Student_1949,T5_Fall,Program_C,Transfer,4,96,2.73,0.03,0.926,0,0,12,2.52,0.778,0.231,82.5,1
Student_1950,T5_Fall,Program_B,First_Year,2,47,2.38,-0.33,0.78,0,0,15,2.79,0.744,0.262,75.4,4
Student_1951,T5_Fall,Program_A,First_Year,2,36,2.17,-0.07,0.704,0,1,15,4.08,0.687,0.353,70.5,2
Student_1952,T5_Fall,Program_D,First_Year,4,102,2.65,0.1,0.903,0,0,12,3.89,0.909,0.308,89.9,3
Student_1953,T5_Fall,Program_B,First_Year,4,96,3.22,0.26,0.696,1,0,9,4.79,0.772,0.309,65.2,1
Student_1954,T5_Fall,Program_C,Transfer,4,107,2.59,-0.1,0.818,0,1,15,3.63,0.754,0.191,73.5,1
Student_1955,T5_Fall,Program_C,Transfer,3,75,2.97,-0.19,0.909,0,1,9,4.0,0.788,0.124,85.3,6
Student_1956,T5_Fall,Program_C,First_Year,1,22,2.38,-0.15,0.872,0,0,18,4.58,1.0,0.051,67.3,2
Student_1957,T5_Fall,Program_D,First_Year,3,68,3.22,0.05,0.763,2,0,12,5.09,1.0,0.147,90.7,0
Student_1958,T5_Fall,Program_D,Transfer,4,104,2.61,0.44,0.867,0,1,12,2.8,0.844,0.175,87.8,2
Student_1959,T5_Fall,Program_D,First_Year,3,55,2.01,-0.11,0.695,1,0,15,3.95,0.839,0.15,46.1,0
Student_1960,T5_Fall,Program_D,First_Year,4,87,3.86,0.19,0.95,0,1,12,4.38,0.927,0.116,83.1,0
Student_1961,T5_Fall,Program_A,Transfer,3,61,3.19,0.59,0.837,1,1,15,4.57,1.0,0.165,100.0,0
Student_1962,T5_Fall,Program_B,First_Year,3,75,2.36,-0.56,0.682,2,0,12,5.53,0.969,0.046,80.3,0
Student_1963,T5_Fall,Program_C,First_Year,3,55,2.81,-0.31,0.846,1,0,15,5.75,0.746,0.077,88.6,2
Student_1964,T5_Fall,Program_C,Transfer,3,81,2.73,0.4,0.858,0,0,15,4.65,0.772,0.103,80.6,1
Student_1965,T5_Fall,Program_A,Transfer,1,7,2.68,0.01,0.653,2,1,18,3.95,1.0,0.123,70.6,3
Student_1966,T5_Fall,Program_C,First_Year,2,37,2.63,-0.35,0.821,0,0,18,2.49,0.825,0.386,80.5,2
Student_1967,T5_Fall,Program_B,First_Year,4,95,2.06,-0.57,0.719,1,0,15,3.75,0.581,0.468,65.5,0
Student_1968,T5_Fall,Program_C,Transfer,1,17,2.91,0.46,0.951,0,0,12,3.9,1.0,0.117,86.4,1
Student_1969,T5_Fall,Program_A,First_Year,3,77,2.53,0.35,0.994,0,0,15,3.03,0.814,0.229,73.7,1
Student_1970,T5_Fall,Program_B,Transfer,4,89,2.23,0.17,0.918,0,0,12,3.75,0.808,0.17,81.2,2
Student_1971,T5_Fall,Program_C,Transfer,2,45,2.67,1.0,0.728,1,2,15,6.22,0.966,0.154,88.8,0
Student_1972,T5_Fall,Program_B,First_Year,2,29,2.05,0.44,0.802,0,0,18,4.2,0.956,0.253,62.6,4
Student_1973,T5_Fall,Program_C,Transfer,2,30,2.83,0.56,0.907,0,0,18,5.44,1.0,0.048,95.1,0
Student_1974,T5_Fall,Program_C,First_Year,2,43,2.14,-0.54,0.785,1,0,15,4.92,0.852,0.062,58.9,0
Student_1975,T5_Fall,Program_A,Transfer,2,43,3.49,-0.03,0.902,0,0,15,3.94,0.877,0.225,100.0,0
Student_1976,T5_Fall,Program_A,Transfer,4,91,3.57,-0.3,0.833,1,0,18,3.35,0.916,0.294,91.9,0
Student_1977,T5_Fall,Program_A,Transfer,1,18,3.37,-0.21,0.973,0,0,9,6.15,1.0,0.0,87.6,0
Student_1978,T5_Fall,Program_D,Transfer,4,90,3.15,0.09,1.0,0,2,15,3.95,0.932,0.098,91.0,0
Student_1979,T5_Fall,Program_D,First_Year,4,83,3.02,0.01,0.774,1,1,15,4.47,0.817,0.31,67.9,0
Student_1980,T5_Fall,Program_A,First_Year,4,103,3.24,-0.04,0.939,0,0,9,3.13,0.959,0.119,71.5,0
Student_1981,T5_Fall,Program_D,First_Year,2,43,2.55,0.29,0.776,1,1,9,4.02,0.955,0.14,77.1,2
Student_1982,T5_Fall,Program_A,Transfer,1,15,2.62,0.16,0.929,0,1,15,5.31,0.954,0.021,73.7,0
Student_1983,T5_Fall,Program_B,First_Year,2,47,3.36,-0.0,0.976,0,1,18,3.45,0.695,0.156,78.9,0
Student_1984,T5_Fall,Program_B,Transfer,1,13,3.18,0.09,0.907,0,0,12,3.41,1.0,0.182,81.8,4
Student_1985,T5_Fall,Program_C,First_Year,3,78,3.58,0.15,1.0,0,0,12,4.55,0.95,0.013,85.5,1
Student_1986,T5_Fall,Program_A,First_Year,1,21,2.86,0.02,0.706,2,0,15,3.81,1.0,0.042,80.1,8
Student_1987,T5_Fall,Program_B,Transfer,3,63,3.58,-0.45,0.835,1,0,12,5.57,0.992,0.089,96.4,0
Student_1988,T5_Fall,Program_A,Transfer,1,14,2.36,-0.65,0.743,0,0,15,1.68,0.616,0.355,61.5,5
Student_1989,T5_Fall,Program_A,First_Year,3,69,3.38,0.11,0.804,1,0,18,4.61,0.979,0.126,86.4,2
Student_1990,T5_Fall,Program_D,Transfer,4,93,4.0,0.7,0.975,0,2,15,4.52,0.914,0.13,99.9,2
Student_1991,T5_Fall,Program_D,First_Year,3,59,3.05,0.32,1.0,0,0,12,4.61,1.0,0.017,85.3,1
Student_1992,T5_Fall,Program_B,First_Year,3,78,3.0,0.56,0.96,0,0,15,4.34,0.946,0.198,85.2,0
Student_1993,T5_Fall,Program_B,First_Year,2,42,3.5,-0.21,0.794,1,0,15,4.14,0.935,0.159,92.2,1
Student_1994,T5_Fall,Program_B,First_Year,1,4,2.32,0.46,0.823,1,0,15,1.9,0.708,0.227,90.0,6
Student_1995,T5_Fall,Program_B,Transfer,2,46,2.46,-0.21,0.778,1,0,15,4.73,0.742,0.242,76.8,1
Student_1996,T5_Fall,Program_A,First_Year,1,5,1.66,-0.38,0.63,1,1,9,3.8,0.766,0.237,49.5,3
Student_1997,T5_Fall,Program_A,Transfer,2,42,3.11,0.51,0.872,0,0,15,4.89,0.949,0.08,88.4,2
Student_1998,T5_Fall,Program_C,Transfer,2,44,3.22,-0.03,0.969,0,0,9,3.51,0.939,0.273,91.1,6
Student_1999,T5_Fall,Program_C,First_Year,2,43,2.71,0.05,0.725,1,3,12,3.55,0.637,0.187,71.7,2
Student_2000,T5_Fall,Program_A,First_Year,4,81,3.82,-0.73,1.0,0,0,15,4.49,0.859,0.198,75.5,1
Student_2001,T5_Fall,Program_D,Transfer,1,24,2.28,-0.82,0.825,0,0,9,3.01,0.614,0.292,71.9,4
Student_2002,T5_Fall,Program_C,First_Year,1,0,2.78,-0.11,0.757,1,1,12,4.68,0.874,0.033,82.4,2
Student_2003,T5_Fall,Program_D,First_Year,1,26,2.71,-0.32,0.901,0,0,15,3.64,0.875,0.347,65.3,3
Student_2004,T5_Fall,Program_C,First_Year,1,16,3.7,-0.35,1.0,0,0,15,3.74,0.773,0.194,99.6,3
Student_2005,T5_Fall,Program_C,First_Year,4,81,2.04,-0.27,0.816,1,0,9,2.85,0.899,0.172,84.9,4
Student_2006,T5_Fall,Program_C,Transfer,2,35,3.57,-0.67,0.939,0,1,15,2.98,0.678,0.154,91.0,2
Student_2007,T5_Fall,Program_B,Transfer,2,35,2.91,-0.49,0.874,1,2,12,5.31,0.723,0.288,91.0,0
Student_2008,T5_Fall,Program_B,Transfer,4,87,2.37,0.27,0.722,0,0,15,5.7,0.936,0.212,79.7,4
Student_2009,T5_Fall,Program_A,Transfer,3,77,3.76,0.29,1.0,0,0,15,4.3,0.919,0.11,100.0,0
Student_2010,T5_Fall,Program_C,First_Year,3,74,2.38,-0.07,0.91,0,0,15,4.04,1.0,0.044,97.5,2
Student_2011,T5_Fall,Program_B,First_Year,2,51,2.01,-0.24,0.753,0,2,18,4.1,0.825,0.395,73.3,3
Student_2012,T5_Fall,Program_C,Transfer,2,31,2.52,-0.05,0.851,0,0,15,3.71,0.728,0.274,84.7,2
Student_2013,T5_Fall,Program_D,First_Year,4,89,2.59,0.01,0.785,1,0,12,3.21,0.778,0.305,79.5,5
Student_2014,T5_Fall,Program_B,Transfer,4,96,2.85,-0.22,0.834,0,2,18,5.67,0.828,0.345,89.6,1
Student_2015,T5_Fall,Program_C,Transfer,4,87,2.69,0.29,0.87,0,0,15,4.05,0.855,0.179,77.7,2
Student_2016,T5_Fall,Program_D,Transfer,1,16,1.93,0.47,0.796,1,0,12,3.42,0.856,0.316,65.7,2
Student_2017,T5_Fall,Program_A,First_Year,1,22,2.47,-0.17,0.839,0,1,15,6.41,1.0,0.208,78.5,0
Student_2018,T5_Fall,Program_D,First_Year,3,69,2.3,0.01,0.556,2,0,18,4.66,1.0,0.154,76.5,2
Student_2019,T5_Fall,Program_A,First_Year,2,41,2.0,-0.17,0.808,0,0,12,3.31,0.69,0.315,60.9,6
Student_2020,T5_Fall,Program_A,First_Year,4,90,3.07,-0.08,0.942,0,0,15,4.05,0.864,0.177,65.1,7
Student_2021,T5_Fall,Program_D,Transfer,2,45,3.25,-0.4,0.943,0,0,15,4.3,1.0,0.156,69.7,1
Student_2022,T5_Fall,Program_B,Transfer,3,54,3.72,0.2,1.0,0,0,15,6.74,1.0,0.0,87.9,0
Student_2023,T5_Fall,Program_D,Transfer,4,97,3.23,0.25,0.922,0,1,9,4.2,0.92,0.15,80.5,2
Student_2024,T5_Fall,Program_B,First_Year,1,19,2.82,0.11,0.889,0,0,15,3.95,0.983,0.121,77.2,2
Student_2025,T5_Fall,Program_C,First_Year,3,75,2.79,0.04,0.9,0,0,15,5.93,0.903,0.075,93.6,3
Student_2026,T5_Fall,Program_A,First_Year,2,42,2.37,0.07,0.653,2,0,15,4.47,1.0,0.082,76.6,1
Student_2027,T5_Fall,Program_A,First_Year,4,85,2.86,-0.11,0.99,0,0,15,4.28,0.855,0.164,77.3,2
Student_2028,T5_Fall,Program_C,Transfer,2,43,2.07,-0.78,0.548,2,1,15,4.76,0.919,0.147,60.4,1
Student_2029,T5_Fall,Program_C,Transfer,2,38,3.04,0.06,0.951,0,1,9,4.67,0.852,0.348,96.4,2
Student_2030,T5_Fall,Program_C,First_Year,3,66,2.27,0.17,0.923,0,0,15,3.89,0.844,0.202,96.4,9
Student_2031,T5_Fall,Program_D,First_Year,2,50,1.99,0.87,0.832,0,2,12,4.28,0.978,0.01,80.6,2
Student_2032,T5_Fall,Program_B,First_Year,4,106,2.43,-0.12,0.869,0,0,12,2.31,0.963,0.204,86.6,2
Student_2033,T5_Fall,Program_C,Transfer,3,79,2.8,0.02,0.702,1,0,9,4.46,1.0,0.19,69.8,3
Student_2034,T5_Fall,Program_A,First_Year,3,72,3.41,-0.04,1.0,0,0,12,3.58,0.979,0.06,85.8,2
Student_2035,T5_Fall,Program_D,First_Year,3,57,3.56,0.01,0.84,1,0,15,2.4,0.798,0.202,75.2,2
Student_2036,T5_Fall,Program_D,First_Year,3,72,3.02,-1.19,0.695,1,0,9,2.96,0.736,0.302,57.3,3
Student_2037,T5_Fall,Program_D,First_Year,1,18,2.32,0.52,0.701,1,0,12,3.06,1.0,0.051,80.7,4
Student_2038,T5_Fall,Program_B,First_Year,4,85,2.16,0.11,0.84,0,0,15,4.98,0.822,0.128,87.3,1
Student_2039,T5_Fall,Program_A,First_Year,1,6,2.94,0.65,0.734,1,0,12,4.87,1.0,0.0,83.4,7
Student_2040,T5_Fall,Program_A,Transfer,1,3,3.05,0.34,0.909,0,0,15,2.96,1.0,0.052,67.3,4
Student_2041,T5_Fall,Program_B,First_Year,1,15,3.62,0.28,0.938,0,0,15,5.3,0.921,0.164,93.4,0
Student_2042,T5_Fall,Program_B,First_Year,2,28,2.19,-0.33,0.827,0,0,18,3.71,0.857,0.252,74.5,6
Student_2043,T5_Fall,Program_C,First_Year,4,104,2.4,-0.16,0.778,0,2,15,3.16,0.704,0.349,71.4,3
Student_2044,T5_Fall,Program_A,Transfer,2,28,1.9,-0.0,0.698,1,0,15,4.3,0.958,0.093,56.4,1
Student_2045,T5_Fall,Program_D,Transfer,1,23,2.43,-0.02,0.843,0,0,15,3.06,0.926,0.385,71.5,0
Student_2046,T5_Fall,Program_C,Transfer,1,6,3.07,-0.07,0.786,1,0,15,5.13,0.927,0.142,73.4,3
Student_2047,T5_Fall,Program_A,First_Year,3,54,2.73,-0.08,0.868,0,0,15,4.51,0.767,0.144,85.1,4
Student_2048,T5_Fall,Program_C,First_Year,2,31,2.63,-0.19,0.543,3,0,15,3.18,0.855,0.211,76.6,6
Student_2049,T5_Fall,Program_C,Transfer,3,74,3.0,0.26,0.98,0,0,18,5.2,1.0,0.013,83.0,0
Student_2050,T5_Fall,Program_A,First_Year,3,60,2.22,0.44,0.807,0,0,15,2.24,0.72,0.229,67.8,7
Student_2051,T5_Fall,Program_A,Transfer,2,35,2.0,-0.07,0.868,0,0,18,4.43,0.756,0.248,77.1,3
Student_2052,T5_Fall,Program_C,Transfer,2,46,3.31,0.4,0.93,0,0,15,6.7,1.0,0.0,80.5,2
Student_2053,T5_Fall,Program_C,First_Year,4,108,2.37,0.15,0.885,0,0,12,4.67,1.0,0.079,75.3,5
Student_2054,T5_Fall,Program_B,First_Year,3,59,2.55,-0.16,0.845,0,0,12,2.69,0.628,0.403,79.9,3
Student_2055,T5_Fall,Program_A,First_Year,1,18,3.12,-0.22,0.937,0,1,15,1.25,0.834,0.294,77.5,8
Student_2056,T5_Fall,Program_C,First_Year,3,64,2.46,0.09,0.705,2,2,15,5.38,1.0,0.061,67.0,0
Student_2057,T5_Fall,Program_A,First_Year,2,33,2.27,-0.34,0.846,0,2,12,3.33,0.846,0.231,64.3,5
Student_2058,T5_Fall,Program_C,First_Year,3,55,2.14,0.05,0.554,2,0,9,3.15,0.826,0.281,64.3,6
Student_2059,T5_Fall,Program_B,First_Year,1,3,3.2,-0.65,0.618,1,0,18,3.31,0.697,0.257,70.6,4
Student_2060,T5_Fall,Program_C,First_Year,1,12,3.37,0.5,0.84,1,0,18,3.46,1.0,0.0,87.7,0
Student_2061,T5_Fall,Program_D,Transfer,3,78,2.63,0.02,0.866,0,0,18,4.35,0.864,0.184,88.1,2
Student_2062,T5_Fall,Program_C,First_Year,4,96,2.9,-0.03,0.962,0,2,15,1.22,0.842,0.353,78.6,9
Student_2063,T5_Fall,Program_D,Transfer,2,38,2.33,-0.03,0.664,0,0,15,2.91,0.866,0.223,73.1,5
Student_2064,T5_Fall,Program_B,First_Year,4,100,2.64,0.22,0.935,0,0,9,5.25,1.0,0.111,72.5,1
Student_2065,T5_Fall,Program_A,First_Year,3,72,3.13,0.19,0.683,1,1,18,5.44,1.0,0.142,88.2,0
Student_2066,T5_Fall,Program_A,First_Year,3,74,2.47,-0.01,0.939,0,0,15,4.09,0.822,0.332,86.7,3
Student_2067,T5_Fall,Program_A,First_Year,2,48,2.2,-0.2,0.685,1,0,9,5.67,0.974,0.157,81.5,2
Student_2068,T5_Fall,Program_D,First_Year,3,64,2.8,0.88,0.883,1,1,15,5.17,1.0,0.069,80.9,2
Student_2069,T5_Fall,Program_D,First_Year,3,78,2.07,-0.4,0.624,1,0,15,4.79,0.859,0.143,72.6,4
Student_2070,T5_Fall,Program_B,First_Year,4,87,2.6,-0.08,0.916,0,0,9,3.62,0.7,0.397,90.8,3
Student_2071,T5_Fall,Program_C,First_Year,2,49,3.03,-0.32,0.946,0,0,18,2.2,0.919,0.154,82.3,2
Student_2072,T5_Fall,Program_A,Transfer,1,5,2.18,-0.05,0.711,0,2,9,4.03,0.865,0.211,65.0,0
Student_2073,T5_Fall,Program_B,First_Year,3,70,3.63,0.6,0.866,1,0,15,3.93,0.763,0.151,84.5,1
Student_2074,T5_Fall,Program_B,First_Year,3,79,2.8,0.16,0.885,0,1,18,3.78,0.822,0.154,70.4,2
Student_2075,T5_Fall,Program_B,First_Year,4,108,1.55,0.13,0.608,1,0,12,3.8,0.761,0.261,58.4,0
Student_2076,T5_Fall,Program_A,First_Year,3,75,3.08,-0.1,0.913,0,1,15,2.69,0.957,0.176,97.1,7
Student_2077,T5_Fall,Program_B,First_Year,2,30,2.77,-0.22,0.916,0,0,12,3.79,0.819,0.126,91.8,4
Student_2078,T5_Fall,Program_B,First_Year,2,48,2.26,0.55,0.8,0,0,12,4.99,0.976,0.012,71.0,3
Student_2079,T5_Fall,Program_B,First_Year,3,60,2.64,0.27,0.943,0,0,15,4.96,0.937,0.074,100.0,0
Student_2080,T5_Fall,Program_C,First_Year,2,36,2.27,0.12,0.804,0,1,18,4.69,0.954,0.104,60.8,2
Student_2081,T5_Fall,Program_D,First_Year,4,96,3.65,0.77,0.932,0,0,15,6.65,1.0,0.08,92.8,0
Student_2082,T5_Fall,Program_C,First_Year,1,24,3.04,-0.03,0.718,2,0,18,5.62,0.909,0.218,81.9,2
Student_2083,T5_Fall,Program_A,Transfer,4,94,2.88,-0.17,0.714,1,1,15,5.81,0.773,0.162,71.5,0
Student_2084,T5_Fall,Program_B,First_Year,1,20,3.21,-0.04,1.0,0,0,15,2.79,0.7,0.243,87.3,4
Student_2085,T5_Fall,Program_D,First_Year,1,9,2.17,-0.3,0.863,1,1,18,2.97,0.759,0.374,81.7,5
Student_2086,T5_Fall,Program_A,First_Year,3,74,3.04,0.07,0.945,0,0,15,3.92,0.96,0.203,78.4,8
Student_2087,T5_Fall,Program_B,First_Year,1,19,2.05,0.05,0.648,0,0,15,2.05,0.702,0.309,65.1,6
Student_2088,T5_Fall,Program_D,First_Year,4,106,2.74,0.03,0.869,0,0,9,1.31,0.75,0.313,69.0,5
Student_2089,T5_Fall,Program_A,First_Year,1,1,1.95,-0.0,0.72,1,1,18,3.76,0.891,0.225,72.6,2
Student_2090,T5_Fall,Program_C,First_Year,1,5,2.37,0.42,0.804,0,0,12,3.29,0.757,0.168,78.1,3
Student_2091,T5_Fall,Program_B,Transfer,4,106,2.7,-0.47,0.672,1,0,15,5.19,0.94,0.231,75.0,0
Student_2092,T5_Fall,Program_A,Transfer,2,49,3.08,-0.07,0.914,0,0,15,3.95,0.95,0.149,78.1,0
Student_2093,T5_Fall,Program_D,First_Year,2,36,3.61,0.25,0.966,0,0,18,2.83,0.825,0.049,90.7,0
Student_2094,T5_Fall,Program_D,First_Year,2,42,2.56,-1.01,0.925,0,0,18,4.22,0.842,0.061,88.4,2
Student_2095,T5_Fall,Program_C,Transfer,4,100,2.79,-0.03,0.909,0,0,15,2.81,0.889,0.206,71.4,1
Student_2096,T5_Fall,Program_B,First_Year,1,27,2.59,0.28,0.816,2,1,15,2.84,1.0,0.125,82.3,4
Student_2097,T5_Fall,Program_B,First_Year,3,72,1.84,0.07,0.808,0,0,15,2.98,0.768,0.296,73.4,0
Student_2098,T5_Fall,Program_B,Transfer,4,102,2.98,0.57,0.802,1,0,15,4.01,0.974,0.215,85.4,0
Student_2099,T5_Fall,Program_B,Transfer,1,7,2.62,-0.88,0.803,1,1,15,4.05,0.768,0.28,77.2,0
Student_2100,T5_Fall,Program_A,First_Year,3,77,2.75,0.05,0.745,2,0,12,4.65,1.0,0.093,93.2,0
Student_2101,T5_Fall,Program_B,First_Year,1,25,3.33,-0.17,0.944,0,0,12,3.28,0.921,0.248,81.4,3
Student_2102,T5_Fall,Program_C,First_Year,4,106,3.86,-0.19,0.99,0,0,12,1.95,0.908,0.285,86.3,5
Student_2103,T5_Fall,Program_A,Transfer,3,71,2.07,-0.43,0.9,0,0,12,3.47,0.831,0.187,67.8,1
Student_2104,T5_Fall,Program_B,First_Year,3,64,2.09,0.04,0.761,0,0,18,3.3,0.921,0.215,72.2,4
Student_2105,T5_Fall,Program_B,First_Year,3,56,2.62,-0.71,0.91,0,2,15,2.69,0.766,0.182,78.9,1
Student_2106,T5_Fall,Program_A,First_Year,3,68,3.01,0.65,0.959,0,1,18,3.82,0.942,0.09,78.4,1
Student_2107,T5_Fall,Program_C,First_Year,2,27,2.72,0.08,0.875,0,0,15,3.76,0.919,0.24,87.0,5
Student_2108,T5_Fall,Program_C,First_Year,3,69,2.09,-0.02,0.826,0,0,15,3.84,0.891,0.1,62.0,0
Student_2109,T5_Fall,Program_B,First_Year,2,27,2.99,0.42,0.894,0,0,9,2.98,0.813,0.149,76.4,3
Student_2110,T5_Fall,Program_A,Transfer,3,60,3.11,-0.18,0.97,0,0,15,3.88,0.827,0.052,67.5,2
Student_2111,T5_Fall,Program_C,First_Year,3,58,3.61,-0.24,0.851,0,1,15,3.57,0.93,0.304,78.7,0
Student_2112,T5_Fall,Program_B,First_Year,4,91,2.77,0.24,0.924,0,0,15,3.37,1.0,0.045,65.3,3
Student_2113,T5_Fall,Program_A,First_Year,1,9,3.67,-0.25,0.999,0,0,12,2.8,0.819,0.056,89.6,4
Student_2114,T5_Fall,Program_A,First_Year,4,87,2.66,0.47,0.728,1,0,12,4.58,1.0,0.05,77.5,3
Student_2115,T5_Fall,Program_A,First_Year,3,60,2.62,-0.13,0.825,1,0,12,4.9,0.86,0.167,79.9,0
Student_2116,T5_Fall,Program_A,Transfer,2,43,1.84,0.01,0.772,0,0,12,5.5,0.845,0.289,67.5,0
Student_2117,T5_Fall,Program_C,Transfer,3,79,3.52,-0.52,0.933,0,0,12,4.84,1.0,0.073,85.6,4
Student_2118,T5_Fall,Program_A,First_Year,1,5,2.12,0.16,0.804,1,0,18,4.55,0.977,0.141,74.8,0
Student_2119,T5_Fall,Program_D,Transfer,4,90,3.0,0.19,0.806,1,1,18,3.51,1.0,0.043,92.0,4
Student_2120,T5_Fall,Program_B,First_Year,4,104,2.22,0.4,0.891,0,0,15,4.51,1.0,0.105,79.3,3
Student_2121,T5_Fall,Program_D,Transfer,2,36,2.39,-0.0,0.911,0,0,15,3.44,1.0,0.158,68.3,4
Student_2122,T5_Fall,Program_B,Transfer,4,93,2.28,0.33,0.701,1,0,18,3.87,0.912,0.226,76.4,0
Student_2123,T5_Fall,Program_B,First_Year,2,32,3.15,0.04,0.868,1,0,9,5.73,0.972,0.0,93.7,2
Student_2124,T5_Fall,Program_C,Transfer,4,93,2.06,0.07,0.68,1,0,15,3.96,0.931,0.142,61.2,2
Student_2125,T5_Fall,Program_B,First_Year,3,69,2.51,-0.47,0.749,0,0,15,3.36,0.675,0.271,55.5,2
Student_2126,T5_Fall,Program_B,First_Year,1,14,2.41,0.19,0.824,0,1,18,3.32,0.875,0.145,74.7,5
Student_2127,T5_Fall,Program_C,Transfer,1,3,2.38,1.0,0.752,1,1,15,3.49,0.906,0.15,68.0,0
Student_2128,T5_Fall,Program_C,Transfer,1,21,2.49,0.2,0.942,0,0,12,3.04,0.951,0.288,80.9,5
Student_2129,T5_Fall,Program_C,Transfer,1,7,3.32,0.46,0.814,0,1,15,3.74,0.933,0.206,69.9,3
Student_2130,T5_Fall,Program_A,First_Year,4,92,3.06,-0.95,0.482,3,0,12,4.48,0.751,0.239,80.0,0
Student_2131,T5_Fall,Program_A,First_Year,1,7,2.25,0.37,0.839,0,0,15,6.94,1.0,0.046,71.2,0
Student_2132,T5_Fall,Program_C,Transfer,4,99,2.79,0.16,0.901,0,0,15,3.4,0.764,0.184,84.7,2
Student_2133,T5_Fall,Program_D,Transfer,2,30,2.32,0.11,0.921,0,0,12,5.03,0.83,0.198,79.9,1
Student_2134,T5_Fall,Program_B,First_Year,1,26,2.06,-0.17,0.892,0,0,12,3.76,0.812,0.178,81.7,7
Student_2135,T5_Fall,Program_B,First_Year,1,17,3.77,-0.03,0.876,1,0,15,2.11,0.948,0.229,91.0,1
Student_2136,T5_Fall,Program_D,Transfer,4,106,2.24,0.19,0.652,1,0,12,2.22,0.703,0.289,82.8,9
Student_2137,T5_Fall,Program_D,First_Year,1,4,2.23,0.09,0.778,1,1,18,3.82,0.835,0.254,83.3,0
Student_2138,T5_Fall,Program_A,First_Year,3,58,2.53,-0.01,0.798,1,0,15,3.79,0.752,0.252,68.1,2
Student_2139,T5_Fall,Program_C,First_Year,3,58,3.95,0.47,0.882,1,0,15,4.31,0.85,0.021,99.6,0
Student_2140,T5_Fall,Program_C,Transfer,1,2,1.7,0.33,0.639,1,0,12,4.0,0.875,0.297,82.6,6
Student_2141,T5_Fall,Program_C,Transfer,4,105,1.92,-0.25,0.829,0,1,15,4.18,0.98,0.082,73.4,1
Student_2142,T5_Fall,Program_C,Transfer,4,96,2.65,-0.0,0.894,0,0,15,3.27,0.892,0.097,81.5,0
Student_2143,T5_Fall,Program_D,First_Year,2,43,2.87,0.07,0.854,0,0,15,4.57,0.878,0.167,77.9,1
Student_2144,T5_Fall,Program_D,First_Year,1,27,1.99,0.2,0.923,0,0,12,3.21,0.97,0.067,76.4,5
Student_2145,T5_Fall,Program_B,First_Year,3,77,2.34,0.13,0.762,0,0,12,4.3,1.0,0.283,70.4,4
Student_2146,T5_Fall,Program_C,Transfer,3,73,2.21,0.04,0.829,0,0,15,4.33,0.794,0.118,75.6,0
Student_2147,T5_Fall,Program_D,First_Year,3,59,2.72,-0.61,0.566,2,0,12,3.6,0.926,0.181,61.8,1
Student_2148,T5_Fall,Program_A,First_Year,2,34,2.64,0.48,0.804,0,0,12,4.27,0.788,0.314,81.3,3
Student_2149,T5_Fall,Program_A,First_Year,4,97,2.48,0.23,0.743,1,0,9,4.83,0.929,0.076,85.7,0
Student_2150,T5_Fall,Program_B,Transfer,1,16,2.95,0.65,0.943,0,0,9,4.58,0.972,0.142,76.9,3
Student_2151,T5_Fall,Program_A,First_Year,1,26,2.06,0.2,0.686,1,0,15,4.06,0.863,0.188,50.0,2
Student_2152,T5_Fall,Program_A,Transfer,4,108,2.3,0.53,0.842,0,1,15,3.72,0.92,0.06,80.9,1
Student_2153,T5_Fall,Program_B,First_Year,1,20,2.29,-0.59,0.891,0,0,18,3.81,0.789,0.312,73.5,4
Student_2154,T5_Fall,Program_A,First_Year,3,59,2.84,-0.26,0.807,1,0,15,4.87,0.962,0.154,71.7,2
Student_2155,T5_Fall,Program_A,First_Year,2,42,2.44,0.15,0.75,1,0,9,5.86,0.837,0.27,87.1,0
Student_2156,T5_Fall,Program_A,Transfer,1,24,3.36,0.2,0.808,0,0,15,4.49,0.917,0.068,64.1,0
Student_2157,T5_Fall,Program_D,Transfer,2,51,2.85,-0.05,0.528,1,0,12,3.99,0.752,0.298,61.7,4
Student_2158,T5_Fall,Program_B,First_Year,2,40,1.69,-0.57,0.708,1,0,12,2.04,0.679,0.497,59.6,1
Student_2159,T5_Fall,Program_B,Transfer,2,50,2.96,-0.09,0.676,2,1,12,3.4,0.782,0.103,79.7,3
Student_2160,T5_Fall,Program_B,First_Year,3,77,3.14,-0.36,0.972,0,0,15,4.56,0.915,0.127,92.5,3
Student_2161,T5_Fall,Program_A,First_Year,4,88,2.52,0.12,0.74,0,0,9,3.47,1.0,0.207,75.4,3
Student_2162,T5_Fall,Program_A,First_Year,2,37,3.02,0.12,0.917,0,0,15,0.71,0.824,0.318,75.9,5
Student_2163,T5_Fall,Program_A,First_Year,1,12,3.16,-0.03,0.832,1,1,18,3.56,0.742,0.166,81.9,0
Student_2164,T5_Fall,Program_A,First_Year,3,60,3.01,0.11,0.937,0,0,15,4.69,0.777,0.217,83.3,0
Student_2165,T5_Fall,Program_A,Transfer,1,13,2.65,-0.26,0.667,2,0,15,3.55,0.956,0.117,61.2,0
Student_2166,T5_Fall,Program_A,Transfer,3,77,1.69,-0.71,0.481,3,1,15,3.42,0.845,0.283,60.9,1
Student_2167,T5_Fall,Program_C,First_Year,2,45,2.2,-0.19,0.864,0,0,18,4.82,0.829,0.26,71.5,0
Student_2168,T5_Fall,Program_D,First_Year,3,64,2.75,0.2,0.705,1,1,15,4.1,0.75,0.165,79.4,1
Student_2169,T5_Fall,Program_C,First_Year,4,103,2.47,-0.29,0.811,0,3,12,1.76,0.748,0.392,77.4,3
Student_2170,T5_Fall,Program_A,First_Year,2,28,3.54,-0.39,0.982,0,0,15,2.54,0.949,0.411,99.7,4
Student_2171,T5_Fall,Program_B,First_Year,2,52,2.73,-0.13,0.805,0,1,15,3.11,0.76,0.232,67.7,4
Student_2172,T5_Fall,Program_A,First_Year,2,32,2.91,0.73,0.952,0,0,12,4.9,0.946,0.061,91.0,0
Student_2173,T5_Fall,Program_D,First_Year,4,91,2.57,0.17,0.804,1,0,12,5.18,0.987,0.055,80.8,4
Student_2174,T5_Fall,Program_A,First_Year,4,106,2.94,-0.28,0.768,0,0,15,3.6,0.782,0.143,79.3,3
Student_2175,T5_Fall,Program_C,First_Year,1,23,2.06,0.28,0.809,0,1,15,1.95,0.73,0.236,72.7,2
Student_2176,T5_Fall,Program_C,Transfer,2,47,2.12,0.17,0.661,1,1,12,2.02,0.717,0.326,63.3,6
Student_2177,T5_Fall,Program_C,Transfer,3,67,2.91,0.44,0.938,0,1,15,4.9,0.958,0.209,86.4,1
Student_2178,T5_Fall,Program_D,First_Year,1,15,2.82,-0.22,0.805,1,0,18,4.87,1.0,0.108,80.8,1
Student_2179,T5_Fall,Program_A,First_Year,4,85,3.28,0.48,0.902,0,1,15,5.66,0.892,0.139,75.1,0
Student_2180,T5_Fall,Program_C,First_Year,1,21,2.76,0.01,0.798,1,0,15,3.76,0.765,0.201,66.0,2
Student_2181,T5_Fall,Program_B,First_Year,1,1,2.78,-0.1,0.758,1,0,15,4.56,0.908,0.052,73.0,1
Student_2182,T5_Fall,Program_C,Transfer,3,80,1.74,-0.71,0.695,0,1,15,4.13,0.765,0.23,57.7,4
Student_2183,T5_Fall,Program_C,First_Year,3,74,2.91,-0.02,0.806,1,0,15,5.84,0.948,0.103,93.6,2
Student_2184,T5_Fall,Program_B,First_Year,2,52,3.04,-0.31,0.847,1,0,15,5.06,1.0,0.126,85.1,1
Student_2185,T5_Fall,Program_B,First_Year,1,2,2.36,0.27,0.854,0,0,12,4.2,0.847,0.097,56.7,1
Student_2186,T5_Fall,Program_D,First_Year,1,3,2.73,0.34,0.97,0,0,18,6.3,1.0,0.069,95.0,0
Student_2187,T5_Fall,Program_D,First_Year,2,53,2.43,0.17,0.739,1,0,15,4.36,1.0,0.109,61.5,4
Student_2188,T5_Fall,Program_A,First_Year,3,73,2.84,0.27,0.851,0,0,18,2.44,0.757,0.18,80.7,5
Student_2189,T5_Fall,Program_B,First_Year,1,16,2.74,-0.29,0.788,1,0,12,5.51,0.91,0.034,73.4,0
Student_2190,T5_Fall,Program_D,Transfer,1,3,2.78,0.02,0.901,0,0,18,3.47,0.877,0.128,82.5,4
Student_2191,T5_Fall,Program_D,Transfer,1,20,2.74,-0.14,0.798,0,0,12,3.9,0.887,0.276,73.3,4
Student_2192,T5_Fall,Program_A,Transfer,3,63,2.11,0.44,0.666,1,0,15,4.96,0.962,0.169,74.7,5
Student_2193,T5_Fall,Program_A,First_Year,3,63,2.92,0.1,0.932,0,1,15,4.56,0.961,0.226,79.5,1
Student_2194,T5_Fall,Program_A,First_Year,3,57,2.93,-0.07,0.888,0,0,18,2.24,0.731,0.196,68.1,5
Student_2195,T5_Fall,Program_A,First_Year,4,89,2.83,-0.34,0.84,0,0,12,4.75,0.91,0.187,81.3,0
Student_2196,T5_Fall,Program_C,First_Year,4,95,3.22,-0.33,0.544,2,1,18,4.71,0.89,0.146,74.1,0
Student_2197,T5_Fall,Program_D,First_Year,2,51,3.18,0.17,0.946,0,0,15,4.06,0.89,0.161,84.9,2
Student_2198,T5_Fall,Program_B,First_Year,1,22,2.75,-0.15,0.856,1,0,12,4.55,0.851,0.223,77.1,1
Student_2199,T5_Fall,Program_A,First_Year,1,5,3.33,-0.07,0.941,0,0,18,1.12,0.77,0.271,84.6,9
Student_2200,T5_Fall,Program_A,First_Year,4,82,2.8,0.09,0.627,2,0,12,4.66,0.813,0.161,75.4,1
