Student_ID,Observation_Term,Program_ID,Entry_Type,Academic_Level,Credits_Completed,Prior_Term_GPA,GPA_Change,Course_Pass_Rate_Last_2_Terms,Failed_Courses_Last_2_Terms,Withdrawals_Last_2_Terms,Current_Course_Load_Credits,LMS_Login_Days_4wk,Assignment_Submission_Rate_4wk,Late_Assignment_Rate_4wk,Average_Assignment_Score_4wk,Days_Since_Last_LMS_Activity,Intervention_Needed_Next_8_Weeks
Student_0001,T2_Spring,Program_C,First_Year,2,54,2.01,-0.47,0.946,0,0,12,5.47,0.966,0.047,86.7,3,0.0
Student_0002,T2_Spring,Program_B,First_Year,3,81,1.51,0.04,0.78,0,0,12,3.65,0.861,0.227,62.8,6,1.0
Student_0003,T2_Spring,Program_B,Transfer,3,65,2.28,1.0,0.667,0,0,15,4.81,0.886,0.236,72.8,3,0.0
Student_0004,T2_Spring,Program_C,First_Year,3,78,2.64,0.1,0.847,0,0,12,5.06,0.934,0.036,88.9,2,1.0
Student_0006,T2_Spring,Program_B,First_Year,3,56,2.56,-0.35,0.858,0,0,12,3.15,0.899,0.147,79.1,0,0.0
Student_0008,T2_Spring,Program_D,First_Year,2,31,3.02,0.23,0.928,0,0,12,3.59,0.912,0.172,100.0,5,1.0
Student_0009,T2_Spring,Program_B,First_Year,2,36,3.1,-0.39,0.92,0,1,15,4.27,0.865,0.184,96.1,5,0.0
Student_0010,T2_Spring,Program_D,First_Year,2,53,2.34,0.04,0.944,0,0,18,6.93,1.0,0.0,68.5,0,0.0
Student_0011,T2_Spring,Program_A,First_Year,2,42,3.22,-0.31,0.952,0,0,15,5.25,0.889,0.093,79.9,2,0.0
Student_0012,T2_Spring,Program_D,First_Year,3,81,2.36,-0.11,0.837,0,1,15,5.03,0.723,0.271,82.9,1,0.0
Student_0013,T2_Spring,Program_B,First_Year,3,77,2.86,-0.5,0.696,1,0,15,3.12,0.8,0.18,80.5,1,0.0
Student_0014,T2_Spring,Program_D,First_Year,1,8,2.7,0.54,0.894,0,0,12,3.65,0.887,0.0,89.4,0,0.0
Student_0016,T2_Spring,Program_B,First_Year,3,66,3.42,-0.32,0.863,0,1,15,4.05,0.908,0.254,84.4,6,0.0
Student_0017,T2_Spring,Program_D,First_Year,2,29,2.59,0.34,0.892,0,0,15,4.59,0.721,0.245,84.6,2,0.0
Student_0018,T2_Spring,Program_B,First_Year,3,59,1.91,-0.27,0.931,0,0,15,5.16,0.908,0.084,68.7,2,0.0
Student_0020,T2_Spring,Program_B,First_Year,1,3,2.32,0.93,0.895,0,2,12,3.97,0.884,0.0,67.2,3,0.0
Student_0021,T2_Spring,Program_B,First_Year,3,62,2.42,0.18,0.771,0,1,18,3.48,0.769,0.389,75.0,3,1.0
Student_0022,T2_Spring,Program_D,Transfer,4,82,3.5,-0.4,0.937,0,0,15,4.02,0.787,0.288,85.8,3,0.0
Student_0026,T2_Spring,Program_C,First_Year,2,45,3.06,0.05,0.999,0,1,18,3.44,0.948,0.094,87.3,0,0.0
Student_0027,T2_Spring,Program_D,Transfer,3,75,2.77,-0.14,0.765,1,2,15,5.07,0.978,0.22,77.4,0,1.0
Student_0029,T2_Spring,Program_A,First_Year,2,36,2.46,-0.15,0.941,0,0,15,4.13,0.921,0.133,86.8,3,1.0
Student_0030,T2_Spring,Program_D,Transfer,2,31,2.45,-0.3,0.654,0,0,18,2.84,0.853,0.2,57.4,5,0.0
Student_0031,T2_Spring,Program_D,First_Year,2,36,3.16,0.61,0.941,0,0,15,3.17,0.951,0.0,77.5,2,0.0
Student_0032,T2_Spring,Program_A,Transfer,4,85,2.26,0.46,0.687,2,0,12,4.41,0.905,0.123,62.7,0,0.0
Student_0033,T2_Spring,Program_D,Transfer,1,25,2.84,0.17,0.831,0,0,12,2.18,0.803,0.415,87.8,0,0.0
Student_0034,T2_Spring,Program_B,First_Year,1,9,2.94,1.0,0.7,1,0,9,4.66,1.0,0.026,86.9,0,0.0
Student_0035,T2_Spring,Program_A,First_Year,2,43,2.79,-0.42,0.83,0,0,9,3.28,0.755,0.38,70.3,6,0.0
Student_0036,T2_Spring,Program_A,Transfer,2,51,2.89,-0.12,0.879,0,0,18,2.67,0.78,0.187,83.5,5,0.0
Student_0037,T2_Spring,Program_C,First_Year,1,7,3.12,-1.09,0.837,1,0,9,5.0,0.739,0.245,68.0,1,1.0
Student_0039,T2_Spring,Program_B,First_Year,3,78,2.07,0.59,0.82,0,0,9,3.34,0.991,0.125,67.2,7,0.0
Student_0040,T2_Spring,Program_B,Transfer,1,7,3.28,-0.37,0.996,0,0,18,5.51,1.0,0.199,91.2,0,1.0
Student_0041,T2_Spring,Program_A,First_Year,3,74,1.86,0.02,0.798,0,0,9,3.85,0.904,0.157,76.1,0,0.0
Student_0042,T2_Spring,Program_C,Transfer,2,45,2.73,-0.1,0.897,1,2,15,4.54,0.883,0.178,69.7,2,0.0
Student_0043,T2_Spring,Program_C,First_Year,2,30,2.39,-0.49,0.827,0,0,12,3.92,0.727,0.207,69.9,0,0.0
Student_0044,T2_Spring,Program_D,First_Year,2,54,2.76,-0.1,0.797,1,1,18,4.78,0.813,0.161,83.5,0,1.0
Student_0046,T2_Spring,Program_C,First_Year,1,3,3.83,-0.32,0.829,1,0,15,4.77,0.867,0.04,99.4,2,0.0
Student_0047,T2_Spring,Program_B,First_Year,4,91,2.54,-0.05,0.855,0,0,18,4.07,0.964,0.102,69.3,2,0.0
Student_0048,T2_Spring,Program_A,Transfer,3,66,2.75,-0.25,0.813,0,1,12,2.49,0.67,0.142,72.1,0,0.0
Student_0049,T2_Spring,Program_D,First_Year,2,27,3.34,0.21,0.934,1,0,15,3.38,0.957,0.096,84.4,8,0.0
Student_0050,T2_Spring,Program_D,Transfer,4,105,2.18,0.11,0.988,0,0,15,4.21,1.0,0.111,74.3,2,0.0
Student_0051,T2_Spring,Program_B,Transfer,1,19,3.41,-0.55,0.919,0,0,12,5.14,0.877,0.224,75.6,1,0.0
Student_0053,T2_Spring,Program_B,First_Year,1,14,2.13,0.02,0.79,0,0,18,4.86,0.863,0.273,65.5,0,0.0
Student_0054,T2_Spring,Program_C,Transfer,4,106,2.89,0.27,0.746,1,2,15,4.78,0.9,0.28,73.8,5,0.0
Student_0055,T2_Spring,Program_B,First_Year,4,99,2.83,-0.26,0.654,2,0,15,3.54,0.769,0.174,75.9,3,0.0
Student_0056,T2_Spring,Program_B,Transfer,3,75,2.62,-0.2,0.788,0,0,9,5.44,0.917,0.068,81.3,0,0.0
Student_0057,T2_Spring,Program_A,First_Year,4,108,2.95,-0.01,0.839,1,1,12,5.34,0.906,0.173,74.2,0,0.0
Student_0059,T2_Spring,Program_C,First_Year,1,25,3.62,0.03,0.909,0,1,12,4.85,0.962,0.0,57.9,2,0.0
Student_0060,T2_Spring,Program_A,Transfer,2,53,2.75,-0.34,0.803,1,1,15,3.98,0.914,0.16,70.8,3,0.0
Student_0061,T2_Spring,Program_D,First_Year,2,53,3.09,-0.11,0.883,1,0,12,5.04,0.947,0.055,85.7,0,0.0
Student_0062,T2_Spring,Program_C,Transfer,3,61,1.8,-0.27,0.683,1,0,15,2.93,0.574,0.306,49.0,3,1.0
Student_0063,T2_Spring,Program_B,First_Year,2,36,2.8,-0.03,0.906,0,0,18,5.15,1.0,0.231,84.8,4,0.0
Student_0064,T2_Spring,Program_A,First_Year,4,106,2.62,-0.07,0.915,0,1,15,4.49,0.95,0.0,71.6,3,0.0
Student_0066,T2_Spring,Program_D,First_Year,2,51,2.89,0.71,0.872,0,0,18,4.59,0.943,0.147,98.2,6,0.0
Student_0067,T2_Spring,Program_D,First_Year,1,19,3.56,0.0,0.997,0,1,9,2.46,0.842,0.26,89.2,6,0.0
Student_0069,T2_Spring,Program_D,First_Year,2,52,3.25,0.15,1.0,0,2,15,4.43,0.809,0.086,85.8,0,1.0
Student_0071,T2_Spring,Program_A,Transfer,3,80,2.82,-0.05,0.995,0,0,15,2.79,0.832,0.202,83.6,4,1.0
Student_0072,T2_Spring,Program_D,First_Year,1,13,2.48,-0.31,0.842,0,1,15,3.51,0.834,0.275,65.2,4,0.0
Student_0073,T2_Spring,Program_D,First_Year,4,85,3.18,0.04,0.962,0,0,15,4.22,0.824,0.242,100.0,0,0.0
Student_0074,T2_Spring,Program_D,First_Year,3,67,2.38,0.03,0.919,0,0,15,3.02,0.858,0.188,71.9,3,0.0
Student_0075,T2_Spring,Program_B,First_Year,3,77,2.08,0.21,0.711,1,1,15,5.18,0.91,0.179,58.9,3,1.0
Student_0076,T2_Spring,Program_C,First_Year,1,19,2.48,-0.18,0.792,0,0,15,3.87,0.63,0.215,64.0,1,1.0
Student_0077,T2_Spring,Program_D,Transfer,3,66,2.5,-0.03,0.984,0,1,15,3.83,0.986,0.036,93.6,0,0.0
Student_0080,T2_Spring,Program_C,Transfer,2,29,3.12,0.09,0.997,0,0,15,6.8,1.0,0.039,84.7,0,0.0
Student_0081,T2_Spring,Program_B,First_Year,1,13,3.38,-0.26,0.964,0,1,15,4.33,0.942,0.102,89.9,2,0.0
Student_0084,T2_Spring,Program_A,First_Year,2,41,1.91,-0.64,0.873,1,0,15,4.56,0.928,0.242,77.2,4,0.0
Student_0085,T2_Spring,Program_A,First_Year,2,35,1.92,-0.2,0.535,3,1,9,3.46,0.96,0.373,82.1,4,0.0
Student_0086,T2_Spring,Program_A,First_Year,4,94,2.45,0.3,0.872,0,0,15,4.6,0.998,0.081,73.4,3,0.0
Student_0087,T2_Spring,Program_C,Transfer,1,11,2.45,0.57,0.909,0,1,9,3.24,0.898,0.229,69.1,0,0.0
Student_0088,T2_Spring,Program_D,First_Year,4,107,2.35,0.18,0.859,0,0,15,5.75,1.0,0.099,96.8,1,1.0
Student_0089,T2_Spring,Program_D,First_Year,4,105,2.11,0.08,0.783,0,0,15,3.17,0.812,0.225,81.8,2,1.0
Student_0092,T2_Spring,Program_A,First_Year,2,52,3.3,-0.45,0.958,0,0,9,4.54,0.791,0.241,83.2,1,0.0
Student_0093,T2_Spring,Program_C,First_Year,2,27,2.25,0.28,0.732,1,0,18,4.58,0.922,0.056,50.5,0,0.0
Student_0094,T2_Spring,Program_B,First_Year,3,80,2.81,0.49,0.83,0,0,15,6.23,1.0,0.0,77.9,0,0.0
Student_0095,T2_Spring,Program_B,Transfer,4,108,2.91,-0.2,0.913,0,1,12,4.41,0.858,0.246,87.7,2,0.0
Student_0097,T2_Spring,Program_A,First_Year,4,103,1.63,-0.13,0.623,1,1,15,3.37,0.948,0.088,65.9,2,1.0
Student_0098,T2_Spring,Program_D,First_Year,2,29,2.13,0.86,0.891,0,0,15,5.84,1.0,0.0,81.3,0,0.0
Student_0099,T2_Spring,Program_D,First_Year,4,89,3.43,-0.23,0.839,0,0,12,3.9,0.912,0.241,71.8,0,0.0
Student_0100,T2_Spring,Program_A,First_Year,1,16,3.92,0.17,0.814,1,0,9,3.84,0.918,0.168,98.1,4,0.0
Student_0102,T2_Spring,Program_B,First_Year,3,74,2.89,-0.13,0.807,0,1,15,4.67,0.823,0.155,79.8,3,0.0
Student_0103,T2_Spring,Program_D,Transfer,3,73,2.85,0.17,0.888,0,0,15,5.05,0.976,0.15,79.1,3,0.0
Student_0104,T2_Spring,Program_B,Transfer,2,34,3.66,0.49,1.0,0,0,15,3.49,1.0,0.086,95.9,0,0.0
Student_0105,T2_Spring,Program_A,Transfer,1,1,1.81,0.13,0.841,0,0,12,4.15,0.813,0.152,45.5,0,0.0
Student_0106,T2_Spring,Program_C,First_Year,1,15,4.0,0.24,1.0,0,0,15,4.19,0.796,0.267,98.1,1,0.0
Student_0107,T2_Spring,Program_D,Transfer,1,25,2.98,-0.23,0.507,3,2,15,1.98,0.819,0.148,78.3,2,1.0
Student_0108,T2_Spring,Program_C,Transfer,3,66,2.71,-0.26,0.934,0,0,12,2.98,0.831,0.188,68.9,1,0.0
Student_0109,T2_Spring,Program_A,First_Year,3,61,3.16,0.64,1.0,0,0,12,4.32,1.0,0.01,100.0,1,0.0
Student_0111,T2_Spring,Program_C,First_Year,4,101,2.54,-0.3,0.792,0,1,12,5.01,0.8,0.258,83.0,0,0.0
Student_0112,T2_Spring,Program_B,First_Year,1,7,1.77,-0.43,0.796,0,1,12,3.67,0.869,0.255,48.4,2,1.0
Student_0113,T2_Spring,Program_D,First_Year,1,23,2.35,0.05,0.797,0,0,15,4.2,0.881,0.241,74.5,4,0.0
Student_0114,T2_Spring,Program_B,First_Year,2,38,2.71,0.81,0.837,1,0,15,3.69,1.0,0.082,72.7,7,0.0
Student_0115,T2_Spring,Program_A,Transfer,3,79,2.26,0.61,0.763,0,1,12,4.24,0.823,0.373,87.0,2,0.0
Student_0116,T2_Spring,Program_C,First_Year,3,62,2.58,0.26,0.806,1,0,9,4.64,1.0,0.238,60.9,0,0.0
Student_0119,T2_Spring,Program_C,Transfer,4,91,1.45,0.01,0.694,1,0,15,4.6,0.919,0.271,64.8,2,0.0
Student_0120,T2_Spring,Program_D,First_Year,3,79,2.47,-0.05,0.766,2,0,15,4.12,0.803,0.227,79.8,3,0.0
Student_0121,T2_Spring,Program_C,First_Year,4,105,1.97,-0.4,0.663,1,0,15,0.58,0.777,0.317,65.3,9,0.0
Student_0122,T2_Spring,Program_A,First_Year,3,79,1.41,-0.23,0.741,0,0,15,5.03,0.818,0.385,54.4,1,1.0
Student_0124,T2_Spring,Program_B,Transfer,3,81,3.01,0.03,0.972,0,0,15,7.0,1.0,0.061,84.4,0,0.0
Student_0126,T2_Spring,Program_D,First_Year,3,62,2.15,-0.11,0.492,2,0,12,4.48,0.916,0.089,68.3,1,0.0
Student_0127,T2_Spring,Program_C,Transfer,1,27,2.09,-0.16,0.776,0,0,15,2.05,0.924,0.388,55.1,0,0.0
Student_0128,T2_Spring,Program_B,First_Year,2,27,2.86,0.17,0.798,2,0,15,4.31,0.939,0.171,79.3,0,0.0
Student_0131,T2_Spring,Program_B,Transfer,3,57,2.17,0.05,0.923,1,0,18,2.64,0.778,0.21,78.9,2,0.0
Student_0132,T2_Spring,Program_C,Transfer,3,74,2.36,0.74,0.867,0,0,15,4.74,0.827,0.093,74.4,0,0.0
Student_0133,T2_Spring,Program_A,Transfer,3,66,3.24,-0.4,0.857,0,0,18,3.49,0.784,0.074,78.6,4,0.0
Student_0134,T2_Spring,Program_C,First_Year,2,52,3.34,0.01,0.777,0,1,15,2.35,0.748,0.333,59.1,5,0.0
Student_0135,T2_Spring,Program_A,First_Year,4,101,2.61,0.22,0.932,0,1,15,4.09,0.975,0.157,80.5,0,0.0
Student_0136,T2_Spring,Program_D,Transfer,4,94,0.88,-0.08,0.661,0,1,15,4.55,0.852,0.304,71.9,2,0.0
Student_0137,T2_Spring,Program_A,First_Year,4,81,3.19,0.05,0.931,0,0,12,4.04,0.786,0.134,88.9,2,0.0
Student_0138,T2_Spring,Program_A,First_Year,2,46,2.9,0.42,0.86,0,0,12,5.45,1.0,0.076,89.4,3,0.0
Student_0140,T2_Spring,Program_A,First_Year,2,31,2.06,0.54,0.833,0,2,12,2.84,0.993,0.196,78.7,3,1.0
Student_0141,T2_Spring,Program_B,Transfer,2,31,3.41,0.19,0.861,0,0,18,2.9,0.858,0.232,86.4,2,0.0
Student_0142,T2_Spring,Program_D,Transfer,4,106,3.0,0.08,0.834,1,0,18,5.33,1.0,0.0,72.7,1,0.0
Student_0143,T2_Spring,Program_D,First_Year,2,39,3.24,0.61,0.976,0,0,15,5.37,0.977,0.008,100.0,3,0.0
Student_0144,T2_Spring,Program_D,First_Year,2,42,3.28,0.09,1.0,0,0,15,5.03,1.0,0.079,88.9,0,0.0
Student_0145,T2_Spring,Program_A,First_Year,4,90,3.02,-0.09,0.854,0,0,15,5.28,1.0,0.0,75.1,2,0.0
Student_0146,T2_Spring,Program_B,First_Year,2,39,2.78,-0.1,0.83,0,0,15,5.12,0.915,0.057,75.8,2,0.0
Student_0147,T2_Spring,Program_D,First_Year,1,20,2.78,0.05,0.925,0,1,15,5.45,0.946,0.188,83.3,0,0.0
Student_0148,T2_Spring,Program_D,First_Year,4,91,2.12,0.07,0.674,1,0,15,6.82,0.92,0.077,67.5,0,0.0
Student_0150,T2_Spring,Program_C,First_Year,3,71,2.47,0.36,0.768,1,0,9,6.01,0.947,0.095,66.5,0,0.0
Student_0151,T2_Spring,Program_B,Transfer,3,54,3.05,0.24,0.903,1,0,15,3.82,0.968,0.0,82.5,2,0.0
Student_0153,T2_Spring,Program_C,Transfer,4,87,2.78,-0.32,0.712,1,1,15,3.33,0.767,0.364,68.8,0,0.0
Student_0154,T2_Spring,Program_D,Transfer,3,79,2.69,0.45,0.997,0,0,15,4.28,0.887,0.234,93.8,4,0.0
Student_0155,T2_Spring,Program_D,Transfer,2,39,3.95,-0.11,1.0,0,0,18,2.89,0.89,0.187,100.0,2,1.0
Student_0156,T2_Spring,Program_A,Transfer,1,4,2.43,-0.0,0.836,0,0,12,4.71,0.824,0.19,92.4,0,0.0
Student_0157,T2_Spring,Program_C,Transfer,1,27,2.14,-0.15,0.754,0,1,15,3.87,0.862,0.286,71.5,3,0.0
Student_0158,T2_Spring,Program_A,First_Year,2,46,3.17,0.41,0.825,1,0,15,5.82,0.961,0.091,94.3,1,0.0
Student_0159,T2_Spring,Program_B,Transfer,1,15,2.02,0.59,0.771,1,0,18,3.92,0.972,0.025,80.8,1,0.0
Student_0160,T2_Spring,Program_D,First_Year,1,23,2.4,0.08,0.776,0,1,15,3.05,0.752,0.318,78.0,3,0.0
Student_0161,T2_Spring,Program_A,First_Year,1,24,2.17,0.1,0.799,1,1,15,4.28,0.821,0.158,76.8,2,0.0
Student_0162,T2_Spring,Program_C,First_Year,3,65,3.01,-0.22,0.938,0,0,18,3.08,0.815,0.309,89.9,1,0.0
Student_0164,T2_Spring,Program_C,First_Year,2,40,3.3,0.02,0.871,0,0,15,6.44,1.0,0.187,87.5,0,0.0
Student_0165,T2_Spring,Program_A,First_Year,4,98,2.21,0.22,0.805,1,0,15,2.27,0.806,0.349,68.4,2,0.0
Student_0168,T2_Spring,Program_D,First_Year,3,69,3.07,0.95,0.963,0,1,15,4.28,0.989,0.107,100.0,3,0.0
Student_0170,T2_Spring,Program_C,Transfer,1,26,3.01,-0.73,0.871,0,0,9,3.09,0.971,0.284,64.9,0,0.0
Student_0171,T2_Spring,Program_C,Transfer,2,39,3.24,0.24,1.0,0,1,15,4.26,0.934,0.12,88.6,1,0.0
Student_0174,T2_Spring,Program_A,First_Year,3,75,2.35,-0.13,0.867,0,0,15,3.72,0.741,0.13,73.0,0,0.0
Student_0176,T2_Spring,Program_D,First_Year,4,99,2.67,0.11,0.836,1,0,15,5.2,0.956,0.0,84.5,0,0.0
Student_0177,T2_Spring,Program_D,Transfer,3,60,1.99,-0.1,0.904,0,0,15,3.75,0.979,0.173,74.6,2,0.0
Student_0178,T2_Spring,Program_B,First_Year,1,0,2.83,0.44,0.954,0,1,15,4.63,0.98,0.154,79.8,0,0.0
Student_0179,T2_Spring,Program_C,First_Year,1,13,3.22,-0.4,0.833,0,0,9,4.92,0.804,0.233,90.0,1,1.0
Student_0180,T2_Spring,Program_A,Transfer,2,45,3.23,0.74,0.869,0,1,12,5.62,0.885,0.027,91.8,3,1.0
Student_0181,T2_Spring,Program_C,Transfer,2,41,2.84,-0.12,0.766,0,0,9,2.85,0.839,0.246,77.7,5,0.0
Student_0183,T2_Spring,Program_D,First_Year,2,34,2.05,-0.1,0.688,1,1,15,2.68,0.768,0.328,85.1,0,1.0
Student_0185,T2_Spring,Program_B,First_Year,2,48,2.3,-0.04,0.933,0,0,15,4.5,0.931,0.091,88.4,2,0.0
Student_0187,T2_Spring,Program_D,First_Year,1,24,3.12,0.16,1.0,0,0,15,3.08,0.993,0.128,79.4,3,0.0
Student_0188,T2_Spring,Program_D,First_Year,3,70,3.23,0.43,0.957,0,0,15,5.45,0.93,0.072,85.7,0,0.0
Student_0189,T2_Spring,Program_C,First_Year,3,70,2.71,-0.06,0.678,2,0,15,1.92,0.891,0.145,57.4,3,1.0
Student_0190,T2_Spring,Program_D,Transfer,3,75,1.8,-0.07,0.721,1,1,12,4.01,0.849,0.268,81.3,2,0.0
Student_0191,T2_Spring,Program_C,First_Year,4,106,2.95,-0.01,0.856,1,1,18,4.19,0.91,0.025,56.8,0,0.0
Student_0192,T2_Spring,Program_B,First_Year,2,36,2.45,-0.23,0.711,1,1,15,1.93,0.8,0.207,87.2,7,1.0
Student_0193,T2_Spring,Program_C,Transfer,3,63,2.74,-0.05,0.914,0,0,15,4.77,0.875,0.157,73.3,5,0.0
Student_0194,T2_Spring,Program_A,First_Year,3,81,2.58,-0.46,0.822,0,0,18,3.86,0.853,0.135,76.9,0,0.0
Student_0195,T2_Spring,Program_D,First_Year,3,81,3.11,0.18,0.784,0,0,15,2.08,0.809,0.283,87.4,4,0.0
Student_0197,T2_Spring,Program_B,First_Year,1,7,3.14,0.05,0.909,1,0,18,3.11,0.901,0.039,88.2,3,0.0
Student_0198,T2_Spring,Program_B,First_Year,1,4,2.94,-0.22,0.822,1,0,12,4.08,0.927,0.183,94.4,5,1.0
Student_0199,T2_Spring,Program_A,First_Year,4,89,2.05,0.1,0.574,1,0,12,3.46,1.0,0.176,70.5,3,0.0
Student_0200,T2_Spring,Program_B,First_Year,1,27,2.47,-0.01,0.822,0,0,12,3.86,0.947,0.22,70.1,0,0.0
Student_0201,T2_Spring,Program_A,Transfer,3,79,1.88,0.34,0.716,1,0,12,4.59,0.984,0.086,78.3,0,0.0
Student_0202,T2_Spring,Program_A,Transfer,1,1,3.08,-0.23,0.916,0,0,15,3.16,0.755,0.281,76.9,8,1.0
Student_0203,T2_Spring,Program_D,Transfer,1,0,3.07,0.53,0.968,0,0,12,4.16,0.806,0.155,94.3,6,0.0
Student_0204,T2_Spring,Program_B,First_Year,2,46,2.69,0.02,0.776,0,0,12,2.4,0.847,0.391,65.0,5,0.0
Student_0205,T2_Spring,Program_D,First_Year,1,4,3.26,-0.29,0.917,0,0,12,2.65,0.872,0.298,83.3,2,0.0
Student_0206,T2_Spring,Program_C,First_Year,1,25,1.85,0.19,0.731,0,1,12,3.43,0.8,0.058,56.9,1,0.0
Student_0207,T2_Spring,Program_D,First_Year,1,27,2.7,-0.49,0.78,1,1,12,2.9,0.943,0.0,49.5,0,0.0
Student_0208,T2_Spring,Program_A,First_Year,2,51,3.02,0.13,0.751,0,0,15,3.23,0.687,0.264,79.0,3,0.0
Student_0209,T2_Spring,Program_B,Transfer,3,79,3.31,0.76,0.911,0,1,12,4.61,0.846,0.084,100.0,0,0.0
Student_0211,T2_Spring,Program_B,Transfer,1,9,2.93,0.08,0.739,2,1,15,5.04,0.873,0.166,78.1,4,0.0
Student_0214,T2_Spring,Program_D,First_Year,1,9,2.27,0.07,0.791,0,0,15,4.34,0.954,0.207,69.4,4,0.0
Student_0215,T2_Spring,Program_D,First_Year,4,107,2.09,0.13,0.803,1,0,9,3.54,0.785,0.269,68.8,0,1.0
Student_0216,T2_Spring,Program_D,First_Year,4,93,3.69,0.03,0.944,0,0,15,4.01,0.844,0.292,77.1,0,0.0
Student_0217,T2_Spring,Program_D,First_Year,1,25,3.1,0.06,0.91,0,0,15,5.12,0.969,0.084,75.4,0,0.0
Student_0219,T2_Spring,Program_B,Transfer,2,43,3.91,0.47,1.0,0,1,15,6.24,1.0,0.0,90.8,3,0.0
Student_0220,T2_Spring,Program_A,Transfer,1,12,1.96,0.34,0.676,1,0,15,3.1,0.84,0.192,60.8,2,0.0
Student_0221,T2_Spring,Program_C,First_Year,2,35,2.76,0.31,0.919,0,0,18,3.7,0.952,0.122,97.6,1,0.0
Student_0222,T2_Spring,Program_A,Transfer,1,19,2.14,-0.17,0.687,1,1,15,4.11,0.877,0.266,67.3,2,1.0
Student_0223,T2_Spring,Program_C,First_Year,1,17,2.95,-0.23,0.72,1,0,12,5.95,0.838,0.251,84.7,0,1.0
Student_0224,T2_Spring,Program_A,Transfer,1,17,2.28,-0.08,0.902,0,0,15,4.01,0.803,0.113,75.2,5,0.0
Student_0225,T2_Spring,Program_D,First_Year,3,77,2.55,0.42,0.89,0,1,18,3.7,0.886,0.017,78.5,7,0.0
Student_0226,T2_Spring,Program_C,First_Year,4,89,2.93,0.45,0.824,0,0,15,4.87,1.0,0.079,82.7,0,0.0
Student_0227,T2_Spring,Program_A,First_Year,1,18,2.45,-0.11,0.786,0,0,12,3.38,0.856,0.128,74.7,2,0.0
Student_0229,T2_Spring,Program_A,First_Year,4,95,2.49,-1.08,0.83,0,0,12,3.59,0.848,0.225,78.7,0,1.0
Student_0231,T2_Spring,Program_C,Transfer,4,90,2.86,0.37,0.934,0,0,15,3.8,0.959,0.194,89.8,2,0.0
Student_0232,T2_Spring,Program_D,First_Year,4,92,3.57,0.35,0.842,1,0,12,6.0,0.804,0.251,90.5,1,0.0
Student_0234,T2_Spring,Program_D,First_Year,1,17,3.53,-0.37,0.958,0,0,15,4.95,0.763,0.163,84.9,0,0.0
Student_0235,T2_Spring,Program_A,First_Year,1,19,2.23,0.25,0.846,0,0,12,4.11,0.996,0.009,60.8,0,0.0
Student_0238,T2_Spring,Program_A,Transfer,1,9,2.46,-0.68,0.742,0,1,12,4.79,0.704,0.273,67.9,2,0.0
Student_0240,T2_Spring,Program_B,First_Year,1,3,2.89,0.11,0.909,0,0,15,4.12,0.862,0.166,81.3,1,0.0
Student_0241,T2_Spring,Program_A,First_Year,4,101,3.07,0.6,0.616,2,1,18,5.48,1.0,0.051,84.3,2,1.0
Student_0242,T2_Spring,Program_A,First_Year,4,99,2.37,0.24,0.839,0,0,15,4.06,0.756,0.216,70.3,5,1.0
Student_0243,T2_Spring,Program_D,First_Year,1,8,3.59,0.16,0.83,0,0,18,4.27,0.859,0.148,85.9,3,0.0
Student_0244,T2_Spring,Program_A,First_Year,3,78,2.67,0.43,0.844,1,0,15,4.06,0.967,0.033,92.8,5,0.0
Student_0245,T2_Spring,Program_C,First_Year,3,62,2.13,0.51,0.848,0,1,12,3.25,0.771,0.243,79.6,5,1.0
Student_0246,T2_Spring,Program_B,Transfer,2,41,2.05,-0.85,0.922,0,0,12,5.45,0.871,0.0,55.6,5,1.0
Student_0247,T2_Spring,Program_D,First_Year,4,95,2.84,0.42,0.804,0,0,15,5.09,0.878,0.159,73.3,4,0.0
Student_0248,T2_Spring,Program_A,First_Year,4,88,3.88,0.09,1.0,0,0,18,4.43,0.98,0.146,94.8,0,0.0
Student_0250,T2_Spring,Program_C,First_Year,2,36,2.82,-0.28,0.825,1,1,15,4.61,0.841,0.227,92.3,2,1.0
Student_0251,T2_Spring,Program_B,Transfer,3,54,3.15,0.9,0.96,0,0,15,4.36,1.0,0.037,100.0,1,0.0
Student_0253,T2_Spring,Program_D,Transfer,4,93,2.77,1.0,0.724,1,0,18,4.43,0.951,0.279,80.0,2,0.0
Student_0254,T2_Spring,Program_B,First_Year,2,50,2.73,-0.36,0.749,0,2,12,3.55,0.736,0.377,78.1,1,0.0
Student_0255,T2_Spring,Program_A,First_Year,3,60,2.47,-0.45,0.84,1,0,15,3.26,0.693,0.32,51.7,2,1.0
Student_0256,T2_Spring,Program_B,Transfer,3,62,2.39,-0.1,0.88,1,0,18,6.75,1.0,0.262,74.0,2,0.0
Student_0257,T2_Spring,Program_B,First_Year,2,44,2.1,-0.37,0.834,0,0,15,3.39,0.823,0.291,67.0,1,0.0
Student_0258,T2_Spring,Program_D,First_Year,1,3,2.48,0.77,0.722,0,0,12,5.12,0.972,0.17,74.0,2,0.0
Student_0259,T2_Spring,Program_C,First_Year,3,69,2.71,-0.03,0.685,1,0,12,4.39,1.0,0.097,66.4,0,1.0
Student_0260,T2_Spring,Program_C,First_Year,1,5,3.72,-0.21,0.952,0,0,18,2.75,0.787,0.338,86.3,0,0.0
Student_0262,T2_Spring,Program_A,First_Year,1,4,2.24,-0.42,0.834,0,2,15,5.47,0.762,0.248,81.9,2,1.0
Student_0263,T2_Spring,Program_A,First_Year,1,15,2.04,0.21,0.931,0,0,15,5.95,1.0,0.0,84.0,0,0.0
Student_0265,T2_Spring,Program_C,First_Year,3,70,2.64,-0.03,1.0,0,1,9,4.83,0.955,0.118,100.0,3,0.0
Student_0266,T2_Spring,Program_B,First_Year,1,5,2.94,-0.15,0.672,2,1,12,4.13,0.956,0.246,81.5,2,0.0
Student_0267,T2_Spring,Program_A,First_Year,1,11,2.79,0.04,0.836,0,0,18,3.0,0.737,0.302,76.2,6,0.0
Student_0268,T2_Spring,Program_B,Transfer,2,38,2.6,0.03,0.956,0,0,15,4.0,0.943,0.171,77.5,2,0.0
Student_0269,T2_Spring,Program_A,Transfer,2,45,2.45,-0.29,0.777,1,2,18,1.65,0.749,0.305,67.4,1,0.0
Student_0270,T2_Spring,Program_B,First_Year,3,80,2.23,-0.37,0.741,0,0,12,4.48,0.857,0.152,77.0,0,1.0
Student_0271,T2_Spring,Program_A,First_Year,2,42,2.68,-0.14,0.916,0,0,15,3.96,0.809,0.222,78.5,4,0.0
Student_0272,T2_Spring,Program_C,Transfer,4,90,2.42,0.1,0.816,0,1,12,4.36,0.83,0.077,74.2,3,0.0
Student_0274,T2_Spring,Program_C,Transfer,4,106,2.98,-0.07,0.856,1,0,12,2.92,0.829,0.293,87.5,0,0.0
Student_0275,T2_Spring,Program_C,First_Year,2,45,2.75,-0.23,0.833,0,0,15,3.16,0.787,0.138,86.2,0,0.0
Student_0276,T2_Spring,Program_C,First_Year,2,40,3.46,0.17,0.84,1,0,12,3.55,0.888,0.191,79.3,5,0.0
Student_0277,T2_Spring,Program_C,First_Year,4,90,2.23,-0.17,0.742,1,1,15,3.48,0.953,0.177,79.1,4,0.0
Student_0278,T2_Spring,Program_A,Transfer,2,34,3.12,-0.22,0.904,0,1,15,3.87,0.985,0.029,77.6,0,0.0
Student_0280,T2_Spring,Program_A,First_Year,2,30,2.59,0.32,0.666,1,1,15,3.92,0.789,0.264,71.5,0,0.0
Student_0282,T2_Spring,Program_C,Transfer,3,79,2.63,0.13,0.843,0,0,18,4.21,0.754,0.299,75.8,1,0.0
Student_0287,T2_Spring,Program_C,Transfer,2,53,2.33,0.4,0.936,0,0,12,5.19,1.0,0.045,90.4,0,0.0
Student_0288,T2_Spring,Program_A,Transfer,3,76,3.33,0.0,1.0,0,0,12,5.88,1.0,0.083,75.9,2,0.0
Student_0289,T2_Spring,Program_D,First_Year,4,108,2.53,-0.25,0.63,2,1,15,1.78,0.705,0.345,66.4,4,0.0
Student_0290,T2_Spring,Program_A,First_Year,1,25,2.75,0.43,0.884,1,0,12,2.81,1.0,0.068,79.1,5,0.0
Student_0291,T2_Spring,Program_B,First_Year,4,88,2.33,-0.55,0.874,0,1,15,4.39,0.975,0.113,74.9,1,0.0
Student_0292,T2_Spring,Program_C,Transfer,1,0,3.6,0.1,0.928,0,0,18,5.08,0.951,0.242,96.2,6,0.0
Student_0293,T2_Spring,Program_C,Transfer,2,35,2.0,-0.31,0.54,2,1,15,3.65,0.784,0.151,64.3,4,0.0
Student_0294,T2_Spring,Program_C,First_Year,2,29,2.78,-0.3,0.765,0,0,15,3.49,0.903,0.167,79.3,4,0.0
Student_0295,T2_Spring,Program_B,Transfer,3,56,2.45,-0.41,0.573,0,2,15,2.98,0.568,0.354,59.2,0,1.0
Student_0296,T2_Spring,Program_C,Transfer,2,33,2.84,-0.16,0.71,1,0,15,2.35,0.935,0.281,81.8,7,0.0
Student_0297,T2_Spring,Program_C,First_Year,3,75,2.6,1.0,0.764,0,0,15,3.98,0.997,0.224,70.5,0,0.0
Student_0298,T2_Spring,Program_D,First_Year,1,0,2.38,-0.09,0.795,0,2,18,3.52,0.868,0.188,61.5,3,0.0
Student_0300,T2_Spring,Program_A,First_Year,4,88,2.32,0.03,0.838,0,1,9,3.24,0.841,0.289,74.6,1,0.0
Student_0301,T2_Spring,Program_A,First_Year,3,73,2.76,-0.55,0.879,0,1,18,4.41,0.783,0.3,87.8,0,0.0
Student_0302,T2_Spring,Program_B,First_Year,3,66,3.5,0.05,0.926,0,1,15,4.37,0.789,0.261,99.4,3,1.0
Student_0303,T2_Spring,Program_A,First_Year,4,102,2.87,0.02,0.825,0,1,15,5.73,1.0,0.0,93.0,0,0.0
Student_0304,T2_Spring,Program_B,First_Year,2,29,1.57,-0.07,0.628,2,0,12,2.1,0.693,0.267,75.7,2,0.0
Student_0305,T2_Spring,Program_D,Transfer,3,73,3.35,-0.42,0.776,1,0,15,1.99,0.81,0.172,66.6,4,1.0
Student_0306,T2_Spring,Program_B,First_Year,3,69,2.9,-0.3,0.712,2,0,15,6.33,1.0,0.0,79.8,0,0.0
Student_0307,T2_Spring,Program_C,First_Year,3,58,3.23,0.36,0.706,2,0,12,4.72,0.887,0.259,91.1,1,0.0
Student_0308,T2_Spring,Program_D,First_Year,1,5,2.85,-0.5,0.945,0,0,12,3.05,0.789,0.152,81.7,4,0.0
Student_0309,T2_Spring,Program_D,First_Year,1,24,3.26,-0.42,0.971,0,0,18,2.32,0.756,0.265,73.1,4,1.0
Student_0310,T2_Spring,Program_D,Transfer,2,43,3.91,0.01,0.901,1,0,12,3.06,0.78,0.284,96.0,2,1.0
Student_0311,T2_Spring,Program_B,First_Year,3,56,2.84,-0.27,0.896,1,0,12,3.7,0.801,0.317,83.6,2,1.0
Student_0313,T2_Spring,Program_C,Transfer,3,68,1.41,0.13,0.588,2,1,15,4.62,0.83,0.163,65.6,1,0.0
Student_0314,T2_Spring,Program_A,Transfer,3,68,2.46,-0.72,0.864,0,0,15,4.13,0.779,0.172,78.3,0,1.0
Student_0315,T2_Spring,Program_A,First_Year,1,23,3.14,0.16,0.956,0,0,15,4.85,1.0,0.229,96.1,2,0.0
Student_0317,T2_Spring,Program_B,First_Year,2,45,2.17,0.32,0.806,0,1,15,5.65,0.822,0.192,100.0,0,0.0
Student_0318,T2_Spring,Program_B,First_Year,4,103,2.4,0.08,0.875,0,1,9,4.61,0.888,0.185,69.7,0,0.0
Student_0319,T2_Spring,Program_A,First_Year,2,30,2.67,-0.37,0.651,2,0,15,3.99,0.916,0.145,79.9,4,0.0
Student_0320,T2_Spring,Program_B,First_Year,4,100,3.05,0.61,0.859,1,0,18,3.62,0.852,0.196,71.6,4,0.0
Student_0321,T2_Spring,Program_D,Transfer,3,70,2.76,0.31,0.988,0,0,9,4.46,0.778,0.208,78.9,0,0.0
Student_0322,T2_Spring,Program_B,First_Year,1,23,2.66,0.41,0.873,0,1,9,3.06,0.929,0.091,72.1,0,0.0
Student_0323,T2_Spring,Program_B,First_Year,1,13,3.06,0.13,0.982,0,0,12,4.78,1.0,0.043,74.5,5,0.0
Student_0325,T2_Spring,Program_C,First_Year,3,55,1.81,-0.3,0.846,0,0,15,3.12,0.794,0.273,79.6,5,0.0
Student_0326,T2_Spring,Program_B,Transfer,3,69,2.79,0.09,0.88,0,0,9,2.49,0.782,0.373,79.2,2,0.0
Student_0327,T2_Spring,Program_A,Transfer,3,66,2.6,-0.32,1.0,0,0,15,4.33,1.0,0.146,79.3,4,0.0
Student_0328,T2_Spring,Program_A,Transfer,2,49,3.62,-0.34,0.929,0,1,15,4.97,0.883,0.153,82.8,0,0.0
Student_0329,T2_Spring,Program_A,First_Year,2,34,2.07,0.04,0.821,1,0,12,3.85,0.919,0.028,67.7,3,0.0
Student_0330,T2_Spring,Program_A,First_Year,1,22,2.69,-0.88,0.92,0,0,15,2.98,0.733,0.256,74.6,2,1.0
Student_0332,T2_Spring,Program_D,Transfer,1,27,2.89,-0.83,0.881,0,0,12,1.78,0.59,0.393,81.4,10,1.0
Student_0333,T2_Spring,Program_A,First_Year,1,9,2.76,-0.19,0.876,0,0,12,3.83,0.967,0.157,72.2,1,0.0
Student_0334,T2_Spring,Program_A,Transfer,2,42,3.55,-0.45,0.979,0,0,15,3.71,0.94,0.161,81.8,3,0.0
Student_0335,T2_Spring,Program_D,First_Year,3,70,2.54,0.04,0.835,0,0,15,4.46,0.858,0.247,75.5,3,0.0
Student_0336,T2_Spring,Program_A,First_Year,3,74,3.24,0.01,0.971,0,1,12,5.97,0.882,0.015,86.6,0,0.0
Student_0337,T2_Spring,Program_A,Transfer,2,40,2.39,-0.22,0.922,0,0,15,3.62,0.797,0.172,70.0,3,0.0
Student_0338,T2_Spring,Program_B,Transfer,4,90,2.09,0.14,0.73,1,0,12,3.27,0.729,0.201,82.7,0,0.0
Student_0339,T2_Spring,Program_B,First_Year,4,91,3.52,-0.1,0.926,0,0,18,2.93,0.726,0.276,89.2,0,0.0
Student_0340,T2_Spring,Program_D,Transfer,2,49,2.33,-0.19,0.696,0,0,18,4.76,0.88,0.269,63.7,1,0.0
Student_0341,T2_Spring,Program_A,Transfer,3,78,3.59,0.03,1.0,0,0,15,2.87,0.79,0.244,90.4,5,0.0
Student_0343,T2_Spring,Program_B,First_Year,2,37,2.72,0.6,0.822,1,0,15,3.14,0.915,0.144,84.0,0,0.0
Student_0344,T2_Spring,Program_A,First_Year,1,5,2.77,-0.03,0.72,1,0,12,3.12,0.926,0.202,72.7,3,0.0
Student_0345,T2_Spring,Program_B,First_Year,3,57,2.19,-0.34,0.815,0,0,9,4.29,0.979,0.258,70.2,2,0.0
Student_0346,T2_Spring,Program_A,Transfer,1,11,2.95,0.03,0.936,0,1,15,6.21,1.0,0.073,84.7,0,0.0
Student_0347,T2_Spring,Program_C,First_Year,3,70,2.0,0.22,0.697,1,0,9,3.46,0.752,0.379,68.5,0,0.0
Student_0348,T2_Spring,Program_B,First_Year,3,64,2.58,-0.32,0.835,0,2,18,3.4,0.693,0.295,93.6,6,1.0
Student_0349,T2_Spring,Program_D,Transfer,2,38,2.22,-0.12,0.893,0,0,18,3.73,0.744,0.167,80.7,2,1.0
Student_0350,T2_Spring,Program_A,First_Year,2,52,2.48,-0.88,0.807,0,1,15,2.96,0.708,0.354,70.3,3,1.0
Student_0351,T2_Spring,Program_A,Transfer,3,64,2.48,0.12,0.88,0,0,15,3.91,0.671,0.232,91.6,0,0.0
Student_0352,T2_Spring,Program_B,First_Year,1,6,2.11,0.15,0.86,1,0,12,4.58,0.947,0.042,72.1,0,1.0
Student_0354,T2_Spring,Program_D,Transfer,2,47,2.97,-0.08,0.898,0,0,9,3.66,0.822,0.207,86.3,4,0.0
Student_0355,T2_Spring,Program_D,Transfer,4,93,3.05,-0.47,0.866,0,0,18,5.3,0.987,0.096,84.6,3,0.0
Student_0356,T2_Spring,Program_D,First_Year,2,45,2.54,0.49,0.923,0,0,12,4.02,0.873,0.208,78.7,0,0.0
Student_0357,T2_Spring,Program_A,Transfer,1,10,2.24,-0.16,0.825,0,0,18,2.45,0.883,0.27,60.0,6,1.0
Student_0358,T2_Spring,Program_D,Transfer,2,27,3.0,-1.17,0.987,0,1,15,3.46,0.723,0.211,71.1,3,0.0
Student_0360,T2_Spring,Program_A,Transfer,4,85,2.97,-0.3,0.904,0,0,15,2.9,0.969,0.252,69.8,2,0.0
Student_0362,T2_Spring,Program_C,Transfer,4,108,1.67,0.33,0.749,1,0,12,3.87,0.977,0.039,88.0,3,0.0
Student_0367,T2_Spring,Program_A,First_Year,1,13,3.33,-0.93,0.923,0,0,12,2.77,0.859,0.337,83.5,0,0.0
Student_0368,T2_Spring,Program_B,Transfer,4,102,2.3,0.31,0.86,0,0,15,5.15,0.794,0.214,85.1,3,0.0
Student_0369,T2_Spring,Program_A,Transfer,3,80,2.08,0.12,0.789,0,0,15,4.33,0.848,0.16,64.1,2,0.0
Student_0370,T2_Spring,Program_D,Transfer,3,73,2.83,-0.07,1.0,0,1,15,5.59,1.0,0.029,90.5,2,0.0
Student_0373,T2_Spring,Program_A,First_Year,2,49,1.62,0.79,0.612,1,1,18,5.22,0.958,0.05,71.6,5,0.0
Student_0374,T2_Spring,Program_D,First_Year,1,12,1.49,0.02,0.729,0,1,18,4.28,0.846,0.286,62.3,6,0.0
Student_0375,T2_Spring,Program_C,First_Year,1,13,2.76,0.19,0.921,0,0,15,4.54,0.824,0.151,68.4,4,0.0
Student_0376,T2_Spring,Program_A,Transfer,2,52,3.36,0.13,0.941,0,0,12,3.14,0.88,0.131,67.9,0,0.0
Student_0377,T2_Spring,Program_A,First_Year,4,100,3.68,-0.33,0.973,0,1,15,5.12,1.0,0.156,84.4,4,0.0
Student_0378,T2_Spring,Program_A,First_Year,3,56,2.37,0.36,0.965,0,0,15,4.66,0.918,0.102,75.6,0,0.0
Student_0379,T2_Spring,Program_B,Transfer,3,54,2.49,-0.02,0.853,0,1,15,5.28,0.869,0.231,77.4,0,0.0
Student_0380,T2_Spring,Program_B,Transfer,3,71,2.49,0.32,0.816,0,0,12,4.84,0.919,0.029,82.2,0,0.0
Student_0381,T2_Spring,Program_C,First_Year,1,21,2.6,0.03,0.803,0,0,18,3.78,0.859,0.192,85.1,3,0.0
Student_0382,T2_Spring,Program_B,First_Year,3,72,3.84,1.0,0.832,1,0,18,3.46,0.957,0.158,76.3,3,1.0
Student_0383,T2_Spring,Program_C,First_Year,2,36,1.92,0.2,0.769,1,0,12,4.22,0.862,0.162,62.5,2,0.0
Student_0385,T2_Spring,Program_A,First_Year,4,87,3.07,-0.22,0.777,1,1,18,2.84,0.85,0.225,87.2,3,0.0
Student_0386,T2_Spring,Program_C,First_Year,3,69,2.83,-0.37,0.883,0,0,18,3.18,0.569,0.433,70.4,3,0.0
Student_0387,T2_Spring,Program_D,First_Year,2,45,3.57,0.19,0.751,1,0,15,4.35,0.846,0.18,85.1,5,0.0
Student_0388,T2_Spring,Program_C,First_Year,3,81,3.27,-0.31,1.0,0,1,15,4.15,0.786,0.227,92.0,1,0.0
Student_0389,T2_Spring,Program_D,First_Year,1,9,2.2,-0.02,0.918,0,0,15,4.27,0.866,0.051,76.0,0,0.0
Student_0390,T2_Spring,Program_B,First_Year,3,75,2.56,0.21,0.822,0,0,18,2.48,1.0,0.267,86.1,1,0.0
Student_0392,T2_Spring,Program_B,First_Year,3,65,2.59,-0.51,0.686,2,0,15,3.56,0.709,0.229,67.1,2,1.0
Student_0393,T2_Spring,Program_C,First_Year,2,37,2.53,-0.65,0.844,1,0,12,3.26,0.87,0.35,90.7,2,0.0
Student_0394,T2_Spring,Program_C,Transfer,2,51,2.89,0.04,0.689,2,2,12,4.08,0.89,0.194,76.1,1,0.0
Student_0395,T2_Spring,Program_A,First_Year,1,16,2.07,-0.04,0.915,0,0,15,3.63,0.915,0.223,72.7,1,0.0
Student_0397,T2_Spring,Program_D,Transfer,2,37,1.72,-0.01,0.638,0,1,15,2.65,0.834,0.303,64.3,5,1.0
Student_0398,T2_Spring,Program_A,First_Year,1,10,2.91,0.23,0.744,1,0,12,5.21,1.0,0.117,88.0,3,0.0
Student_0399,T2_Spring,Program_A,Transfer,2,28,3.73,-0.02,0.894,0,0,18,3.51,0.91,0.229,88.2,4,0.0
Student_0400,T2_Spring,Program_D,Transfer,1,26,2.28,0.14,0.719,1,2,12,2.83,0.806,0.198,55.8,4,1.0
Student_0402,T2_Spring,Program_A,First_Year,2,27,2.61,-0.11,0.926,0,1,15,4.68,1.0,0.136,98.0,5,0.0
Student_0403,T2_Spring,Program_B,First_Year,3,63,3.13,0.16,0.872,0,0,18,3.76,0.864,0.201,91.3,0,0.0
Student_0405,T2_Spring,Program_B,First_Year,3,68,2.96,-0.25,0.986,0,0,15,4.73,0.998,0.071,84.4,1,1.0
Student_0406,T2_Spring,Program_A,First_Year,4,92,2.93,0.07,0.647,1,1,15,2.86,0.866,0.11,68.1,5,0.0
Student_0408,T2_Spring,Program_B,First_Year,1,4,2.58,0.11,0.871,0,0,15,3.62,0.931,0.015,69.0,1,1.0
Student_0409,T2_Spring,Program_B,First_Year,4,106,3.29,-0.17,0.781,0,0,18,4.99,0.922,0.174,89.5,0,0.0
Student_0410,T2_Spring,Program_C,First_Year,3,58,2.23,-0.4,0.86,0,0,12,1.49,0.762,0.334,59.3,4,1.0
Student_0411,T2_Spring,Program_D,First_Year,2,41,3.26,-0.53,0.926,0,0,12,2.53,0.889,0.278,86.7,2,0.0
Student_0412,T2_Spring,Program_B,Transfer,3,74,2.43,0.05,0.615,2,0,15,5.32,0.917,0.186,67.0,0,0.0
Student_0414,T2_Spring,Program_C,First_Year,4,85,3.42,-0.17,0.936,0,0,18,5.54,0.897,0.154,97.2,2,0.0
Student_0416,T2_Spring,Program_C,First_Year,1,18,2.14,-0.51,0.797,0,0,18,3.86,0.846,0.305,90.7,4,0.0
Student_0419,T2_Spring,Program_D,First_Year,1,3,3.25,-0.01,0.939,0,0,12,4.62,0.929,0.184,83.6,2,0.0
Student_0420,T2_Spring,Program_D,Transfer,2,29,1.86,-0.38,0.682,0,1,15,4.44,0.742,0.268,61.2,3,1.0
Student_0422,T2_Spring,Program_C,First_Year,4,86,2.83,0.94,0.761,1,0,15,5.21,1.0,0.061,75.9,0,1.0
Student_0423,T2_Spring,Program_C,Transfer,2,34,3.24,-0.19,0.823,0,2,15,3.77,0.954,0.15,60.1,0,0.0
Student_0424,T2_Spring,Program_D,Transfer,3,77,2.67,-0.12,0.774,0,2,15,3.73,0.858,0.252,88.8,1,0.0
Student_0425,T2_Spring,Program_D,First_Year,2,53,2.33,-0.42,0.771,1,0,12,2.01,0.881,0.316,73.8,3,0.0
Student_0426,T2_Spring,Program_A,First_Year,1,23,2.91,-0.29,0.799,0,0,15,3.45,0.823,0.19,75.5,6,0.0
Student_0427,T2_Spring,Program_C,First_Year,1,20,2.99,-0.12,0.775,0,1,18,3.8,0.864,0.265,85.4,4,0.0
Student_0428,T2_Spring,Program_A,Transfer,4,93,2.64,0.12,0.974,0,0,15,3.5,0.752,0.127,80.0,1,0.0
Student_0430,T2_Spring,Program_D,Transfer,2,31,2.12,0.01,0.948,0,1,15,4.07,0.706,0.207,67.0,0,0.0
Student_0431,T2_Spring,Program_A,Transfer,2,35,2.71,-0.06,0.903,0,0,12,2.91,0.956,0.33,80.4,4,0.0
Student_0432,T2_Spring,Program_B,Transfer,3,58,2.11,0.03,0.905,0,0,12,3.55,0.82,0.159,66.1,4,0.0
Student_0433,T2_Spring,Program_C,First_Year,3,81,2.67,0.1,0.901,0,0,12,4.01,0.995,0.106,51.7,2,0.0
Student_0434,T2_Spring,Program_A,First_Year,2,37,2.59,-0.32,0.744,1,1,9,3.39,0.844,0.273,84.5,2,0.0
Student_0436,T2_Spring,Program_D,First_Year,3,56,2.72,-0.36,0.901,0,1,9,1.46,0.773,0.253,69.8,3,0.0
Student_0437,T2_Spring,Program_B,Transfer,1,5,3.98,-0.14,0.909,1,0,15,5.36,0.966,0.249,77.8,2,0.0
Student_0438,T2_Spring,Program_D,First_Year,3,77,2.67,-0.41,0.816,0,1,12,4.69,0.913,0.226,81.2,3,0.0
Student_0440,T2_Spring,Program_A,First_Year,3,63,3.19,-0.37,0.822,0,1,15,3.77,0.994,0.134,74.8,1,0.0
Student_0441,T2_Spring,Program_B,First_Year,1,5,3.08,-0.21,0.907,0,0,18,3.29,0.868,0.141,90.5,4,0.0
Student_0443,T2_Spring,Program_B,First_Year,1,4,2.67,0.38,0.844,1,0,12,4.14,1.0,0.046,90.5,5,0.0
Student_0444,T2_Spring,Program_C,First_Year,4,104,2.92,-0.32,0.726,0,0,15,2.3,0.753,0.28,69.1,6,1.0
Student_0446,T2_Spring,Program_C,First_Year,4,92,2.18,-0.15,0.773,1,2,15,5.01,0.923,0.223,81.5,3,0.0
Student_0447,T2_Spring,Program_B,First_Year,4,85,2.29,0.21,0.604,3,0,18,5.65,1.0,0.032,73.8,1,0.0
Student_0448,T2_Spring,Program_D,First_Year,2,39,1.21,0.12,0.697,1,1,12,4.82,0.971,0.031,65.1,1,0.0
Student_0450,T2_Spring,Program_A,First_Year,4,104,3.34,-0.15,1.0,0,0,12,4.04,0.939,0.138,95.2,2,0.0
Student_0452,T2_Spring,Program_B,First_Year,1,2,2.27,0.17,0.679,1,0,15,5.06,0.985,0.111,77.6,2,0.0
Student_0453,T2_Spring,Program_B,First_Year,3,65,2.16,-0.25,0.542,2,0,15,2.42,0.829,0.129,65.3,5,0.0
Student_0454,T2_Spring,Program_D,First_Year,1,19,2.66,-0.02,0.783,1,0,15,3.18,0.883,0.14,77.3,7,0.0
Student_0455,T2_Spring,Program_D,First_Year,1,20,2.63,-0.28,0.802,0,1,15,1.94,0.756,0.176,91.0,4,0.0
Student_0457,T2_Spring,Program_D,First_Year,2,29,4.0,0.59,0.954,0,0,15,5.71,1.0,0.152,100.0,0,0.0
Student_0458,T2_Spring,Program_A,First_Year,2,35,2.6,-0.03,0.861,0,1,12,4.67,0.821,0.183,99.9,2,0.0
Student_0459,T2_Spring,Program_C,First_Year,4,89,2.93,-0.51,0.995,0,0,18,2.97,0.771,0.323,74.3,4,0.0
Student_0461,T2_Spring,Program_D,First_Year,3,57,2.84,-0.15,0.793,0,0,12,4.98,0.834,0.157,94.2,0,0.0
Student_0462,T2_Spring,Program_B,First_Year,3,68,2.91,0.26,0.928,0,0,15,3.87,1.0,0.029,76.6,4,0.0
Student_0464,T2_Spring,Program_A,First_Year,4,99,2.62,-0.15,0.761,1,0,15,3.87,0.713,0.324,83.3,1,0.0
Student_0465,T2_Spring,Program_B,Transfer,1,10,3.25,-0.06,0.882,0,0,15,6.11,0.976,0.14,61.0,2,0.0
Student_0466,T2_Spring,Program_C,First_Year,2,52,3.37,-0.05,0.96,0,0,9,5.8,1.0,0.0,99.7,1,0.0
Student_0467,T2_Spring,Program_A,First_Year,4,94,2.95,-0.15,0.875,0,0,12,4.48,0.811,0.05,97.3,3,0.0
Student_0468,T2_Spring,Program_B,Transfer,2,29,2.95,0.06,0.749,2,0,12,4.0,0.915,0.169,88.3,0,0.0
Student_0469,T2_Spring,Program_D,First_Year,3,56,2.82,-0.17,0.934,0,0,12,4.73,0.775,0.179,83.0,6,1.0
Student_0470,T2_Spring,Program_B,First_Year,4,99,2.87,0.43,0.832,0,0,12,4.2,0.993,0.265,86.3,1,0.0
Student_0471,T2_Spring,Program_D,First_Year,4,99,2.57,0.19,0.957,0,0,15,5.53,1.0,0.013,93.0,0,0.0
Student_0472,T2_Spring,Program_B,First_Year,3,60,2.88,0.07,0.694,0,0,15,3.21,0.855,0.31,79.8,1,0.0
Student_0474,T2_Spring,Program_C,Transfer,1,6,3.05,-0.17,0.763,0,0,15,2.49,0.877,0.285,62.0,3,0.0
Student_0475,T2_Spring,Program_C,First_Year,3,76,2.78,0.03,0.832,0,0,15,2.91,0.863,0.175,62.3,2,0.0
Student_0476,T2_Spring,Program_A,Transfer,2,51,2.35,-0.23,0.843,0,0,15,2.11,0.86,0.297,71.6,3,1.0
Student_0478,T2_Spring,Program_D,First_Year,1,12,3.09,0.85,0.87,0,0,15,3.08,0.973,0.144,88.6,1,0.0
Student_0480,T2_Spring,Program_A,First_Year,1,20,1.95,-1.34,0.648,1,0,12,2.87,0.749,0.117,56.6,5,0.0
Student_0481,T2_Spring,Program_C,First_Year,3,66,2.07,-0.42,0.761,0,1,15,2.78,0.819,0.312,65.3,4,1.0
Student_0483,T2_Spring,Program_C,Transfer,3,81,2.76,0.46,0.827,1,0,15,2.93,0.918,0.141,91.5,3,0.0
Student_0485,T2_Spring,Program_B,First_Year,1,7,2.08,0.53,0.916,0,0,15,4.79,0.917,0.144,85.1,5,0.0
Student_0486,T2_Spring,Program_A,First_Year,1,26,2.13,-0.31,0.476,2,1,15,2.66,0.701,0.366,57.5,5,0.0
Student_0489,T2_Spring,Program_A,First_Year,1,27,3.13,-0.79,0.956,0,0,18,3.37,0.848,0.272,83.8,2,1.0
Student_0490,T2_Spring,Program_A,First_Year,2,27,2.36,0.37,0.874,0,0,18,4.86,0.888,0.183,90.1,0,0.0
Student_0491,T2_Spring,Program_D,Transfer,1,11,3.18,-0.43,0.885,0,1,15,3.64,0.788,0.207,83.8,3,0.0
Student_0493,T2_Spring,Program_A,First_Year,3,59,2.64,0.06,0.756,0,0,12,2.38,0.806,0.141,69.5,7,0.0
Student_0494,T2_Spring,Program_A,First_Year,3,71,2.74,0.61,0.891,0,0,15,3.39,0.873,0.134,92.5,3,0.0
Student_0497,T2_Spring,Program_A,First_Year,2,51,3.24,0.77,0.865,0,0,15,3.86,0.901,0.107,81.6,2,0.0
Student_0498,T2_Spring,Program_B,Transfer,3,62,2.82,0.87,0.851,0,0,15,3.96,0.941,0.103,83.4,1,0.0
Student_0499,T2_Spring,Program_B,First_Year,3,74,2.89,0.14,0.795,1,0,15,2.22,0.777,0.472,71.3,5,0.0
Student_0500,T2_Spring,Program_A,First_Year,1,2,2.43,0.43,0.795,0,1,15,3.9,0.957,0.156,68.4,0,0.0
Student_0501,T2_Spring,Program_C,Transfer,2,49,3.65,-0.41,0.971,0,0,18,4.84,0.944,0.238,84.7,3,0.0
Student_0502,T2_Spring,Program_B,First_Year,4,97,3.34,-0.4,0.889,0,0,12,3.52,0.712,0.357,94.8,3,0.0
Student_0503,T2_Spring,Program_D,First_Year,1,16,3.0,0.2,0.728,1,1,15,3.29,0.766,0.183,70.1,4,1.0
Student_0505,T2_Spring,Program_D,First_Year,4,82,3.02,0.3,0.957,0,0,12,4.6,0.922,0.058,86.8,0,0.0
Student_0506,T2_Spring,Program_D,Transfer,1,23,3.33,0.04,0.93,0,0,9,2.84,0.876,0.19,64.3,5,0.0
Student_0507,T2_Spring,Program_C,First_Year,2,33,3.76,0.08,0.998,0,0,15,3.69,0.911,0.15,93.1,2,0.0
Student_0508,T2_Spring,Program_C,Transfer,2,35,3.27,-0.29,0.888,0,0,18,4.72,0.952,0.217,76.5,0,0.0
Student_0509,T2_Spring,Program_B,First_Year,3,60,2.87,-0.25,0.98,0,0,15,4.99,0.807,0.212,82.5,0,0.0
Student_0510,T2_Spring,Program_C,First_Year,1,22,2.25,0.06,0.716,1,1,15,4.46,0.824,0.116,74.8,0,0.0
Student_0512,T2_Spring,Program_C,First_Year,4,95,2.68,0.24,0.96,0,0,15,5.4,0.953,0.068,80.9,0,0.0
Student_0513,T2_Spring,Program_C,First_Year,1,10,2.68,-0.11,0.874,0,0,12,1.69,0.675,0.338,82.0,1,0.0
Student_0514,T2_Spring,Program_A,First_Year,4,102,3.11,0.08,0.84,1,1,15,4.11,0.885,0.08,73.4,3,1.0
Student_0515,T2_Spring,Program_D,First_Year,3,63,3.36,-0.4,0.989,0,0,15,4.56,0.803,0.13,75.7,5,1.0
Student_0516,T2_Spring,Program_D,First_Year,4,82,2.51,-0.73,0.851,0,0,12,2.08,0.759,0.336,74.0,3,0.0
Student_0517,T2_Spring,Program_B,Transfer,4,81,3.81,-0.24,0.899,0,1,15,3.1,0.646,0.252,86.3,0,0.0
Student_0518,T2_Spring,Program_C,First_Year,3,74,2.7,-0.08,0.763,2,1,15,2.22,1.0,0.099,71.1,4,0.0
Student_0519,T2_Spring,Program_D,Transfer,3,65,2.64,0.32,0.896,0,0,15,3.66,1.0,0.003,85.9,4,0.0
Student_0520,T2_Spring,Program_B,First_Year,1,15,3.68,0.42,0.975,0,0,15,6.18,1.0,0.136,86.5,0,0.0
Student_0523,T2_Spring,Program_D,First_Year,3,78,3.28,0.65,0.902,1,0,9,3.61,0.915,0.145,83.9,2,0.0
Student_0524,T2_Spring,Program_B,First_Year,3,80,2.66,0.01,0.96,0,1,18,3.98,0.723,0.344,80.4,5,0.0
Student_0525,T2_Spring,Program_A,First_Year,3,81,2.34,0.65,0.513,3,1,18,4.2,1.0,0.095,66.3,4,0.0
Student_0526,T2_Spring,Program_C,First_Year,2,52,2.36,-0.67,0.876,0,0,18,2.64,0.56,0.337,68.4,3,0.0
Student_0527,T2_Spring,Program_A,First_Year,2,45,3.17,-0.42,0.872,0,1,12,1.16,0.701,0.374,67.4,8,0.0
Student_0528,T2_Spring,Program_A,First_Year,1,27,3.11,-0.07,0.798,1,0,15,3.73,0.887,0.102,73.1,5,0.0
Student_0529,T2_Spring,Program_C,First_Year,2,30,2.61,-0.22,0.721,1,0,18,4.52,0.787,0.224,70.4,2,0.0
Student_0530,T2_Spring,Program_C,Transfer,1,20,2.77,0.31,1.0,0,0,9,4.92,0.94,0.199,76.9,1,0.0
Student_0531,T2_Spring,Program_A,First_Year,4,87,2.13,0.46,0.903,0,0,12,3.55,0.908,0.157,70.9,3,0.0
Student_0533,T2_Spring,Program_C,First_Year,3,75,3.1,-0.1,0.885,1,1,18,4.59,0.977,0.052,75.6,1,0.0
Student_0534,T2_Spring,Program_D,Transfer,2,51,3.2,0.55,0.876,0,1,9,5.12,0.998,0.176,76.6,1,1.0
Student_0535,T2_Spring,Program_B,First_Year,3,56,2.28,-0.43,0.782,1,0,18,4.29,0.824,0.076,82.6,1,0.0
Student_0536,T2_Spring,Program_B,Transfer,4,95,2.62,0.18,0.844,0,0,15,2.64,0.842,0.295,76.7,0,0.0
Student_0537,T2_Spring,Program_A,First_Year,2,53,2.45,-0.2,0.932,0,0,15,2.57,0.857,0.256,66.2,5,0.0
Student_0539,T2_Spring,Program_D,First_Year,2,32,2.3,-0.29,0.839,1,0,15,3.22,0.831,0.248,67.2,3,1.0
Student_0541,T2_Spring,Program_D,First_Year,1,18,3.2,-0.69,0.835,0,1,15,5.27,0.804,0.149,85.9,0,0.0
Student_0542,T2_Spring,Program_B,Transfer,2,54,2.72,-0.18,0.931,0,1,18,5.0,0.999,0.0,75.5,3,0.0
Student_0545,T2_Spring,Program_C,First_Year,2,30,2.01,-0.37,0.546,2,1,15,2.71,0.824,0.2,60.3,4,1.0
Student_0546,T2_Spring,Program_A,First_Year,2,34,2.6,0.22,0.757,1,0,18,3.99,0.885,0.128,75.1,1,0.0
Student_0547,T2_Spring,Program_B,First_Year,3,65,2.25,-0.21,0.77,1,1,15,5.28,1.0,0.143,85.5,3,0.0
Student_0548,T2_Spring,Program_A,First_Year,3,62,2.14,-0.04,0.559,3,1,15,3.45,0.789,0.124,73.9,0,0.0
Student_0549,T2_Spring,Program_C,First_Year,3,80,2.49,-0.41,0.848,0,1,15,4.77,0.989,0.118,87.4,0,0.0
Student_0550,T2_Spring,Program_A,First_Year,1,20,2.31,0.43,0.635,1,1,15,5.62,0.856,0.158,65.7,0,0.0
Student_0551,T2_Spring,Program_D,First_Year,1,23,2.24,-0.12,0.465,2,1,15,3.71,0.892,0.153,67.3,6,0.0
Student_0552,T2_Spring,Program_B,First_Year,4,88,3.0,-0.02,0.732,1,0,15,3.25,0.914,0.333,77.1,3,0.0
Student_0553,T2_Spring,Program_C,Transfer,1,27,2.27,-0.01,0.831,1,0,12,2.53,0.879,0.249,75.5,3,0.0
Student_0556,T2_Spring,Program_C,First_Year,2,30,2.35,-0.17,0.789,0,0,18,4.21,0.791,0.257,49.9,4,0.0
Student_0557,T2_Spring,Program_D,First_Year,3,56,2.58,0.21,0.96,0,0,12,1.36,0.83,0.333,74.9,5,1.0
Student_0558,T2_Spring,Program_D,Transfer,3,60,2.89,0.04,0.922,0,0,15,4.38,0.939,0.08,79.5,3,0.0
Student_0561,T2_Spring,Program_A,First_Year,4,102,2.33,-0.61,0.861,0,0,18,3.77,0.621,0.249,64.7,2,0.0
Student_0562,T2_Spring,Program_A,First_Year,1,21,2.57,-0.34,0.751,1,0,15,1.95,0.577,0.438,74.0,6,0.0
Student_0563,T2_Spring,Program_D,First_Year,4,90,2.4,-0.91,0.9,0,0,15,4.86,0.758,0.265,71.3,1,0.0
Student_0564,T2_Spring,Program_D,First_Year,1,8,2.66,0.18,0.607,2,1,18,4.01,0.892,0.135,84.3,5,1.0
Student_0565,T2_Spring,Program_C,First_Year,1,7,2.66,-0.1,0.763,1,1,12,3.55,1.0,0.196,59.6,0,0.0
Student_0566,T2_Spring,Program_B,Transfer,3,78,1.78,-0.27,0.63,2,0,18,5.25,0.881,0.187,90.8,0,0.0
Student_0568,T2_Spring,Program_B,First_Year,4,107,2.51,0.44,0.828,0,1,12,4.86,0.901,0.22,73.2,1,0.0
Student_0569,T2_Spring,Program_C,First_Year,1,15,2.51,0.32,0.935,0,0,12,2.61,0.985,0.324,91.4,2,0.0
Student_0571,T2_Spring,Program_B,First_Year,2,50,2.49,0.27,0.873,0,1,15,2.33,0.835,0.285,83.7,4,1.0
Student_0573,T2_Spring,Program_C,Transfer,3,63,2.35,-0.25,0.828,0,0,15,3.78,0.768,0.115,86.5,3,0.0
Student_0574,T2_Spring,Program_D,First_Year,3,57,3.46,-0.19,1.0,0,0,18,2.71,0.681,0.301,80.9,2,0.0
Student_0575,T2_Spring,Program_D,Transfer,2,44,2.9,-0.09,0.878,0,0,12,2.43,0.704,0.279,60.1,1,0.0
Student_0577,T2_Spring,Program_A,First_Year,1,6,2.21,0.09,0.673,2,0,18,4.13,0.864,0.141,63.9,0,0.0
Student_0579,T2_Spring,Program_C,First_Year,1,25,3.16,-0.55,0.749,1,2,12,4.56,0.753,0.191,78.4,3,0.0
Student_0581,T2_Spring,Program_B,First_Year,3,69,3.37,0.22,0.985,0,0,12,4.87,0.971,0.102,95.1,0,0.0
Student_0582,T2_Spring,Program_D,First_Year,4,83,2.44,0.0,0.874,0,0,15,2.61,0.75,0.229,62.7,3,0.0
Student_0584,T2_Spring,Program_A,First_Year,1,11,2.32,-0.1,0.862,0,0,12,5.27,0.735,0.277,80.1,3,0.0
Student_0585,T2_Spring,Program_B,First_Year,3,80,3.08,0.38,0.832,1,0,15,6.3,1.0,0.083,83.3,0,0.0
Student_0586,T2_Spring,Program_A,First_Year,3,60,3.32,-0.08,0.657,2,0,18,3.82,0.925,0.244,100.0,2,0.0
Student_0587,T2_Spring,Program_C,Transfer,1,9,2.39,-0.29,0.678,2,1,15,3.8,0.825,0.181,72.4,1,1.0
Student_0588,T2_Spring,Program_A,Transfer,1,12,2.28,0.02,0.82,1,0,12,4.18,1.0,0.039,71.7,6,0.0
Student_0590,T2_Spring,Program_A,First_Year,4,100,3.0,0.52,0.902,0,1,12,2.82,0.787,0.249,77.9,2,0.0
Student_0591,T2_Spring,Program_A,First_Year,1,2,2.94,-0.6,0.832,1,2,12,3.7,0.874,0.228,71.9,0,0.0
Student_0592,T2_Spring,Program_A,First_Year,3,70,3.33,0.51,0.952,0,0,15,6.16,1.0,0.0,95.9,0,0.0
Student_0593,T2_Spring,Program_A,First_Year,2,48,3.35,0.91,0.809,1,0,15,6.83,0.949,0.0,86.2,0,0.0
Student_0594,T2_Spring,Program_D,First_Year,4,89,2.04,-0.1,0.658,1,0,15,2.73,0.559,0.313,98.2,1,0.0
Student_0595,T2_Spring,Program_C,First_Year,2,32,2.66,-0.15,0.682,1,0,18,6.17,0.871,0.099,64.1,0,0.0
Student_0596,T2_Spring,Program_C,Transfer,3,64,2.48,0.22,0.755,1,0,9,4.99,0.934,0.179,70.6,2,0.0
Student_0597,T2_Spring,Program_A,First_Year,2,35,3.21,-0.01,0.996,0,0,12,4.66,0.843,0.094,91.6,0,0.0
Student_0600,T2_Spring,Program_D,Transfer,2,31,2.09,-0.55,0.811,0,0,15,3.33,0.708,0.295,74.7,8,0.0
Student_0601,T2_Spring,Program_A,First_Year,2,37,3.43,-0.04,0.987,0,0,18,3.88,1.0,0.073,91.0,3,0.0
Student_0602,T2_Spring,Program_B,First_Year,2,48,2.77,1.0,0.862,0,0,12,5.16,1.0,0.189,82.6,0,0.0
Student_0605,T2_Spring,Program_D,First_Year,2,45,3.3,0.24,0.807,1,0,15,4.23,0.905,0.217,93.1,0,0.0
Student_0606,T2_Spring,Program_B,First_Year,1,22,2.31,0.09,0.783,1,0,15,2.86,0.805,0.263,77.6,3,1.0
Student_0607,T2_Spring,Program_D,First_Year,3,79,3.07,-0.02,0.95,0,0,12,5.46,1.0,0.305,76.2,0,0.0
Student_0608,T2_Spring,Program_C,First_Year,3,78,3.24,-0.03,0.966,0,1,15,3.15,0.873,0.218,100.0,0,0.0
Student_0609,T2_Spring,Program_A,Transfer,4,97,2.92,-0.78,0.881,0,1,12,3.14,0.843,0.215,73.6,2,0.0
Student_0611,T2_Spring,Program_D,First_Year,3,81,2.82,-0.01,0.786,1,1,9,2.11,0.698,0.313,76.3,0,0.0
Student_0613,T2_Spring,Program_A,Transfer,1,0,1.92,-0.23,0.794,0,1,15,4.55,0.95,0.153,71.0,2,0.0
Student_0614,T2_Spring,Program_C,First_Year,1,19,2.57,0.29,0.84,1,1,15,5.97,0.937,0.136,66.1,0,0.0
Student_0616,T2_Spring,Program_D,First_Year,3,63,2.9,0.61,0.997,0,0,12,3.77,1.0,0.119,83.7,5,0.0
Student_0618,T2_Spring,Program_B,Transfer,2,39,2.94,-0.03,0.979,0,0,15,4.99,0.972,0.198,68.3,1,0.0
Student_0620,T2_Spring,Program_A,First_Year,3,70,2.07,-0.04,0.61,3,0,12,6.44,0.964,0.097,67.3,0,0.0
Student_0621,T2_Spring,Program_C,Transfer,3,63,2.1,0.27,1.0,0,1,15,4.93,1.0,0.28,78.7,2,0.0
Student_0622,T2_Spring,Program_B,First_Year,2,27,2.25,0.09,0.859,1,2,18,5.87,0.891,0.019,76.4,1,0.0
Student_0623,T2_Spring,Program_D,First_Year,3,66,2.88,-0.25,0.859,0,1,18,3.39,0.821,0.197,55.3,1,0.0
Student_0624,T2_Spring,Program_A,First_Year,2,29,2.74,0.26,0.736,1,0,12,4.47,0.808,0.237,84.7,2,0.0
Student_0625,T2_Spring,Program_B,Transfer,3,66,2.95,0.07,0.794,1,0,15,5.84,1.0,0.032,79.3,1,0.0
Student_0626,T2_Spring,Program_B,First_Year,3,76,2.51,-0.07,0.941,0,0,12,2.64,0.728,0.306,88.7,10,1.0
Student_0627,T2_Spring,Program_C,Transfer,2,36,2.48,0.3,0.849,1,0,15,4.49,1.0,0.115,80.9,3,0.0
Student_0628,T2_Spring,Program_B,First_Year,1,14,2.39,0.24,0.9,0,0,12,3.39,0.812,0.126,78.6,1,1.0
Student_0630,T2_Spring,Program_D,Transfer,3,57,2.73,0.7,0.948,0,0,15,4.86,1.0,0.015,74.9,0,0.0
Student_0631,T2_Spring,Program_C,First_Year,4,92,2.63,-0.11,0.707,2,0,18,4.92,0.837,0.333,73.6,2,1.0
Student_0632,T2_Spring,Program_D,First_Year,4,89,2.22,0.09,0.786,0,0,18,5.91,0.8,0.233,62.3,0,0.0
Student_0633,T2_Spring,Program_A,First_Year,3,74,2.96,0.02,0.784,1,1,12,6.52,0.968,0.243,97.4,0,0.0
Student_0634,T2_Spring,Program_A,Transfer,2,48,2.68,-0.09,0.807,0,1,18,2.68,0.812,0.373,76.7,7,0.0
Student_0635,T2_Spring,Program_D,First_Year,4,91,2.96,-0.17,1.0,0,1,15,4.46,0.882,0.152,79.0,5,0.0
Student_0636,T2_Spring,Program_C,First_Year,2,37,2.6,-0.2,0.825,0,1,18,4.29,0.707,0.363,65.2,4,0.0
Student_0637,T2_Spring,Program_B,First_Year,2,47,2.43,-0.25,0.8,1,1,15,3.84,0.868,0.266,71.8,4,0.0
Student_0638,T2_Spring,Program_D,First_Year,1,4,2.82,0.03,0.75,1,2,15,3.83,0.848,0.22,60.6,4,0.0
Student_0639,T2_Spring,Program_D,Transfer,1,20,2.73,0.17,0.909,0,0,12,4.36,0.946,0.222,64.3,1,0.0
Student_0641,T2_Spring,Program_C,First_Year,4,95,3.1,0.32,0.927,0,0,18,7.0,0.97,0.075,74.0,0,0.0
Student_0643,T2_Spring,Program_C,First_Year,4,106,2.98,-0.19,0.951,0,1,15,4.17,1.0,0.13,76.7,1,0.0
Student_0644,T2_Spring,Program_B,First_Year,4,88,2.15,-0.94,0.852,0,1,18,2.87,0.839,0.263,62.6,0,0.0
Student_0645,T2_Spring,Program_C,First_Year,2,38,2.09,0.09,0.838,0,0,12,2.15,0.805,0.201,60.2,6,1.0
Student_0646,T2_Spring,Program_D,First_Year,3,76,2.48,0.15,0.816,0,0,15,3.02,0.883,0.237,70.1,5,0.0
Student_0647,T2_Spring,Program_C,First_Year,3,80,2.46,1.0,1.0,0,0,15,6.46,0.921,0.0,87.3,1,0.0
Student_0648,T2_Spring,Program_D,First_Year,4,93,2.97,-0.26,0.88,0,0,15,5.05,0.888,0.144,78.9,0,1.0
Student_0649,T2_Spring,Program_A,First_Year,4,102,2.7,-0.1,0.855,1,0,12,2.42,0.946,0.145,72.7,4,1.0
Student_0650,T2_Spring,Program_C,Transfer,3,73,2.23,-0.77,0.46,2,0,15,3.08,0.749,0.28,68.3,3,0.0
Student_0651,T2_Spring,Program_B,First_Year,2,36,2.94,0.09,0.689,1,0,15,4.72,0.81,0.361,72.3,5,0.0
Student_0652,T2_Spring,Program_A,First_Year,2,53,2.75,0.07,0.776,0,0,15,4.75,0.822,0.17,82.8,0,0.0
Student_0655,T2_Spring,Program_A,First_Year,4,82,2.1,-0.21,0.632,1,0,9,4.63,0.756,0.135,65.3,0,0.0
Student_0656,T2_Spring,Program_D,Transfer,1,18,3.26,-0.23,0.908,0,0,12,3.46,0.884,0.268,93.3,0,0.0
Student_0657,T2_Spring,Program_B,Transfer,2,30,2.55,-0.09,0.773,0,0,15,2.68,0.774,0.202,76.9,1,0.0
Student_0658,T2_Spring,Program_B,First_Year,1,26,3.15,0.81,0.912,1,1,15,4.87,0.866,0.0,99.9,2,0.0
Student_0659,T2_Spring,Program_A,First_Year,4,100,3.07,0.4,0.843,0,0,12,4.29,1.0,0.273,77.4,2,0.0
Student_0660,T2_Spring,Program_C,First_Year,2,36,3.1,0.17,0.955,0,0,12,3.85,1.0,0.155,73.5,0,0.0
Student_0661,T2_Spring,Program_D,Transfer,3,65,2.39,0.35,0.768,1,0,12,4.63,0.73,0.211,84.7,0,0.0
Student_0662,T2_Spring,Program_B,Transfer,3,58,2.76,-0.03,0.846,0,0,12,3.66,0.75,0.315,79.9,6,0.0
Student_0663,T2_Spring,Program_C,First_Year,4,88,3.07,-0.23,0.935,0,0,18,2.5,0.955,0.318,70.0,3,0.0
Student_0665,T2_Spring,Program_D,First_Year,3,58,3.26,0.61,0.91,0,0,15,3.63,1.0,0.149,88.4,3,1.0
Student_0666,T2_Spring,Program_C,First_Year,4,92,2.67,-0.03,0.923,0,0,15,2.77,0.855,0.163,84.2,5,0.0
Student_0667,T2_Spring,Program_C,First_Year,4,98,1.82,-0.07,0.913,0,0,12,5.53,1.0,0.05,72.6,0,0.0
Student_0668,T2_Spring,Program_C,First_Year,3,62,1.84,-0.15,0.869,0,0,12,5.01,0.949,0.093,76.3,1,0.0
Student_0669,T2_Spring,Program_A,Transfer,2,46,2.35,-0.49,0.813,1,0,18,4.05,0.804,0.283,60.3,0,0.0
Student_0670,T2_Spring,Program_A,First_Year,3,78,2.41,0.66,0.802,1,0,12,5.18,1.0,0.0,90.1,0,0.0
Student_0671,T2_Spring,Program_A,First_Year,2,29,3.23,-0.19,0.897,0,0,15,4.53,0.976,0.105,86.4,3,0.0
Student_0672,T2_Spring,Program_C,Transfer,4,84,3.14,-0.18,0.921,0,0,18,3.05,0.782,0.184,81.2,8,0.0
Student_0673,T2_Spring,Program_A,Transfer,3,67,2.39,0.32,0.837,0,0,12,2.75,0.847,0.266,98.0,3,1.0
Student_0675,T2_Spring,Program_A,Transfer,2,51,2.9,-0.72,0.979,0,0,18,3.42,0.949,0.169,74.4,8,0.0
Student_0676,T2_Spring,Program_A,First_Year,3,54,2.75,0.47,0.803,0,0,12,3.88,0.926,0.2,77.5,2,1.0
Student_0678,T2_Spring,Program_D,First_Year,2,36,1.54,-0.25,0.863,0,0,15,2.34,0.792,0.348,69.2,3,0.0
Student_0681,T2_Spring,Program_A,First_Year,4,82,3.06,0.5,0.788,1,0,15,4.68,0.879,0.161,87.7,3,0.0
Student_0682,T2_Spring,Program_B,First_Year,2,47,2.09,-0.13,0.832,0,0,12,2.64,0.845,0.264,59.8,3,0.0
Student_0683,T2_Spring,Program_D,Transfer,2,50,2.92,-0.18,0.476,3,1,15,3.56,0.898,0.379,62.5,2,0.0
Student_0684,T2_Spring,Program_A,Transfer,2,54,3.26,0.18,0.842,1,0,15,6.22,1.0,0.048,84.1,0,0.0
Student_0685,T2_Spring,Program_C,First_Year,2,47,2.48,0.05,0.83,0,0,15,4.87,0.804,0.122,51.0,1,0.0
Student_0686,T2_Spring,Program_B,First_Year,4,106,2.78,0.09,0.825,0,0,15,3.44,0.806,0.286,79.1,5,0.0
Student_0687,T2_Spring,Program_B,First_Year,1,11,3.49,0.56,0.997,0,1,15,3.57,0.947,0.195,77.8,1,1.0
Student_0688,T2_Spring,Program_A,First_Year,2,35,2.84,0.44,0.845,0,0,15,3.12,0.921,0.058,88.8,2,1.0
Student_0691,T2_Spring,Program_B,Transfer,4,88,3.02,-0.16,0.775,0,0,12,3.59,0.835,0.297,75.7,2,0.0
Student_0692,T2_Spring,Program_A,First_Year,1,9,2.84,0.01,0.839,1,0,18,3.28,0.865,0.08,83.4,0,0.0
Student_0693,T2_Spring,Program_B,First_Year,3,64,3.53,0.7,0.923,0,0,15,4.59,1.0,0.0,100.0,2,0.0
Student_0694,T2_Spring,Program_A,Transfer,3,56,2.86,-0.23,0.883,0,0,15,2.17,0.668,0.312,80.7,2,0.0
Student_0695,T2_Spring,Program_C,First_Year,1,2,2.87,-0.22,0.836,0,0,15,3.25,0.855,0.108,73.3,3,0.0
Student_0696,T2_Spring,Program_D,Transfer,4,86,2.62,-0.17,0.944,0,0,15,4.4,0.884,0.258,80.6,0,0.0
Student_0697,T2_Spring,Program_A,Transfer,3,62,2.77,-0.1,0.736,1,0,15,4.1,0.984,0.172,82.6,5,0.0
Student_0698,T2_Spring,Program_B,First_Year,2,30,2.23,0.17,0.75,1,0,12,4.49,0.766,0.197,68.2,0,0.0
Student_0702,T2_Spring,Program_A,First_Year,3,59,2.16,-0.35,0.705,1,0,18,4.14,0.845,0.17,67.4,4,0.0
Student_0704,T2_Spring,Program_C,Transfer,3,74,2.55,0.05,0.824,0,0,12,3.74,0.796,0.322,76.3,3,0.0
Student_0705,T2_Spring,Program_B,First_Year,4,93,2.51,0.07,0.876,0,0,15,4.92,0.998,0.023,72.0,2,0.0
Student_0706,T2_Spring,Program_B,First_Year,4,103,1.85,-0.13,0.627,1,0,15,3.04,0.755,0.281,55.5,4,0.0
Student_0707,T2_Spring,Program_C,First_Year,1,21,2.19,0.17,0.903,0,0,12,4.3,0.918,0.203,70.5,2,0.0
Student_0712,T2_Spring,Program_A,First_Year,4,103,2.21,-0.14,0.556,2,0,15,3.11,0.922,0.21,71.2,3,0.0
Student_0713,T2_Spring,Program_A,Transfer,4,97,2.89,-0.45,0.908,0,0,15,3.01,0.674,0.27,70.8,4,0.0
Student_0714,T2_Spring,Program_A,First_Year,2,40,2.59,-0.01,0.583,2,1,15,4.59,0.888,0.17,96.3,0,0.0
Student_0715,T2_Spring,Program_A,First_Year,2,36,2.66,0.1,0.799,1,1,15,3.16,0.869,0.16,69.4,5,0.0
Student_0717,T2_Spring,Program_D,First_Year,4,84,2.99,-0.29,0.86,0,0,12,3.87,0.974,0.07,65.4,0,0.0
Student_0718,T2_Spring,Program_A,Transfer,4,94,3.42,-0.39,0.945,0,0,15,2.91,0.747,0.243,86.2,2,0.0
Student_0719,T2_Spring,Program_D,First_Year,3,66,3.63,0.05,0.964,0,1,12,4.41,0.94,0.175,81.2,1,1.0
Student_0720,T2_Spring,Program_B,First_Year,2,54,2.8,0.35,0.876,0,0,15,5.67,0.958,0.0,78.4,0,0.0
Student_0721,T2_Spring,Program_C,First_Year,3,81,3.16,0.05,0.967,0,0,15,1.1,0.707,0.235,72.2,6,0.0
Student_0723,T2_Spring,Program_A,First_Year,3,73,3.2,-0.37,0.948,0,0,15,1.85,0.74,0.165,77.1,5,0.0
Student_0724,T2_Spring,Program_C,Transfer,4,89,2.55,-0.49,0.911,0,2,15,2.26,0.823,0.231,79.9,4,0.0
Student_0725,T2_Spring,Program_C,Transfer,4,100,3.23,-0.01,0.99,0,1,12,4.4,1.0,0.259,100.0,2,0.0
Student_0726,T2_Spring,Program_B,Transfer,1,15,1.89,-0.26,0.952,0,1,12,3.92,0.873,0.242,69.7,0,0.0
Student_0727,T2_Spring,Program_D,First_Year,3,64,2.97,0.69,0.736,2,0,15,6.11,0.945,0.144,77.2,4,0.0
Student_0728,T2_Spring,Program_B,First_Year,1,26,3.22,-0.49,1.0,0,0,12,5.18,0.914,0.0,97.7,0,0.0
Student_0729,T2_Spring,Program_B,First_Year,3,62,2.45,0.03,0.761,0,0,15,5.6,1.0,0.11,65.9,0,0.0
Student_0730,T2_Spring,Program_D,First_Year,4,90,3.57,0.18,0.905,2,0,12,3.73,0.876,0.269,96.0,1,0.0
Student_0731,T2_Spring,Program_A,Transfer,2,54,2.95,-0.2,0.742,0,0,15,4.8,0.912,0.236,76.4,1,0.0
Student_0733,T2_Spring,Program_A,Transfer,1,24,2.71,0.01,0.846,1,1,12,2.22,0.789,0.281,73.7,3,1.0
Student_0736,T2_Spring,Program_D,Transfer,3,78,2.13,-0.13,0.601,1,0,15,4.17,0.788,0.084,70.1,4,1.0
Student_0737,T2_Spring,Program_C,First_Year,2,42,2.66,-0.1,0.894,1,0,9,2.45,0.841,0.256,71.2,0,0.0
Student_0738,T2_Spring,Program_A,First_Year,2,54,3.87,0.31,1.0,0,0,9,4.82,0.989,0.0,86.4,2,0.0
Student_0739,T2_Spring,Program_B,Transfer,2,53,1.8,-0.36,0.774,1,0,12,5.93,1.0,0.0,58.9,0,1.0
Student_0740,T2_Spring,Program_D,First_Year,1,20,2.83,0.28,0.659,2,0,18,3.48,0.91,0.301,91.1,4,0.0
Student_0742,T2_Spring,Program_A,First_Year,4,82,3.46,-0.22,0.951,0,0,9,2.99,1.0,0.268,85.6,8,0.0
Student_0743,T2_Spring,Program_C,Transfer,2,30,2.32,0.84,0.873,0,1,18,3.07,0.975,0.197,87.7,6,0.0
Student_0744,T2_Spring,Program_A,Transfer,1,26,2.35,0.24,0.709,1,1,18,3.82,0.876,0.11,76.1,0,0.0
Student_0746,T2_Spring,Program_A,First_Year,1,20,3.16,0.0,0.934,0,0,15,4.42,1.0,0.039,84.9,4,0.0
Student_0747,T2_Spring,Program_C,Transfer,2,46,3.02,0.28,0.945,0,0,18,5.12,1.0,0.0,72.1,1,0.0
Student_0749,T2_Spring,Program_A,Transfer,1,23,2.58,0.21,0.824,1,0,12,2.99,0.935,0.073,57.9,2,0.0
Student_0750,T2_Spring,Program_C,First_Year,3,71,3.86,0.1,0.926,1,0,15,4.77,1.0,0.066,86.8,7,0.0
Student_0751,T2_Spring,Program_B,First_Year,2,38,3.43,-0.21,0.814,1,0,15,4.28,0.844,0.32,71.7,0,1.0
Student_0752,T2_Spring,Program_A,Transfer,3,59,2.7,0.12,0.802,0,2,15,4.87,0.898,0.088,79.1,2,0.0
Student_0753,T2_Spring,Program_D,First_Year,2,37,2.65,0.2,0.955,0,0,15,5.03,0.987,0.179,93.9,1,0.0
Student_0754,T2_Spring,Program_D,First_Year,3,58,2.97,-0.07,0.793,2,0,12,4.01,0.824,0.239,74.3,3,0.0
Student_0755,T2_Spring,Program_C,Transfer,4,91,2.95,0.18,0.855,0,1,15,3.33,0.732,0.282,68.4,5,0.0
Student_0757,T2_Spring,Program_C,Transfer,2,38,2.32,-0.11,0.734,0,1,12,4.2,0.873,0.284,80.2,3,0.0
Student_0758,T2_Spring,Program_D,First_Year,2,47,2.08,0.32,0.814,0,1,12,3.35,0.939,0.176,57.9,5,0.0
Student_0759,T2_Spring,Program_A,First_Year,2,40,3.99,0.18,1.0,0,0,18,3.01,0.97,0.129,99.3,2,0.0
Student_0762,T2_Spring,Program_A,First_Year,3,77,3.67,0.5,0.944,0,0,15,3.59,0.803,0.0,93.0,1,0.0
Student_0763,T2_Spring,Program_C,First_Year,1,4,3.61,0.28,0.746,2,0,15,3.65,0.973,0.099,86.6,3,0.0
Student_0765,T2_Spring,Program_C,First_Year,1,23,3.29,-0.53,0.661,2,0,18,5.05,1.0,0.0,79.2,0,0.0
Student_0766,T2_Spring,Program_B,First_Year,1,24,2.18,-0.17,0.704,1,0,15,4.09,0.957,0.189,86.8,3,0.0
Student_0767,T2_Spring,Program_A,First_Year,1,11,3.0,-0.06,0.889,0,1,15,4.28,0.835,0.187,87.2,0,1.0
Student_0769,T2_Spring,Program_C,Transfer,4,102,2.72,-0.38,0.785,0,0,15,3.08,0.709,0.233,69.8,2,1.0
Student_0770,T2_Spring,Program_A,First_Year,4,88,2.7,-0.62,0.837,1,0,15,1.5,0.795,0.352,76.1,8,1.0
Student_0771,T2_Spring,Program_D,First_Year,1,7,2.04,-0.16,0.854,0,0,18,5.18,0.956,0.0,65.0,0,0.0
Student_0772,T2_Spring,Program_B,Transfer,3,56,2.72,0.24,0.757,1,0,15,4.41,0.952,0.178,77.8,3,1.0
Student_0773,T2_Spring,Program_C,First_Year,3,64,2.85,0.28,0.829,0,2,15,2.86,0.758,0.288,75.4,7,0.0
Student_0774,T2_Spring,Program_C,Transfer,1,25,3.0,0.01,0.781,0,0,12,2.27,0.858,0.228,70.9,6,0.0
Student_0777,T2_Spring,Program_D,First_Year,4,98,2.33,0.26,0.744,0,0,18,5.14,0.902,0.198,66.7,0,1.0
Student_0778,T2_Spring,Program_B,First_Year,2,40,3.4,-0.36,0.913,0,0,15,4.41,0.726,0.267,77.7,4,0.0
Student_0781,T2_Spring,Program_B,Transfer,2,28,3.18,-0.01,1.0,0,0,12,4.49,0.895,0.133,93.8,4,0.0
Student_0785,T2_Spring,Program_D,First_Year,2,32,2.79,-0.25,0.842,0,0,18,5.63,0.937,0.205,71.1,2,0.0
Student_0786,T2_Spring,Program_B,First_Year,4,103,2.45,1.0,0.799,0,0,15,4.08,0.961,0.088,71.4,2,0.0
Student_0788,T2_Spring,Program_B,Transfer,4,82,2.49,-0.34,0.909,0,0,15,2.36,0.772,0.291,72.5,2,0.0
Student_0789,T2_Spring,Program_D,Transfer,1,13,2.12,0.23,0.77,0,2,18,3.42,0.855,0.261,69.5,3,0.0
Student_0790,T2_Spring,Program_C,Transfer,3,60,2.47,-0.21,0.848,0,0,18,3.6,0.775,0.19,64.7,7,0.0
Student_0791,T2_Spring,Program_B,Transfer,3,77,1.97,0.17,0.891,0,0,12,5.49,0.887,0.117,67.7,4,0.0
Student_0792,T2_Spring,Program_B,First_Year,2,44,2.82,0.29,0.881,0,0,18,3.78,0.928,0.128,79.1,4,0.0
Student_0794,T2_Spring,Program_C,Transfer,1,1,2.44,0.69,0.885,0,0,18,5.13,1.0,0.021,75.2,0,0.0
Student_0795,T2_Spring,Program_B,First_Year,3,61,2.51,-0.28,0.813,0,0,18,2.38,0.902,0.287,58.5,4,1.0
Student_0797,T2_Spring,Program_B,First_Year,1,22,3.31,0.22,0.94,0,1,12,3.65,0.822,0.186,73.9,2,0.0
Student_0799,T2_Spring,Program_C,Transfer,2,40,3.6,-1.5,0.984,0,0,9,5.17,0.836,0.191,71.9,4,0.0
Student_0800,T2_Spring,Program_D,Transfer,1,2,2.99,-0.51,0.983,0,0,15,5.42,0.834,0.214,90.6,2,1.0
Student_0801,T2_Spring,Program_C,First_Year,3,64,3.06,-0.05,0.765,1,0,15,5.97,0.944,0.028,82.4,2,0.0
Student_0802,T2_Spring,Program_B,First_Year,3,63,3.79,-0.23,0.918,0,0,12,3.38,0.841,0.051,90.9,3,0.0
Student_0804,T2_Spring,Program_C,Transfer,3,78,3.31,-0.28,0.984,0,2,15,2.88,0.901,0.252,99.0,1,0.0
Student_0805,T2_Spring,Program_C,First_Year,3,56,3.17,0.09,0.859,0,0,15,2.56,0.799,0.259,80.9,3,0.0
Student_0808,T2_Spring,Program_D,First_Year,2,46,2.97,-0.45,0.806,0,0,15,4.31,0.722,0.202,76.3,0,1.0
Student_0809,T2_Spring,Program_C,First_Year,1,23,2.66,-0.48,0.838,0,1,15,3.6,0.804,0.287,77.5,0,0.0
Student_0810,T2_Spring,Program_D,Transfer,3,54,3.1,-0.09,0.915,0,2,15,3.95,0.897,0.141,91.1,0,0.0
Student_0811,T2_Spring,Program_C,First_Year,1,16,2.75,-0.23,0.849,1,0,12,4.84,0.974,0.081,66.2,3,0.0
Student_0812,T2_Spring,Program_A,First_Year,1,6,3.42,0.39,0.923,0,1,12,5.14,1.0,0.114,89.2,0,0.0
Student_0813,T2_Spring,Program_C,Transfer,2,38,3.47,0.07,0.962,0,1,15,4.78,0.939,0.076,77.0,2,0.0
Student_0814,T2_Spring,Program_B,First_Year,1,27,3.14,-0.14,0.828,0,0,12,3.55,0.804,0.38,66.5,1,1.0
Student_0815,T2_Spring,Program_C,First_Year,3,55,1.97,-0.15,0.929,0,0,18,2.34,0.925,0.011,62.6,4,0.0
Student_0816,T2_Spring,Program_B,First_Year,2,52,2.05,0.24,0.754,1,0,15,6.08,0.905,0.251,79.9,0,0.0
Student_0818,T2_Spring,Program_C,First_Year,1,11,3.24,-0.5,0.886,0,1,15,4.29,0.872,0.366,85.9,0,0.0
Student_0822,T2_Spring,Program_A,First_Year,3,56,2.76,-0.1,0.91,0,1,15,3.57,0.859,0.141,72.2,4,1.0
Student_0823,T2_Spring,Program_B,First_Year,2,54,2.11,-0.13,0.695,1,0,15,3.46,0.915,0.137,74.7,0,0.0
Student_0824,T2_Spring,Program_B,First_Year,4,82,2.81,-0.16,0.754,1,1,12,5.12,0.728,0.201,79.3,0,0.0
Student_0825,T2_Spring,Program_B,First_Year,2,29,2.0,-0.02,0.745,0,0,12,3.26,0.776,0.369,56.5,2,0.0
Student_0826,T2_Spring,Program_A,First_Year,2,51,3.39,0.04,0.905,0,0,18,5.27,0.967,0.28,81.7,0,0.0
Student_0827,T2_Spring,Program_D,Transfer,2,50,3.2,-0.35,0.834,0,0,15,3.72,0.769,0.26,82.2,6,0.0
Student_0829,T2_Spring,Program_C,First_Year,3,67,2.67,0.08,0.863,0,0,9,3.13,0.813,0.258,86.7,6,1.0
Student_0830,T2_Spring,Program_C,First_Year,1,12,2.73,-0.39,0.775,1,1,15,3.3,0.86,0.331,81.2,2,0.0
Student_0831,T2_Spring,Program_B,First_Year,2,40,2.98,-0.03,1.0,0,1,18,3.77,0.849,0.079,77.4,4,0.0
Student_0832,T2_Spring,Program_C,First_Year,2,27,3.07,0.32,0.864,0,0,9,6.4,0.94,0.101,87.4,0,0.0
Student_0834,T2_Spring,Program_B,First_Year,1,9,2.56,-0.1,0.875,0,0,15,2.28,0.803,0.125,65.1,4,1.0
Student_0835,T2_Spring,Program_D,Transfer,3,69,2.86,0.02,0.762,1,0,12,4.54,0.917,0.183,84.6,0,0.0
Student_0836,T2_Spring,Program_C,First_Year,2,40,2.19,-0.76,0.857,0,0,18,3.62,0.705,0.213,60.7,0,0.0
Student_0838,T2_Spring,Program_C,First_Year,2,27,3.14,0.87,0.823,0,1,15,6.07,0.788,0.11,91.6,1,0.0
Student_0839,T2_Spring,Program_A,First_Year,2,49,3.2,0.22,0.847,0,1,15,3.99,0.91,0.143,84.3,5,0.0
Student_0840,T2_Spring,Program_A,First_Year,3,80,3.73,0.74,0.909,0,0,12,1.96,0.903,0.234,100.0,0,0.0
Student_0841,T2_Spring,Program_B,Transfer,1,9,3.24,0.35,0.87,1,0,12,6.29,0.912,0.0,73.9,0,0.0
Student_0843,T2_Spring,Program_C,First_Year,3,70,2.93,-0.51,0.901,0,0,15,4.61,0.86,0.173,93.0,4,0.0
Student_0844,T2_Spring,Program_A,Transfer,3,70,2.15,0.55,0.634,2,0,15,4.03,0.934,0.184,75.3,5,1.0
Student_0845,T2_Spring,Program_C,First_Year,1,1,1.64,-0.67,0.706,0,2,9,3.38,0.701,0.408,69.4,3,0.0
Student_0846,T2_Spring,Program_B,Transfer,1,15,3.01,0.25,0.97,0,0,15,3.58,1.0,0.14,100.0,1,0.0
Student_0847,T2_Spring,Program_D,First_Year,2,29,1.48,0.28,0.77,0,0,12,3.78,0.812,0.334,69.2,2,0.0
Student_0848,T2_Spring,Program_B,Transfer,1,24,2.31,-0.15,0.601,2,0,18,3.1,0.924,0.106,62.1,0,0.0
Student_0849,T2_Spring,Program_A,First_Year,2,40,2.36,-0.34,0.852,0,0,12,3.93,0.88,0.215,75.9,1,1.0
Student_0851,T2_Spring,Program_D,First_Year,2,48,2.3,-0.0,0.839,0,0,15,2.75,0.708,0.304,70.6,3,1.0
Student_0852,T2_Spring,Program_A,First_Year,4,99,2.52,-0.45,0.74,1,1,15,4.62,0.847,0.147,70.3,6,1.0
Student_0853,T2_Spring,Program_B,Transfer,2,46,3.03,0.2,0.841,1,0,15,2.37,0.843,0.217,78.5,7,1.0
Student_0854,T2_Spring,Program_C,First_Year,1,23,2.0,0.06,0.9,0,0,12,4.93,0.901,0.071,75.1,1,0.0
Student_0855,T2_Spring,Program_B,Transfer,2,34,3.09,-0.53,0.751,0,1,18,2.77,0.814,0.383,64.8,1,0.0
Student_0856,T2_Spring,Program_B,First_Year,2,37,2.92,-0.15,0.856,0,0,12,3.39,0.86,0.325,97.3,6,0.0
Student_0857,T2_Spring,Program_D,First_Year,2,53,2.2,-0.06,0.666,1,0,15,5.13,1.0,0.126,82.7,0,0.0
Student_0858,T2_Spring,Program_B,First_Year,1,7,2.53,0.13,0.765,1,0,15,3.99,0.966,0.0,77.1,4,0.0
Student_0859,T2_Spring,Program_A,First_Year,1,23,2.09,-0.94,0.737,0,1,15,2.9,0.838,0.449,57.6,5,0.0
Student_0860,T2_Spring,Program_A,First_Year,4,82,2.9,-0.27,0.737,1,0,9,4.58,0.863,0.212,83.2,1,0.0
Student_0861,T2_Spring,Program_A,First_Year,2,28,2.79,0.27,0.868,0,0,18,4.09,0.942,0.106,77.9,3,0.0
Student_0862,T2_Spring,Program_C,First_Year,4,100,2.8,0.66,0.745,0,0,15,2.28,0.93,0.321,81.8,3,0.0
Student_0863,T2_Spring,Program_A,First_Year,1,14,1.86,-0.19,0.888,0,0,12,3.6,0.878,0.261,78.6,3,0.0
Student_0864,T2_Spring,Program_D,Transfer,1,23,3.26,0.08,0.85,0,0,15,5.26,0.891,0.159,78.0,0,0.0
Student_0866,T2_Spring,Program_C,First_Year,3,79,1.93,0.21,0.824,1,0,18,5.65,1.0,0.036,76.4,4,0.0
Student_0868,T2_Spring,Program_B,First_Year,1,14,3.31,0.61,1.0,0,0,12,5.69,0.955,0.0,93.0,0,0.0
Student_0869,T2_Spring,Program_B,Transfer,2,27,2.47,0.12,0.942,0,0,15,4.39,0.962,0.0,76.1,1,0.0
Student_0870,T2_Spring,Program_D,First_Year,3,57,1.94,-0.34,0.759,0,0,15,4.04,0.712,0.259,73.7,0,0.0
Student_0871,T2_Spring,Program_B,First_Year,2,49,2.18,-0.11,0.634,1,1,9,2.78,0.86,0.123,76.4,0,1.0
Student_0872,T2_Spring,Program_B,First_Year,1,7,2.31,0.02,0.795,0,0,15,5.38,0.787,0.253,67.2,0,0.0
Student_0874,T2_Spring,Program_D,First_Year,1,14,2.66,0.39,0.89,0,0,18,3.66,0.947,0.23,88.2,2,0.0
Student_0875,T2_Spring,Program_A,First_Year,4,84,3.32,-0.25,0.8,1,0,15,3.74,0.831,0.242,70.0,4,1.0
Student_0876,T2_Spring,Program_D,Transfer,4,102,2.59,-0.27,0.857,0,1,9,3.3,0.852,0.315,69.7,3,0.0
Student_0877,T2_Spring,Program_A,First_Year,3,65,2.46,0.22,0.896,0,0,18,2.88,0.708,0.267,83.4,0,0.0
Student_0878,T2_Spring,Program_B,Transfer,1,12,2.25,-0.06,0.72,0,0,18,2.93,0.709,0.407,68.4,4,1.0
Student_0879,T2_Spring,Program_B,First_Year,4,98,2.95,0.01,0.853,0,1,18,5.39,0.878,0.06,77.0,2,0.0
Student_0882,T2_Spring,Program_C,First_Year,1,27,2.98,-0.21,0.915,0,0,15,4.89,0.87,0.138,89.0,1,0.0
Student_0883,T2_Spring,Program_B,First_Year,2,50,2.99,-0.0,0.66,2,0,18,4.4,0.916,0.0,79.2,0,0.0
Student_0884,T2_Spring,Program_A,Transfer,2,46,3.25,0.56,0.866,0,0,15,3.11,0.772,0.23,94.7,4,0.0
Student_0885,T2_Spring,Program_C,First_Year,1,14,3.37,-0.17,0.913,0,1,15,3.52,0.709,0.262,75.0,2,0.0
Student_0886,T2_Spring,Program_A,First_Year,3,65,2.82,-0.08,0.742,0,0,15,1.71,0.849,0.349,74.0,3,0.0
Student_0887,T2_Spring,Program_C,Transfer,4,103,3.13,-0.22,0.842,0,0,12,3.2,0.88,0.249,78.7,2,0.0
Student_0888,T2_Spring,Program_B,First_Year,3,78,1.92,-0.13,0.811,1,1,12,3.25,0.789,0.188,81.4,6,0.0
Student_0889,T2_Spring,Program_A,First_Year,1,4,3.61,0.35,0.82,0,2,15,3.13,0.735,0.462,80.5,3,1.0
Student_0891,T2_Spring,Program_D,First_Year,4,105,2.64,0.33,0.749,1,0,15,4.23,0.865,0.113,70.0,3,0.0
Student_0892,T2_Spring,Program_C,First_Year,4,91,3.07,-0.51,0.973,0,1,12,3.71,0.865,0.264,74.6,5,0.0
Student_0893,T2_Spring,Program_A,Transfer,4,92,2.49,0.19,0.905,0,0,15,4.59,0.943,0.157,76.8,4,0.0
Student_0894,T2_Spring,Program_B,First_Year,2,31,3.29,-0.03,0.897,0,1,18,1.95,0.792,0.288,89.5,1,0.0
Student_0896,T2_Spring,Program_A,First_Year,1,9,3.6,0.53,1.0,0,0,12,4.1,0.899,0.132,99.3,0,0.0
Student_0899,T2_Spring,Program_A,First_Year,2,40,3.0,-0.05,0.9,0,1,15,3.29,0.926,0.141,73.4,5,0.0
Student_0900,T2_Spring,Program_A,First_Year,1,22,2.86,-0.41,0.885,0,0,18,3.94,0.947,0.134,91.9,3,1.0
Student_0901,T2_Spring,Program_B,First_Year,4,92,2.88,-0.36,0.683,1,1,18,2.98,0.836,0.231,77.0,5,1.0
Student_0902,T2_Spring,Program_C,First_Year,3,79,2.83,0.22,0.809,1,0,15,4.33,0.974,0.059,65.6,1,0.0
Student_0903,T2_Spring,Program_A,First_Year,2,44,2.75,0.51,0.9,1,0,15,6.12,1.0,0.025,88.2,0,1.0
Student_0908,T2_Spring,Program_D,First_Year,1,16,3.53,0.4,1.0,0,0,15,3.63,0.831,0.066,90.4,3,0.0
Student_0909,T2_Spring,Program_D,First_Year,3,61,2.16,0.05,0.855,0,0,12,3.43,0.811,0.204,73.2,4,0.0
Student_0910,T2_Spring,Program_B,First_Year,3,70,2.62,0.41,0.782,1,1,15,4.7,0.921,0.083,72.2,2,0.0
Student_0911,T2_Spring,Program_D,First_Year,2,46,3.03,-0.51,0.94,0,0,12,4.49,0.989,0.114,68.4,1,1.0
Student_0913,T2_Spring,Program_D,Transfer,4,97,3.4,-0.06,1.0,0,1,15,2.61,1.0,0.076,100.0,4,0.0
Student_0915,T2_Spring,Program_D,First_Year,2,48,2.14,0.52,0.791,1,0,12,5.2,0.814,0.131,77.5,0,0.0
Student_0916,T2_Spring,Program_B,First_Year,2,50,2.22,-0.41,0.607,3,0,12,4.45,0.903,0.154,90.1,5,1.0
Student_0919,T2_Spring,Program_A,First_Year,4,83,3.16,-0.39,0.763,1,0,18,4.23,0.862,0.303,78.0,4,1.0
Student_0921,T2_Spring,Program_C,First_Year,1,7,3.18,-0.19,0.892,0,1,12,3.27,0.769,0.328,80.8,7,0.0
Student_0922,T2_Spring,Program_B,Transfer,2,29,2.2,-0.47,0.697,1,0,12,2.78,0.857,0.217,67.2,6,0.0
Student_0923,T2_Spring,Program_C,First_Year,1,17,3.38,-0.25,0.96,0,1,15,3.94,0.853,0.097,97.7,5,0.0
Student_0924,T2_Spring,Program_B,Transfer,4,89,2.56,-0.85,0.864,0,0,15,4.25,0.801,0.184,62.7,0,1.0
Student_0925,T2_Spring,Program_B,Transfer,2,32,2.85,0.06,0.93,0,0,15,3.49,0.945,0.106,79.1,1,0.0
Student_0926,T2_Spring,Program_D,First_Year,4,104,3.33,0.4,0.802,1,0,18,4.55,1.0,0.145,77.7,5,0.0
Student_0928,T2_Spring,Program_B,First_Year,1,2,2.73,0.35,0.997,0,0,15,4.74,0.864,0.103,65.2,1,0.0
Student_0930,T2_Spring,Program_C,First_Year,4,91,3.19,-0.02,0.622,2,0,15,3.64,0.963,0.236,78.2,6,1.0
Student_0931,T2_Spring,Program_D,First_Year,4,102,2.71,0.02,0.845,1,1,15,4.28,0.78,0.147,76.5,5,0.0
Student_0932,T2_Spring,Program_D,First_Year,1,24,3.17,-0.35,0.859,0,0,15,1.93,0.689,0.327,80.6,4,0.0
Student_0933,T2_Spring,Program_C,First_Year,3,76,2.13,0.44,1.0,0,0,12,4.77,0.901,0.109,72.5,3,0.0
Student_0934,T2_Spring,Program_D,Transfer,4,85,3.36,0.01,0.888,0,0,15,6.74,0.874,0.167,98.6,1,0.0
Student_0936,T2_Spring,Program_A,First_Year,4,98,2.74,0.11,0.686,2,0,15,7.0,1.0,0.0,76.6,0,0.0
Student_0938,T2_Spring,Program_C,First_Year,3,60,2.56,-1.0,0.704,1,0,12,2.52,0.733,0.248,68.8,2,1.0
Student_0939,T2_Spring,Program_D,First_Year,2,54,2.31,-0.29,0.824,0,0,15,3.53,0.857,0.254,70.7,6,1.0
Student_0940,T2_Spring,Program_B,First_Year,1,4,1.98,-0.28,0.735,0,0,12,3.32,0.839,0.278,68.3,0,0.0
Student_0941,T2_Spring,Program_D,Transfer,2,48,2.97,-0.05,0.791,1,3,15,4.62,0.961,0.191,76.7,2,0.0
Student_0942,T2_Spring,Program_C,First_Year,2,40,3.09,0.1,0.72,1,1,15,5.69,1.0,0.099,98.9,0,0.0
Student_0943,T2_Spring,Program_D,Transfer,2,53,3.87,0.57,0.852,1,1,12,4.32,0.705,0.177,69.2,3,0.0
Student_0944,T2_Spring,Program_A,First_Year,2,54,3.14,0.18,0.932,0,1,12,3.18,0.866,0.04,79.0,2,0.0
Student_0945,T2_Spring,Program_D,First_Year,1,23,2.67,-0.28,0.773,0,0,18,3.32,0.955,0.278,80.5,0,0.0
Student_0946,T2_Spring,Program_C,First_Year,1,26,2.93,0.55,0.863,1,1,18,4.39,1.0,0.121,83.5,3,0.0
Student_0950,T2_Spring,Program_D,Transfer,2,53,3.3,0.15,0.754,1,0,15,2.67,0.837,0.287,63.8,4,0.0
Student_0951,T2_Spring,Program_D,Transfer,3,74,2.88,0.19,0.748,1,0,15,3.15,0.801,0.195,92.7,8,0.0
Student_0952,T2_Spring,Program_C,Transfer,4,91,3.19,0.49,0.89,1,0,15,5.32,0.845,0.0,99.4,0,0.0
Student_0954,T2_Spring,Program_D,First_Year,4,106,2.93,-0.21,0.831,1,0,12,3.54,0.882,0.167,87.2,0,0.0
Student_0956,T2_Spring,Program_A,First_Year,1,20,3.81,0.03,0.971,0,1,15,5.2,0.93,0.062,90.7,3,1.0
Student_0958,T2_Spring,Program_C,Transfer,4,106,1.91,0.35,0.63,2,0,15,6.62,0.998,0.0,72.8,1,0.0
Student_0959,T2_Spring,Program_A,First_Year,3,70,2.99,0.04,0.978,0,0,12,4.52,0.977,0.313,88.6,2,1.0
Student_0960,T2_Spring,Program_C,First_Year,1,3,2.62,-0.28,0.592,1,0,18,3.13,0.725,0.322,58.7,6,1.0
Student_0961,T2_Spring,Program_B,First_Year,2,52,2.26,0.42,0.794,0,0,15,3.82,0.838,0.16,73.1,3,0.0
Student_0962,T2_Spring,Program_B,First_Year,3,67,2.16,0.21,0.649,1,2,15,4.08,0.824,0.188,78.6,5,0.0
Student_0963,T2_Spring,Program_B,First_Year,2,42,3.01,-0.19,0.938,0,0,15,4.24,0.776,0.113,97.1,1,0.0
Student_0964,T2_Spring,Program_B,First_Year,2,46,2.25,0.41,0.847,0,0,15,4.77,0.872,0.297,93.8,0,0.0
Student_0965,T2_Spring,Program_D,First_Year,4,88,2.84,0.61,0.951,0,0,9,5.02,0.956,0.182,92.8,0,0.0
Student_0967,T2_Spring,Program_C,First_Year,4,89,2.69,-0.91,0.815,1,1,12,2.93,0.743,0.252,71.6,2,1.0
Student_0969,T2_Spring,Program_A,First_Year,2,40,2.71,-0.1,1.0,0,0,15,4.23,0.99,0.104,100.0,1,1.0
Student_0970,T2_Spring,Program_A,First_Year,3,79,2.01,0.23,0.814,0,0,12,4.44,0.952,0.119,75.5,1,0.0
Student_0971,T2_Spring,Program_C,First_Year,3,59,3.29,0.06,1.0,0,0,12,5.32,1.0,0.039,82.4,1,0.0
Student_0972,T2_Spring,Program_C,Transfer,2,29,2.76,-0.21,0.878,1,1,15,6.25,1.0,0.04,94.7,0,0.0
Student_0975,T2_Spring,Program_B,First_Year,1,15,2.89,0.28,0.96,0,1,15,3.04,0.878,0.135,75.2,4,0.0
Student_0976,T2_Spring,Program_B,First_Year,2,31,2.63,-0.49,0.832,0,0,15,2.93,0.827,0.268,86.4,3,0.0
Student_0977,T2_Spring,Program_D,Transfer,2,45,2.69,0.27,0.941,0,0,18,4.3,0.927,0.08,76.3,0,0.0
Student_0978,T2_Spring,Program_A,First_Year,3,59,2.32,-0.22,0.79,0,3,15,2.7,0.849,0.135,71.8,6,0.0
Student_0980,T2_Spring,Program_B,First_Year,1,5,3.2,0.03,0.935,0,0,15,2.68,0.887,0.089,74.1,7,0.0
Student_0981,T2_Spring,Program_A,Transfer,2,48,2.85,0.04,0.904,1,0,15,4.8,1.0,0.086,83.0,1,0.0
Student_0982,T2_Spring,Program_D,First_Year,3,70,2.84,-0.02,0.889,0,0,15,4.19,0.867,0.223,83.9,0,1.0
Student_0983,T2_Spring,Program_A,First_Year,4,99,2.27,0.23,0.45,3,0,15,4.42,0.797,0.242,86.6,4,0.0
Student_0984,T2_Spring,Program_B,First_Year,2,37,3.19,-0.11,0.803,1,0,15,2.85,0.885,0.089,83.3,4,0.0
Student_0985,T2_Spring,Program_A,Transfer,3,57,3.28,1.0,0.956,0,0,15,5.8,1.0,0.0,99.9,0,0.0
Student_0986,T2_Spring,Program_A,Transfer,2,44,3.92,0.46,0.929,0,0,12,3.94,0.921,0.03,98.6,1,0.0
Student_0987,T2_Spring,Program_B,First_Year,4,84,1.94,0.18,0.917,0,0,12,4.13,0.883,0.065,83.5,0,0.0
Student_0988,T2_Spring,Program_C,First_Year,2,47,2.48,-0.1,0.742,1,1,15,4.86,0.905,0.09,70.4,0,0.0
Student_0990,T2_Spring,Program_A,First_Year,2,33,3.61,-0.16,0.929,0,0,15,3.9,0.842,0.058,81.2,3,0.0
Student_0992,T2_Spring,Program_A,First_Year,3,78,3.48,0.84,1.0,0,0,12,4.68,0.94,0.113,79.9,2,0.0
Student_0993,T2_Spring,Program_A,First_Year,1,9,2.08,-0.28,0.539,2,0,15,4.07,0.838,0.223,65.7,3,0.0
Student_0994,T2_Spring,Program_B,Transfer,1,3,2.86,0.05,0.779,1,2,15,2.05,0.627,0.182,81.7,3,0.0
Student_0996,T2_Spring,Program_A,First_Year,2,33,2.75,-0.04,0.816,1,1,18,3.82,0.922,0.222,81.7,1,0.0
Student_0997,T2_Spring,Program_A,Transfer,2,50,2.36,-0.09,0.751,1,0,12,3.56,0.945,0.071,60.5,0,0.0
Student_0998,T2_Spring,Program_A,First_Year,4,82,2.15,0.17,0.906,1,0,15,4.0,0.958,0.094,78.6,2,0.0
Student_0999,T2_Spring,Program_C,First_Year,3,73,2.56,-0.22,0.926,0,0,18,3.47,0.742,0.047,72.1,0,0.0
Student_1000,T2_Spring,Program_D,Transfer,4,99,2.96,-0.21,0.708,2,0,12,4.12,0.931,0.248,93.9,1,0.0
Student_1002,T2_Spring,Program_A,First_Year,3,60,3.07,-0.18,0.987,0,0,9,4.16,0.916,0.118,72.1,1,0.0
Student_1003,T2_Spring,Program_C,First_Year,4,105,2.87,0.26,0.814,1,2,18,4.09,0.859,0.167,59.1,5,1.0
Student_1006,T2_Spring,Program_B,First_Year,1,10,1.82,0.21,0.635,1,1,15,2.88,0.815,0.31,80.7,4,1.0
Student_1007,T2_Spring,Program_C,First_Year,2,42,2.95,-0.06,0.953,0,0,15,4.18,0.866,0.195,65.0,2,0.0
Student_1009,T2_Spring,Program_C,Transfer,4,98,2.81,0.13,0.905,0,0,15,4.01,0.95,0.183,69.8,6,0.0
Student_1010,T2_Spring,Program_A,Transfer,2,35,3.65,-0.46,0.951,0,0,9,3.24,0.715,0.181,90.7,0,0.0
Student_1011,T2_Spring,Program_B,First_Year,3,56,3.9,0.22,1.0,0,0,15,3.96,0.888,0.073,95.1,3,0.0
Student_1012,T2_Spring,Program_B,First_Year,3,59,2.63,0.18,0.8,1,0,9,4.91,0.817,0.209,84.0,1,0.0
Student_1013,T2_Spring,Program_A,First_Year,1,15,2.15,0.13,0.875,0,0,12,4.92,0.923,0.25,86.6,3,0.0
Student_1014,T2_Spring,Program_D,First_Year,3,75,2.49,0.09,0.45,3,1,15,3.21,0.887,0.127,72.1,0,0.0
Student_1015,T2_Spring,Program_A,Transfer,2,42,3.16,-0.06,0.798,1,0,15,3.0,0.748,0.218,64.1,7,0.0
Student_1016,T2_Spring,Program_A,First_Year,1,22,2.79,0.79,0.971,0,0,18,4.72,0.948,0.038,77.4,2,0.0
Student_1017,T2_Spring,Program_D,Transfer,1,22,2.65,-0.02,0.8,1,0,15,5.24,0.995,0.103,68.8,1,0.0
Student_1018,T2_Spring,Program_C,First_Year,2,46,2.23,-0.08,0.675,1,0,9,3.03,1.0,0.257,66.4,4,0.0
Student_1020,T2_Spring,Program_C,First_Year,3,59,3.56,0.28,0.762,1,0,18,4.33,0.822,0.201,73.9,0,0.0
Student_1021,T2_Spring,Program_D,First_Year,2,54,2.16,0.03,0.832,0,0,15,5.93,0.864,0.225,76.7,2,1.0
Student_1022,T2_Spring,Program_D,Transfer,1,10,1.77,-0.16,0.795,0,0,15,4.05,0.983,0.137,72.7,0,0.0
Student_1024,T2_Spring,Program_C,Transfer,3,60,2.02,0.58,0.817,0,0,18,5.38,0.829,0.149,78.6,0,0.0
Student_1025,T2_Spring,Program_D,First_Year,1,3,2.2,0.34,0.82,1,0,15,4.74,0.985,0.02,82.3,4,0.0
Student_1026,T2_Spring,Program_D,First_Year,2,33,2.74,0.03,0.929,0,0,12,3.33,0.828,0.043,85.2,3,0.0
Student_1027,T2_Spring,Program_C,First_Year,2,52,3.34,0.11,0.906,0,0,15,5.72,1.0,0.102,94.0,3,1.0
Student_1028,T2_Spring,Program_D,First_Year,3,76,2.46,0.27,0.843,0,1,15,4.2,0.909,0.059,66.5,1,1.0
Student_1029,T2_Spring,Program_C,Transfer,4,91,3.59,-0.06,0.965,0,0,9,3.69,0.811,0.1,92.3,2,0.0
Student_1030,T2_Spring,Program_A,Transfer,4,101,2.73,-0.11,0.86,0,0,9,4.49,0.934,0.131,69.3,3,0.0
Student_1031,T2_Spring,Program_B,First_Year,2,31,2.16,0.31,0.647,1,0,18,2.38,0.887,0.295,66.0,5,0.0
Student_1032,T2_Spring,Program_B,First_Year,2,37,2.56,-0.17,0.691,1,0,15,2.79,0.848,0.242,81.3,1,0.0
Student_1034,T2_Spring,Program_C,First_Year,4,93,2.31,0.57,0.846,0,0,12,4.73,0.98,0.0,83.6,2,0.0
Student_1036,T2_Spring,Program_D,Transfer,3,77,3.43,-0.17,0.901,0,0,15,3.15,0.863,0.29,82.9,3,0.0
Student_1037,T2_Spring,Program_B,First_Year,3,70,2.55,-0.07,0.856,1,0,15,3.47,0.836,0.205,82.0,4,0.0
Student_1040,T2_Spring,Program_A,First_Year,1,8,3.0,-0.24,0.891,0,0,15,3.17,0.908,0.374,73.7,3,0.0
Student_1041,T2_Spring,Program_D,First_Year,3,78,3.62,-0.68,0.884,0,0,15,3.27,0.817,0.28,83.8,4,0.0
Student_1042,T2_Spring,Program_B,Transfer,4,96,3.67,-0.47,0.863,1,0,15,1.88,0.811,0.276,88.0,5,0.0
Student_1043,T2_Spring,Program_A,Transfer,3,79,3.43,0.0,0.998,0,0,12,5.44,0.918,0.076,99.7,0,0.0
Student_1044,T2_Spring,Program_D,First_Year,2,39,3.51,-0.16,0.839,0,0,15,3.18,1.0,0.235,76.1,2,1.0
Student_1045,T2_Spring,Program_D,Transfer,4,97,3.07,-0.01,0.814,1,1,12,4.97,0.838,0.201,97.6,2,0.0
Student_1048,T2_Spring,Program_D,First_Year,4,96,1.83,-0.27,0.714,1,0,12,4.4,1.0,0.0,66.7,4,0.0
Student_1049,T2_Spring,Program_A,First_Year,1,23,2.62,-0.21,0.854,1,0,12,4.39,0.903,0.227,76.0,2,0.0
Student_1050,T2_Spring,Program_B,First_Year,2,29,3.29,-0.05,0.886,0,0,12,3.28,0.817,0.354,82.2,3,0.0
Student_1051,T2_Spring,Program_A,First_Year,4,99,2.94,-0.12,0.745,2,0,18,7.0,1.0,0.0,74.5,0,0.0
Student_1052,T2_Spring,Program_D,First_Year,4,97,2.64,-0.1,0.849,0,1,12,4.33,0.878,0.215,90.7,2,0.0
Student_1053,T2_Spring,Program_C,First_Year,4,86,3.06,0.56,1.0,0,0,15,6.02,0.941,0.069,91.8,0,0.0
Student_1055,T2_Spring,Program_D,First_Year,4,94,2.86,0.19,0.88,0,0,12,2.57,0.815,0.169,57.9,6,0.0
Student_1057,T2_Spring,Program_D,First_Year,2,34,2.66,0.05,0.779,1,0,12,3.81,1.0,0.027,88.3,0,0.0
Student_1058,T2_Spring,Program_D,First_Year,3,65,2.74,0.37,0.869,0,1,18,3.51,0.881,0.259,64.6,2,0.0
Student_1059,T2_Spring,Program_A,Transfer,1,11,3.05,-0.45,0.951,0,0,18,4.21,0.691,0.235,91.6,1,0.0
Student_1060,T2_Spring,Program_C,Transfer,2,32,2.83,-0.06,0.999,0,0,15,4.36,0.886,0.103,61.8,2,0.0
Student_1061,T2_Spring,Program_A,Transfer,3,78,2.89,-0.13,0.785,1,0,12,4.19,0.864,0.114,86.1,3,0.0
Student_1062,T2_Spring,Program_A,Transfer,3,66,2.81,0.08,0.853,0,0,15,4.64,0.968,0.039,81.1,1,0.0
Student_1065,T2_Spring,Program_D,First_Year,4,82,3.1,-0.33,0.883,0,0,9,4.26,0.885,0.338,78.1,1,0.0
Student_1066,T2_Spring,Program_A,Transfer,4,83,3.16,0.07,0.701,2,0,12,3.18,0.856,0.116,86.1,0,0.0
Student_1067,T2_Spring,Program_A,Transfer,2,44,3.53,0.18,0.934,1,0,15,4.58,0.98,0.0,93.6,4,0.0
Student_1068,T2_Spring,Program_A,Transfer,3,74,2.59,0.23,0.798,0,0,18,4.61,0.897,0.256,76.2,1,0.0
Student_1070,T2_Spring,Program_C,First_Year,1,12,3.46,0.16,0.908,0,0,18,4.13,0.86,0.175,83.2,1,0.0
Student_1071,T2_Spring,Program_B,First_Year,1,13,3.72,-0.02,1.0,0,1,15,5.5,0.994,0.203,90.7,0,0.0
Student_1072,T2_Spring,Program_D,First_Year,2,30,2.14,-0.08,0.722,1,2,18,2.93,0.714,0.382,73.2,1,0.0
Student_1073,T2_Spring,Program_D,Transfer,2,27,2.92,-0.13,0.982,0,0,15,6.72,1.0,0.076,61.8,1,0.0
Student_1075,T2_Spring,Program_B,First_Year,3,77,3.02,0.13,0.956,0,0,15,4.75,0.956,0.111,79.5,0,0.0
Student_1076,T2_Spring,Program_B,Transfer,3,81,2.47,-0.01,0.936,0,0,12,4.76,0.864,0.222,100.0,0,0.0
Student_1077,T2_Spring,Program_D,Transfer,2,53,1.46,0.71,0.467,2,1,18,3.7,0.95,0.412,62.2,4,1.0
Student_1078,T2_Spring,Program_D,First_Year,3,72,3.56,-0.62,0.94,0,1,15,2.73,0.784,0.256,93.8,4,0.0
Student_1079,T2_Spring,Program_A,First_Year,1,16,2.84,0.28,0.849,0,0,12,4.83,1.0,0.083,74.2,4,0.0
Student_1081,T2_Spring,Program_C,First_Year,3,70,3.49,0.06,0.929,0,0,12,4.48,0.862,0.196,81.2,4,0.0
Student_1082,T2_Spring,Program_A,First_Year,3,66,3.27,0.22,0.834,1,0,18,4.08,0.871,0.271,96.8,3,1.0
Student_1084,T2_Spring,Program_D,First_Year,2,53,2.99,0.88,0.861,0,1,15,5.51,1.0,0.16,93.0,3,0.0
Student_1085,T2_Spring,Program_C,First_Year,4,95,2.81,0.05,1.0,0,0,18,3.23,0.8,0.184,93.1,4,0.0
Student_1087,T2_Spring,Program_B,First_Year,4,102,2.59,-0.45,0.895,0,0,15,4.07,0.795,0.311,85.1,4,0.0
Student_1089,T2_Spring,Program_B,First_Year,2,48,3.1,-0.04,0.938,0,0,18,5.27,0.919,0.075,83.7,0,1.0
Student_1090,T2_Spring,Program_A,Transfer,4,106,3.08,1.0,0.681,1,0,15,6.4,1.0,0.164,88.2,1,1.0
Student_1091,T2_Spring,Program_C,First_Year,1,3,2.36,0.13,0.79,0,0,12,3.44,0.892,0.226,62.3,0,1.0
Student_1092,T2_Spring,Program_D,First_Year,3,74,2.07,-0.07,0.801,0,1,15,2.17,0.775,0.402,58.0,5,1.0
Student_1093,T2_Spring,Program_C,First_Year,1,24,2.41,0.31,0.704,1,1,15,2.35,0.812,0.137,53.7,5,0.0
Student_1094,T2_Spring,Program_B,Transfer,2,46,2.89,-0.13,0.939,0,0,12,2.55,0.718,0.247,78.7,2,0.0
Student_1095,T2_Spring,Program_A,Transfer,2,47,2.68,0.05,0.79,0,0,15,3.22,0.799,0.127,78.9,3,0.0
Student_1096,T2_Spring,Program_A,Transfer,4,107,1.89,-0.33,0.762,0,0,12,4.26,0.775,0.233,72.6,0,1.0
Student_1097,T2_Spring,Program_B,First_Year,1,6,2.33,-0.41,0.63,1,1,15,3.87,0.792,0.23,69.5,3,0.0
Student_1098,T2_Spring,Program_C,First_Year,3,74,3.18,0.22,0.951,0,1,18,3.41,0.963,0.207,71.1,5,0.0
Student_1099,T2_Spring,Program_C,First_Year,2,40,2.14,-0.23,0.877,0,1,9,3.37,0.835,0.232,73.7,0,0.0
Student_1100,T2_Spring,Program_A,Transfer,4,104,3.01,0.39,0.727,1,0,12,4.57,0.902,0.182,78.1,0,0.0
Student_1101,T2_Spring,Program_B,Transfer,4,102,3.06,0.23,0.926,0,2,15,5.26,0.879,0.064,82.5,0,0.0
Student_1102,T2_Spring,Program_C,Transfer,2,52,2.36,-0.52,0.786,0,0,12,3.94,0.753,0.274,95.7,2,0.0
Student_1103,T2_Spring,Program_D,Transfer,4,100,3.09,-0.23,0.912,0,0,15,4.91,0.803,0.178,97.0,0,0.0
Student_1104,T2_Spring,Program_A,Transfer,1,2,2.35,-0.41,0.803,0,0,12,3.64,0.999,0.183,64.9,2,0.0
Student_1105,T2_Spring,Program_C,Transfer,2,38,2.91,-0.13,0.848,1,0,9,3.65,0.753,0.234,91.8,5,0.0
Student_1107,T2_Spring,Program_B,First_Year,1,7,3.42,-0.14,0.955,0,0,15,3.72,0.872,0.236,81.7,4,0.0
Student_1108,T2_Spring,Program_B,First_Year,2,48,2.7,0.0,0.774,0,0,15,2.24,0.704,0.209,68.0,5,0.0
Student_1109,T2_Spring,Program_C,Transfer,4,90,3.0,-0.28,0.924,0,1,15,5.42,0.959,0.22,77.3,3,1.0
Student_1110,T2_Spring,Program_D,Transfer,2,46,2.57,0.19,0.824,0,1,15,3.63,0.793,0.271,91.9,0,0.0
Student_1111,T2_Spring,Program_A,Transfer,2,37,3.16,-0.48,0.892,1,0,15,3.04,0.721,0.269,78.3,2,0.0
Student_1112,T2_Spring,Program_D,Transfer,1,11,2.37,0.72,0.964,0,0,12,5.59,1.0,0.0,85.4,0,0.0
Student_1113,T2_Spring,Program_A,First_Year,1,24,2.62,0.08,0.826,1,0,18,4.81,0.971,0.152,92.3,2,0.0
Student_1114,T2_Spring,Program_D,First_Year,3,60,3.45,-0.31,0.955,0,0,15,2.8,0.902,0.156,85.7,3,0.0
Student_1115,T2_Spring,Program_A,First_Year,4,99,3.57,0.35,0.97,0,0,12,5.84,1.0,0.006,88.1,1,0.0
Student_1116,T2_Spring,Program_A,Transfer,1,11,3.16,0.09,0.937,0,0,12,2.83,0.9,0.153,85.5,6,0.0
Student_1117,T2_Spring,Program_B,First_Year,2,37,1.65,0.1,0.457,3,0,15,4.16,1.0,0.046,58.8,0,0.0
Student_1118,T2_Spring,Program_A,First_Year,1,13,2.13,-0.0,0.764,0,0,12,4.74,0.96,0.191,65.1,7,0.0
Student_1120,T2_Spring,Program_B,First_Year,3,64,3.86,-0.14,0.856,1,1,9,4.03,0.794,0.208,89.8,0,0.0
Student_1121,T2_Spring,Program_C,Transfer,4,89,2.76,-0.2,0.93,0,0,15,5.14,0.905,0.081,78.1,0,0.0
Student_1122,T2_Spring,Program_B,First_Year,2,39,2.59,0.11,0.747,0,1,15,3.36,0.93,0.097,74.5,4,0.0
Student_1124,T2_Spring,Program_B,First_Year,1,8,2.21,0.05,0.642,2,0,15,4.1,0.82,0.247,66.4,3,1.0
Student_1125,T2_Spring,Program_A,Transfer,3,77,3.28,0.22,0.871,1,0,12,2.03,1.0,0.152,80.1,5,0.0
Student_1127,T2_Spring,Program_C,First_Year,2,49,2.16,0.5,0.647,1,0,18,4.79,1.0,0.068,69.1,0,0.0
Student_1128,T2_Spring,Program_A,First_Year,4,96,1.74,0.71,0.802,0,1,15,4.25,0.996,0.0,77.9,2,0.0
Student_1129,T2_Spring,Program_D,First_Year,1,22,2.83,0.38,0.73,1,0,15,6.83,0.87,0.11,80.9,0,0.0
Student_1130,T2_Spring,Program_B,First_Year,1,22,2.25,-0.74,0.504,2,0,15,5.4,0.809,0.329,59.8,4,1.0
Student_1131,T2_Spring,Program_C,First_Year,3,56,2.22,0.21,0.737,0,1,15,2.76,0.88,0.12,62.4,5,0.0
Student_1132,T2_Spring,Program_D,First_Year,2,34,2.37,0.1,0.491,3,0,15,3.73,0.954,0.178,81.4,0,0.0
Student_1134,T2_Spring,Program_B,First_Year,1,11,3.5,-0.14,0.845,1,0,18,5.22,0.907,0.181,78.8,0,0.0
Student_1135,T2_Spring,Program_A,First_Year,3,81,3.04,-0.22,0.762,2,0,12,3.56,0.915,0.094,81.7,1,1.0
Student_1136,T2_Spring,Program_D,First_Year,4,108,2.15,-0.42,0.811,0,1,15,2.87,0.947,0.15,62.0,1,0.0
Student_1137,T2_Spring,Program_C,Transfer,4,105,3.25,0.05,0.983,0,1,9,3.69,0.912,0.089,89.3,3,1.0
Student_1138,T2_Spring,Program_B,First_Year,3,57,2.94,0.11,0.898,0,1,15,3.38,0.796,0.177,82.1,6,1.0
Student_1139,T2_Spring,Program_C,First_Year,4,105,3.01,0.41,0.823,0,0,18,3.96,0.988,0.167,99.7,1,0.0
Student_1141,T2_Spring,Program_C,First_Year,3,64,2.64,0.11,0.768,0,0,15,2.77,0.638,0.283,59.1,2,0.0
Student_1142,T2_Spring,Program_D,Transfer,1,26,2.9,0.03,0.782,0,1,9,2.93,0.761,0.452,72.7,4,0.0
Student_1143,T2_Spring,Program_D,Transfer,3,80,3.47,-0.36,0.991,0,0,12,5.0,0.982,0.078,99.5,1,0.0
Student_1145,T2_Spring,Program_A,First_Year,2,46,2.23,0.08,0.71,2,0,15,3.57,0.972,0.249,91.0,0,0.0
Student_1146,T2_Spring,Program_D,Transfer,1,26,2.94,-0.04,0.909,0,0,12,3.96,0.724,0.203,90.7,4,0.0
Student_1147,T2_Spring,Program_B,First_Year,1,16,3.15,-0.16,0.902,1,0,15,3.91,0.762,0.122,84.6,5,0.0
Student_1148,T2_Spring,Program_D,First_Year,4,103,3.6,-0.08,0.884,0,0,18,4.06,0.758,0.235,92.3,3,0.0
Student_1150,T2_Spring,Program_B,First_Year,2,54,3.85,-0.07,0.804,1,0,15,4.95,0.757,0.274,82.3,0,0.0
Student_1151,T2_Spring,Program_C,First_Year,3,73,2.71,0.09,0.66,1,0,15,2.39,0.752,0.323,75.6,5,1.0
Student_1152,T2_Spring,Program_A,First_Year,1,10,2.56,-0.06,0.763,1,0,18,2.09,0.726,0.296,79.2,3,1.0
Student_1153,T2_Spring,Program_C,First_Year,1,3,3.05,0.05,0.955,0,0,9,3.34,0.916,0.117,64.1,7,0.0
Student_1154,T2_Spring,Program_D,Transfer,2,48,4.0,0.08,1.0,0,1,12,5.3,0.925,0.184,100.0,0,0.0
Student_1155,T2_Spring,Program_B,Transfer,3,63,3.03,0.09,0.949,0,0,18,5.31,0.947,0.12,88.4,0,0.0
Student_1156,T2_Spring,Program_C,First_Year,3,58,3.59,-0.02,1.0,0,1,15,2.37,0.846,0.112,93.3,6,0.0
Student_1159,T2_Spring,Program_D,First_Year,2,41,2.87,-0.6,0.689,1,0,15,3.11,0.79,0.369,70.6,3,1.0
Student_1161,T2_Spring,Program_A,First_Year,2,40,2.51,-0.19,0.807,0,2,9,4.77,1.0,0.107,97.7,0,0.0
Student_1162,T2_Spring,Program_B,First_Year,3,66,2.76,0.33,0.971,0,2,15,4.78,0.91,0.0,76.3,0,0.0
Student_1164,T2_Spring,Program_A,First_Year,2,27,3.35,-0.05,0.935,0,0,15,4.73,0.874,0.174,83.9,3,0.0
Student_1165,T2_Spring,Program_A,First_Year,3,57,2.86,0.17,0.83,0,0,15,3.97,0.912,0.286,74.7,0,0.0
Student_1166,T2_Spring,Program_D,First_Year,4,98,3.14,0.05,0.681,2,0,15,3.19,0.783,0.229,95.7,2,0.0
Student_1167,T2_Spring,Program_C,First_Year,2,49,2.54,-0.16,0.651,1,0,15,3.16,0.797,0.388,82.1,1,1.0
Student_1168,T2_Spring,Program_A,First_Year,3,57,2.71,-0.19,0.834,0,1,15,3.64,0.886,0.274,60.1,1,0.0
Student_1169,T2_Spring,Program_C,Transfer,1,20,3.63,0.32,1.0,0,0,15,4.39,0.82,0.124,79.2,1,0.0
Student_1171,T2_Spring,Program_C,Transfer,1,1,3.31,0.09,0.822,1,0,18,3.93,0.822,0.079,86.9,0,0.0
Student_1172,T2_Spring,Program_D,First_Year,2,43,3.24,-0.38,1.0,0,0,15,4.91,0.803,0.222,96.8,0,0.0
Student_1173,T2_Spring,Program_A,Transfer,4,108,2.85,-0.23,0.79,1,0,15,4.73,0.921,0.255,93.9,0,0.0
Student_1174,T2_Spring,Program_B,First_Year,3,74,3.03,0.55,0.776,1,1,15,4.09,0.954,0.14,75.9,3,0.0
Student_1175,T2_Spring,Program_D,First_Year,4,93,3.64,0.61,0.87,1,0,12,6.29,0.954,0.075,100.0,0,0.0
Student_1176,T2_Spring,Program_C,First_Year,2,32,3.38,0.51,0.76,1,0,15,2.79,0.789,0.28,73.0,6,1.0
Student_1177,T2_Spring,Program_D,First_Year,4,93,2.87,-0.2,0.784,1,0,15,3.28,0.723,0.247,74.2,4,0.0
Student_1178,T2_Spring,Program_D,Transfer,2,44,3.18,0.07,0.935,0,1,15,4.17,0.907,0.161,87.3,0,0.0
Student_1180,T2_Spring,Program_A,First_Year,4,94,3.57,-0.35,0.863,0,0,18,4.81,0.752,0.368,87.6,0,1.0
Student_1183,T2_Spring,Program_C,Transfer,1,8,2.5,0.17,0.779,1,0,18,2.12,0.746,0.196,73.3,7,0.0
Student_1185,T2_Spring,Program_C,First_Year,3,80,3.76,0.32,1.0,0,0,15,4.36,0.903,0.145,100.0,5,0.0
Student_1186,T2_Spring,Program_A,First_Year,3,63,2.14,0.31,0.88,0,0,12,1.76,0.803,0.3,66.8,2,0.0
Student_1187,T2_Spring,Program_B,Transfer,3,55,3.28,-0.12,1.0,0,0,12,5.18,0.85,0.0,100.0,1,0.0
Student_1188,T2_Spring,Program_A,First_Year,4,93,1.75,0.1,0.833,0,0,15,4.69,0.832,0.084,69.5,0,1.0
Student_1189,T2_Spring,Program_D,First_Year,3,78,3.5,0.61,0.816,1,2,12,4.24,0.912,0.176,71.2,2,0.0
Student_1190,T2_Spring,Program_B,First_Year,3,66,2.78,-0.29,0.849,0,0,15,3.81,0.825,0.163,66.3,1,1.0
Student_1191,T2_Spring,Program_A,First_Year,3,54,2.54,-0.01,0.753,0,3,15,5.18,1.0,0.147,84.5,2,1.0
Student_1192,T2_Spring,Program_B,First_Year,2,31,2.13,0.39,0.91,0,1,12,4.95,0.806,0.18,81.7,0,0.0
Student_1194,T2_Spring,Program_C,First_Year,3,78,2.83,0.09,0.733,1,0,12,3.84,0.794,0.245,84.1,2,0.0
Student_1195,T2_Spring,Program_C,First_Year,1,14,2.97,0.15,0.99,0,0,15,3.8,0.875,0.065,82.8,7,0.0
Student_1196,T2_Spring,Program_B,First_Year,3,54,3.81,0.4,1.0,0,0,12,4.08,0.897,0.119,87.6,4,0.0
Student_1198,T2_Spring,Program_A,Transfer,3,62,2.82,-0.02,0.911,1,0,15,4.38,0.812,0.076,66.9,0,0.0
Student_1199,T2_Spring,Program_A,First_Year,2,44,2.56,-0.23,0.775,0,0,12,4.32,0.808,0.119,87.1,0,0.0
Student_1200,T2_Spring,Program_A,First_Year,4,108,3.01,0.65,0.894,0,0,15,5.7,1.0,0.0,86.5,0,0.0
Student_1202,T2_Spring,Program_D,Transfer,3,78,2.53,0.33,0.875,0,0,15,6.03,0.936,0.123,78.8,0,0.0
Student_1203,T2_Spring,Program_A,Transfer,4,101,2.96,-0.25,0.858,1,1,12,4.73,0.987,0.147,79.5,4,0.0
Student_1204,T2_Spring,Program_B,Transfer,1,11,2.63,0.32,0.889,0,0,12,5.46,0.941,0.082,72.9,0,0.0
Student_1205,T2_Spring,Program_D,First_Year,3,70,2.43,0.46,0.788,1,0,15,4.03,1.0,0.191,79.5,5,0.0
Student_1206,T2_Spring,Program_D,Transfer,2,45,2.66,-0.52,0.767,0,0,18,2.13,0.827,0.356,64.5,6,0.0
Student_1207,T2_Spring,Program_A,First_Year,3,70,2.93,-0.21,0.846,0,0,15,4.92,0.929,0.203,78.1,2,0.0
Student_1208,T2_Spring,Program_D,First_Year,2,27,3.0,-0.3,1.0,0,1,15,3.51,0.871,0.15,85.1,3,0.0
Student_1209,T2_Spring,Program_D,First_Year,3,67,3.05,0.81,0.904,0,0,15,5.38,0.942,0.0,97.3,2,0.0
Student_1210,T2_Spring,Program_D,First_Year,1,6,2.06,-0.18,0.822,0,0,12,4.94,0.84,0.174,83.3,2,0.0
Student_1212,T2_Spring,Program_A,First_Year,4,92,2.56,-0.02,0.713,1,0,15,5.24,0.891,0.212,83.7,0,1.0
Student_1214,T2_Spring,Program_A,First_Year,1,26,3.13,0.6,0.88,1,0,15,6.53,0.956,0.018,73.7,0,0.0
Student_1215,T2_Spring,Program_B,First_Year,1,26,1.9,0.01,0.714,0,0,15,5.51,0.948,0.031,66.2,0,0.0
Student_1216,T2_Spring,Program_B,Transfer,1,22,2.96,-0.12,0.897,0,1,18,4.11,0.852,0.203,70.6,5,0.0
Student_1217,T2_Spring,Program_C,First_Year,3,75,1.53,-0.55,0.812,0,1,15,6.11,0.876,0.224,85.3,0,0.0
Student_1218,T2_Spring,Program_A,Transfer,4,105,2.57,0.54,0.668,1,0,12,5.09,0.932,0.063,84.8,0,0.0
Student_1221,T2_Spring,Program_D,First_Year,4,104,2.94,-0.11,0.779,2,0,12,3.9,1.0,0.082,81.4,2,0.0
Student_1223,T2_Spring,Program_B,First_Year,1,0,3.86,0.16,0.919,0,0,15,4.73,0.753,0.166,77.9,0,1.0
Student_1224,T2_Spring,Program_D,Transfer,3,70,2.6,-0.04,0.777,0,0,12,4.54,0.951,0.133,86.6,0,0.0
Student_1225,T2_Spring,Program_A,First_Year,3,59,2.4,-0.73,0.935,0,0,18,1.9,0.778,0.284,63.5,5,1.0
Student_1226,T2_Spring,Program_C,First_Year,4,106,2.87,0.26,0.815,0,0,15,5.84,1.0,0.14,79.8,0,1.0
Student_1227,T2_Spring,Program_A,First_Year,4,86,3.05,-0.29,0.954,0,0,12,3.95,0.801,0.258,64.0,5,0.0
Student_1230,T2_Spring,Program_D,First_Year,1,8,3.34,-0.15,0.83,0,0,12,4.91,0.916,0.164,71.3,0,0.0
Student_1232,T2_Spring,Program_B,First_Year,4,108,2.78,-0.24,0.854,0,0,15,4.16,0.85,0.113,52.5,4,1.0
Student_1233,T2_Spring,Program_A,Transfer,2,36,2.73,0.03,0.915,0,2,15,3.73,1.0,0.186,80.5,1,0.0
Student_1234,T2_Spring,Program_C,First_Year,3,65,2.74,0.14,0.708,1,2,15,3.36,0.866,0.096,70.4,2,1.0
Student_1235,T2_Spring,Program_D,First_Year,4,87,2.28,-0.0,0.873,0,0,15,5.01,0.881,0.194,68.5,1,1.0
Student_1236,T2_Spring,Program_A,Transfer,2,52,2.46,-0.5,0.905,0,0,15,3.96,0.807,0.236,76.7,0,0.0
Student_1237,T2_Spring,Program_B,First_Year,3,72,2.39,-0.05,0.873,0,0,15,3.16,0.853,0.26,78.9,1,0.0
Student_1238,T2_Spring,Program_D,Transfer,2,42,2.66,-0.0,0.913,0,0,18,5.43,0.919,0.154,79.8,4,0.0
Student_1239,T2_Spring,Program_C,Transfer,3,64,3.3,-0.85,0.9,0,0,9,3.85,0.848,0.267,74.1,2,0.0
Student_1241,T2_Spring,Program_A,First_Year,1,6,2.96,0.89,0.943,0,0,12,6.09,1.0,0.0,100.0,0,0.0
Student_1242,T2_Spring,Program_D,Transfer,1,9,2.92,-0.05,0.745,0,1,15,2.91,0.79,0.196,55.2,1,0.0
Student_1243,T2_Spring,Program_A,First_Year,4,98,3.21,0.03,0.904,0,2,18,4.82,0.864,0.17,87.8,1,0.0
Student_1246,T2_Spring,Program_D,First_Year,2,27,3.67,-0.23,1.0,0,1,12,2.76,0.953,0.277,96.3,4,0.0
Student_1247,T2_Spring,Program_D,First_Year,3,78,2.34,0.25,0.919,0,0,15,4.37,1.0,0.11,77.6,3,0.0
Student_1248,T2_Spring,Program_B,First_Year,1,12,2.41,0.19,0.806,0,0,15,2.34,0.814,0.264,63.5,2,0.0
Student_1249,T2_Spring,Program_A,First_Year,1,10,2.19,-0.33,0.688,1,0,9,3.66,0.715,0.468,82.6,0,0.0
Student_1250,T2_Spring,Program_B,First_Year,4,85,2.54,-0.23,0.691,1,0,12,5.24,0.738,0.368,74.2,0,1.0
Student_1251,T2_Spring,Program_D,Transfer,2,46,3.23,-0.27,0.895,0,0,15,3.17,0.702,0.492,73.6,4,0.0
Student_1252,T2_Spring,Program_B,First_Year,2,42,2.62,-0.07,0.698,1,0,9,3.92,0.942,0.306,61.5,3,0.0
Student_1254,T2_Spring,Program_D,Transfer,4,102,2.97,-0.33,1.0,0,0,15,3.99,0.845,0.236,78.2,1,0.0
Student_1255,T2_Spring,Program_D,Transfer,3,81,3.18,0.4,0.651,3,0,12,5.93,0.862,0.0,86.0,3,0.0
Student_1256,T2_Spring,Program_A,Transfer,3,77,2.42,0.38,0.944,0,0,18,4.67,1.0,0.11,55.9,4,0.0
Student_1257,T2_Spring,Program_C,Transfer,2,46,2.88,-0.05,0.913,0,0,12,4.59,1.0,0.221,82.0,1,0.0
Student_1258,T2_Spring,Program_A,Transfer,4,99,2.78,0.05,0.894,0,0,12,3.87,0.838,0.284,71.8,3,0.0
Student_1259,T2_Spring,Program_A,First_Year,1,25,2.43,0.01,0.962,0,0,12,4.34,0.987,0.135,83.5,1,0.0
Student_1260,T2_Spring,Program_D,First_Year,3,58,2.39,-0.06,0.747,1,1,12,4.91,0.887,0.183,78.7,1,1.0
Student_1262,T2_Spring,Program_D,First_Year,4,98,1.87,0.19,0.704,1,1,12,4.55,0.976,0.007,72.6,1,0.0
Student_1264,T2_Spring,Program_B,First_Year,4,87,3.26,0.07,0.938,0,1,15,6.09,0.949,0.0,75.1,0,0.0
Student_1265,T2_Spring,Program_A,Transfer,1,21,2.86,0.16,0.734,1,0,12,2.89,0.915,0.211,77.7,2,0.0
Student_1266,T2_Spring,Program_D,First_Year,2,29,2.31,-0.16,0.77,1,0,15,5.53,0.782,0.136,74.8,0,0.0
Student_1267,T2_Spring,Program_B,Transfer,3,58,3.7,-0.13,0.847,1,0,12,7.0,1.0,0.142,100.0,0,1.0
Student_1268,T2_Spring,Program_B,First_Year,1,18,2.52,0.01,0.9,0,0,12,5.24,0.979,0.133,81.5,0,0.0
Student_1269,T2_Spring,Program_A,First_Year,2,34,2.14,-0.04,0.743,1,0,15,3.16,0.804,0.296,51.4,3,1.0
Student_1270,T2_Spring,Program_B,Transfer,3,58,3.05,0.31,0.854,0,2,18,4.63,0.885,0.219,94.7,8,0.0
Student_1271,T2_Spring,Program_D,First_Year,2,43,2.16,-0.14,0.796,0,0,15,3.73,0.797,0.279,73.2,2,0.0
Student_1272,T2_Spring,Program_D,First_Year,2,46,3.04,0.07,0.899,0,1,12,4.58,0.99,0.093,93.6,5,0.0
Student_1273,T2_Spring,Program_D,First_Year,4,102,2.88,0.49,0.923,0,1,15,4.78,1.0,0.0,72.6,3,0.0
Student_1274,T2_Spring,Program_C,First_Year,1,12,3.07,-0.01,0.879,0,0,15,4.55,0.876,0.27,88.1,0,0.0
Student_1276,T2_Spring,Program_D,First_Year,4,81,2.4,-0.5,0.801,0,0,15,3.22,0.822,0.161,74.1,1,0.0
Student_1278,T2_Spring,Program_B,First_Year,4,93,2.76,0.01,0.868,0,0,15,1.89,0.79,0.341,63.4,6,1.0
Student_1279,T2_Spring,Program_A,First_Year,2,40,2.37,-0.0,0.801,0,1,9,1.69,0.762,0.254,76.9,4,0.0
Student_1280,T2_Spring,Program_C,Transfer,4,108,2.89,1.0,0.71,1,0,15,3.17,0.875,0.157,73.4,3,0.0
Student_1282,T2_Spring,Program_C,First_Year,2,28,3.07,-0.41,0.908,0,0,15,4.37,0.922,0.205,92.4,1,0.0
Student_1283,T2_Spring,Program_C,First_Year,3,67,2.19,-0.54,0.64,1,0,15,3.11,0.782,0.329,54.4,0,1.0
Student_1285,T2_Spring,Program_B,First_Year,1,7,2.83,0.34,0.83,0,0,12,2.15,0.624,0.301,87.1,4,0.0
Student_1286,T2_Spring,Program_A,First_Year,1,27,2.91,-0.06,0.854,0,1,18,3.99,0.865,0.248,76.7,3,0.0
Student_1287,T2_Spring,Program_D,First_Year,1,22,2.86,0.32,0.85,0,1,9,4.94,0.897,0.18,81.0,0,0.0
Student_1289,T2_Spring,Program_B,Transfer,1,3,3.38,0.27,0.89,0,0,12,5.23,1.0,0.067,75.6,1,0.0
Student_1290,T2_Spring,Program_A,First_Year,1,23,3.02,0.08,0.681,1,0,18,1.92,0.77,0.297,71.4,4,1.0
Student_1291,T2_Spring,Program_C,First_Year,3,74,3.08,-0.55,0.927,0,0,15,3.62,0.683,0.256,75.9,1,0.0
Student_1292,T2_Spring,Program_A,Transfer,4,99,3.4,-0.6,0.911,0,0,15,2.89,0.852,0.291,74.0,2,0.0
Student_1293,T2_Spring,Program_C,First_Year,2,43,2.71,-0.28,0.814,0,0,12,3.88,0.872,0.283,86.0,2,0.0
Student_1294,T2_Spring,Program_C,Transfer,1,3,3.67,0.14,1.0,0,0,12,4.69,0.836,0.072,80.1,1,0.0
Student_1295,T2_Spring,Program_B,First_Year,1,19,2.99,-0.65,0.913,0,0,18,4.84,0.994,0.113,82.6,0,0.0
Student_1296,T2_Spring,Program_B,First_Year,4,95,2.49,-0.25,0.703,2,0,15,3.9,0.845,0.243,68.0,1,1.0
Student_1297,T2_Spring,Program_C,Transfer,3,71,2.09,-0.06,0.583,2,0,18,4.03,0.819,0.208,66.6,3,0.0
Student_1298,T2_Spring,Program_A,First_Year,3,62,2.28,-0.01,0.753,1,0,12,2.68,0.936,0.202,81.1,3,0.0
Student_1299,T2_Spring,Program_A,First_Year,4,88,2.65,-0.0,0.854,0,1,15,2.87,0.828,0.265,70.4,1,1.0
Student_1301,T2_Spring,Program_C,Transfer,1,17,2.77,-0.16,0.821,1,0,12,4.15,0.921,0.057,71.6,3,0.0
Student_1302,T2_Spring,Program_A,First_Year,4,83,2.75,-0.02,0.901,1,1,9,3.47,1.0,0.001,78.0,4,1.0
Student_1303,T2_Spring,Program_B,First_Year,2,39,2.73,0.48,0.65,3,0,15,3.24,1.0,0.198,77.8,0,0.0
Student_1305,T2_Spring,Program_B,Transfer,2,32,2.34,-0.66,0.798,0,1,18,4.0,0.904,0.097,52.6,0,0.0
Student_1309,T2_Spring,Program_A,Transfer,3,58,2.58,-0.13,0.925,0,0,15,3.48,0.873,0.195,67.9,3,0.0
Student_1310,T2_Spring,Program_A,Transfer,2,47,2.8,0.06,0.807,0,0,15,3.15,0.883,0.169,67.5,6,0.0
Student_1311,T2_Spring,Program_C,First_Year,1,1,3.63,-0.02,0.942,0,0,12,3.82,0.838,0.153,79.3,0,0.0
Student_1313,T2_Spring,Program_B,First_Year,1,8,2.03,0.91,0.677,1,0,15,3.92,0.98,0.073,71.7,0,1.0
Student_1315,T2_Spring,Program_A,First_Year,2,37,1.95,-0.05,0.69,2,1,15,4.5,0.738,0.368,87.3,3,1.0
Student_1316,T2_Spring,Program_C,First_Year,2,42,2.58,0.31,0.871,1,0,15,5.88,1.0,0.114,59.4,1,0.0
Student_1318,T2_Spring,Program_D,First_Year,2,53,2.68,-0.11,0.847,1,0,15,3.52,0.911,0.117,66.4,3,1.0
Student_1319,T2_Spring,Program_B,First_Year,2,43,2.98,0.02,0.821,1,1,15,3.92,0.933,0.022,80.2,0,0.0
Student_1320,T2_Spring,Program_B,First_Year,2,53,3.21,-0.35,0.925,0,0,18,3.0,0.743,0.22,63.4,4,0.0
Student_1321,T2_Spring,Program_C,Transfer,2,37,3.1,0.03,0.846,0,1,12,2.61,0.875,0.349,76.5,2,0.0
Student_1322,T2_Spring,Program_C,Transfer,2,44,1.79,0.04,0.781,0,0,15,3.84,0.756,0.262,71.4,5,0.0
Student_1323,T2_Spring,Program_A,Transfer,1,5,1.86,-0.26,0.71,1,0,9,4.54,0.926,0.08,66.6,2,0.0
Student_1324,T2_Spring,Program_A,First_Year,3,68,2.62,0.08,0.759,1,0,18,3.81,1.0,0.077,69.2,4,0.0
Student_1325,T2_Spring,Program_B,First_Year,3,55,3.23,0.59,0.939,0,1,15,5.63,1.0,0.0,88.5,0,0.0
Student_1326,T2_Spring,Program_A,First_Year,3,70,3.23,0.07,0.959,0,1,18,6.37,0.852,0.069,67.7,0,1.0
Student_1327,T2_Spring,Program_C,First_Year,1,7,2.79,-0.41,0.687,2,1,18,3.03,0.834,0.192,60.5,3,1.0
Student_1328,T2_Spring,Program_B,First_Year,2,34,2.47,0.12,0.809,1,0,12,4.92,0.965,0.09,77.6,0,0.0
Student_1329,T2_Spring,Program_D,First_Year,1,14,4.0,0.17,1.0,0,0,9,2.68,1.0,0.05,99.0,5,0.0
Student_1331,T2_Spring,Program_B,First_Year,2,32,2.89,-0.02,0.841,0,0,12,5.08,0.977,0.16,91.3,0,0.0
Student_1333,T2_Spring,Program_A,First_Year,1,19,2.45,0.01,0.882,1,0,12,4.24,0.9,0.187,64.3,0,0.0
Student_1334,T2_Spring,Program_B,First_Year,2,46,2.9,0.31,0.946,0,0,12,6.14,0.856,0.081,83.0,1,0.0
Student_1335,T2_Spring,Program_A,Transfer,1,22,2.05,-0.32,0.853,1,0,18,4.29,0.827,0.256,73.8,2,1.0
Student_1336,T2_Spring,Program_A,First_Year,2,29,2.49,-0.72,0.811,0,1,15,4.31,0.847,0.098,78.1,1,0.0
Student_1337,T2_Spring,Program_A,First_Year,2,42,3.14,0.33,0.928,0,0,15,3.88,0.926,0.207,81.4,3,0.0
Student_1339,T2_Spring,Program_B,First_Year,3,62,2.33,0.21,0.878,0,1,15,3.84,0.775,0.377,74.9,5,0.0
Student_1340,T2_Spring,Program_D,First_Year,4,106,2.56,-0.28,0.874,0,1,12,3.39,0.722,0.245,82.5,2,1.0
Student_1341,T2_Spring,Program_B,Transfer,1,10,2.37,-0.46,0.814,0,1,15,2.72,0.675,0.353,83.3,4,0.0
Student_1342,T2_Spring,Program_C,First_Year,4,99,1.85,-0.51,0.591,0,0,15,3.99,0.673,0.431,59.4,0,0.0
Student_1344,T2_Spring,Program_A,First_Year,4,94,2.16,-0.16,0.741,1,0,12,4.53,0.878,0.167,68.7,2,1.0
Student_1345,T2_Spring,Program_C,First_Year,4,96,2.81,0.08,0.852,0,0,15,3.83,1.0,0.226,84.8,2,0.0
Student_1347,T2_Spring,Program_C,Transfer,1,24,3.09,0.06,0.98,0,0,15,4.71,1.0,0.227,83.7,0,0.0
Student_1348,T2_Spring,Program_D,First_Year,2,33,3.27,0.64,0.818,0,2,18,4.11,0.783,0.164,93.8,3,0.0
Student_1349,T2_Spring,Program_C,First_Year,1,21,1.65,0.07,0.739,0,0,15,4.45,0.942,0.236,73.6,4,0.0
Student_1352,T2_Spring,Program_A,First_Year,3,60,2.43,0.19,0.743,0,0,18,5.06,0.911,0.238,69.9,1,0.0
Student_1353,T2_Spring,Program_A,First_Year,4,81,2.84,0.33,0.83,0,2,18,3.62,0.759,0.171,64.0,0,1.0
Student_1354,T2_Spring,Program_D,First_Year,1,27,3.66,-0.21,0.753,1,1,18,2.74,0.934,0.165,69.0,1,0.0
Student_1355,T2_Spring,Program_B,First_Year,4,97,2.76,0.16,0.862,0,0,18,2.55,0.902,0.091,80.9,3,0.0
Student_1356,T2_Spring,Program_C,Transfer,2,51,2.74,-0.03,0.859,1,1,12,3.3,0.822,0.208,58.9,0,0.0
Student_1357,T2_Spring,Program_B,First_Year,3,78,2.67,-0.11,0.865,0,0,12,2.65,0.827,0.192,65.4,1,0.0
Student_1359,T2_Spring,Program_A,First_Year,1,12,2.98,0.17,0.855,0,0,12,4.84,0.896,0.168,92.0,5,0.0
Student_1360,T2_Spring,Program_B,First_Year,4,86,2.18,-0.14,0.89,0,1,12,3.86,0.859,0.296,63.1,5,0.0
Student_1362,T2_Spring,Program_A,First_Year,3,58,3.43,0.07,0.826,0,0,15,6.15,0.913,0.012,79.2,2,0.0
Student_1363,T2_Spring,Program_C,First_Year,1,25,3.27,-0.08,0.924,0,0,15,6.03,1.0,0.023,92.1,4,0.0
Student_1364,T2_Spring,Program_C,Transfer,1,10,2.9,0.05,0.839,0,0,15,3.14,0.919,0.137,88.9,3,0.0
Student_1365,T2_Spring,Program_A,Transfer,4,107,2.91,-0.7,0.854,0,1,12,1.08,0.723,0.442,80.5,5,1.0
Student_1367,T2_Spring,Program_D,First_Year,2,39,2.44,0.5,0.862,0,0,15,5.5,0.93,0.019,69.8,0,0.0
Student_1368,T2_Spring,Program_C,Transfer,3,66,2.48,0.07,0.602,2,0,18,6.54,1.0,0.0,66.5,3,0.0
Student_1369,T2_Spring,Program_A,First_Year,3,68,2.68,-0.7,0.801,0,0,15,4.63,0.693,0.337,66.5,2,0.0
Student_1370,T2_Spring,Program_B,First_Year,3,71,2.36,0.1,0.747,1,1,9,3.95,0.863,0.263,82.4,2,0.0
Student_1371,T2_Spring,Program_D,Transfer,3,68,3.0,0.29,0.891,0,0,15,3.94,0.744,0.357,99.4,0,0.0
Student_1372,T2_Spring,Program_B,First_Year,1,18,2.98,-0.87,1.0,0,1,15,3.72,0.664,0.262,79.9,4,1.0
Student_1373,T2_Spring,Program_A,First_Year,2,31,2.92,0.42,0.831,0,0,9,4.15,1.0,0.126,90.1,0,0.0
Student_1374,T2_Spring,Program_A,Transfer,1,22,2.23,-0.23,0.631,2,0,12,2.43,1.0,0.086,75.9,6,1.0
Student_1375,T2_Spring,Program_D,Transfer,3,74,3.29,-0.12,0.983,0,0,15,4.2,0.867,0.11,78.0,0,0.0
Student_1376,T2_Spring,Program_B,First_Year,2,47,2.63,-0.29,0.559,3,0,18,4.78,0.848,0.103,80.1,0,0.0
Student_1377,T2_Spring,Program_B,Transfer,3,65,1.79,-0.2,0.746,0,0,18,4.12,0.988,0.152,61.5,4,1.0
Student_1378,T2_Spring,Program_D,First_Year,3,67,3.91,0.28,0.955,0,0,15,3.85,1.0,0.199,100.0,0,0.0
Student_1379,T2_Spring,Program_A,First_Year,2,33,2.93,0.16,0.925,0,2,18,5.49,0.942,0.117,80.5,1,0.0
Student_1380,T2_Spring,Program_C,Transfer,3,78,2.39,0.21,0.926,0,0,12,4.94,1.0,0.07,80.4,0,0.0
Student_1381,T2_Spring,Program_A,First_Year,4,108,2.73,0.62,1.0,1,0,15,5.32,1.0,0.0,100.0,0,0.0
Student_1384,T2_Spring,Program_B,First_Year,2,54,2.34,-0.31,0.866,0,1,12,2.33,0.774,0.282,73.6,3,0.0
Student_1387,T2_Spring,Program_B,First_Year,4,92,2.97,-0.01,0.846,0,0,12,4.38,0.908,0.085,80.1,5,0.0
Student_1390,T2_Spring,Program_C,First_Year,2,32,2.94,-0.08,0.893,0,1,12,4.03,1.0,0.221,86.6,2,0.0
Student_1391,T2_Spring,Program_C,First_Year,4,104,2.82,1.0,0.837,0,1,9,6.17,1.0,0.081,77.6,2,0.0
Student_1392,T2_Spring,Program_A,First_Year,2,50,2.83,-0.29,0.876,0,1,18,2.42,0.843,0.209,87.0,4,0.0
Student_1393,T2_Spring,Program_A,First_Year,3,63,3.46,0.64,0.97,0,0,18,6.1,0.862,0.0,95.7,2,0.0
Student_1399,T2_Spring,Program_C,First_Year,4,95,2.68,0.49,0.833,1,2,15,3.81,0.911,0.186,64.6,2,0.0
Student_1400,T2_Spring,Program_A,Transfer,1,4,2.93,0.14,0.973,0,0,15,3.27,0.825,0.122,69.6,2,0.0
Student_1401,T2_Spring,Program_D,First_Year,4,97,3.24,-0.24,0.762,1,0,15,3.48,0.759,0.274,73.5,1,0.0
Student_1402,T2_Spring,Program_A,First_Year,1,12,3.19,0.1,0.974,0,0,12,5.29,0.997,0.037,89.8,0,0.0
Student_1403,T2_Spring,Program_C,First_Year,1,20,3.71,0.14,1.0,0,0,15,4.84,0.952,0.013,83.1,1,0.0
Student_1404,T2_Spring,Program_C,Transfer,3,68,2.72,-0.15,0.745,0,0,15,2.62,0.76,0.349,80.8,2,0.0
Student_1405,T2_Spring,Program_C,Transfer,2,33,2.62,-0.28,0.606,1,2,12,1.45,0.647,0.424,66.5,1,0.0
Student_1406,T2_Spring,Program_A,First_Year,3,76,3.33,-0.11,0.854,0,1,15,3.92,0.832,0.172,77.5,5,0.0
Student_1407,T2_Spring,Program_C,First_Year,2,36,2.92,-0.05,0.77,1,0,12,4.53,0.799,0.145,85.0,4,1.0
Student_1408,T2_Spring,Program_B,Transfer,2,47,1.67,0.07,0.605,1,1,9,5.09,0.795,0.194,65.6,0,1.0
Student_1411,T2_Spring,Program_C,First_Year,2,39,2.29,0.12,0.889,0,2,9,3.37,0.967,0.121,68.2,0,0.0
Student_1413,T2_Spring,Program_A,First_Year,4,95,3.56,-0.21,0.955,1,0,12,3.31,1.0,0.008,79.3,1,0.0
Student_1415,T2_Spring,Program_D,First_Year,4,91,3.22,0.04,0.981,0,0,18,6.44,1.0,0.0,90.1,5,0.0
Student_1416,T2_Spring,Program_A,Transfer,1,23,3.98,0.11,1.0,0,1,15,3.62,0.935,0.262,81.0,6,0.0
Student_1417,T2_Spring,Program_A,Transfer,3,54,3.35,0.66,0.96,0,0,15,4.19,1.0,0.09,82.4,0,0.0
Student_1418,T2_Spring,Program_B,Transfer,4,103,1.76,-0.84,0.65,1,3,15,1.71,0.61,0.434,61.6,0,1.0
Student_1419,T2_Spring,Program_A,Transfer,2,33,3.08,0.3,0.913,0,0,12,4.52,0.934,0.0,67.5,1,0.0
Student_1420,T2_Spring,Program_A,Transfer,2,50,3.17,-0.09,0.854,0,0,15,4.25,0.852,0.172,89.7,1,0.0
Student_1421,T2_Spring,Program_A,First_Year,1,12,2.61,-0.16,0.743,1,0,15,3.98,0.751,0.26,82.0,4,0.0
Student_1422,T2_Spring,Program_B,First_Year,3,54,3.01,0.12,0.77,0,0,15,3.44,0.805,0.2,78.6,5,0.0
Student_1424,T2_Spring,Program_C,First_Year,3,74,1.97,-0.22,0.829,0,0,15,2.41,0.732,0.386,54.5,6,0.0
Student_1425,T2_Spring,Program_B,Transfer,2,34,3.39,-0.39,0.934,0,0,15,3.81,0.715,0.321,74.9,0,0.0
Student_1426,T2_Spring,Program_C,First_Year,4,90,2.34,-0.06,0.771,0,0,15,2.71,0.796,0.196,56.2,2,1.0
Student_1428,T2_Spring,Program_A,First_Year,3,76,2.58,0.18,0.878,0,0,15,4.55,1.0,0.056,68.2,5,0.0
Student_1429,T2_Spring,Program_C,First_Year,3,80,2.12,-0.07,0.846,0,1,18,3.98,0.716,0.224,78.8,4,0.0
Student_1431,T2_Spring,Program_C,First_Year,2,49,1.97,0.01,0.746,1,0,18,4.0,0.806,0.235,58.1,0,0.0
Student_1432,T2_Spring,Program_D,Transfer,2,28,2.45,0.28,0.731,1,1,15,4.44,0.873,0.167,80.2,1,0.0
Student_1433,T2_Spring,Program_B,First_Year,3,64,3.21,0.18,0.804,1,0,12,5.28,0.89,0.255,77.3,0,0.0
Student_1434,T2_Spring,Program_B,Transfer,1,16,3.27,0.07,0.914,0,0,15,2.57,0.811,0.368,83.5,5,0.0
Student_1435,T2_Spring,Program_B,First_Year,2,37,2.5,-0.6,0.679,1,2,18,3.19,0.928,0.199,83.2,7,0.0
Student_1436,T2_Spring,Program_A,First_Year,4,104,3.02,0.52,0.824,1,1,15,3.12,0.937,0.254,81.9,5,0.0
Student_1438,T2_Spring,Program_D,First_Year,2,36,2.99,-0.77,0.741,0,0,18,3.5,0.796,0.35,57.4,4,1.0
Student_1439,T2_Spring,Program_C,Transfer,2,47,3.5,0.09,0.988,0,1,15,2.43,0.831,0.229,82.9,5,1.0
Student_1440,T2_Spring,Program_A,First_Year,4,103,2.13,0.17,0.821,0,0,15,5.2,0.915,0.201,63.4,1,0.0
Student_1441,T2_Spring,Program_D,First_Year,1,19,3.09,-0.15,1.0,0,0,15,3.72,0.759,0.12,87.5,3,0.0
Student_1442,T2_Spring,Program_B,First_Year,2,29,2.62,-0.05,0.751,2,1,15,3.93,0.803,0.135,88.8,1,0.0
Student_1443,T2_Spring,Program_D,First_Year,4,93,3.19,-0.08,0.818,0,2,15,4.33,0.89,0.206,79.9,1,0.0
Student_1444,T2_Spring,Program_B,First_Year,3,55,2.72,0.39,0.934,0,0,15,5.23,0.988,0.213,91.5,0,0.0
Student_1446,T2_Spring,Program_B,Transfer,2,41,3.45,-1.7,0.879,1,0,15,2.44,0.854,0.294,54.3,2,1.0
Student_1447,T2_Spring,Program_B,First_Year,3,64,2.0,-0.2,0.745,0,0,12,3.94,0.74,0.314,82.9,2,1.0
Student_1448,T2_Spring,Program_C,First_Year,2,35,2.67,-0.58,0.822,0,0,15,3.18,0.8,0.108,89.4,2,0.0
Student_1449,T2_Spring,Program_B,First_Year,2,43,3.16,0.33,0.759,3,0,12,4.54,1.0,0.0,100.0,3,0.0
Student_1450,T2_Spring,Program_A,Transfer,3,67,2.85,-0.46,0.869,0,0,12,4.08,0.811,0.159,76.1,0,0.0
Student_1451,T2_Spring,Program_A,First_Year,2,33,3.32,-0.21,0.964,0,0,15,3.0,0.928,0.258,91.5,3,0.0
Student_1452,T2_Spring,Program_C,First_Year,4,93,2.15,-0.09,0.784,0,0,15,3.76,0.779,0.145,77.3,3,1.0
Student_1453,T2_Spring,Program_C,First_Year,3,62,2.89,-0.17,0.886,0,0,9,4.38,0.802,0.091,68.7,2,1.0
Student_1454,T2_Spring,Program_D,First_Year,2,38,3.2,0.37,0.887,0,0,15,3.93,0.942,0.122,61.5,1,1.0
Student_1455,T2_Spring,Program_A,First_Year,4,91,2.9,-0.36,0.985,0,0,15,2.45,0.813,0.184,79.9,2,0.0
Student_1456,T2_Spring,Program_D,Transfer,2,27,2.77,0.11,0.847,1,0,12,4.4,0.983,0.031,81.9,1,0.0
Student_1458,T2_Spring,Program_A,First_Year,3,72,1.9,-0.13,0.864,0,1,9,4.32,0.937,0.079,61.4,0,0.0
Student_1459,T2_Spring,Program_D,First_Year,1,5,3.23,-0.06,0.956,0,0,12,3.18,0.82,0.171,92.3,0,0.0
Student_1460,T2_Spring,Program_A,First_Year,1,21,2.89,0.17,0.968,0,0,15,3.43,0.952,0.004,93.3,0,0.0
Student_1461,T2_Spring,Program_A,First_Year,4,102,2.91,-0.25,0.77,1,2,15,3.35,0.939,0.16,79.2,8,1.0
Student_1462,T2_Spring,Program_C,First_Year,3,63,1.95,0.29,0.81,0,1,12,4.64,0.82,0.119,79.2,1,0.0
Student_1463,T2_Spring,Program_D,First_Year,4,99,2.68,0.14,0.935,0,1,15,4.38,1.0,0.108,82.4,4,0.0
Student_1464,T2_Spring,Program_C,First_Year,4,102,2.6,0.37,0.944,0,1,18,3.75,0.886,0.241,78.1,0,0.0
Student_1465,T2_Spring,Program_A,First_Year,1,21,2.54,0.37,0.788,0,0,12,4.25,1.0,0.156,82.4,0,1.0
Student_1466,T2_Spring,Program_C,First_Year,2,45,3.45,-0.23,0.87,0,0,15,3.41,0.702,0.305,78.8,0,1.0
Student_1467,T2_Spring,Program_A,First_Year,2,29,2.42,-0.0,0.84,0,0,12,6.22,1.0,0.133,69.7,0,0.0
Student_1468,T2_Spring,Program_B,First_Year,4,94,2.74,-0.0,0.835,1,1,15,5.1,1.0,0.135,63.3,1,0.0
Student_1469,T2_Spring,Program_B,First_Year,2,36,2.46,-0.25,0.865,0,0,12,5.72,0.961,0.056,64.9,0,0.0
Student_1470,T2_Spring,Program_B,First_Year,1,19,3.06,0.19,0.937,1,1,15,3.18,0.94,0.14,91.0,3,0.0
Student_1471,T2_Spring,Program_C,Transfer,3,70,2.8,-0.22,0.835,0,0,15,2.88,0.667,0.214,70.5,4,0.0
Student_1472,T2_Spring,Program_C,First_Year,3,67,3.05,0.09,0.82,0,0,9,4.71,0.991,0.059,67.0,0,0.0
Student_1473,T2_Spring,Program_A,First_Year,1,25,3.88,0.17,1.0,0,0,15,5.64,0.9,0.13,81.3,4,0.0
Student_1474,T2_Spring,Program_C,First_Year,1,11,2.44,0.06,0.864,0,0,18,5.1,1.0,0.0,74.8,0,0.0
Student_1475,T2_Spring,Program_C,First_Year,4,97,3.3,0.07,0.733,1,0,15,3.5,0.754,0.242,82.2,3,0.0
Student_1476,T2_Spring,Program_B,Transfer,1,6,2.83,-0.57,0.828,0,0,15,3.81,0.885,0.332,67.3,0,0.0
Student_1477,T2_Spring,Program_D,First_Year,4,90,3.09,-0.05,0.849,0,0,9,2.81,1.0,0.154,70.6,3,0.0
Student_1478,T2_Spring,Program_B,First_Year,4,98,2.27,-0.09,0.681,1,2,12,3.26,0.753,0.319,72.4,0,0.0
Student_1479,T2_Spring,Program_D,First_Year,4,85,3.09,0.5,0.831,0,1,15,5.96,1.0,0.0,79.5,0,0.0
Student_1480,T2_Spring,Program_B,First_Year,1,25,2.47,0.62,0.843,1,1,15,4.02,0.908,0.141,86.4,3,0.0
Student_1482,T2_Spring,Program_D,First_Year,2,51,2.64,-0.19,0.79,1,0,12,7.0,0.944,0.049,81.9,4,0.0
Student_1483,T2_Spring,Program_A,First_Year,3,78,2.7,0.16,0.804,0,0,9,3.91,0.824,0.143,70.8,0,0.0
Student_1484,T2_Spring,Program_A,First_Year,2,34,1.76,-0.19,0.631,1,1,12,2.75,0.907,0.238,53.6,4,1.0
Student_1485,T2_Spring,Program_A,Transfer,1,21,3.25,-0.42,0.602,2,0,12,2.38,0.775,0.35,73.7,5,1.0
Student_1487,T2_Spring,Program_C,Transfer,2,45,2.29,-0.17,0.573,2,0,15,4.55,0.746,0.291,83.0,4,0.0
Student_1489,T2_Spring,Program_C,First_Year,3,55,2.69,-0.15,0.777,1,0,12,2.79,0.988,0.017,66.8,3,0.0
Student_1490,T2_Spring,Program_A,First_Year,2,38,2.83,0.1,0.828,0,0,15,3.43,0.729,0.311,78.3,1,0.0
Student_1491,T2_Spring,Program_D,First_Year,4,101,2.79,0.08,0.946,0,1,15,4.46,0.879,0.414,98.1,2,1.0
Student_1493,T2_Spring,Program_C,Transfer,2,30,3.0,-1.0,0.814,1,0,15,5.23,0.802,0.121,76.4,0,1.0
Student_1494,T2_Spring,Program_A,First_Year,3,75,3.64,0.18,1.0,0,0,15,6.3,0.958,0.04,79.8,0,0.0
Student_1495,T2_Spring,Program_C,First_Year,4,95,2.94,0.43,0.903,0,1,18,4.52,0.886,0.372,95.7,2,0.0
Student_1496,T2_Spring,Program_C,Transfer,3,73,2.86,-0.31,0.961,0,0,15,3.08,0.943,0.187,100.0,4,0.0
Student_1497,T2_Spring,Program_C,First_Year,2,43,3.79,0.08,0.905,0,0,12,4.41,0.999,0.106,72.8,1,0.0
Student_1498,T2_Spring,Program_D,Transfer,4,85,3.6,0.36,0.844,0,0,15,4.49,0.8,0.263,74.9,3,0.0
Student_1499,T2_Spring,Program_D,First_Year,2,46,3.19,0.99,0.862,0,0,15,5.13,0.938,0.137,92.5,0,0.0
Student_1500,T2_Spring,Program_A,First_Year,3,81,3.09,0.2,0.825,1,0,9,5.5,0.936,0.167,100.0,2,0.0
Student_1501,T2_Spring,Program_B,Transfer,3,65,2.37,-1.54,0.734,1,1,18,3.18,0.767,0.245,67.0,4,1.0
Student_1502,T2_Spring,Program_B,First_Year,2,29,3.1,-0.08,0.838,0,0,18,3.96,0.989,0.134,89.0,0,0.0
Student_1503,T2_Spring,Program_C,First_Year,1,26,3.29,0.04,0.724,2,1,12,5.31,0.819,0.214,70.1,0,0.0
Student_1504,T2_Spring,Program_A,First_Year,2,39,2.57,-0.03,0.757,2,3,15,3.75,0.808,0.146,87.4,0,0.0
Student_1505,T2_Spring,Program_B,First_Year,1,23,3.08,-0.01,0.968,0,0,15,4.48,0.99,0.176,82.2,2,0.0
Student_1506,T2_Spring,Program_A,First_Year,2,47,2.23,-0.09,0.742,1,0,15,5.92,1.0,0.02,84.8,3,0.0
Student_1507,T2_Spring,Program_C,First_Year,4,100,3.02,0.13,0.772,1,0,12,1.75,0.796,0.206,88.8,4,0.0
Student_1508,T2_Spring,Program_B,First_Year,3,61,1.96,0.65,0.621,1,0,18,3.75,0.855,0.206,67.2,3,1.0
Student_1509,T2_Spring,Program_C,First_Year,3,70,2.74,0.15,0.79,2,0,9,4.98,1.0,0.064,76.5,1,0.0
Student_1510,T2_Spring,Program_D,First_Year,2,32,2.72,0.25,0.843,0,0,12,4.49,0.855,0.099,68.8,0,0.0
Student_1512,T2_Spring,Program_A,First_Year,3,80,2.71,-0.22,0.726,2,1,12,3.54,0.886,0.087,69.5,0,0.0
Student_1513,T2_Spring,Program_D,Transfer,1,18,3.46,0.01,0.978,0,0,15,3.5,0.888,0.176,80.2,2,0.0
Student_1514,T2_Spring,Program_A,Transfer,4,94,3.34,-0.46,0.749,2,1,15,1.55,0.71,0.247,83.9,3,1.0
Student_1515,T2_Spring,Program_B,Transfer,4,107,2.07,-0.5,0.856,0,1,15,4.88,1.0,0.171,78.2,2,0.0
Student_1516,T2_Spring,Program_B,First_Year,4,106,2.42,0.35,0.876,0,0,12,3.18,0.854,0.263,84.0,5,0.0
Student_1517,T2_Spring,Program_A,First_Year,4,83,3.25,0.43,0.794,1,0,18,3.88,0.856,0.294,90.4,2,1.0
Student_1518,T2_Spring,Program_C,First_Year,1,2,2.4,0.03,0.938,0,0,18,2.77,0.937,0.368,67.8,0,0.0
Student_1520,T2_Spring,Program_D,Transfer,3,70,2.63,0.22,0.908,0,0,18,4.39,0.882,0.178,85.4,2,0.0
Student_1521,T2_Spring,Program_A,First_Year,3,65,2.09,0.04,0.699,0,1,15,4.56,0.892,0.251,62.7,0,0.0
Student_1522,T2_Spring,Program_B,First_Year,4,88,3.21,-0.04,1.0,0,0,9,2.74,0.962,0.15,77.8,4,0.0
Student_1523,T2_Spring,Program_C,First_Year,4,84,2.93,0.38,0.967,0,0,15,4.08,0.868,0.116,73.3,0,0.0
Student_1524,T2_Spring,Program_A,Transfer,4,83,2.54,-0.02,0.883,0,1,9,3.31,0.77,0.23,78.6,7,0.0
Student_1525,T2_Spring,Program_D,First_Year,2,36,2.27,-0.0,0.597,2,0,9,2.82,0.785,0.21,77.3,0,0.0
Student_1526,T2_Spring,Program_B,First_Year,4,99,3.26,0.08,0.755,0,0,12,2.71,0.685,0.292,68.4,3,1.0
Student_1527,T2_Spring,Program_B,First_Year,1,16,3.92,0.55,1.0,0,0,9,4.56,0.949,0.069,88.8,1,0.0
Student_1529,T2_Spring,Program_D,First_Year,3,75,3.21,-0.35,0.856,0,1,12,3.9,0.885,0.163,66.1,3,0.0
Student_1531,T2_Spring,Program_A,Transfer,1,24,3.51,0.01,0.945,0,0,12,3.49,0.88,0.238,86.1,4,0.0
Student_1532,T2_Spring,Program_D,First_Year,2,48,3.46,0.78,0.98,0,0,9,4.93,1.0,0.199,100.0,0,0.0
Student_1534,T2_Spring,Program_D,First_Year,4,90,3.2,0.07,0.875,0,0,12,6.42,0.891,0.1,92.8,0,0.0
Student_1535,T2_Spring,Program_C,First_Year,4,107,3.44,0.59,0.871,0,2,15,4.31,0.97,0.032,74.8,1,0.0
Student_1536,T2_Spring,Program_C,First_Year,1,22,2.77,0.27,0.981,0,0,18,2.53,0.741,0.183,75.6,2,0.0
Student_1537,T2_Spring,Program_B,First_Year,4,104,2.84,-0.82,0.886,0,0,18,3.35,0.938,0.139,88.9,5,0.0
Student_1538,T2_Spring,Program_A,Transfer,3,57,2.63,-0.08,0.77,1,1,9,2.43,0.797,0.303,78.3,2,1.0
Student_1539,T2_Spring,Program_C,First_Year,2,44,2.09,-0.43,0.87,0,0,15,2.62,0.888,0.216,64.6,4,0.0
Student_1541,T2_Spring,Program_D,Transfer,4,85,2.44,0.36,0.748,1,0,15,4.34,0.838,0.327,73.6,2,0.0
Student_1542,T2_Spring,Program_B,First_Year,1,23,1.91,0.2,0.844,0,0,15,4.99,0.863,0.008,77.1,2,0.0
Student_1543,T2_Spring,Program_B,Transfer,2,51,2.34,-0.16,0.809,0,0,15,4.28,0.898,0.078,86.2,3,0.0
Student_1544,T2_Spring,Program_B,Transfer,2,31,2.24,0.17,0.782,1,0,12,6.65,0.959,0.049,82.8,1,0.0
Student_1545,T2_Spring,Program_A,Transfer,2,32,3.15,-0.02,0.88,0,1,15,3.68,0.862,0.186,88.9,6,0.0
Student_1546,T2_Spring,Program_C,First_Year,2,38,2.13,-0.77,0.847,0,0,12,2.76,0.879,0.116,79.0,4,0.0
Student_1547,T2_Spring,Program_A,First_Year,4,84,2.88,-0.62,0.944,0,1,15,3.51,0.873,0.08,74.6,5,0.0
Student_1551,T2_Spring,Program_A,First_Year,1,22,2.71,-0.16,0.893,0,0,15,5.23,0.812,0.135,87.5,0,0.0
Student_1552,T2_Spring,Program_C,First_Year,2,52,3.28,0.09,0.854,0,1,15,4.36,0.889,0.12,100.0,0,0.0
Student_1553,T2_Spring,Program_B,First_Year,3,75,3.03,0.5,0.701,1,0,15,2.67,0.818,0.188,86.7,1,0.0
Student_1554,T2_Spring,Program_D,First_Year,3,62,2.42,-0.08,0.867,0,0,12,3.01,0.894,0.19,73.1,1,0.0
Student_1555,T2_Spring,Program_A,First_Year,2,40,3.35,0.39,0.903,0,0,15,4.14,0.773,0.169,73.3,1,0.0
Student_1556,T2_Spring,Program_B,First_Year,4,83,2.17,-0.31,0.626,1,0,15,3.14,0.782,0.296,57.4,3,1.0
Student_1557,T2_Spring,Program_B,First_Year,1,11,2.72,-0.16,0.83,0,2,15,4.29,0.85,0.258,48.0,5,1.0
Student_1558,T2_Spring,Program_D,First_Year,2,53,2.13,0.42,0.688,1,0,15,4.72,1.0,0.123,66.5,4,0.0
Student_1559,T2_Spring,Program_B,Transfer,4,86,2.98,-0.4,0.647,2,0,12,5.04,0.805,0.173,69.9,2,0.0
Student_1560,T2_Spring,Program_C,First_Year,4,90,2.82,0.08,0.87,0,0,18,4.11,0.855,0.167,80.7,5,1.0
Student_1561,T2_Spring,Program_B,First_Year,4,103,2.78,-0.28,0.841,0,0,15,4.76,0.772,0.057,81.6,5,0.0
Student_1562,T2_Spring,Program_B,First_Year,3,56,3.04,0.35,0.905,0,0,15,4.3,0.927,0.093,78.5,1,0.0
Student_1563,T2_Spring,Program_D,Transfer,4,83,2.88,-0.24,1.0,0,1,12,3.49,0.866,0.105,84.2,2,1.0
Student_1565,T2_Spring,Program_B,First_Year,1,9,2.71,-0.0,0.79,0,0,12,5.34,0.857,0.14,69.2,1,0.0
Student_1567,T2_Spring,Program_B,First_Year,1,15,3.23,-0.04,1.0,0,0,18,5.19,1.0,0.051,78.7,0,0.0
Student_1570,T2_Spring,Program_A,First_Year,4,99,3.05,-0.63,0.706,0,1,15,3.39,0.653,0.506,72.7,3,1.0
Student_1571,T2_Spring,Program_A,First_Year,4,90,3.32,0.05,0.839,1,0,15,5.19,0.893,0.121,100.0,0,0.0
Student_1573,T2_Spring,Program_D,First_Year,1,11,2.39,-0.5,0.69,1,0,15,3.23,0.756,0.25,63.5,0,0.0
Student_1574,T2_Spring,Program_C,First_Year,2,50,2.44,-0.09,0.572,2,2,9,2.21,0.806,0.244,54.1,4,1.0
Student_1575,T2_Spring,Program_D,First_Year,1,0,3.22,0.34,0.878,0,0,9,4.53,1.0,0.196,91.1,2,0.0
Student_1576,T2_Spring,Program_B,First_Year,1,12,2.39,-0.6,0.746,0,1,15,2.06,0.698,0.344,73.9,3,0.0
Student_1577,T2_Spring,Program_C,Transfer,4,100,2.51,-0.97,0.694,1,1,15,2.26,0.633,0.428,66.3,5,0.0
Student_1578,T2_Spring,Program_A,Transfer,4,90,2.58,-0.7,0.783,0,0,12,4.38,0.856,0.26,69.9,0,1.0
Student_1579,T2_Spring,Program_B,Transfer,3,65,2.71,-0.09,0.803,1,0,12,3.44,0.744,0.2,68.0,4,1.0
Student_1580,T2_Spring,Program_A,Transfer,2,45,2.49,-0.05,0.893,0,0,12,5.42,1.0,0.242,81.6,0,0.0
Student_1581,T2_Spring,Program_B,First_Year,4,85,2.33,-0.25,0.773,1,0,15,5.11,0.772,0.164,81.6,4,0.0
Student_1583,T2_Spring,Program_B,Transfer,1,20,2.66,0.91,0.891,0,1,15,5.39,0.897,0.1,83.9,3,0.0
Student_1584,T2_Spring,Program_B,First_Year,2,42,2.12,-0.6,0.718,1,1,15,3.65,0.708,0.366,82.6,1,0.0
Student_1585,T2_Spring,Program_A,First_Year,4,105,2.89,0.05,0.861,0,0,12,2.23,0.86,0.283,65.4,6,0.0
Student_1586,T2_Spring,Program_B,Transfer,2,32,2.91,0.14,0.918,0,0,9,3.75,0.826,0.229,83.4,2,0.0
Student_1588,T2_Spring,Program_D,Transfer,1,11,2.75,0.12,0.673,2,0,15,4.64,0.849,0.215,81.9,4,0.0
Student_1590,T2_Spring,Program_B,Transfer,3,64,3.06,0.3,0.732,1,0,15,5.61,0.868,0.165,75.8,1,0.0
Student_1591,T2_Spring,Program_A,Transfer,2,36,3.32,0.28,0.669,1,0,9,3.25,0.903,0.221,63.4,5,0.0
Student_1592,T2_Spring,Program_B,First_Year,3,66,2.7,-0.42,0.835,0,1,12,4.97,0.799,0.18,77.9,0,1.0
Student_1593,T2_Spring,Program_B,First_Year,2,46,1.42,-0.86,0.785,0,0,15,4.79,0.951,0.156,72.7,0,1.0
Student_1594,T2_Spring,Program_C,First_Year,3,66,4.0,0.14,1.0,0,1,9,3.09,0.887,0.126,76.4,2,0.0
Student_1595,T2_Spring,Program_C,First_Year,1,18,2.61,0.2,0.759,1,0,15,3.6,1.0,0.126,84.3,4,0.0
Student_1596,T2_Spring,Program_D,First_Year,3,71,2.32,-0.45,0.869,0,0,15,4.21,0.922,0.199,88.0,4,0.0
Student_1597,T2_Spring,Program_A,First_Year,1,27,2.3,0.43,0.894,1,0,12,4.01,1.0,0.069,68.4,4,0.0
Student_1598,T2_Spring,Program_C,First_Year,3,54,1.63,0.32,0.769,0,0,18,4.33,0.794,0.143,80.2,5,0.0
Student_1599,T2_Spring,Program_D,First_Year,2,50,2.54,0.18,0.946,0,0,18,4.44,1.0,0.031,81.3,5,0.0
Student_1600,T2_Spring,Program_C,Transfer,4,103,3.42,-0.19,0.904,0,0,15,4.91,0.994,0.17,93.0,1,0.0
Student_1601,T2_Spring,Program_B,Transfer,2,34,2.3,-0.25,0.917,0,2,15,3.6,0.811,0.198,64.5,3,1.0
Student_1602,T2_Spring,Program_A,First_Year,3,54,3.58,0.24,0.975,0,1,15,4.01,0.951,0.122,100.0,0,0.0
Student_1605,T2_Spring,Program_D,First_Year,4,106,2.02,-0.02,0.753,0,1,18,2.09,0.797,0.161,69.0,3,1.0
Student_1606,T2_Spring,Program_D,Transfer,3,73,2.66,0.6,0.824,0,3,9,2.64,0.876,0.247,69.9,0,0.0
Student_1607,T2_Spring,Program_B,First_Year,3,66,2.56,-0.09,0.75,1,1,15,2.56,0.894,0.389,50.3,3,0.0
Student_1609,T2_Spring,Program_B,First_Year,3,66,2.0,-0.03,0.804,0,0,15,3.46,0.823,0.154,76.5,5,0.0
Student_1610,T2_Spring,Program_D,First_Year,2,49,3.1,0.47,0.893,0,0,12,4.67,0.962,0.179,68.8,4,0.0
Student_1613,T2_Spring,Program_A,First_Year,2,47,3.35,-0.02,0.965,0,0,12,4.73,0.876,0.061,77.7,0,0.0
Student_1614,T2_Spring,Program_A,First_Year,1,17,2.63,-0.08,0.802,0,0,18,2.14,0.877,0.185,70.0,2,0.0
Student_1615,T2_Spring,Program_D,First_Year,1,27,2.2,0.12,0.763,0,0,15,3.91,0.888,0.116,63.4,5,0.0
Student_1617,T2_Spring,Program_D,Transfer,2,30,2.41,0.11,0.738,0,0,12,3.78,0.781,0.278,66.7,2,0.0
Student_1618,T2_Spring,Program_C,First_Year,3,65,2.65,0.32,0.912,0,0,15,6.07,0.822,0.051,87.9,1,0.0
Student_1620,T2_Spring,Program_D,Transfer,3,81,3.23,-0.13,0.801,0,1,18,4.78,0.877,0.105,78.0,3,0.0
Student_1621,T2_Spring,Program_B,Transfer,1,26,1.85,-0.33,0.866,0,0,12,4.53,0.851,0.147,66.6,3,0.0
Student_1622,T2_Spring,Program_C,First_Year,3,77,2.77,0.69,0.96,0,1,15,4.39,0.775,0.258,85.4,0,0.0
Student_1623,T2_Spring,Program_D,Transfer,1,16,2.54,-0.24,0.882,0,0,15,3.52,0.687,0.298,76.5,5,1.0
Student_1624,T2_Spring,Program_C,First_Year,1,26,3.46,-0.02,0.963,0,0,12,4.44,0.979,0.14,76.7,0,0.0
Student_1626,T2_Spring,Program_C,First_Year,2,46,2.72,0.45,0.853,0,1,15,3.28,0.798,0.321,84.2,3,0.0
Student_1628,T2_Spring,Program_D,First_Year,4,106,1.68,0.04,0.784,0,0,12,4.48,0.867,0.215,73.5,0,0.0
Student_1629,T2_Spring,Program_D,First_Year,1,26,3.05,0.37,0.924,1,0,12,4.97,0.973,0.127,77.3,0,0.0
Student_1630,T2_Spring,Program_C,First_Year,2,43,1.54,-0.3,0.595,1,1,15,1.03,0.786,0.365,55.5,7,1.0
Student_1631,T2_Spring,Program_C,Transfer,4,87,2.73,0.44,0.577,2,0,15,4.24,0.949,0.0,69.9,1,0.0
Student_1632,T2_Spring,Program_A,Transfer,2,46,3.0,-0.18,0.818,0,0,15,3.29,0.953,0.076,63.4,3,0.0
Student_1633,T2_Spring,Program_B,Transfer,3,60,2.74,0.12,0.755,1,0,9,2.89,0.869,0.16,93.0,5,0.0
Student_1634,T2_Spring,Program_D,First_Year,2,51,3.38,0.1,0.825,1,0,15,2.77,0.75,0.256,80.8,6,1.0
Student_1635,T2_Spring,Program_D,Transfer,1,7,2.1,0.13,0.836,0,0,12,1.86,0.819,0.222,71.0,6,1.0
Student_1637,T2_Spring,Program_A,Transfer,2,37,3.17,-0.26,1.0,0,0,9,4.79,0.944,0.108,88.9,4,0.0
Student_1638,T2_Spring,Program_C,Transfer,1,27,3.44,-0.23,0.939,0,1,15,5.19,0.92,0.254,57.8,0,1.0
Student_1639,T2_Spring,Program_D,Transfer,3,64,3.09,-0.11,0.95,0,0,12,3.61,0.834,0.302,83.1,2,0.0
Student_1642,T2_Spring,Program_D,First_Year,4,86,2.68,0.06,0.81,0,0,15,4.59,0.881,0.176,96.2,0,1.0
Student_1643,T2_Spring,Program_A,First_Year,3,80,3.02,-0.77,0.85,0,0,15,3.67,0.875,0.367,82.4,0,1.0
Student_1644,T2_Spring,Program_B,First_Year,4,99,1.9,0.11,0.45,3,0,15,2.48,0.85,0.205,70.0,6,0.0
Student_1645,T2_Spring,Program_A,Transfer,4,83,3.26,-0.03,0.887,1,0,15,4.52,1.0,0.112,79.6,2,0.0
Student_1646,T2_Spring,Program_B,Transfer,4,91,2.42,-0.18,0.728,1,0,18,3.21,0.955,0.32,78.0,0,0.0
Student_1647,T2_Spring,Program_C,Transfer,2,43,2.92,0.58,0.805,1,0,15,4.77,1.0,0.046,75.4,1,0.0
Student_1649,T2_Spring,Program_B,First_Year,2,36,2.96,0.35,0.87,0,1,15,4.67,0.905,0.073,74.2,3,0.0
Student_1650,T2_Spring,Program_A,Transfer,4,87,1.91,0.32,0.897,0,0,15,3.18,0.956,0.215,65.5,0,0.0
Student_1651,T2_Spring,Program_A,First_Year,1,6,1.38,0.43,0.654,1,0,12,3.94,0.864,0.198,58.0,0,0.0
Student_1654,T2_Spring,Program_D,First_Year,2,54,2.37,-0.07,0.812,0,0,15,3.26,0.796,0.308,65.6,0,0.0
Student_1656,T2_Spring,Program_A,First_Year,1,18,2.89,0.34,0.923,0,0,15,5.03,0.947,0.138,87.3,0,0.0
Student_1657,T2_Spring,Program_D,First_Year,3,74,3.04,-0.09,0.797,0,1,15,3.57,1.0,0.151,80.8,5,0.0
Student_1658,T2_Spring,Program_C,First_Year,2,30,2.51,-0.1,0.85,0,1,15,3.11,0.825,0.287,80.7,1,0.0
Student_1659,T2_Spring,Program_B,First_Year,3,74,2.52,1.0,0.618,1,0,9,3.29,0.808,0.238,69.1,4,0.0
Student_1660,T2_Spring,Program_A,First_Year,2,27,2.45,-0.78,0.567,3,0,15,2.41,0.703,0.32,67.6,5,1.0
Student_1661,T2_Spring,Program_C,Transfer,3,62,2.63,0.1,0.898,0,0,15,4.05,1.0,0.0,94.0,1,0.0
Student_1663,T2_Spring,Program_B,First_Year,2,40,3.5,-0.22,0.96,0,2,15,3.09,0.892,0.156,81.3,0,0.0
Student_1664,T2_Spring,Program_A,First_Year,4,98,2.58,0.08,0.717,2,0,15,5.6,0.994,0.079,95.9,0,0.0
Student_1666,T2_Spring,Program_B,First_Year,2,45,2.2,-0.56,0.577,2,0,12,3.31,0.847,0.316,80.9,3,1.0
Student_1667,T2_Spring,Program_D,Transfer,2,31,2.51,0.03,0.888,0,0,12,4.1,0.9,0.141,75.2,0,0.0
Student_1669,T2_Spring,Program_B,First_Year,1,4,2.11,-0.14,0.834,0,0,15,6.11,1.0,0.074,77.3,4,0.0
Student_1670,T2_Spring,Program_C,First_Year,4,100,2.46,-0.19,0.84,0,0,18,3.62,0.682,0.272,66.1,4,0.0
Student_1671,T2_Spring,Program_C,First_Year,2,48,2.86,0.5,0.996,0,1,15,6.04,1.0,0.088,73.7,3,1.0
Student_1673,T2_Spring,Program_D,First_Year,4,86,2.39,0.15,0.834,1,0,15,4.05,0.902,0.192,71.5,1,0.0
Student_1674,T2_Spring,Program_D,First_Year,2,45,2.31,0.04,0.707,1,1,15,3.79,0.851,0.18,59.9,0,0.0
Student_1677,T2_Spring,Program_A,First_Year,3,65,2.75,0.17,0.849,0,0,9,3.79,0.797,0.254,65.1,4,1.0
Student_1678,T2_Spring,Program_A,First_Year,3,71,2.82,-0.29,0.949,0,0,15,6.4,0.834,0.218,74.3,2,0.0
Student_1679,T2_Spring,Program_A,Transfer,1,16,2.35,-0.3,0.768,0,0,15,6.49,0.972,0.18,65.5,0,0.0
Student_1680,T2_Spring,Program_B,First_Year,2,35,2.3,0.01,0.783,1,1,18,4.37,0.989,0.214,87.3,1,1.0
Student_1681,T2_Spring,Program_B,First_Year,4,103,2.99,0.3,0.911,0,0,15,5.25,0.979,0.076,83.2,0,0.0
Student_1682,T2_Spring,Program_A,First_Year,2,41,2.67,-0.12,0.731,1,0,15,2.88,0.892,0.121,61.9,5,1.0
Student_1684,T2_Spring,Program_B,Transfer,1,1,2.91,0.16,0.886,0,0,12,7.0,0.974,0.0,76.8,0,0.0
Student_1686,T2_Spring,Program_D,First_Year,4,90,3.29,0.09,0.88,0,0,9,4.08,0.894,0.082,68.1,4,0.0
Student_1687,T2_Spring,Program_B,First_Year,4,81,2.9,0.01,0.972,0,1,12,3.95,1.0,0.154,87.1,4,0.0
Student_1688,T2_Spring,Program_C,Transfer,4,96,3.63,-0.32,0.795,0,0,15,3.97,0.918,0.161,81.5,0,0.0
Student_1689,T2_Spring,Program_B,Transfer,4,86,2.03,-0.11,0.879,0,1,12,4.96,0.899,0.037,84.5,0,0.0
Student_1690,T2_Spring,Program_A,Transfer,3,65,2.87,0.81,0.877,0,0,9,5.35,1.0,0.15,81.1,1,0.0
Student_1691,T2_Spring,Program_C,First_Year,1,16,2.76,0.75,0.978,0,0,9,4.27,0.829,0.141,89.0,1,0.0
Student_1693,T2_Spring,Program_B,Transfer,2,31,2.74,0.73,0.728,1,1,15,4.8,0.89,0.091,97.9,2,0.0
Student_1695,T2_Spring,Program_C,First_Year,4,107,3.03,-0.22,0.83,0,0,18,5.29,0.814,0.182,65.1,4,0.0
Student_1697,T2_Spring,Program_D,Transfer,1,25,3.03,0.28,0.943,0,0,15,3.01,0.857,0.217,85.2,2,0.0
Student_1700,T2_Spring,Program_C,First_Year,1,27,2.4,-0.36,0.821,0,0,15,1.62,0.933,0.256,60.5,0,0.0
Student_1701,T2_Spring,Program_D,Transfer,4,108,3.33,-0.08,1.0,0,1,12,3.43,0.99,0.12,76.3,2,0.0
Student_1703,T2_Spring,Program_D,First_Year,2,36,2.56,0.1,0.891,0,0,15,3.23,0.923,0.099,81.2,1,0.0
Student_1704,T2_Spring,Program_A,Transfer,1,25,2.12,0.0,0.809,0,0,9,3.03,0.971,0.176,76.3,1,0.0
Student_1705,T2_Spring,Program_D,Transfer,3,80,2.48,-0.34,0.775,0,1,15,4.49,0.901,0.093,73.6,2,0.0
Student_1706,T2_Spring,Program_A,Transfer,3,75,3.19,0.28,0.757,1,1,15,3.25,0.869,0.175,79.4,3,1.0
Student_1707,T2_Spring,Program_D,First_Year,2,41,3.17,-0.11,0.986,0,1,12,3.78,0.874,0.138,90.5,6,0.0
Student_1710,T2_Spring,Program_D,First_Year,3,76,2.76,-0.11,0.796,0,0,15,4.59,0.895,0.287,62.6,3,0.0
Student_1712,T2_Spring,Program_B,First_Year,1,0,2.63,0.83,0.736,1,0,12,3.34,0.939,0.036,77.2,3,0.0
Student_1713,T2_Spring,Program_A,First_Year,3,70,2.35,0.51,0.933,0,1,15,4.03,0.762,0.005,62.0,2,0.0
Student_1714,T2_Spring,Program_C,First_Year,1,7,3.28,0.11,0.917,0,0,9,4.8,0.94,0.089,81.6,1,0.0
Student_1715,T2_Spring,Program_D,First_Year,4,103,2.49,-0.11,0.848,1,1,15,4.95,1.0,0.11,84.7,4,0.0
Student_1717,T2_Spring,Program_D,Transfer,4,100,2.24,0.22,0.825,0,0,9,5.26,0.919,0.09,81.6,2,0.0
Student_1718,T2_Spring,Program_C,First_Year,2,43,2.97,-0.55,0.725,1,0,18,3.47,0.734,0.246,64.6,1,1.0
Student_1720,T2_Spring,Program_B,First_Year,3,65,2.25,-0.15,0.773,0,1,12,1.14,0.7,0.293,66.8,5,0.0
Student_1721,T2_Spring,Program_A,Transfer,3,78,2.43,-0.14,0.699,0,0,18,3.32,0.951,0.136,67.5,1,0.0
Student_1722,T2_Spring,Program_D,First_Year,1,18,2.52,-0.12,0.778,1,0,12,4.95,0.891,0.079,68.3,2,0.0
Student_1723,T2_Spring,Program_B,Transfer,1,4,2.11,-0.42,0.58,2,0,12,2.86,0.85,0.285,75.9,6,1.0
Student_1725,T2_Spring,Program_A,First_Year,2,44,2.82,-0.01,0.974,0,0,15,2.97,0.895,0.301,80.8,0,1.0
Student_1726,T2_Spring,Program_B,Transfer,4,90,2.46,-0.47,0.71,1,0,12,3.65,0.856,0.184,66.2,6,0.0
Student_1727,T2_Spring,Program_A,Transfer,4,101,2.61,-0.49,0.749,0,0,9,2.97,0.67,0.412,65.9,8,0.0
Student_1728,T2_Spring,Program_A,First_Year,4,84,2.86,0.16,0.912,0,0,12,5.33,0.907,0.102,62.5,0,0.0
Student_1730,T2_Spring,Program_D,First_Year,1,1,2.54,0.05,0.818,0,1,15,5.7,0.86,0.244,79.1,0,0.0
Student_1731,T2_Spring,Program_C,Transfer,2,46,2.87,-0.05,0.93,0,0,15,4.71,1.0,0.071,76.8,0,0.0
Student_1732,T2_Spring,Program_B,First_Year,3,79,2.65,-0.82,0.576,2,0,15,2.92,0.698,0.31,87.8,2,0.0
Student_1733,T2_Spring,Program_B,First_Year,2,31,2.38,-0.23,0.626,1,0,12,1.7,0.755,0.301,51.7,3,0.0
Student_1734,T2_Spring,Program_C,First_Year,3,74,2.62,0.07,0.845,0,1,15,2.49,0.863,0.325,71.6,7,0.0
Student_1737,T2_Spring,Program_B,Transfer,3,57,2.96,0.05,0.819,0,0,15,4.15,0.857,0.357,84.9,1,0.0
Student_1738,T2_Spring,Program_D,First_Year,2,36,3.24,-0.41,0.855,0,1,18,4.22,0.73,0.257,82.2,2,0.0
Student_1739,T2_Spring,Program_A,Transfer,3,63,2.25,0.2,0.737,0,2,15,1.51,0.804,0.436,70.9,5,0.0
Student_1742,T2_Spring,Program_C,First_Year,3,69,2.89,0.19,0.842,0,1,12,4.25,0.774,0.322,82.1,0,0.0
Student_1744,T2_Spring,Program_D,First_Year,1,26,2.3,-0.12,0.929,0,0,12,5.06,0.909,0.058,80.6,3,1.0
Student_1746,T2_Spring,Program_C,Transfer,1,5,1.92,0.12,0.654,1,0,15,3.71,0.835,0.266,68.6,0,1.0
Student_1747,T2_Spring,Program_C,First_Year,3,81,2.92,-0.05,0.688,2,1,15,4.66,0.838,0.032,81.3,1,0.0
Student_1748,T2_Spring,Program_D,First_Year,2,44,2.05,-0.17,0.748,0,0,15,3.79,0.817,0.095,82.2,1,0.0
Student_1749,T2_Spring,Program_B,Transfer,3,65,3.2,0.53,0.982,0,1,9,4.84,1.0,0.144,82.8,2,0.0
Student_1752,T2_Spring,Program_D,First_Year,3,75,2.96,-0.54,0.771,1,1,12,2.34,0.738,0.252,85.3,2,1.0
Student_1753,T2_Spring,Program_D,First_Year,4,106,2.73,0.38,0.893,0,0,18,5.36,0.968,0.155,89.5,3,0.0
Student_1755,T2_Spring,Program_B,First_Year,4,92,2.63,0.01,0.971,0,0,15,3.51,0.667,0.301,70.9,2,0.0
Student_1756,T2_Spring,Program_A,First_Year,2,32,2.51,-0.16,0.886,0,0,12,4.81,0.794,0.164,78.2,2,0.0
Student_1757,T2_Spring,Program_D,First_Year,2,42,3.24,-0.15,0.716,0,0,18,2.83,0.694,0.264,76.0,0,1.0
Student_1758,T2_Spring,Program_A,First_Year,3,56,1.98,-0.22,0.586,2,1,12,4.61,1.0,0.118,67.8,3,0.0
Student_1760,T2_Spring,Program_B,First_Year,4,105,2.86,-0.44,0.741,1,0,15,5.17,0.908,0.136,57.6,0,0.0
Student_1761,T2_Spring,Program_C,First_Year,2,33,1.08,-0.55,0.692,0,0,15,2.9,0.656,0.311,46.6,3,1.0
Student_1762,T2_Spring,Program_D,First_Year,3,65,2.04,-0.21,0.808,0,1,15,3.42,0.996,0.148,76.5,1,0.0
Student_1764,T2_Spring,Program_D,First_Year,1,16,3.42,0.3,1.0,0,1,15,6.16,0.983,0.044,83.7,1,0.0
Student_1765,T2_Spring,Program_A,Transfer,2,28,2.64,0.21,0.781,0,0,12,3.36,0.887,0.308,80.8,1,0.0
Student_1766,T2_Spring,Program_C,First_Year,4,82,2.48,-0.07,0.756,0,0,15,3.83,0.815,0.273,85.7,5,0.0
Student_1769,T2_Spring,Program_C,First_Year,1,8,2.95,0.67,0.954,0,0,9,4.86,0.987,0.0,87.7,1,0.0
Student_1771,T2_Spring,Program_D,First_Year,1,2,3.25,-0.05,0.935,0,0,12,5.27,0.853,0.024,75.3,5,0.0
Student_1772,T2_Spring,Program_A,First_Year,3,62,2.37,0.09,0.849,0,1,18,3.38,0.854,0.228,81.3,2,0.0
Student_1773,T2_Spring,Program_C,Transfer,1,3,2.8,-0.4,0.776,1,1,15,2.46,0.599,0.336,76.8,4,0.0
Student_1775,T2_Spring,Program_C,First_Year,3,69,3.88,0.06,1.0,1,0,15,3.29,0.961,0.244,90.0,3,0.0
Student_1776,T2_Spring,Program_C,First_Year,4,93,2.59,-0.8,0.844,1,1,18,4.17,0.812,0.239,83.1,0,1.0
Student_1777,T2_Spring,Program_B,First_Year,4,87,2.34,-0.61,0.63,3,0,18,5.26,0.731,0.321,82.5,1,0.0
Student_1778,T2_Spring,Program_A,First_Year,2,29,2.48,-0.2,0.949,0,0,15,3.66,0.746,0.204,81.5,5,1.0
Student_1779,T2_Spring,Program_A,First_Year,4,89,3.22,-0.06,0.989,0,3,18,3.61,0.809,0.172,87.8,1,0.0
Student_1780,T2_Spring,Program_D,First_Year,3,81,2.7,-0.28,0.701,1,0,15,3.75,0.899,0.224,65.4,2,0.0
Student_1781,T2_Spring,Program_A,First_Year,2,40,2.19,0.16,0.804,0,1,12,4.05,0.882,0.094,67.0,2,0.0
Student_1783,T2_Spring,Program_B,First_Year,2,33,2.28,-0.33,0.874,0,0,12,4.25,0.821,0.103,61.2,3,0.0
Student_1784,T2_Spring,Program_B,First_Year,2,49,3.34,-0.31,0.784,0,0,15,2.69,0.904,0.399,85.4,9,0.0
Student_1787,T2_Spring,Program_A,First_Year,3,75,2.35,0.28,0.76,0,1,12,6.32,0.997,0.013,73.6,0,0.0
Student_1788,T2_Spring,Program_D,First_Year,1,4,3.09,-0.23,0.678,2,0,15,2.42,0.864,0.275,88.1,5,0.0
Student_1789,T2_Spring,Program_A,Transfer,3,61,2.92,0.23,1.0,0,0,18,6.0,1.0,0.0,93.0,0,1.0
Student_1790,T2_Spring,Program_C,Transfer,2,47,2.6,-0.2,0.781,0,0,15,3.72,0.684,0.326,74.7,0,0.0
Student_1791,T2_Spring,Program_C,Transfer,2,50,2.31,0.28,0.915,1,1,12,1.95,0.617,0.168,81.2,11,0.0
Student_1792,T2_Spring,Program_C,Transfer,1,13,2.72,0.15,0.962,0,2,18,4.88,0.856,0.205,75.1,2,1.0
Student_1793,T2_Spring,Program_B,First_Year,4,102,3.55,-0.17,0.888,0,0,15,3.35,0.822,0.231,77.5,5,0.0
Student_1794,T2_Spring,Program_D,Transfer,2,48,2.55,0.52,0.614,1,0,15,2.04,0.761,0.218,74.2,4,1.0
Student_1795,T2_Spring,Program_B,First_Year,3,73,3.73,0.19,0.995,0,0,18,4.95,0.94,0.094,88.6,0,0.0
Student_1796,T2_Spring,Program_C,First_Year,4,86,2.47,-0.37,0.904,0,0,18,4.92,0.985,0.224,79.9,0,0.0
Student_1798,T2_Spring,Program_A,Transfer,2,46,3.53,0.21,0.908,1,0,18,4.69,1.0,0.106,91.9,3,0.0
Student_1799,T2_Spring,Program_A,Transfer,2,47,2.41,-0.27,0.84,0,0,18,3.09,0.794,0.194,76.9,7,1.0
Student_1800,T2_Spring,Program_B,Transfer,2,54,3.39,0.79,0.975,0,0,12,3.66,1.0,0.0,91.4,4,0.0
Student_1801,T2_Spring,Program_A,First_Year,4,89,3.62,-0.05,1.0,0,0,12,5.24,0.845,0.219,91.4,0,0.0
Student_1802,T2_Spring,Program_D,First_Year,3,57,2.62,-0.24,0.849,1,0,18,5.18,0.986,0.113,68.4,2,0.0
Student_1803,T2_Spring,Program_A,First_Year,1,23,2.26,-0.07,0.739,1,0,18,3.25,1.0,0.139,70.4,7,1.0
Student_1804,T2_Spring,Program_D,First_Year,4,88,2.78,-0.14,0.802,0,0,18,3.23,0.828,0.239,72.4,3,0.0
Student_1805,T2_Spring,Program_B,First_Year,3,71,1.82,0.11,0.778,0,1,18,5.67,1.0,0.163,76.1,6,0.0
Student_1806,T2_Spring,Program_B,Transfer,4,92,2.38,-0.43,0.792,0,0,15,2.03,0.722,0.301,80.7,8,1.0
Student_1808,T2_Spring,Program_D,First_Year,1,6,3.78,-0.05,0.901,0,0,18,6.96,1.0,0.133,100.0,0,0.0
Student_1809,T2_Spring,Program_A,First_Year,2,40,2.65,-0.16,0.955,0,0,12,4.32,1.0,0.123,81.9,3,0.0
Student_1810,T2_Spring,Program_D,Transfer,1,13,3.23,-0.92,0.848,0,0,18,4.13,0.716,0.169,76.4,2,1.0
Student_1811,T2_Spring,Program_B,First_Year,3,70,1.92,0.26,0.57,2,0,15,3.25,0.823,0.243,60.3,3,0.0
Student_1812,T2_Spring,Program_C,First_Year,2,45,3.43,0.39,0.985,0,2,15,5.3,1.0,0.065,97.0,0,0.0
Student_1813,T2_Spring,Program_A,First_Year,3,76,2.66,-0.32,1.0,0,0,15,3.3,0.77,0.151,78.0,5,0.0
Student_1814,T2_Spring,Program_A,Transfer,2,49,2.92,-0.11,0.864,0,0,15,4.29,0.865,0.263,88.0,6,1.0
Student_1815,T2_Spring,Program_C,First_Year,1,21,3.09,0.0,0.884,0,0,15,3.1,0.749,0.177,80.2,5,0.0
Student_1816,T2_Spring,Program_D,Transfer,1,13,2.56,0.05,0.638,1,0,15,5.29,0.908,0.119,74.7,3,0.0
Student_1817,T2_Spring,Program_C,First_Year,1,8,2.7,-1.7,0.645,2,0,18,1.42,0.67,0.395,55.5,3,1.0
Student_1818,T2_Spring,Program_D,First_Year,4,95,3.48,-0.14,1.0,0,0,15,3.81,1.0,0.145,82.6,0,0.0
Student_1819,T2_Spring,Program_A,Transfer,3,57,2.84,-0.05,0.854,0,0,12,4.09,0.843,0.136,82.8,1,0.0
Student_1820,T2_Spring,Program_A,First_Year,1,27,2.26,0.16,0.943,0,0,15,4.82,0.902,0.049,75.2,4,0.0
Student_1822,T2_Spring,Program_A,Transfer,1,17,2.98,0.55,1.0,0,1,18,5.74,1.0,0.0,68.9,4,1.0
Student_1823,T2_Spring,Program_B,First_Year,4,81,3.46,-0.45,0.823,1,0,15,3.51,0.786,0.133,59.8,0,0.0
Student_1824,T2_Spring,Program_C,First_Year,2,34,2.84,0.0,0.911,0,0,12,3.44,0.912,0.158,75.0,0,0.0
Student_1825,T2_Spring,Program_C,First_Year,4,94,2.54,-1.67,0.813,0,1,15,2.72,0.53,0.33,68.8,0,0.0
Student_1826,T2_Spring,Program_D,First_Year,4,82,2.83,0.04,0.922,1,0,12,3.51,0.875,0.319,68.6,5,0.0
Student_1827,T2_Spring,Program_D,First_Year,2,42,3.28,0.6,0.96,0,0,15,4.3,1.0,0.0,70.2,1,0.0
Student_1830,T2_Spring,Program_A,First_Year,2,32,3.01,0.26,0.795,0,1,9,1.13,0.896,0.117,56.1,8,1.0
Student_1831,T2_Spring,Program_D,Transfer,1,10,2.34,-0.16,0.829,0,0,15,4.73,0.735,0.198,87.1,3,0.0
Student_1832,T2_Spring,Program_A,Transfer,1,8,2.74,0.15,0.873,0,1,12,1.08,0.763,0.378,73.3,7,0.0
Student_1833,T2_Spring,Program_B,First_Year,1,27,3.78,0.11,0.839,1,0,12,4.85,0.814,0.193,95.5,0,1.0
Student_1834,T2_Spring,Program_C,Transfer,1,18,1.9,0.11,0.763,0,0,15,3.15,0.873,0.084,65.8,0,0.0
Student_1835,T2_Spring,Program_D,First_Year,2,38,2.72,0.61,0.765,0,0,12,3.56,0.885,0.225,71.1,2,0.0
Student_1836,T2_Spring,Program_A,Transfer,3,59,2.92,0.6,0.771,1,0,18,5.23,0.894,0.069,75.5,0,0.0
Student_1837,T2_Spring,Program_B,Transfer,3,80,1.87,0.0,0.656,1,1,15,3.31,0.821,0.201,71.0,2,0.0
Student_1838,T2_Spring,Program_A,Transfer,2,46,2.88,-0.07,0.8,0,0,15,4.87,0.888,0.235,87.1,2,0.0
Student_1839,T2_Spring,Program_C,First_Year,2,33,3.49,0.14,0.834,0,0,18,4.51,0.968,0.28,89.4,0,1.0
Student_1840,T2_Spring,Program_D,First_Year,3,70,2.65,0.08,0.986,0,0,12,4.59,0.818,0.148,88.5,2,0.0
Student_1841,T2_Spring,Program_A,Transfer,3,65,3.2,0.02,0.748,1,2,15,4.92,0.814,0.234,73.5,1,0.0
Student_1842,T2_Spring,Program_D,First_Year,2,35,3.09,1.0,0.982,0,0,18,3.24,1.0,0.072,90.1,3,0.0
Student_1843,T2_Spring,Program_A,First_Year,2,29,3.28,0.04,1.0,0,1,15,5.22,0.86,0.096,76.3,3,0.0
Student_1847,T2_Spring,Program_C,First_Year,3,62,3.22,-0.98,0.838,0,2,15,0.53,0.761,0.357,65.1,4,0.0
Student_1848,T2_Spring,Program_A,First_Year,3,74,2.67,0.08,0.954,0,1,12,4.54,1.0,0.098,89.1,6,1.0
Student_1849,T2_Spring,Program_A,First_Year,2,46,3.16,0.39,0.557,2,1,9,3.07,0.818,0.276,92.6,2,1.0
Student_1850,T2_Spring,Program_B,First_Year,3,78,2.11,-0.24,0.812,1,0,12,2.97,0.796,0.463,59.2,2,1.0
Student_1851,T2_Spring,Program_B,Transfer,4,88,3.07,-0.11,0.977,0,0,12,5.21,0.996,0.114,89.7,0,0.0
Student_1852,T2_Spring,Program_D,Transfer,1,27,3.03,0.18,0.808,1,0,18,2.24,0.815,0.203,74.4,0,0.0
Student_1853,T2_Spring,Program_A,Transfer,3,63,3.48,-0.1,0.886,0,1,15,3.66,0.911,0.264,96.8,3,0.0
Student_1854,T2_Spring,Program_D,First_Year,4,103,2.66,-0.29,0.798,0,0,18,3.71,0.755,0.331,67.2,1,0.0
Student_1855,T2_Spring,Program_B,First_Year,4,99,2.57,-0.24,0.797,0,0,9,1.55,0.753,0.272,61.8,6,0.0
Student_1856,T2_Spring,Program_B,First_Year,1,16,2.6,-0.08,0.895,0,0,15,4.11,0.908,0.093,70.9,4,0.0
Student_1858,T2_Spring,Program_D,First_Year,2,41,2.61,0.29,0.829,1,1,15,4.58,0.893,0.158,92.5,0,0.0
Student_1859,T2_Spring,Program_A,First_Year,1,6,2.64,-0.18,0.742,1,0,15,4.52,0.795,0.191,72.8,4,0.0
Student_1860,T2_Spring,Program_A,Transfer,2,32,3.79,-0.04,0.966,0,0,12,4.94,0.819,0.218,94.0,3,0.0
Student_1861,T2_Spring,Program_D,Transfer,3,69,2.42,0.09,0.822,1,1,18,3.11,0.95,0.201,73.0,1,0.0
Student_1862,T2_Spring,Program_A,First_Year,3,71,2.92,0.28,0.886,0,0,15,2.06,0.778,0.263,74.7,3,0.0
Student_1863,T2_Spring,Program_C,Transfer,4,98,2.54,-0.53,0.813,0,0,15,3.42,0.866,0.262,80.9,0,0.0
Student_1864,T2_Spring,Program_B,First_Year,1,9,2.51,0.08,0.718,2,0,18,4.13,0.837,0.177,87.2,3,0.0
Student_1865,T2_Spring,Program_C,First_Year,3,77,2.96,0.27,0.906,0,0,15,2.79,0.982,0.027,83.9,6,0.0
Student_1866,T2_Spring,Program_B,Transfer,2,31,3.19,0.17,1.0,0,1,15,5.7,0.966,0.0,76.8,0,0.0
Student_1867,T2_Spring,Program_A,Transfer,2,45,2.48,0.04,0.792,0,0,15,2.92,0.856,0.23,63.9,2,1.0
Student_1868,T2_Spring,Program_D,First_Year,3,68,3.47,-0.01,0.935,0,0,15,4.56,0.912,0.239,83.9,0,0.0
Student_1869,T2_Spring,Program_C,First_Year,1,1,2.32,-0.26,0.73,0,1,12,1.86,0.753,0.294,63.0,5,0.0
Student_1870,T2_Spring,Program_D,Transfer,2,41,2.0,-0.45,0.787,1,0,15,2.97,0.802,0.123,75.3,5,1.0
Student_1872,T2_Spring,Program_A,Transfer,4,95,2.45,0.05,0.661,1,0,15,2.63,0.655,0.231,60.8,0,0.0
Student_1873,T2_Spring,Program_C,Transfer,2,53,2.61,-0.33,0.892,0,0,15,3.86,0.832,0.187,70.7,0,0.0
Student_1874,T2_Spring,Program_A,First_Year,1,17,2.73,0.2,0.902,0,0,15,2.96,0.854,0.26,73.7,2,0.0
Student_1876,T2_Spring,Program_C,First_Year,1,10,2.81,0.34,0.927,0,0,12,4.94,1.0,0.11,85.2,2,1.0
Student_1877,T2_Spring,Program_B,First_Year,3,80,3.08,-0.2,0.95,0,1,15,3.17,0.864,0.206,74.2,0,1.0
Student_1878,T2_Spring,Program_D,First_Year,2,32,2.75,-0.19,0.857,0,0,12,4.79,1.0,0.142,81.0,0,0.0
Student_1879,T2_Spring,Program_D,Transfer,1,7,3.26,-0.17,0.842,0,0,9,4.68,0.752,0.195,78.8,4,1.0
Student_1880,T2_Spring,Program_A,First_Year,4,99,2.52,-0.59,0.718,2,0,12,2.21,0.79,0.291,71.6,1,1.0
Student_1881,T2_Spring,Program_A,First_Year,4,99,3.36,-0.32,0.935,0,0,18,3.84,0.919,0.107,77.2,5,1.0
Student_1882,T2_Spring,Program_A,First_Year,2,54,2.51,0.43,0.801,0,0,15,4.67,1.0,0.12,60.1,2,0.0
Student_1883,T2_Spring,Program_A,Transfer,3,54,1.79,0.09,0.752,0,0,15,3.64,0.763,0.105,65.0,7,0.0
Student_1885,T2_Spring,Program_A,Transfer,2,36,3.08,0.42,1.0,0,0,18,4.16,0.898,0.024,100.0,0,0.0
Student_1886,T2_Spring,Program_D,First_Year,1,13,2.45,0.12,0.88,0,0,15,3.3,0.817,0.256,82.1,3,0.0
Student_1887,T2_Spring,Program_D,Transfer,2,33,3.49,0.28,0.864,0,0,12,3.47,0.79,0.129,95.6,1,1.0
Student_1889,T2_Spring,Program_B,Transfer,3,74,2.91,-0.28,0.781,0,1,18,4.47,0.921,0.187,66.7,3,1.0
Student_1890,T2_Spring,Program_C,First_Year,1,10,2.6,-0.7,0.914,0,0,15,3.63,0.803,0.206,54.4,4,0.0
Student_1891,T2_Spring,Program_A,First_Year,2,47,2.74,-0.15,0.859,0,0,12,5.58,1.0,0.009,74.5,3,0.0
Student_1892,T2_Spring,Program_A,Transfer,1,10,2.78,0.13,0.8,1,0,12,3.57,0.76,0.277,92.1,4,0.0
Student_1893,T2_Spring,Program_A,First_Year,3,60,1.89,-0.16,0.857,1,0,15,4.05,1.0,0.164,71.1,4,1.0
Student_1894,T2_Spring,Program_A,First_Year,2,54,2.52,0.06,0.845,1,0,15,3.82,0.992,0.051,82.0,4,0.0
Student_1895,T2_Spring,Program_B,Transfer,2,53,2.72,-0.02,0.864,0,0,15,3.42,0.996,0.176,74.7,2,0.0
Student_1896,T2_Spring,Program_D,First_Year,1,14,2.33,-0.41,0.831,1,1,9,4.85,0.78,0.204,65.8,0,0.0
Student_1897,T2_Spring,Program_D,Transfer,1,8,2.35,-0.21,0.832,0,0,15,3.41,0.829,0.403,73.0,2,1.0
Student_1898,T2_Spring,Program_A,Transfer,4,102,3.17,0.14,1.0,0,0,15,5.38,0.821,0.015,100.0,3,0.0
Student_1899,T2_Spring,Program_D,First_Year,3,60,2.7,-0.48,0.865,0,0,18,6.2,1.0,0.102,76.2,0,1.0
Student_1900,T2_Spring,Program_C,First_Year,3,54,2.01,0.03,0.695,1,0,9,4.47,0.852,0.15,74.4,4,0.0
Student_1901,T2_Spring,Program_B,First_Year,1,18,2.94,-0.27,0.84,0,0,15,2.77,0.768,0.226,79.0,5,0.0
Student_1902,T2_Spring,Program_B,Transfer,2,50,2.33,0.44,0.813,0,1,15,3.78,0.903,0.205,63.3,2,1.0
Student_1903,T2_Spring,Program_C,First_Year,1,14,3.73,-0.2,0.895,0,0,15,5.23,0.81,0.08,85.5,1,1.0
Student_1904,T2_Spring,Program_A,Transfer,4,106,2.7,-0.0,0.764,1,1,15,4.5,0.916,0.087,84.7,0,1.0
Student_1905,T2_Spring,Program_D,First_Year,2,36,2.43,0.42,0.869,0,0,15,2.94,0.841,0.258,81.5,6,0.0
Student_1906,T2_Spring,Program_C,Transfer,2,50,2.2,0.58,0.512,3,0,15,5.99,1.0,0.116,71.3,1,0.0
Student_1907,T2_Spring,Program_D,First_Year,1,8,2.02,0.42,0.735,1,0,15,5.37,0.922,0.201,58.3,0,0.0
Student_1908,T2_Spring,Program_A,Transfer,4,102,2.76,0.33,0.792,1,0,15,4.29,0.945,0.265,64.3,2,0.0
Student_1909,T2_Spring,Program_C,First_Year,3,75,2.14,-0.23,0.761,0,0,15,4.13,0.86,0.375,72.3,2,0.0
Student_1910,T2_Spring,Program_A,First_Year,3,64,3.47,-0.36,0.896,0,1,12,4.96,0.885,0.228,100.0,4,0.0
Student_1911,T2_Spring,Program_B,Transfer,2,35,2.98,-0.45,0.796,1,0,15,5.09,0.754,0.434,88.7,0,0.0
Student_1912,T2_Spring,Program_B,First_Year,1,19,2.61,-0.31,0.741,0,0,18,1.2,0.696,0.444,56.9,6,1.0
Student_1913,T2_Spring,Program_A,First_Year,3,78,2.01,0.25,0.761,1,1,12,2.65,0.9,0.329,63.5,3,1.0
Student_1914,T2_Spring,Program_C,First_Year,1,13,3.09,-0.47,0.847,1,0,18,2.44,0.807,0.36,86.2,7,0.0
Student_1916,T2_Spring,Program_C,Transfer,2,51,2.67,0.92,0.83,1,0,15,4.18,1.0,0.069,88.8,4,0.0
Student_1918,T2_Spring,Program_A,First_Year,2,54,2.82,-0.24,0.933,0,0,12,5.35,1.0,0.056,79.5,0,0.0
Student_1919,T2_Spring,Program_A,First_Year,3,65,2.77,0.1,0.787,0,3,12,3.71,0.947,0.192,87.9,3,0.0
Student_1921,T2_Spring,Program_C,First_Year,2,38,2.74,0.28,0.992,0,0,9,2.42,0.802,0.166,80.5,3,0.0
Student_1922,T2_Spring,Program_D,Transfer,3,58,1.94,0.12,0.802,1,0,15,2.76,0.902,0.126,73.8,5,0.0
Student_1923,T2_Spring,Program_D,Transfer,1,23,2.45,0.36,0.954,0,1,18,5.73,1.0,0.194,62.5,0,0.0
Student_1924,T2_Spring,Program_A,First_Year,2,37,3.21,-0.27,0.809,1,0,15,4.44,0.916,0.208,87.9,0,1.0
Student_1925,T2_Spring,Program_A,Transfer,4,81,2.17,0.03,0.805,0,1,15,3.05,0.878,0.32,67.7,0,0.0
Student_1928,T2_Spring,Program_D,First_Year,1,27,2.82,0.22,0.611,2,0,18,5.08,0.954,0.188,79.0,0,1.0
Student_1929,T2_Spring,Program_C,First_Year,1,6,2.51,-0.39,0.765,1,0,18,3.02,0.883,0.233,56.3,4,1.0
Student_1930,T2_Spring,Program_B,First_Year,4,105,2.72,-0.42,0.832,0,0,12,4.44,0.973,0.165,73.8,5,0.0
Student_1932,T2_Spring,Program_D,Transfer,3,66,2.7,0.0,0.866,1,0,9,4.27,0.973,0.171,76.7,5,0.0
Student_1936,T2_Spring,Program_C,First_Year,1,7,2.78,0.32,0.98,0,1,18,3.54,0.986,0.144,80.3,3,0.0
Student_1937,T2_Spring,Program_D,Transfer,4,94,2.18,-0.39,0.588,2,1,12,4.62,0.854,0.204,85.7,5,0.0
Student_1938,T2_Spring,Program_D,Transfer,2,50,3.31,-0.37,0.902,0,0,15,4.63,0.863,0.306,74.3,2,0.0
Student_1939,T2_Spring,Program_D,First_Year,1,24,3.03,-0.0,0.905,0,0,18,5.4,0.781,0.109,93.6,0,0.0
Student_1940,T2_Spring,Program_D,First_Year,2,33,3.46,0.56,0.985,0,0,12,4.15,0.953,0.065,82.7,2,0.0
Student_1941,T2_Spring,Program_B,Transfer,1,7,2.52,-0.05,0.698,1,0,12,2.56,0.903,0.231,58.2,2,0.0
Student_1942,T2_Spring,Program_A,Transfer,4,90,2.53,-0.23,0.916,0,0,12,3.38,0.916,0.206,91.8,1,0.0
Student_1943,T2_Spring,Program_A,First_Year,2,29,2.67,-0.16,0.859,0,1,18,3.17,0.776,0.163,75.0,5,0.0
Student_1944,T2_Spring,Program_A,Transfer,2,34,2.22,0.01,0.815,0,0,15,4.41,1.0,0.093,45.4,0,0.0
Student_1945,T2_Spring,Program_D,Transfer,2,36,3.86,0.51,0.936,1,0,12,4.38,1.0,0.06,72.6,0,0.0
Student_1946,T2_Spring,Program_C,First_Year,1,15,3.47,-0.35,0.93,0,3,15,4.24,0.74,0.234,74.2,0,0.0
Student_1947,T2_Spring,Program_B,First_Year,2,37,2.24,0.06,1.0,0,1,18,2.86,0.984,0.256,78.8,6,0.0
Student_1948,T2_Spring,Program_C,First_Year,4,106,2.5,-0.04,0.745,0,0,15,3.32,0.801,0.153,75.0,3,0.0
Student_1950,T2_Spring,Program_B,First_Year,2,47,2.14,0.46,0.704,0,1,12,3.39,0.683,0.366,73.2,2,0.0
Student_1951,T2_Spring,Program_A,First_Year,2,36,2.4,-0.06,0.587,2,0,15,1.93,0.729,0.303,80.7,6,1.0
Student_1952,T2_Spring,Program_D,First_Year,4,102,2.94,0.12,0.808,1,1,18,4.82,0.731,0.166,92.5,2,0.0
Student_1953,T2_Spring,Program_B,First_Year,4,96,2.82,-0.12,0.878,0,0,12,2.99,0.846,0.182,59.2,5,0.0
Student_1954,T2_Spring,Program_C,Transfer,4,107,2.89,0.25,0.689,1,0,15,2.63,0.731,0.269,70.7,3,0.0
Student_1957,T2_Spring,Program_D,First_Year,3,68,2.85,0.05,0.906,0,0,18,4.44,0.955,0.156,81.0,0,0.0
Student_1958,T2_Spring,Program_D,Transfer,4,104,2.78,-0.08,0.823,1,0,15,3.35,0.773,0.178,74.8,4,1.0
Student_1959,T2_Spring,Program_D,First_Year,3,55,1.84,0.05,0.715,0,0,15,4.95,0.854,0.099,69.9,1,0.0
Student_1960,T2_Spring,Program_D,First_Year,4,87,3.6,0.27,0.838,1,0,15,3.81,0.978,0.146,91.9,5,1.0
Student_1961,T2_Spring,Program_A,Transfer,3,61,3.37,-0.36,0.917,0,0,12,4.9,0.958,0.141,100.0,0,0.0
Student_1962,T2_Spring,Program_B,First_Year,3,75,2.65,0.22,0.753,1,0,12,6.3,1.0,0.01,86.9,1,0.0
Student_1963,T2_Spring,Program_C,First_Year,3,55,2.67,-0.23,0.842,1,0,15,5.25,0.783,0.197,84.6,1,0.0
Student_1964,T2_Spring,Program_C,Transfer,3,81,2.89,0.33,0.935,0,2,18,3.71,0.877,0.116,89.2,1,0.0
Student_1965,T2_Spring,Program_A,Transfer,1,7,2.49,-0.24,0.642,1,0,15,4.32,0.843,0.11,68.6,0,0.0
Student_1966,T2_Spring,Program_C,First_Year,2,37,2.81,-0.19,0.797,0,0,18,2.39,0.822,0.238,90.3,1,1.0
Student_1967,T2_Spring,Program_B,First_Year,4,95,2.07,-0.13,0.767,0,0,15,4.48,0.677,0.358,81.3,4,0.0
Student_1968,T2_Spring,Program_C,Transfer,1,17,3.1,0.33,0.76,2,0,15,4.63,0.919,0.117,86.0,0,0.0
Student_1970,T2_Spring,Program_B,Transfer,4,89,2.54,-0.16,0.696,2,1,15,3.52,0.775,0.228,78.5,3,0.0
Student_1971,T2_Spring,Program_C,Transfer,2,45,2.57,-0.59,0.887,0,0,15,3.81,0.885,0.081,64.3,4,0.0
Student_1972,T2_Spring,Program_B,First_Year,2,29,1.84,-0.51,0.807,0,1,9,1.87,0.754,0.319,45.4,6,1.0
Student_1973,T2_Spring,Program_C,Transfer,2,30,2.66,0.16,0.906,0,0,18,5.28,0.994,0.0,88.5,0,0.0
Student_1974,T2_Spring,Program_C,First_Year,2,43,2.27,0.17,0.719,1,0,12,4.34,0.918,0.038,77.3,0,0.0
Student_1975,T2_Spring,Program_A,Transfer,2,43,3.29,-0.15,0.933,0,1,12,4.5,0.794,0.313,88.3,0,0.0
Student_1976,T2_Spring,Program_A,Transfer,4,91,3.48,-0.04,0.902,0,0,15,4.61,0.773,0.301,89.1,0,0.0
Student_1977,T2_Spring,Program_A,Transfer,1,18,3.4,-0.38,0.957,0,1,15,3.42,0.911,0.273,79.1,2,0.0
Student_1978,T2_Spring,Program_D,Transfer,4,90,3.5,0.26,0.905,1,0,12,2.58,0.899,0.051,99.5,3,0.0
Student_1979,T2_Spring,Program_D,First_Year,4,83,3.13,-0.03,0.725,2,1,15,2.95,0.714,0.181,74.9,2,1.0
Student_1980,T2_Spring,Program_A,First_Year,4,103,3.23,-0.19,0.854,0,0,12,4.1,1.0,0.099,97.5,1,0.0
Student_1983,T2_Spring,Program_B,First_Year,2,47,3.26,-0.17,0.933,0,1,15,2.79,0.675,0.262,78.1,3,1.0
Student_1984,T2_Spring,Program_B,Transfer,1,13,3.18,-0.23,0.926,0,0,15,3.13,0.886,0.161,73.4,4,0.0
Student_1985,T2_Spring,Program_C,First_Year,3,78,4.0,0.53,0.989,0,0,15,5.7,1.0,0.13,95.7,0,0.0
Student_1987,T2_Spring,Program_B,Transfer,3,63,3.42,-0.03,0.906,0,0,18,3.64,1.0,0.112,98.4,0,0.0
Student_1988,T2_Spring,Program_A,Transfer,1,14,1.96,-0.23,0.645,1,0,15,1.99,0.67,0.316,70.2,4,1.0
Student_1989,T2_Spring,Program_A,First_Year,3,69,3.45,0.13,0.931,0,0,18,5.41,1.0,0.202,88.6,0,1.0
Student_1990,T2_Spring,Program_D,Transfer,4,93,3.68,-0.12,1.0,0,0,15,3.33,1.0,0.209,79.1,0,0.0
Student_1991,T2_Spring,Program_D,First_Year,3,59,3.3,0.28,0.957,0,0,12,4.51,0.914,0.122,82.1,6,0.0
Student_1992,T2_Spring,Program_B,First_Year,3,78,3.19,0.09,1.0,0,0,15,4.49,0.881,0.005,90.4,1,0.0
Student_1993,T2_Spring,Program_B,First_Year,2,42,3.44,-0.09,0.919,0,1,18,4.17,0.87,0.046,87.9,5,0.0
Student_1995,T2_Spring,Program_B,Transfer,2,46,2.72,0.17,0.845,0,1,12,2.9,0.954,0.2,75.6,8,0.0
Student_1996,T2_Spring,Program_A,First_Year,1,5,1.64,-0.42,0.69,0,0,12,3.16,0.686,0.347,53.3,2,1.0
Student_1998,T2_Spring,Program_C,Transfer,2,44,2.87,0.02,0.79,1,1,18,2.68,0.687,0.273,82.7,8,0.0
Student_2000,T2_Spring,Program_A,First_Year,4,81,3.18,0.33,1.0,0,0,18,4.55,0.928,0.12,82.3,1,0.0
Student_2001,T2_Spring,Program_D,Transfer,1,24,2.18,-0.4,0.761,1,0,12,3.22,0.649,0.242,79.9,2,1.0
Student_2002,T2_Spring,Program_C,First_Year,1,0,2.84,-0.28,0.876,0,0,15,4.86,0.989,0.032,95.2,5,0.0
Student_2003,T2_Spring,Program_D,First_Year,1,26,2.46,0.21,0.892,0,0,15,3.79,0.719,0.28,81.4,0,0.0
Student_2004,T2_Spring,Program_C,First_Year,1,16,3.86,0.34,0.953,0,1,12,4.44,0.905,0.143,91.4,0,0.0
Student_2005,T2_Spring,Program_C,First_Year,4,81,2.13,-0.19,0.804,1,0,18,4.5,0.961,0.12,66.1,0,0.0
Student_2006,T2_Spring,Program_C,Transfer,2,35,3.72,-0.04,0.747,1,1,12,4.92,0.733,0.334,81.9,2,0.0
Student_2007,T2_Spring,Program_B,Transfer,2,35,2.86,-0.45,0.967,0,1,9,3.64,0.887,0.186,85.1,2,0.0
Student_2011,T2_Spring,Program_B,First_Year,2,51,2.03,-0.51,0.692,1,1,15,2.67,0.73,0.304,69.4,3,0.0
Student_2013,T2_Spring,Program_D,First_Year,4,89,2.95,0.1,0.724,1,0,15,3.28,0.76,0.337,83.0,1,0.0
Student_2015,T2_Spring,Program_C,Transfer,4,87,2.77,-0.06,0.945,0,0,15,4.28,0.835,0.26,89.3,1,0.0
Student_2016,T2_Spring,Program_D,Transfer,1,16,1.77,-0.07,0.77,0,0,12,3.63,0.731,0.342,61.2,4,1.0
Student_2017,T2_Spring,Program_A,First_Year,1,22,2.01,0.3,0.858,0,0,15,6.57,1.0,0.221,80.8,1,0.0
Student_2018,T2_Spring,Program_D,First_Year,3,69,2.81,0.28,0.853,0,0,18,5.74,0.9,0.184,92.8,1,1.0
Student_2019,T2_Spring,Program_A,First_Year,2,41,2.15,-0.3,0.834,0,1,12,3.15,0.793,0.379,55.7,5,0.0
Student_2020,T2_Spring,Program_A,First_Year,4,90,2.64,0.08,0.867,0,0,15,2.96,0.884,0.169,79.6,5,1.0
Student_2021,T2_Spring,Program_D,Transfer,2,45,3.4,1.0,0.974,0,0,12,3.95,1.0,0.047,78.1,0,0.0
Student_2022,T2_Spring,Program_B,Transfer,3,54,3.74,-0.05,0.991,0,1,12,4.7,1.0,0.0,93.1,0,0.0
Student_2023,T2_Spring,Program_D,Transfer,4,97,3.22,0.56,0.938,0,0,15,4.24,0.964,0.11,88.0,2,0.0
Student_2024,T2_Spring,Program_B,First_Year,1,19,2.77,0.08,0.803,1,0,12,3.66,0.985,0.089,76.7,0,0.0
Student_2025,T2_Spring,Program_C,First_Year,3,75,2.98,0.56,0.926,1,0,9,4.33,1.0,0.0,100.0,4,0.0
Student_2026,T2_Spring,Program_A,First_Year,2,42,2.22,0.32,0.749,1,1,15,4.66,0.958,0.138,68.1,1,0.0
Student_2027,T2_Spring,Program_A,First_Year,4,85,2.73,-0.09,0.762,1,0,18,3.0,0.969,0.148,96.8,4,0.0
Student_2028,T2_Spring,Program_C,Transfer,2,43,1.97,0.27,0.712,1,0,15,5.17,0.941,0.143,64.0,3,0.0
Student_2029,T2_Spring,Program_C,Transfer,2,38,3.45,-0.05,0.854,1,0,12,4.34,0.859,0.299,97.6,3,1.0
Student_2031,T2_Spring,Program_D,First_Year,2,50,2.25,-1.37,0.727,1,0,15,3.96,0.906,0.175,56.3,6,1.0
Student_2032,T2_Spring,Program_B,First_Year,4,106,2.6,-0.28,0.798,0,1,15,3.05,0.838,0.403,79.1,3,0.0
Student_2033,T2_Spring,Program_C,Transfer,3,79,2.77,-0.3,0.822,0,0,12,4.89,0.883,0.056,82.2,5,0.0
Student_2034,T2_Spring,Program_A,First_Year,3,72,3.18,0.06,0.794,1,0,12,4.61,0.944,0.126,78.0,0,0.0
Student_2037,T2_Spring,Program_D,First_Year,1,18,2.81,0.67,0.904,0,0,18,3.33,0.993,0.081,73.4,0,0.0
Student_2038,T2_Spring,Program_B,First_Year,4,85,2.29,-0.07,0.861,0,0,18,5.05,0.832,0.267,66.8,2,0.0
Student_2039,T2_Spring,Program_A,First_Year,1,6,2.54,-0.16,0.857,1,0,12,5.73,0.854,0.035,67.5,1,1.0
Student_2041,T2_Spring,Program_B,First_Year,1,15,3.15,0.19,0.875,1,0,15,4.45,0.956,0.136,96.3,5,0.0
Student_2042,T2_Spring,Program_B,First_Year,2,28,2.51,-0.17,0.811,0,0,15,3.8,0.728,0.337,65.7,3,1.0
Student_2043,T2_Spring,Program_C,First_Year,4,104,2.21,-0.16,0.557,2,0,18,3.22,0.783,0.366,64.7,4,0.0
Student_2044,T2_Spring,Program_A,Transfer,2,28,2.05,0.03,0.495,3,0,18,4.23,0.993,0.266,58.7,2,0.0
Student_2045,T2_Spring,Program_D,Transfer,1,23,2.56,-0.07,0.693,1,0,15,3.06,0.774,0.254,80.5,3,0.0
Student_2046,T2_Spring,Program_C,Transfer,1,6,3.06,0.08,0.917,0,0,15,5.47,0.948,0.0,62.2,1,1.0
Student_2047,T2_Spring,Program_A,First_Year,3,54,2.61,0.04,0.777,2,0,12,4.21,0.898,0.22,77.8,2,1.0
Student_2048,T2_Spring,Program_C,First_Year,2,31,2.69,-0.1,0.932,0,0,15,2.68,0.988,0.266,80.7,3,0.0
Student_2050,T2_Spring,Program_A,First_Year,3,60,2.23,0.07,0.741,0,0,15,1.99,0.786,0.322,76.1,2,0.0
Student_2051,T2_Spring,Program_A,Transfer,2,35,1.64,-0.39,0.774,0,1,15,3.97,0.754,0.226,69.8,4,1.0
Student_2052,T2_Spring,Program_C,Transfer,2,46,3.13,-0.08,0.987,0,0,15,5.4,1.0,0.068,84.4,0,0.0
Student_2053,T2_Spring,Program_C,First_Year,4,108,2.23,0.17,0.695,1,0,15,5.61,0.964,0.05,75.1,0,0.0
Student_2054,T2_Spring,Program_B,First_Year,3,59,2.26,0.04,0.6,2,0,15,3.39,0.717,0.225,80.2,1,0.0
Student_2055,T2_Spring,Program_A,First_Year,1,18,3.22,-0.3,0.969,0,0,15,0.96,0.774,0.255,81.2,7,1.0
Student_2056,T2_Spring,Program_C,First_Year,3,64,2.84,0.07,0.852,0,2,15,3.45,0.873,0.139,78.4,2,0.0
Student_2058,T2_Spring,Program_C,First_Year,3,55,1.86,0.68,0.754,0,0,12,4.09,0.95,0.139,67.7,3,0.0
Student_2059,T2_Spring,Program_B,First_Year,1,3,3.49,-0.73,0.886,0,1,12,3.43,0.692,0.3,82.6,3,1.0
Student_2060,T2_Spring,Program_C,First_Year,1,12,3.29,0.38,0.803,1,0,15,4.52,1.0,0.095,87.7,2,0.0
Student_2061,T2_Spring,Program_D,Transfer,3,78,2.96,-0.54,1.0,0,0,15,3.49,0.828,0.234,85.4,4,0.0
Student_2062,T2_Spring,Program_C,First_Year,4,96,3.09,-0.06,0.872,0,0,15,3.05,0.762,0.263,74.6,4,0.0
Student_2063,T2_Spring,Program_D,Transfer,2,38,2.25,0.68,0.636,1,0,18,3.59,0.897,0.231,84.0,0,1.0
Student_2064,T2_Spring,Program_B,First_Year,4,100,2.72,0.08,1.0,0,0,18,2.98,1.0,0.023,77.8,0,0.0
Student_2065,T2_Spring,Program_A,First_Year,3,72,3.01,-0.11,0.794,1,0,18,5.44,0.895,0.14,61.1,4,0.0
Student_2066,T2_Spring,Program_A,First_Year,3,74,2.47,-0.09,0.951,0,0,12,4.68,0.77,0.257,85.5,0,0.0
Student_2067,T2_Spring,Program_A,First_Year,2,48,2.58,-0.03,0.994,0,0,15,5.71,0.927,0.045,97.7,1,0.0
Student_2068,T2_Spring,Program_D,First_Year,3,64,2.93,0.9,0.98,0,0,15,4.18,1.0,0.015,93.2,4,0.0
Student_2069,T2_Spring,Program_D,First_Year,3,78,2.11,0.31,0.701,0,0,15,5.72,0.951,0.19,71.0,1,0.0
Student_2071,T2_Spring,Program_C,First_Year,2,49,2.89,0.16,0.943,0,0,15,5.1,0.928,0.153,80.5,0,0.0
Student_2072,T2_Spring,Program_A,Transfer,1,5,2.37,0.25,0.657,1,2,12,3.81,0.756,0.226,79.3,5,0.0
Student_2073,T2_Spring,Program_B,First_Year,3,70,3.4,-0.77,0.971,0,0,18,4.19,0.831,0.308,64.2,0,0.0
Student_2074,T2_Spring,Program_B,First_Year,3,79,3.26,-0.08,0.518,3,2,12,3.03,0.85,0.252,78.0,2,0.0
Student_2075,T2_Spring,Program_B,First_Year,4,108,1.61,-0.19,0.748,0,1,15,4.84,0.896,0.354,56.8,0,0.0
Student_2076,T2_Spring,Program_A,First_Year,3,75,3.0,0.57,0.934,0,0,15,4.25,0.85,0.197,92.2,1,0.0
Student_2077,T2_Spring,Program_B,First_Year,2,30,2.95,-0.17,0.814,0,0,18,3.67,1.0,0.203,91.7,4,0.0
Student_2078,T2_Spring,Program_B,First_Year,2,48,2.12,-0.07,0.701,1,0,15,5.61,0.97,0.174,72.9,0,0.0
Student_2080,T2_Spring,Program_C,First_Year,2,36,2.21,0.06,0.778,1,0,15,6.05,0.948,0.192,66.9,0,0.0
Student_2081,T2_Spring,Program_D,First_Year,4,96,3.24,-0.23,0.772,1,0,12,5.6,0.994,0.0,82.7,2,0.0
Student_2082,T2_Spring,Program_C,First_Year,1,24,2.67,0.15,0.905,0,0,15,2.82,1.0,0.132,82.2,2,0.0
Student_2083,T2_Spring,Program_A,Transfer,4,94,3.22,-0.3,0.623,2,1,12,5.86,0.909,0.128,72.8,0,0.0
Student_2086,T2_Spring,Program_A,First_Year,3,74,2.99,0.07,0.599,2,0,15,3.32,0.824,0.237,68.0,6,0.0
Student_2089,T2_Spring,Program_A,First_Year,1,1,1.99,-0.32,0.96,0,0,15,4.61,0.854,0.248,85.2,0,0.0
Student_2092,T2_Spring,Program_A,Transfer,2,49,3.09,-0.15,0.8,0,0,15,5.15,0.855,0.105,73.9,0,0.0
Student_2095,T2_Spring,Program_C,Transfer,4,100,2.83,1.0,0.879,0,0,9,4.23,1.0,0.008,73.7,1,0.0
Student_2096,T2_Spring,Program_B,First_Year,1,27,2.56,0.04,0.997,0,0,12,4.73,0.964,0.152,72.4,0,1.0
Student_2097,T2_Spring,Program_B,First_Year,3,72,2.08,0.03,0.755,0,1,15,4.07,0.876,0.389,68.3,1,0.0
Student_2098,T2_Spring,Program_B,Transfer,4,102,3.02,-0.02,0.992,0,0,15,4.83,0.747,0.129,65.9,3,1.0
Student_2099,T2_Spring,Program_B,Transfer,1,7,2.6,-0.15,0.731,1,0,12,3.7,0.935,0.174,76.3,7,0.0
Student_2100,T2_Spring,Program_A,First_Year,3,77,3.05,0.05,0.957,0,0,15,5.1,1.0,0.0,100.0,0,0.0
Student_2105,T2_Spring,Program_B,First_Year,3,56,2.72,-0.08,0.854,0,1,15,2.75,0.945,0.252,81.1,4,0.0
Student_2106,T2_Spring,Program_A,First_Year,3,68,2.58,0.25,0.99,0,0,12,3.3,0.846,0.22,75.9,7,0.0
Student_2107,T2_Spring,Program_C,First_Year,2,27,2.78,0.49,0.694,1,0,12,3.09,0.945,0.175,77.1,6,0.0
Student_2108,T2_Spring,Program_C,First_Year,3,69,2.31,0.0,0.764,1,0,15,2.43,0.91,0.172,71.2,5,0.0
Student_2109,T2_Spring,Program_B,First_Year,2,27,2.92,0.52,0.885,0,1,12,3.24,0.889,0.258,87.8,3,0.0
Student_2110,T2_Spring,Program_A,Transfer,3,60,3.35,0.13,0.956,0,0,15,4.72,0.974,0.204,80.9,0,0.0
Student_2112,T2_Spring,Program_B,First_Year,4,91,2.9,-0.26,0.869,0,1,18,3.27,0.883,0.107,85.1,2,1.0
Student_2115,T2_Spring,Program_A,First_Year,3,60,2.76,0.22,0.942,0,0,18,4.62,0.987,0.166,73.1,2,0.0
Student_2117,T2_Spring,Program_C,Transfer,3,79,3.07,0.13,0.901,1,0,12,6.51,1.0,0.012,95.9,4,1.0
Student_2118,T2_Spring,Program_A,First_Year,1,5,2.76,-0.13,0.706,1,0,18,4.39,0.833,0.178,69.1,5,1.0
Student_2120,T2_Spring,Program_B,First_Year,4,104,2.71,-0.08,0.819,0,1,15,2.89,0.976,0.033,77.3,4,0.0
Student_2121,T2_Spring,Program_D,Transfer,2,36,2.36,0.17,0.897,0,0,12,4.22,1.0,0.144,83.6,0,0.0
Student_2122,T2_Spring,Program_B,Transfer,4,93,2.01,-0.0,0.847,0,1,12,4.14,0.712,0.224,72.8,4,0.0
Student_2124,T2_Spring,Program_C,Transfer,4,93,2.1,0.45,0.569,2,0,12,3.87,0.954,0.25,62.7,2,0.0
Student_2125,T2_Spring,Program_B,First_Year,3,69,2.72,1.0,0.759,1,0,12,4.17,0.839,0.201,78.0,0,0.0
Student_2126,T2_Spring,Program_B,First_Year,1,14,2.74,0.22,0.702,1,0,12,3.79,0.91,0.209,75.4,0,1.0
Student_2127,T2_Spring,Program_C,Transfer,1,3,1.96,-0.35,0.706,2,0,15,2.77,0.789,0.179,57.3,3,1.0
Student_2129,T2_Spring,Program_C,Transfer,1,7,3.49,-0.12,0.923,0,0,15,4.13,0.907,0.148,69.1,0,0.0
Student_2130,T2_Spring,Program_A,First_Year,4,92,2.74,-1.4,0.825,1,0,15,4.44,0.801,0.194,82.8,2,1.0
Student_2131,T2_Spring,Program_A,First_Year,1,7,1.93,-0.65,0.534,3,0,15,6.03,1.0,0.053,80.0,3,1.0
Student_2132,T2_Spring,Program_C,Transfer,4,99,2.5,0.3,0.873,0,0,12,3.78,0.841,0.223,74.2,1,0.0
Student_2133,T2_Spring,Program_D,Transfer,2,30,2.57,-0.23,0.873,1,0,15,3.18,0.846,0.253,81.4,2,0.0
Student_2134,T2_Spring,Program_B,First_Year,1,26,2.13,0.27,0.787,0,0,12,4.45,0.943,0.282,67.2,3,0.0
Student_2136,T2_Spring,Program_D,Transfer,4,106,2.34,-0.51,0.714,0,2,18,1.76,0.706,0.403,67.7,5,0.0
Student_2137,T2_Spring,Program_D,First_Year,1,4,2.06,0.38,0.843,0,0,18,3.81,0.883,0.192,80.7,6,0.0
Student_2138,T2_Spring,Program_A,First_Year,3,58,2.05,0.18,0.897,0,0,18,6.3,0.957,0.134,72.5,0,0.0
Student_2139,T2_Spring,Program_C,First_Year,3,58,3.49,0.03,1.0,0,0,15,4.05,0.881,0.216,88.3,2,0.0
Student_2140,T2_Spring,Program_C,Transfer,1,2,1.86,-0.19,0.66,0,1,12,4.99,0.848,0.456,71.7,0,0.0
Student_2142,T2_Spring,Program_C,Transfer,4,96,3.02,-0.07,0.868,0,0,12,4.07,0.956,0.099,75.3,4,1.0
Student_2143,T2_Spring,Program_D,First_Year,2,43,2.82,-0.4,0.799,1,1,12,3.77,0.952,0.141,82.9,4,0.0
Student_2144,T2_Spring,Program_D,First_Year,1,27,2.71,-0.1,0.968,0,0,15,4.67,0.934,0.205,67.2,0,0.0
Student_2145,T2_Spring,Program_B,First_Year,3,77,2.31,-0.44,0.777,1,0,18,3.54,0.787,0.08,62.5,6,0.0
Student_2146,T2_Spring,Program_C,Transfer,3,73,2.43,0.14,0.832,0,3,12,3.14,0.737,0.135,68.6,2,0.0
Student_2147,T2_Spring,Program_D,First_Year,3,59,2.62,-0.14,0.798,1,0,12,3.45,0.848,0.266,75.0,8,0.0
Student_2148,T2_Spring,Program_A,First_Year,2,34,2.57,0.55,0.776,0,0,15,3.01,0.949,0.297,72.3,4,0.0
Student_2149,T2_Spring,Program_A,First_Year,4,97,2.94,-0.51,0.911,0,0,15,4.37,0.951,0.121,76.1,2,0.0
Student_2150,T2_Spring,Program_B,Transfer,1,16,2.95,-1.68,0.866,0,0,12,3.08,0.753,0.134,51.4,5,1.0
Student_2151,T2_Spring,Program_A,First_Year,1,26,1.91,0.08,0.76,0,0,18,3.59,0.738,0.246,60.4,4,1.0
Student_2152,T2_Spring,Program_A,Transfer,4,108,2.45,-0.24,0.952,0,0,12,4.26,0.924,0.08,86.4,5,0.0
Student_2153,T2_Spring,Program_B,First_Year,1,20,2.41,0.21,0.853,0,0,12,3.18,0.853,0.116,63.6,0,0.0
Student_2154,T2_Spring,Program_A,First_Year,3,59,2.52,0.6,0.865,0,1,15,4.79,0.936,0.097,76.8,4,0.0
Student_2155,T2_Spring,Program_A,First_Year,2,42,3.18,-0.12,0.732,1,0,9,3.05,0.884,0.196,83.8,3,0.0
Student_2156,T2_Spring,Program_A,Transfer,1,24,3.49,0.16,0.918,0,0,12,5.66,0.968,0.098,65.1,0,0.0
Student_2157,T2_Spring,Program_D,Transfer,2,51,2.45,-0.17,0.816,0,0,18,2.16,0.866,0.214,67.6,3,0.0
Student_2158,T2_Spring,Program_B,First_Year,2,40,1.24,-0.32,0.49,2,1,15,2.5,0.672,0.407,62.3,1,1.0
Student_2159,T2_Spring,Program_B,Transfer,2,50,2.7,0.03,0.87,1,0,15,3.65,0.86,0.277,88.1,2,0.0
Student_2160,T2_Spring,Program_B,First_Year,3,77,3.5,0.13,0.895,1,0,15,4.06,1.0,0.167,89.9,2,0.0
Student_2161,T2_Spring,Program_A,First_Year,4,88,2.5,0.27,0.783,1,0,18,4.41,0.91,0.154,87.6,1,0.0
Student_2162,T2_Spring,Program_A,First_Year,2,37,2.93,-0.09,0.919,0,0,15,2.65,0.603,0.401,77.2,4,0.0
Student_2163,T2_Spring,Program_A,First_Year,1,12,2.85,-0.01,0.755,1,0,12,3.73,0.68,0.367,84.5,2,0.0
Student_2164,T2_Spring,Program_A,First_Year,3,60,3.07,-0.04,1.0,0,1,12,3.73,0.883,0.229,90.0,2,0.0
Student_2166,T2_Spring,Program_A,Transfer,3,77,1.71,-0.01,0.663,1,0,12,2.67,0.889,0.176,66.9,2,0.0
Student_2167,T2_Spring,Program_C,First_Year,2,45,2.29,-0.05,0.837,0,0,18,4.19,0.862,0.137,79.8,3,0.0
Student_2168,T2_Spring,Program_D,First_Year,3,64,3.03,0.2,0.893,0,0,15,4.39,0.901,0.125,73.8,3,0.0
Student_2169,T2_Spring,Program_C,First_Year,4,103,2.95,0.17,0.721,1,0,15,1.65,0.839,0.312,69.9,6,0.0
Student_2170,T2_Spring,Program_A,First_Year,2,28,3.49,-0.38,1.0,0,0,18,2.92,0.953,0.292,90.2,5,0.0
Student_2171,T2_Spring,Program_B,First_Year,2,52,2.52,-0.08,0.681,1,1,18,3.27,0.772,0.117,79.1,3,0.0
Student_2172,T2_Spring,Program_A,First_Year,2,32,2.8,-0.22,0.694,2,0,12,4.5,0.944,0.055,82.1,1,0.0
Student_2173,T2_Spring,Program_D,First_Year,4,91,2.6,0.26,0.916,0,0,15,6.08,1.0,0.046,100.0,0,0.0
Student_2174,T2_Spring,Program_A,First_Year,4,106,2.99,0.67,0.966,0,0,18,3.14,0.828,0.076,87.8,4,0.0
Student_2175,T2_Spring,Program_C,First_Year,1,23,2.19,-0.55,0.792,0,1,15,0.88,0.794,0.299,70.8,2,0.0
Student_2176,T2_Spring,Program_C,Transfer,2,47,1.8,0.34,0.687,1,0,15,2.71,0.784,0.327,62.4,1,1.0
Student_2177,T2_Spring,Program_C,Transfer,3,67,2.6,0.19,0.797,1,1,12,3.21,0.951,0.259,76.5,2,0.0
Student_2178,T2_Spring,Program_D,First_Year,1,15,2.26,0.16,0.942,0,2,15,3.81,1.0,0.085,90.2,2,0.0
Student_2179,T2_Spring,Program_A,First_Year,4,85,3.09,-0.14,0.889,0,0,15,4.43,0.859,0.227,88.5,1,0.0
Student_2180,T2_Spring,Program_C,First_Year,1,21,2.59,-0.16,0.769,0,0,15,3.02,0.785,0.258,66.2,4,0.0
Student_2181,T2_Spring,Program_B,First_Year,1,1,2.84,0.12,0.71,1,2,12,5.82,0.982,0.143,79.7,0,1.0
Student_2183,T2_Spring,Program_C,First_Year,3,74,2.99,0.33,0.878,0,0,12,5.06,0.927,0.098,92.4,0,0.0
Student_2184,T2_Spring,Program_B,First_Year,2,52,2.93,0.74,0.785,1,0,15,5.6,1.0,0.0,92.1,1,1.0
Student_2185,T2_Spring,Program_B,First_Year,1,2,2.72,-0.16,0.847,0,0,18,4.45,0.986,0.108,72.2,5,1.0
Student_2186,T2_Spring,Program_D,First_Year,1,3,2.58,-0.14,0.877,0,0,15,3.64,1.0,0.026,81.7,8,0.0
Student_2188,T2_Spring,Program_A,First_Year,3,73,3.07,0.31,0.916,0,0,18,3.84,0.743,0.337,69.0,0,0.0
Student_2189,T2_Spring,Program_B,First_Year,1,16,2.74,-0.83,0.705,1,0,15,4.36,0.937,0.082,75.2,0,0.0
Student_2190,T2_Spring,Program_D,Transfer,1,3,2.58,0.26,0.724,1,0,12,3.11,0.876,0.146,73.2,4,0.0
Student_2191,T2_Spring,Program_D,Transfer,1,20,2.8,-0.36,0.866,0,0,12,3.38,0.995,0.305,74.8,3,1.0
Student_2193,T2_Spring,Program_A,First_Year,3,63,3.26,-0.7,1.0,0,1,15,3.15,0.729,0.162,74.6,0,1.0
Student_2194,T2_Spring,Program_A,First_Year,3,57,2.58,0.39,0.595,1,3,12,4.86,0.833,0.251,76.1,1,0.0
Student_2200,T2_Spring,Program_A,First_Year,4,82,2.6,0.19,0.894,0,0,12,4.54,0.921,0.212,85.3,0,0.0
Student_0001,T3_Fall,Program_C,First_Year,2,54,2.57,-0.11,0.976,0,0,12,6.3,0.955,0.077,70.0,0,0.0
Student_0002,T3_Fall,Program_B,First_Year,3,81,1.44,0.1,0.779,0,0,18,3.48,0.851,0.234,59.8,6,0.0
Student_0003,T3_Fall,Program_B,Transfer,3,65,2.21,0.4,0.625,1,1,15,4.52,0.801,0.232,67.3,3,0.0
Student_0004,T3_Fall,Program_C,First_Year,3,78,2.89,-0.2,0.899,0,0,12,4.15,0.938,0.132,93.3,5,0.0
Student_0006,T3_Fall,Program_B,First_Year,3,56,2.52,-0.35,0.765,1,0,15,3.72,0.811,0.218,69.3,2,0.0
Student_0008,T3_Fall,Program_D,First_Year,2,31,3.19,-0.42,0.987,0,1,15,5.14,0.863,0.201,84.3,2,0.0
Student_0009,T3_Fall,Program_B,First_Year,2,36,3.11,0.37,0.986,0,0,15,4.92,0.803,0.099,82.5,1,0.0
Student_0010,T3_Fall,Program_D,First_Year,2,53,2.41,0.76,0.721,2,0,15,6.58,1.0,0.0,80.2,0,1.0
Student_0011,T3_Fall,Program_A,First_Year,2,42,3.47,0.7,0.934,0,0,15,4.36,1.0,0.023,100.0,0,0.0
Student_0012,T3_Fall,Program_D,First_Year,3,81,2.15,-0.38,0.75,0,0,12,2.19,0.738,0.306,91.9,7,0.0
Student_0013,T3_Fall,Program_B,First_Year,3,77,2.24,-0.09,0.843,0,0,12,3.79,0.817,0.159,65.5,4,0.0
Student_0014,T3_Fall,Program_D,First_Year,1,8,2.9,0.03,0.911,0,0,12,3.44,0.987,0.072,79.3,0,0.0
Student_0016,T3_Fall,Program_B,First_Year,3,66,3.27,-0.1,0.882,0,0,15,4.58,0.946,0.132,90.4,1,0.0
Student_0017,T3_Fall,Program_D,First_Year,2,29,2.67,-0.12,0.929,0,0,12,3.87,0.886,0.172,81.0,0,0.0
Student_0018,T3_Fall,Program_B,First_Year,3,59,2.22,0.12,0.829,0,0,18,5.27,1.0,0.0,71.6,0,0.0
Student_0020,T3_Fall,Program_B,First_Year,1,3,3.07,-0.31,0.9,1,0,9,3.9,0.823,0.137,68.8,1,1.0
Student_0021,T3_Fall,Program_B,First_Year,3,62,2.46,0.06,0.562,2,0,12,2.66,0.794,0.412,87.9,3,1.0
Student_0022,T3_Fall,Program_D,Transfer,4,82,3.44,0.34,0.98,0,0,15,3.8,0.901,0.198,93.2,0,0.0
Student_0026,T3_Fall,Program_C,First_Year,2,45,2.98,-0.16,0.961,1,1,15,4.6,0.842,0.091,72.7,0,0.0
Student_0027,T3_Fall,Program_D,Transfer,3,75,2.61,-0.15,0.947,0,2,15,4.35,0.922,0.149,78.7,2,0.0
Student_0029,T3_Fall,Program_A,First_Year,2,36,2.55,0.89,0.954,0,0,12,5.23,1.0,0.051,94.5,0,0.0
Student_0030,T3_Fall,Program_D,Transfer,2,31,2.15,0.18,0.662,1,0,18,3.91,0.896,0.137,72.6,2,0.0
Student_0031,T3_Fall,Program_D,First_Year,2,36,2.97,-0.41,0.95,0,0,18,2.65,0.856,0.214,81.9,0,0.0
Student_0032,T3_Fall,Program_A,Transfer,4,85,2.25,0.61,0.787,1,0,15,4.96,0.983,0.0,52.0,0,0.0
Student_0033,T3_Fall,Program_D,Transfer,1,25,3.06,-0.2,0.86,0,0,15,2.36,0.684,0.467,85.9,3,0.0
Student_0034,T3_Fall,Program_B,First_Year,1,9,3.19,-0.51,0.861,0,0,15,5.32,0.959,0.068,89.7,2,0.0
Student_0035,T3_Fall,Program_A,First_Year,2,43,2.66,0.12,0.706,1,0,12,3.39,0.75,0.316,73.9,1,0.0
Student_0036,T3_Fall,Program_A,Transfer,2,51,3.28,-0.02,0.893,0,1,15,5.42,0.812,0.175,82.2,0,0.0
Student_0037,T3_Fall,Program_C,First_Year,1,7,2.85,-0.19,0.902,0,0,12,3.51,0.829,0.141,92.8,6,1.0
Student_0039,T3_Fall,Program_B,First_Year,3,78,2.32,0.05,0.868,0,0,15,4.59,0.984,0.086,62.4,5,0.0
Student_0040,T3_Fall,Program_B,Transfer,1,7,3.27,0.12,1.0,0,0,15,4.47,0.881,0.031,94.9,3,0.0
Student_0041,T3_Fall,Program_A,First_Year,3,74,2.29,0.01,0.837,0,0,12,3.72,0.758,0.252,71.5,5,0.0
Student_0042,T3_Fall,Program_C,Transfer,2,45,2.81,0.05,0.977,0,0,15,5.03,0.96,0.197,77.8,0,0.0
Student_0043,T3_Fall,Program_C,First_Year,2,30,2.44,-0.27,0.848,0,2,15,3.15,0.915,0.151,74.4,1,0.0
Student_0044,T3_Fall,Program_D,First_Year,2,54,2.84,-0.07,0.907,0,0,15,2.66,0.922,0.124,70.7,5,0.0
Student_0046,T3_Fall,Program_C,First_Year,1,3,3.59,0.04,0.983,0,0,15,6.3,0.942,0.086,100.0,0,0.0
Student_0047,T3_Fall,Program_B,First_Year,4,91,2.25,0.51,0.531,3,1,15,4.53,0.985,0.074,80.2,0,0.0
Student_0048,T3_Fall,Program_A,Transfer,3,66,2.68,-0.21,0.888,0,2,18,2.2,0.876,0.234,80.1,7,1.0
Student_0049,T3_Fall,Program_D,First_Year,2,27,3.09,-0.36,0.923,0,0,15,3.4,0.922,0.114,83.1,3,0.0
Student_0050,T3_Fall,Program_D,Transfer,4,105,2.15,0.11,0.723,1,0,15,3.5,0.987,0.039,71.0,2,0.0
Student_0051,T3_Fall,Program_B,Transfer,1,19,3.42,-0.06,0.766,1,1,15,5.35,0.978,0.0,83.4,0,0.0
Student_0053,T3_Fall,Program_B,First_Year,1,14,1.95,-0.27,0.741,0,2,12,3.46,0.907,0.184,68.0,4,1.0
Student_0054,T3_Fall,Program_C,Transfer,4,106,2.41,0.17,0.942,0,0,12,3.48,0.76,0.195,71.4,3,0.0
Student_0055,T3_Fall,Program_B,First_Year,4,99,2.92,-0.31,0.737,1,0,9,3.93,0.903,0.296,70.2,2,1.0
Student_0056,T3_Fall,Program_B,Transfer,3,75,2.57,0.15,0.804,0,2,12,3.47,0.9,0.039,74.5,2,0.0
Student_0057,T3_Fall,Program_A,First_Year,4,108,2.63,1.0,0.857,0,0,12,3.94,1.0,0.0,86.2,5,0.0
Student_0059,T3_Fall,Program_C,First_Year,1,25,3.45,0.13,0.947,0,1,15,5.44,0.943,0.015,77.4,3,0.0
Student_0060,T3_Fall,Program_A,Transfer,2,53,2.89,-0.23,0.933,0,0,12,4.76,0.878,0.14,74.1,4,0.0
Student_0061,T3_Fall,Program_D,First_Year,2,53,2.83,0.18,0.991,0,0,15,5.0,1.0,0.046,85.7,4,0.0
Student_0062,T3_Fall,Program_C,Transfer,3,61,2.09,0.09,0.672,0,1,9,1.7,0.726,0.354,72.0,0,0.0
Student_0063,T3_Fall,Program_B,First_Year,2,36,3.24,0.24,0.927,0,2,18,5.32,0.947,0.023,82.3,0,0.0
Student_0064,T3_Fall,Program_A,First_Year,4,106,2.56,0.21,0.728,2,0,18,5.92,0.917,0.029,78.9,0,0.0
Student_0066,T3_Fall,Program_D,First_Year,2,51,3.18,-0.76,0.944,0,0,9,5.75,0.913,0.113,80.6,0,0.0
Student_0067,T3_Fall,Program_D,First_Year,1,19,2.97,0.07,1.0,0,1,9,2.96,0.908,0.109,87.4,5,0.0
Student_0069,T3_Fall,Program_D,First_Year,2,52,3.24,0.35,0.991,0,1,12,4.3,0.937,0.269,93.6,2,0.0
Student_0071,T3_Fall,Program_A,Transfer,3,80,3.13,0.18,0.968,0,0,12,2.38,0.943,0.15,88.2,7,0.0
Student_0072,T3_Fall,Program_D,First_Year,1,13,2.44,0.01,0.803,0,0,15,3.51,0.935,0.212,75.9,2,0.0
Student_0073,T3_Fall,Program_D,First_Year,4,85,3.38,0.05,0.925,0,0,15,3.4,0.752,0.177,91.3,7,1.0
Student_0074,T3_Fall,Program_D,First_Year,3,67,2.38,0.16,0.697,1,1,12,3.33,0.847,0.156,68.8,0,0.0
Student_0075,T3_Fall,Program_B,First_Year,3,77,1.9,0.58,0.93,0,0,15,3.5,0.976,0.075,82.7,0,0.0
Student_0076,T3_Fall,Program_C,First_Year,1,19,2.5,0.02,0.836,0,0,12,3.92,0.767,0.21,65.4,1,0.0
Student_0077,T3_Fall,Program_D,Transfer,3,66,3.03,-0.23,0.959,0,0,12,4.35,0.849,0.001,84.9,3,0.0
Student_0080,T3_Fall,Program_C,Transfer,2,29,3.43,0.3,1.0,0,0,15,4.37,0.913,0.032,94.4,1,0.0
Student_0081,T3_Fall,Program_B,First_Year,1,13,3.57,-0.14,0.915,0,0,18,4.97,0.889,0.136,99.6,4,0.0
Student_0084,T3_Fall,Program_A,First_Year,2,41,1.79,-0.11,0.867,0,0,12,3.97,0.803,0.249,82.5,2,0.0
Student_0085,T3_Fall,Program_A,First_Year,2,35,2.09,-0.59,0.714,1,0,18,3.39,0.741,0.399,74.5,3,1.0
Student_0086,T3_Fall,Program_A,First_Year,4,94,3.1,0.79,0.86,0,0,18,3.88,1.0,0.123,78.0,1,0.0
Student_0087,T3_Fall,Program_C,Transfer,1,11,1.85,0.08,0.77,1,1,12,2.17,1.0,0.158,67.5,5,0.0
Student_0088,T3_Fall,Program_D,First_Year,4,107,2.36,0.06,0.687,2,0,15,5.34,0.976,0.072,86.9,3,0.0
Student_0089,T3_Fall,Program_D,First_Year,4,105,2.6,-0.07,0.771,1,0,12,3.78,0.92,0.211,71.9,5,0.0
Student_0092,T3_Fall,Program_A,First_Year,2,52,3.2,-0.12,0.879,0,1,15,3.55,0.874,0.116,79.4,3,0.0
Student_0093,T3_Fall,Program_C,First_Year,2,27,2.26,0.32,0.729,1,0,18,4.65,0.915,0.072,73.6,1,0.0
Student_0094,T3_Fall,Program_B,First_Year,3,80,2.66,0.36,0.712,2,0,12,7.0,1.0,0.0,81.6,0,0.0
Student_0095,T3_Fall,Program_B,Transfer,4,108,3.14,0.48,0.941,0,0,15,4.45,0.941,0.029,97.4,0,0.0
Student_0097,T3_Fall,Program_A,First_Year,4,103,1.73,0.33,0.453,2,0,15,5.21,1.0,0.232,65.9,2,0.0
Student_0098,T3_Fall,Program_D,First_Year,2,29,2.13,0.63,0.57,3,0,15,5.58,1.0,0.0,66.5,0,0.0
Student_0099,T3_Fall,Program_D,First_Year,4,89,3.33,-0.19,0.821,0,0,15,2.27,0.86,0.123,71.8,4,0.0
Student_0100,T3_Fall,Program_A,First_Year,1,16,3.69,-0.12,0.898,1,0,15,4.15,0.838,0.108,69.2,0,0.0
Student_0102,T3_Fall,Program_B,First_Year,3,74,2.74,0.15,0.858,0,0,12,2.39,0.897,0.318,67.9,4,0.0
Student_0103,T3_Fall,Program_D,Transfer,3,73,3.45,0.11,0.752,1,0,15,5.23,0.721,0.1,83.7,0,0.0
Student_0104,T3_Fall,Program_B,Transfer,2,34,3.26,-0.16,1.0,0,0,15,4.82,0.813,0.293,100.0,4,0.0
Student_0105,T3_Fall,Program_A,Transfer,1,1,1.56,-0.5,0.777,0,0,12,3.05,0.693,0.268,62.5,1,0.0
Student_0106,T3_Fall,Program_C,First_Year,1,15,3.78,0.3,0.934,0,1,15,3.44,0.803,0.157,94.9,2,0.0
Student_0107,T3_Fall,Program_D,Transfer,1,25,2.79,0.35,0.579,3,1,12,1.97,0.904,0.138,78.8,4,1.0
Student_0108,T3_Fall,Program_C,Transfer,3,66,2.37,0.03,0.775,0,1,18,3.98,0.901,0.091,72.5,0,1.0
Student_0109,T3_Fall,Program_A,First_Year,3,61,3.18,0.71,1.0,0,1,15,5.06,1.0,0.001,100.0,5,0.0
Student_0111,T3_Fall,Program_C,First_Year,4,101,2.48,-0.28,0.763,1,0,15,5.26,0.952,0.238,100.0,3,0.0
Student_0112,T3_Fall,Program_B,First_Year,1,7,1.42,0.26,0.616,2,0,12,4.4,0.887,0.119,69.1,3,0.0
Student_0113,T3_Fall,Program_D,First_Year,1,23,2.35,0.25,0.83,0,0,15,3.67,0.816,0.105,64.5,0,0.0
Student_0114,T3_Fall,Program_B,First_Year,2,38,2.72,-0.27,0.731,1,0,12,3.24,0.794,0.285,66.3,5,0.0
Student_0115,T3_Fall,Program_A,Transfer,3,79,2.35,-0.1,0.721,0,0,18,3.81,0.651,0.334,81.3,0,0.0
Student_0116,T3_Fall,Program_C,First_Year,3,62,2.58,-0.21,0.621,2,0,18,4.26,0.811,0.135,56.7,4,1.0
Student_0119,T3_Fall,Program_C,Transfer,4,91,1.64,0.14,0.801,0,0,15,3.44,0.82,0.275,40.0,1,0.0
Student_0120,T3_Fall,Program_D,First_Year,3,79,2.27,-0.15,0.695,1,1,12,3.21,0.77,0.357,79.4,3,1.0
Student_0121,T3_Fall,Program_C,First_Year,4,105,1.56,-0.09,0.878,0,0,15,4.08,0.865,0.248,55.2,2,1.0
Student_0122,T3_Fall,Program_A,First_Year,3,79,1.5,-0.39,0.632,1,0,15,3.96,0.896,0.312,46.3,0,1.0
Student_0124,T3_Fall,Program_B,Transfer,3,81,2.99,0.17,0.915,0,0,15,4.99,1.0,0.0,93.8,0,0.0
Student_0126,T3_Fall,Program_D,First_Year,3,62,1.99,0.04,0.731,0,0,15,3.73,0.869,0.157,73.9,2,0.0
Student_0127,T3_Fall,Program_C,Transfer,1,27,2.32,-0.24,0.52,2,1,9,1.49,0.811,0.228,53.0,8,1.0
Student_0128,T3_Fall,Program_B,First_Year,2,27,3.1,-0.11,0.764,2,1,15,3.78,0.934,0.162,81.1,0,0.0
Student_0131,T3_Fall,Program_B,Transfer,3,57,2.33,0.4,0.958,0,0,18,4.79,0.847,0.222,89.9,0,0.0
Student_0132,T3_Fall,Program_C,Transfer,3,74,2.5,0.24,0.818,0,0,12,4.19,0.91,0.154,66.3,2,0.0
Student_0133,T3_Fall,Program_A,Transfer,3,66,3.32,-0.49,0.678,1,0,12,3.67,0.887,0.252,81.7,3,0.0
Student_0134,T3_Fall,Program_C,First_Year,2,52,3.01,-0.35,0.957,0,0,15,2.6,0.706,0.232,86.7,5,0.0
Student_0135,T3_Fall,Program_A,First_Year,4,101,2.44,0.1,0.906,0,0,15,4.41,0.979,0.066,80.6,2,0.0
Student_0136,T3_Fall,Program_D,Transfer,4,94,1.21,0.06,0.596,2,1,15,2.95,0.864,0.243,66.7,4,1.0
Student_0137,T3_Fall,Program_A,First_Year,4,81,2.73,0.34,0.859,0,0,12,5.05,0.986,0.086,92.5,0,0.0
Student_0138,T3_Fall,Program_A,First_Year,2,46,3.09,0.23,0.975,0,0,12,5.13,1.0,0.041,76.2,0,0.0
Student_0140,T3_Fall,Program_A,First_Year,2,31,2.59,0.5,0.931,0,1,15,4.89,0.891,0.207,79.8,2,0.0
Student_0141,T3_Fall,Program_B,Transfer,2,31,3.63,-0.2,0.93,0,1,15,4.37,0.864,0.19,77.0,0,0.0
Student_0142,T3_Fall,Program_D,Transfer,4,106,2.86,0.36,0.896,0,2,9,5.4,1.0,0.0,75.9,0,0.0
Student_0143,T3_Fall,Program_D,First_Year,2,39,3.67,-0.63,0.873,0,0,12,2.64,0.846,0.219,94.7,2,1.0
Student_0144,T3_Fall,Program_D,First_Year,2,42,3.43,0.3,0.984,0,0,12,4.97,1.0,0.048,72.1,4,0.0
Student_0145,T3_Fall,Program_A,First_Year,4,90,3.1,0.08,0.829,1,2,9,4.42,1.0,0.0,83.1,0,0.0
Student_0146,T3_Fall,Program_B,First_Year,2,39,2.72,0.12,0.78,0,0,12,5.09,0.875,0.069,82.9,5,0.0
Student_0147,T3_Fall,Program_D,First_Year,1,20,2.78,-0.17,0.914,0,1,15,5.51,1.0,0.121,77.7,0,0.0
Student_0148,T3_Fall,Program_D,First_Year,4,91,2.02,-0.35,0.852,0,0,18,6.38,0.966,0.065,84.3,4,1.0
Student_0150,T3_Fall,Program_C,First_Year,3,71,2.23,-0.16,0.77,2,0,12,5.69,0.897,0.074,65.0,0,1.0
Student_0151,T3_Fall,Program_B,Transfer,3,54,3.19,0.31,0.934,0,0,15,3.25,1.0,0.0,69.2,7,1.0
Student_0153,T3_Fall,Program_C,Transfer,4,87,2.97,-0.44,0.69,1,1,15,2.9,0.79,0.438,85.1,0,0.0
Student_0154,T3_Fall,Program_D,Transfer,3,79,3.01,-0.32,0.838,1,0,12,3.79,0.696,0.3,76.0,3,0.0
Student_0155,T3_Fall,Program_D,Transfer,2,39,3.64,-0.14,1.0,0,1,12,3.44,0.847,0.207,100.0,0,0.0
Student_0156,T3_Fall,Program_A,Transfer,1,4,2.53,-0.16,0.667,1,0,18,3.25,0.777,0.171,82.7,5,1.0
Student_0157,T3_Fall,Program_C,Transfer,1,27,2.52,-0.33,0.813,0,0,15,3.79,0.785,0.238,75.5,2,0.0
Student_0158,T3_Fall,Program_A,First_Year,2,46,2.81,-0.15,1.0,0,0,15,4.01,0.978,0.124,80.2,1,0.0
Student_0159,T3_Fall,Program_B,Transfer,1,15,2.0,-0.1,0.688,1,0,12,3.2,0.968,0.194,66.6,3,0.0
Student_0160,T3_Fall,Program_D,First_Year,1,23,2.2,1.0,0.744,0,0,9,4.08,0.854,0.224,87.8,5,1.0
Student_0161,T3_Fall,Program_A,First_Year,1,24,2.44,-0.53,0.874,0,0,15,2.85,0.795,0.258,67.7,5,0.0
Student_0162,T3_Fall,Program_C,First_Year,3,65,3.08,-0.18,0.931,0,0,12,2.5,0.902,0.187,87.1,3,1.0
Student_0164,T3_Fall,Program_C,First_Year,2,40,3.05,-0.09,0.884,0,0,15,6.44,0.954,0.159,82.0,0,0.0
Student_0165,T3_Fall,Program_A,First_Year,4,98,1.62,-0.32,0.836,0,1,12,3.45,0.618,0.24,52.5,1,0.0
Student_0168,T3_Fall,Program_D,First_Year,3,69,3.29,0.15,0.967,0,0,15,5.45,0.898,0.268,94.7,0,0.0
Student_0170,T3_Fall,Program_C,Transfer,1,26,3.07,-0.18,0.883,0,0,12,3.29,0.806,0.352,86.8,2,1.0
Student_0171,T3_Fall,Program_C,Transfer,2,39,2.85,1.0,0.706,1,0,12,4.08,0.969,0.106,85.7,2,0.0
Student_0174,T3_Fall,Program_A,First_Year,3,75,2.47,0.44,0.9,0,1,12,4.29,1.0,0.224,70.0,0,0.0
Student_0176,T3_Fall,Program_D,First_Year,4,99,2.53,-0.08,0.855,0,1,15,4.36,0.859,0.058,77.7,1,1.0
Student_0177,T3_Fall,Program_D,Transfer,3,60,2.15,-0.1,0.818,1,0,12,2.54,0.783,0.273,78.1,2,1.0
Student_0178,T3_Fall,Program_B,First_Year,1,0,2.8,-0.33,0.924,0,1,12,5.14,0.909,0.346,91.0,0,0.0
Student_0179,T3_Fall,Program_C,First_Year,1,13,3.09,0.56,0.933,0,0,15,5.14,0.931,0.107,89.5,2,0.0
Student_0180,T3_Fall,Program_A,Transfer,2,45,3.38,-0.09,0.868,0,0,12,4.48,0.885,0.204,83.5,0,0.0
Student_0181,T3_Fall,Program_C,Transfer,2,41,3.03,-0.06,0.741,0,0,15,2.43,0.842,0.28,62.4,4,1.0
Student_0183,T3_Fall,Program_D,First_Year,2,34,1.93,-0.61,0.712,0,0,12,3.64,0.692,0.365,78.6,2,1.0
Student_0185,T3_Fall,Program_B,First_Year,2,48,2.14,-0.0,0.824,1,0,15,4.13,1.0,0.099,69.7,5,0.0
Student_0187,T3_Fall,Program_D,First_Year,1,24,2.74,-0.14,0.888,0,0,15,3.8,0.836,0.153,70.5,3,1.0
Student_0188,T3_Fall,Program_D,First_Year,3,70,3.19,0.51,0.955,0,0,12,5.83,1.0,0.04,77.9,0,0.0
Student_0189,T3_Fall,Program_C,First_Year,3,70,2.64,-0.22,0.895,0,0,15,2.56,0.828,0.262,71.1,7,0.0
Student_0190,T3_Fall,Program_D,Transfer,3,75,2.11,-0.35,0.745,1,0,15,3.91,0.715,0.149,77.9,3,0.0
Student_0191,T3_Fall,Program_C,First_Year,4,106,2.87,0.13,0.878,0,0,12,1.95,0.924,0.077,84.7,1,0.0
Student_0192,T3_Fall,Program_B,First_Year,2,36,2.58,0.66,0.902,0,0,15,3.23,0.864,0.317,94.9,1,1.0
Student_0193,T3_Fall,Program_C,Transfer,3,63,2.68,-0.1,0.939,0,0,15,5.25,0.779,0.229,67.8,0,0.0
Student_0194,T3_Fall,Program_A,First_Year,3,81,2.51,0.17,0.756,0,0,15,5.7,0.933,0.11,83.8,3,0.0
Student_0195,T3_Fall,Program_D,First_Year,3,81,2.7,-0.18,0.92,0,0,15,2.43,0.671,0.275,85.0,4,1.0
Student_0197,T3_Fall,Program_B,First_Year,1,7,3.23,0.0,0.971,0,0,18,4.42,0.975,0.149,66.3,0,0.0
Student_0198,T3_Fall,Program_B,First_Year,1,4,3.31,0.15,0.827,1,0,9,4.11,0.855,0.198,98.1,5,0.0
Student_0199,T3_Fall,Program_A,First_Year,4,89,2.08,0.13,0.756,0,1,15,3.12,1.0,0.247,54.3,4,0.0
Student_0200,T3_Fall,Program_B,First_Year,1,27,1.77,0.22,0.752,0,0,15,4.86,0.866,0.188,70.1,0,0.0
Student_0201,T3_Fall,Program_A,Transfer,3,79,2.25,0.44,0.804,0,0,15,5.62,1.0,0.188,68.5,1,0.0
Student_0202,T3_Fall,Program_A,Transfer,1,1,2.95,-0.25,0.88,0,1,9,2.79,0.684,0.266,56.0,2,0.0
Student_0203,T3_Fall,Program_D,Transfer,1,0,2.92,0.22,0.982,0,1,12,3.35,0.845,0.189,85.2,3,0.0
Student_0204,T3_Fall,Program_B,First_Year,2,46,2.68,-0.11,0.878,0,0,15,1.94,0.785,0.323,77.9,8,1.0
Student_0205,T3_Fall,Program_D,First_Year,1,4,3.16,-0.56,0.987,0,0,12,2.83,0.811,0.258,81.4,3,1.0
Student_0206,T3_Fall,Program_C,First_Year,1,25,1.71,0.11,0.711,0,0,18,3.74,0.749,0.123,66.1,5,1.0
Student_0207,T3_Fall,Program_D,First_Year,1,27,3.1,0.0,0.851,0,0,15,2.68,0.878,0.128,78.6,3,0.0
Student_0208,T3_Fall,Program_A,First_Year,2,51,2.69,-0.43,0.752,1,1,15,3.16,0.703,0.354,62.1,4,1.0
Student_0209,T3_Fall,Program_B,Transfer,3,79,3.25,-0.5,0.884,0,0,15,4.94,0.893,0.123,80.6,0,0.0
Student_0211,T3_Fall,Program_B,Transfer,1,9,2.66,0.11,0.705,1,1,12,4.91,0.882,0.065,94.6,1,0.0
Student_0214,T3_Fall,Program_D,First_Year,1,9,2.75,-0.06,0.829,0,0,15,4.05,0.865,0.331,74.4,5,1.0
Student_0215,T3_Fall,Program_D,First_Year,4,107,2.02,-0.31,0.799,0,0,15,3.77,0.805,0.283,67.5,2,0.0
Student_0216,T3_Fall,Program_D,First_Year,4,93,4.0,0.23,0.924,0,0,15,2.81,0.828,0.078,82.1,3,1.0
Student_0217,T3_Fall,Program_D,First_Year,1,25,2.84,0.12,0.799,1,0,15,3.73,1.0,0.03,77.7,0,0.0
Student_0219,T3_Fall,Program_B,Transfer,2,43,3.96,0.43,1.0,0,0,15,5.5,1.0,0.0,100.0,4,0.0
Student_0220,T3_Fall,Program_A,Transfer,1,12,2.06,-0.28,0.599,2,0,15,2.23,0.888,0.128,62.9,4,0.0
Student_0221,T3_Fall,Program_C,First_Year,2,35,3.23,-0.1,0.599,3,0,12,4.29,0.904,0.118,86.1,3,0.0
Student_0222,T3_Fall,Program_A,Transfer,1,19,2.27,-0.34,0.694,1,0,15,5.22,0.809,0.151,69.4,0,1.0
Student_0223,T3_Fall,Program_C,First_Year,1,17,3.32,0.07,0.797,1,0,15,4.21,0.832,0.311,87.2,3,0.0
Student_0224,T3_Fall,Program_A,Transfer,1,17,2.73,0.22,0.827,1,0,15,4.07,0.964,0.12,90.6,0,0.0
Student_0225,T3_Fall,Program_D,First_Year,3,77,2.43,0.06,0.859,0,0,18,3.27,1.0,0.107,79.8,5,0.0
Student_0226,T3_Fall,Program_C,First_Year,4,89,3.11,-0.21,0.792,1,0,12,3.95,0.804,0.273,82.4,3,0.0
Student_0227,T3_Fall,Program_A,First_Year,1,18,2.13,0.34,0.864,0,0,15,4.87,0.947,0.094,69.0,3,0.0
Student_0229,T3_Fall,Program_A,First_Year,4,95,2.69,-0.17,0.76,0,0,15,4.5,0.802,0.184,92.2,1,0.0
Student_0231,T3_Fall,Program_C,Transfer,4,90,3.11,0.05,0.895,1,0,9,3.84,0.934,0.18,85.6,0,0.0
Student_0232,T3_Fall,Program_D,First_Year,4,92,3.58,-0.28,0.842,0,1,15,4.02,0.968,0.205,68.5,5,1.0
Student_0234,T3_Fall,Program_D,First_Year,1,17,3.78,0.23,0.892,0,1,12,4.34,0.814,0.202,96.2,0,0.0
Student_0235,T3_Fall,Program_A,First_Year,1,19,2.42,0.18,0.768,1,0,15,4.23,0.928,0.113,72.4,1,0.0
Student_0238,T3_Fall,Program_A,Transfer,1,9,2.3,-1.0,0.777,0,0,15,4.8,0.867,0.219,68.7,4,1.0
Student_0240,T3_Fall,Program_B,First_Year,1,3,2.56,0.16,0.851,0,0,18,5.1,1.0,0.181,79.7,0,0.0
Student_0241,T3_Fall,Program_A,First_Year,4,101,3.25,0.16,0.774,1,0,18,6.69,1.0,0.03,83.9,0,0.0
Student_0242,T3_Fall,Program_A,First_Year,4,99,2.23,-0.22,0.801,0,0,9,3.72,0.887,0.401,80.5,4,0.0
Student_0243,T3_Fall,Program_D,First_Year,1,8,3.22,-0.16,0.844,0,0,15,3.72,0.827,0.138,92.0,1,0.0
Student_0244,T3_Fall,Program_A,First_Year,3,78,2.87,0.4,0.968,0,0,15,6.37,0.918,0.129,86.1,1,0.0
Student_0245,T3_Fall,Program_C,First_Year,3,62,2.26,-0.47,0.796,0,0,15,3.17,0.875,0.302,63.0,4,1.0
Student_0246,T3_Fall,Program_B,Transfer,2,41,2.22,0.03,0.841,0,0,15,5.21,0.951,0.024,64.5,0,0.0
Student_0247,T3_Fall,Program_D,First_Year,4,95,3.11,0.21,0.778,1,2,12,4.5,0.907,0.187,72.7,1,1.0
Student_0248,T3_Fall,Program_A,First_Year,4,88,3.82,0.19,1.0,0,0,9,3.17,0.937,0.17,100.0,1,0.0
Student_0250,T3_Fall,Program_C,First_Year,2,36,2.37,-0.1,0.859,0,0,12,4.98,0.903,0.25,80.0,1,0.0
Student_0251,T3_Fall,Program_B,Transfer,3,54,3.01,0.57,0.941,0,0,15,4.52,0.936,0.185,88.7,1,0.0
Student_0253,T3_Fall,Program_D,Transfer,4,93,2.92,-0.04,0.873,0,2,15,2.98,0.757,0.234,83.7,9,1.0
Student_0254,T3_Fall,Program_B,First_Year,2,50,2.5,-0.11,0.778,0,1,12,3.44,0.855,0.266,84.6,3,0.0
Student_0255,T3_Fall,Program_A,First_Year,3,60,2.72,0.13,0.754,1,0,15,3.4,0.993,0.238,80.5,8,0.0
Student_0256,T3_Fall,Program_B,Transfer,3,62,2.51,0.09,0.75,1,2,15,4.45,1.0,0.157,72.0,2,0.0
Student_0257,T3_Fall,Program_B,First_Year,2,44,1.99,0.3,0.806,0,0,12,4.36,1.0,0.138,71.6,4,0.0
Student_0258,T3_Fall,Program_D,First_Year,1,3,2.65,-0.04,0.45,3,0,15,3.64,0.961,0.175,84.9,3,0.0
Student_0259,T3_Fall,Program_C,First_Year,3,69,2.76,0.51,0.82,0,0,18,3.42,0.913,0.073,62.6,1,0.0
Student_0260,T3_Fall,Program_C,First_Year,1,5,3.48,0.97,0.973,0,0,15,3.05,1.0,0.072,90.6,3,0.0
Student_0262,T3_Fall,Program_A,First_Year,1,4,2.2,0.05,0.773,0,0,15,4.89,0.829,0.272,71.1,0,0.0
Student_0263,T3_Fall,Program_A,First_Year,1,15,2.55,0.42,0.989,0,0,15,6.8,1.0,0.0,89.2,0,1.0
Student_0265,T3_Fall,Program_C,First_Year,3,70,2.52,-0.03,0.915,0,0,15,3.58,0.995,0.139,97.2,2,0.0
Student_0266,T3_Fall,Program_B,First_Year,1,5,3.18,-0.05,0.845,0,0,15,4.03,0.987,0.14,70.6,2,0.0
Student_0267,T3_Fall,Program_A,First_Year,1,11,3.19,-0.44,0.904,0,0,15,2.38,0.753,0.314,75.4,4,1.0
Student_0268,T3_Fall,Program_B,Transfer,2,38,2.22,-0.02,0.777,1,1,18,4.67,0.873,0.1,79.8,3,0.0
Student_0269,T3_Fall,Program_A,Transfer,2,45,2.41,-0.06,0.836,1,0,12,1.44,0.79,0.237,67.6,7,0.0
Student_0270,T3_Fall,Program_B,First_Year,3,80,1.71,-0.32,0.45,3,1,18,5.58,0.833,0.14,63.1,0,1.0
Student_0271,T3_Fall,Program_A,First_Year,2,42,2.86,-0.14,0.705,2,0,15,3.15,0.886,0.341,68.1,0,0.0
Student_0272,T3_Fall,Program_C,Transfer,4,90,2.24,0.35,0.877,0,0,18,3.78,0.799,0.16,63.7,3,0.0
Student_0274,T3_Fall,Program_C,Transfer,4,106,3.11,0.83,0.853,1,0,9,3.75,0.876,0.087,100.0,0,0.0
Student_0275,T3_Fall,Program_C,First_Year,2,45,2.84,-0.59,0.932,0,1,12,4.32,0.776,0.368,85.9,4,1.0
Student_0276,T3_Fall,Program_C,First_Year,2,40,3.47,-0.21,0.876,0,0,15,2.78,0.834,0.285,77.7,5,0.0
Student_0277,T3_Fall,Program_C,First_Year,4,90,2.2,0.09,0.828,0,0,9,3.69,0.821,0.142,63.6,0,0.0
Student_0278,T3_Fall,Program_A,Transfer,2,34,3.06,-1.37,0.991,0,0,15,3.13,0.971,0.1,79.8,1,1.0
Student_0280,T3_Fall,Program_A,First_Year,2,30,2.11,0.53,0.758,0,0,15,4.47,0.874,0.257,79.5,0,0.0
Student_0282,T3_Fall,Program_C,Transfer,3,79,2.77,-0.78,0.893,0,0,12,3.15,0.801,0.34,66.4,1,0.0
Student_0287,T3_Fall,Program_C,Transfer,2,53,2.6,-0.26,0.876,0,0,12,3.33,0.969,0.136,74.2,0,0.0
Student_0288,T3_Fall,Program_A,Transfer,3,76,3.31,0.03,0.982,0,0,15,6.3,1.0,0.0,88.6,5,0.0
Student_0289,T3_Fall,Program_D,First_Year,4,108,2.78,-0.3,0.529,2,0,18,0.51,0.764,0.349,60.3,8,0.0
Student_0290,T3_Fall,Program_A,First_Year,1,25,3.05,-0.05,1.0,0,0,15,3.04,0.946,0.154,81.3,3,0.0
Student_0291,T3_Fall,Program_B,First_Year,4,88,2.43,-0.42,0.908,0,0,15,4.9,0.877,0.086,72.9,1,0.0
Student_0292,T3_Fall,Program_C,Transfer,1,0,3.49,0.1,1.0,0,1,12,4.44,1.0,0.163,100.0,0,0.0
Student_0293,T3_Fall,Program_C,Transfer,2,35,2.06,0.02,0.606,1,0,15,4.35,0.874,0.266,62.4,5,0.0
Student_0294,T3_Fall,Program_C,First_Year,2,29,2.49,0.39,0.824,0,0,15,3.45,1.0,0.112,73.7,1,0.0
Student_0295,T3_Fall,Program_B,Transfer,3,56,2.28,-0.45,0.652,0,2,15,2.36,0.631,0.371,59.4,9,1.0
Student_0296,T3_Fall,Program_C,Transfer,2,33,2.8,-0.02,0.857,0,0,12,3.48,0.737,0.254,80.9,2,1.0
Student_0297,T3_Fall,Program_C,First_Year,3,75,2.7,0.16,0.757,1,0,15,4.64,0.94,0.255,59.8,1,0.0
Student_0298,T3_Fall,Program_D,First_Year,1,0,2.24,-0.57,0.85,0,0,15,3.51,0.674,0.326,82.4,3,0.0
Student_0300,T3_Fall,Program_A,First_Year,4,88,2.52,-0.06,0.663,2,1,15,4.96,0.832,0.341,85.4,3,1.0
Student_0301,T3_Fall,Program_A,First_Year,3,73,2.67,-0.27,0.788,0,0,15,4.05,0.809,0.353,95.9,3,0.0
Student_0302,T3_Fall,Program_B,First_Year,3,66,3.11,-0.26,1.0,0,0,12,3.18,0.792,0.259,78.9,5,0.0
Student_0303,T3_Fall,Program_A,First_Year,4,102,2.94,0.01,0.779,1,0,15,4.31,1.0,0.062,83.4,0,0.0
Student_0304,T3_Fall,Program_B,First_Year,2,29,1.75,0.19,0.624,1,0,12,2.59,0.839,0.305,79.5,4,1.0
Student_0305,T3_Fall,Program_D,Transfer,3,73,3.53,-0.23,0.756,1,0,15,2.84,0.888,0.278,72.2,6,0.0
Student_0306,T3_Fall,Program_B,First_Year,3,69,2.68,0.75,0.946,0,0,12,5.88,1.0,0.0,80.2,0,0.0
Student_0307,T3_Fall,Program_C,First_Year,3,58,3.39,-0.24,0.939,0,0,12,4.5,0.893,0.224,89.5,0,0.0
Student_0308,T3_Fall,Program_D,First_Year,1,5,2.94,-0.58,0.728,1,0,15,4.3,0.817,0.248,70.2,3,0.0
Student_0309,T3_Fall,Program_D,First_Year,1,24,3.07,0.47,0.878,0,0,12,3.54,0.885,0.124,86.1,2,0.0
Student_0310,T3_Fall,Program_D,Transfer,2,43,4.0,0.24,1.0,0,0,15,3.36,0.861,0.261,92.5,2,0.0
Student_0311,T3_Fall,Program_B,First_Year,3,56,3.0,0.08,0.794,1,1,15,2.1,0.773,0.291,86.9,4,1.0
Student_0313,T3_Fall,Program_C,Transfer,3,68,1.46,0.48,0.744,0,0,12,4.47,0.968,0.159,65.9,3,0.0
Student_0314,T3_Fall,Program_A,Transfer,3,68,2.57,0.36,0.683,2,0,12,4.52,0.873,0.175,92.2,4,0.0
Student_0315,T3_Fall,Program_A,First_Year,1,23,3.17,0.12,0.969,0,0,15,5.64,1.0,0.148,93.3,2,0.0
Student_0317,T3_Fall,Program_B,First_Year,2,45,2.43,-0.45,0.9,0,3,18,4.4,0.732,0.256,90.8,2,1.0
Student_0318,T3_Fall,Program_B,First_Year,4,103,2.29,-0.81,0.706,1,0,12,3.33,0.74,0.236,81.0,2,1.0
Student_0319,T3_Fall,Program_A,First_Year,2,30,2.99,0.05,0.812,0,0,12,4.43,0.98,0.132,81.8,2,0.0
Student_0320,T3_Fall,Program_B,First_Year,4,100,3.28,0.21,0.846,0,1,15,2.81,0.958,0.19,80.1,5,0.0
Student_0321,T3_Fall,Program_D,Transfer,3,70,2.72,0.14,0.77,1,1,15,2.57,0.921,0.108,66.7,3,1.0
Student_0322,T3_Fall,Program_B,First_Year,1,23,2.44,0.06,0.874,0,0,12,2.84,1.0,0.058,69.8,2,0.0
Student_0323,T3_Fall,Program_B,First_Year,1,13,2.99,0.66,0.931,0,0,18,5.89,1.0,0.092,83.2,0,0.0
Student_0325,T3_Fall,Program_C,First_Year,3,55,2.11,0.18,0.587,2,0,18,2.27,0.786,0.3,64.2,0,0.0
Student_0326,T3_Fall,Program_B,Transfer,3,69,2.77,-0.01,0.829,0,1,15,4.54,0.782,0.247,59.1,0,1.0
Student_0327,T3_Fall,Program_A,Transfer,3,66,3.04,0.05,0.863,0,0,15,4.08,1.0,0.015,88.7,1,1.0
Student_0328,T3_Fall,Program_A,Transfer,2,49,2.96,0.86,0.973,0,0,15,4.52,1.0,0.0,86.6,0,0.0
Student_0329,T3_Fall,Program_A,First_Year,2,34,1.98,0.03,0.649,2,1,18,4.47,1.0,0.193,77.2,0,1.0
Student_0330,T3_Fall,Program_A,First_Year,1,22,2.95,1.0,0.859,0,0,15,4.41,0.871,0.131,100.0,1,0.0
Student_0332,T3_Fall,Program_D,Transfer,1,27,3.39,0.01,0.904,0,1,12,3.97,0.797,0.332,75.1,0,0.0
Student_0333,T3_Fall,Program_A,First_Year,1,9,2.62,-0.14,0.876,1,0,15,3.99,0.965,0.105,66.6,0,0.0
Student_0334,T3_Fall,Program_A,Transfer,2,42,3.31,-0.07,1.0,0,1,15,4.37,0.88,0.009,76.7,0,1.0
Student_0335,T3_Fall,Program_D,First_Year,3,70,2.25,-0.15,0.825,0,2,15,4.8,1.0,0.138,80.6,0,0.0
Student_0336,T3_Fall,Program_A,First_Year,3,74,3.04,-0.15,0.961,0,0,12,5.79,1.0,0.0,99.9,0,0.0
Student_0337,T3_Fall,Program_A,Transfer,2,40,2.49,0.58,0.769,1,0,12,5.1,0.949,0.195,78.1,0,0.0
Student_0338,T3_Fall,Program_B,Transfer,4,90,2.01,0.13,0.913,0,0,12,3.9,0.75,0.199,88.6,0,0.0
Student_0339,T3_Fall,Program_B,First_Year,4,91,3.41,-0.18,0.913,0,0,15,4.5,0.923,0.24,84.7,0,0.0
Student_0340,T3_Fall,Program_D,Transfer,2,49,2.2,-0.12,0.55,2,0,12,3.75,0.869,0.243,61.0,2,1.0
Student_0341,T3_Fall,Program_A,Transfer,3,78,4.0,-0.0,0.867,1,2,15,2.9,0.785,0.263,85.2,3,0.0
Student_0343,T3_Fall,Program_B,First_Year,2,37,2.99,1.0,0.932,0,0,15,4.7,0.91,0.071,100.0,2,0.0
Student_0344,T3_Fall,Program_A,First_Year,1,5,2.63,-0.07,0.805,0,2,9,2.72,0.883,0.057,87.5,7,1.0
Student_0345,T3_Fall,Program_B,First_Year,3,57,2.08,-0.12,0.516,1,0,15,3.54,0.861,0.196,83.3,1,0.0
Student_0346,T3_Fall,Program_A,Transfer,1,11,3.16,0.18,0.913,1,0,12,3.99,1.0,0.0,87.0,3,0.0
Student_0347,T3_Fall,Program_C,First_Year,3,70,2.09,-0.01,0.784,0,0,15,2.28,0.795,0.253,53.0,6,0.0
Student_0348,T3_Fall,Program_B,First_Year,3,64,2.92,-0.22,0.719,2,0,15,4.49,0.822,0.322,87.3,0,0.0
Student_0349,T3_Fall,Program_D,Transfer,2,38,2.4,-0.14,0.796,0,0,18,3.19,0.949,0.156,71.9,1,1.0
Student_0350,T3_Fall,Program_A,First_Year,2,52,2.87,0.13,0.706,1,0,18,3.88,0.735,0.195,65.0,0,0.0
Student_0351,T3_Fall,Program_A,Transfer,3,64,2.67,-0.83,0.691,1,0,9,3.72,0.845,0.385,69.4,1,0.0
Student_0352,T3_Fall,Program_B,First_Year,1,6,1.86,-0.01,0.774,1,1,15,4.76,0.921,0.04,70.6,3,1.0
Student_0354,T3_Fall,Program_D,Transfer,2,47,2.92,0.41,0.924,0,1,15,4.41,0.885,0.259,94.9,0,0.0
Student_0355,T3_Fall,Program_D,Transfer,4,93,2.78,1.0,0.864,1,0,15,3.72,1.0,0.109,78.4,0,0.0
Student_0356,T3_Fall,Program_D,First_Year,2,45,2.74,0.09,0.856,0,0,18,3.7,0.702,0.206,62.4,2,0.0
Student_0357,T3_Fall,Program_A,Transfer,1,10,2.07,-0.11,0.79,1,1,12,2.63,0.866,0.244,59.0,1,1.0
Student_0358,T3_Fall,Program_D,Transfer,2,27,2.83,-0.29,0.804,1,0,15,3.92,1.0,0.089,93.8,2,1.0
Student_0360,T3_Fall,Program_A,Transfer,4,85,3.23,-0.46,0.787,1,0,12,2.98,0.87,0.268,78.1,0,0.0
Student_0362,T3_Fall,Program_C,Transfer,4,108,1.49,-0.13,0.693,1,1,18,4.14,0.96,0.159,78.6,2,0.0
Student_0367,T3_Fall,Program_A,First_Year,1,13,3.47,-0.27,0.808,0,1,12,4.76,0.892,0.256,74.5,2,0.0
Student_0368,T3_Fall,Program_B,Transfer,4,102,2.45,-0.22,0.808,0,0,15,3.81,0.754,0.268,72.9,0,0.0
Student_0369,T3_Fall,Program_A,Transfer,3,80,2.12,0.14,0.779,1,0,12,3.84,0.881,0.251,74.7,3,0.0
Student_0370,T3_Fall,Program_D,Transfer,3,73,2.63,0.17,0.936,0,1,15,6.4,1.0,0.0,83.0,0,0.0
Student_0373,T3_Fall,Program_A,First_Year,2,49,1.9,0.38,0.772,1,1,15,5.11,1.0,0.105,67.7,0,0.0
Student_0374,T3_Fall,Program_D,First_Year,1,12,1.58,0.28,0.547,2,0,15,2.71,0.739,0.204,61.7,4,1.0
Student_0375,T3_Fall,Program_C,First_Year,1,13,2.79,-0.03,0.864,0,1,12,4.65,0.799,0.221,72.1,0,0.0
Student_0376,T3_Fall,Program_A,Transfer,2,52,3.0,0.7,0.823,1,0,18,4.87,0.995,0.133,75.1,1,0.0
Student_0377,T3_Fall,Program_A,First_Year,4,100,3.46,0.26,1.0,0,1,12,4.53,0.98,0.037,94.0,3,0.0
Student_0378,T3_Fall,Program_A,First_Year,3,56,2.53,0.33,0.748,1,1,12,5.16,0.918,0.158,77.9,4,1.0
Student_0379,T3_Fall,Program_B,Transfer,3,54,2.94,-0.16,0.759,1,0,12,4.4,1.0,0.147,81.7,2,0.0
Student_0380,T3_Fall,Program_B,Transfer,3,71,2.23,0.1,0.737,0,0,15,6.17,0.988,0.065,80.5,5,0.0
Student_0381,T3_Fall,Program_C,First_Year,1,21,2.51,0.13,0.735,1,1,15,5.11,0.825,0.116,74.8,0,0.0
Student_0382,T3_Fall,Program_B,First_Year,3,72,2.92,-0.26,0.853,1,0,18,3.42,0.874,0.076,73.2,4,0.0
Student_0383,T3_Fall,Program_C,First_Year,2,36,1.97,0.23,0.876,0,0,18,4.77,0.959,0.119,73.9,2,0.0
Student_0385,T3_Fall,Program_A,First_Year,4,87,3.22,0.08,0.918,0,2,15,3.22,0.928,0.163,78.4,4,0.0
Student_0386,T3_Fall,Program_C,First_Year,3,69,3.35,-0.6,0.915,0,1,18,1.74,0.743,0.396,87.3,9,0.0
Student_0387,T3_Fall,Program_D,First_Year,2,45,3.39,-0.21,0.891,0,0,15,5.62,0.896,0.207,89.7,0,0.0
Student_0388,T3_Fall,Program_C,First_Year,3,81,3.66,-0.18,0.927,0,0,18,4.25,0.805,0.179,80.1,0,0.0
Student_0389,T3_Fall,Program_D,First_Year,1,9,2.66,0.27,0.91,0,0,12,3.97,0.946,0.205,63.3,3,0.0
Student_0390,T3_Fall,Program_B,First_Year,3,75,2.64,-0.16,0.942,0,0,15,4.99,0.9,0.176,72.5,1,0.0
Student_0392,T3_Fall,Program_B,First_Year,3,65,2.8,-0.4,0.75,1,1,18,2.98,0.67,0.379,71.7,5,1.0
Student_0393,T3_Fall,Program_C,First_Year,2,37,2.5,-0.19,0.803,0,0,15,3.38,0.994,0.117,74.6,2,0.0
Student_0394,T3_Fall,Program_C,Transfer,2,51,3.05,0.13,0.872,1,0,15,4.41,1.0,0.032,76.1,0,0.0
Student_0395,T3_Fall,Program_A,First_Year,1,16,2.15,-0.04,0.641,1,0,12,2.93,0.803,0.234,67.3,1,0.0
Student_0397,T3_Fall,Program_D,Transfer,2,37,1.52,-1.28,0.604,1,1,12,3.51,0.606,0.228,55.1,1,0.0
Student_0398,T3_Fall,Program_A,First_Year,1,10,3.25,0.08,0.768,1,0,15,4.9,0.964,0.131,90.5,6,1.0
Student_0399,T3_Fall,Program_A,Transfer,2,28,3.36,0.15,0.863,0,0,15,6.07,0.826,0.17,97.8,3,0.0
Student_0400,T3_Fall,Program_D,Transfer,1,26,2.15,-0.78,0.734,0,0,12,1.56,0.649,0.361,57.0,8,0.0
Student_0402,T3_Fall,Program_A,First_Year,2,27,2.94,-0.29,0.793,1,0,18,4.73,0.874,0.244,89.7,3,0.0
Student_0403,T3_Fall,Program_B,First_Year,3,63,3.31,0.18,0.924,0,0,9,3.92,0.803,0.282,72.5,6,0.0
Student_0405,T3_Fall,Program_B,First_Year,3,68,3.09,-0.17,0.958,0,0,9,5.12,1.0,0.058,75.6,0,0.0
Student_0406,T3_Fall,Program_A,First_Year,4,92,2.8,0.09,0.698,2,1,18,4.96,0.864,0.166,72.4,0,0.0
Student_0408,T3_Fall,Program_B,First_Year,1,4,2.5,0.25,0.47,3,0,18,3.84,0.827,0.325,84.8,3,1.0
Student_0409,T3_Fall,Program_B,First_Year,4,106,3.16,-0.59,0.842,1,0,15,5.44,0.965,0.051,90.7,0,0.0
Student_0410,T3_Fall,Program_C,First_Year,3,58,2.03,-1.02,0.832,0,0,15,0.56,0.73,0.412,61.0,2,1.0
Student_0411,T3_Fall,Program_D,First_Year,2,41,3.38,-0.56,0.926,0,1,12,2.86,0.689,0.184,87.0,1,1.0
Student_0412,T3_Fall,Program_B,Transfer,3,74,2.49,0.12,0.907,0,0,9,5.57,0.97,0.159,61.9,0,0.0
Student_0414,T3_Fall,Program_C,First_Year,4,85,3.59,-0.18,1.0,0,1,15,5.17,0.886,0.171,88.0,2,0.0
Student_0416,T3_Fall,Program_C,First_Year,1,18,1.99,-0.67,0.773,1,0,15,3.05,0.783,0.32,65.7,3,0.0
Student_0419,T3_Fall,Program_D,First_Year,1,3,3.32,0.74,0.871,0,0,12,4.43,1.0,0.104,99.5,2,0.0
Student_0420,T3_Fall,Program_D,Transfer,2,29,2.35,-0.45,0.827,0,0,15,3.6,0.726,0.318,62.7,4,0.0
Student_0422,T3_Fall,Program_C,First_Year,4,86,2.88,0.2,0.892,0,0,12,6.13,0.883,0.005,98.1,0,0.0
Student_0423,T3_Fall,Program_C,Transfer,2,34,2.72,-0.03,0.862,0,0,15,2.03,0.921,0.215,72.7,2,0.0
Student_0424,T3_Fall,Program_D,Transfer,3,77,2.58,-0.26,0.841,0,0,15,3.84,0.656,0.237,69.2,2,0.0
Student_0425,T3_Fall,Program_D,First_Year,2,53,2.33,-0.29,0.757,1,0,15,3.02,0.693,0.319,73.4,0,0.0
Student_0426,T3_Fall,Program_A,First_Year,1,23,2.95,-0.19,0.891,0,0,12,4.35,0.817,0.214,75.7,5,0.0
Student_0427,T3_Fall,Program_C,First_Year,1,20,3.22,1.0,0.91,0,1,15,4.09,0.899,0.165,90.0,1,0.0
Student_0428,T3_Fall,Program_A,Transfer,4,93,2.6,-0.18,0.884,1,0,9,2.33,0.778,0.218,71.0,3,0.0
Student_0430,T3_Fall,Program_D,Transfer,2,31,1.85,-0.12,0.887,0,0,12,3.79,0.832,0.221,63.1,2,1.0
Student_0431,T3_Fall,Program_A,Transfer,2,35,2.6,0.22,0.995,0,0,15,5.36,0.903,0.236,73.7,4,0.0
Student_0432,T3_Fall,Program_B,Transfer,3,58,1.76,0.05,0.754,1,1,15,1.62,0.873,0.219,64.0,8,0.0
Student_0433,T3_Fall,Program_C,First_Year,3,81,2.25,0.35,0.71,2,0,15,3.68,0.949,0.066,76.8,4,0.0
Student_0434,T3_Fall,Program_A,First_Year,2,37,2.73,-0.16,0.868,0,1,18,3.4,0.857,0.322,83.9,0,0.0
Student_0436,T3_Fall,Program_D,First_Year,3,56,2.88,-0.2,0.684,1,1,15,2.39,0.668,0.35,65.4,1,1.0
Student_0437,T3_Fall,Program_B,Transfer,1,5,3.69,-0.72,1.0,0,0,12,3.98,0.928,0.069,82.7,0,0.0
Student_0438,T3_Fall,Program_D,First_Year,3,77,2.42,-0.61,0.875,0,0,12,4.9,0.831,0.209,73.6,0,0.0
Student_0440,T3_Fall,Program_A,First_Year,3,63,2.97,0.24,0.975,0,0,18,5.09,0.936,0.04,75.6,0,0.0
Student_0441,T3_Fall,Program_B,First_Year,1,5,3.08,-0.09,0.884,0,0,15,3.75,0.89,0.227,92.6,3,0.0
Student_0443,T3_Fall,Program_B,First_Year,1,4,2.54,-0.12,0.857,0,1,15,4.34,0.98,0.051,70.6,0,1.0
Student_0444,T3_Fall,Program_C,First_Year,4,104,2.48,-0.33,0.767,0,0,15,3.09,0.739,0.253,67.2,4,0.0
Student_0446,T3_Fall,Program_C,First_Year,4,92,2.13,-0.01,0.847,0,0,18,4.34,0.925,0.208,80.9,5,0.0
Student_0447,T3_Fall,Program_B,First_Year,4,85,2.74,0.24,0.641,3,1,18,6.41,0.959,0.0,74.3,0,1.0
Student_0448,T3_Fall,Program_D,First_Year,2,39,1.71,0.11,0.451,3,0,15,5.49,0.873,0.082,54.7,0,0.0
Student_0450,T3_Fall,Program_A,First_Year,4,104,3.81,-0.07,0.919,1,0,15,4.46,0.934,0.183,91.2,3,0.0
Student_0452,T3_Fall,Program_B,First_Year,1,2,2.01,-0.04,0.786,0,0,9,3.45,0.755,0.189,59.6,3,0.0
Student_0453,T3_Fall,Program_B,First_Year,3,65,2.24,-0.21,0.46,2,0,15,4.56,0.766,0.284,64.8,0,0.0
Student_0454,T3_Fall,Program_D,First_Year,1,19,3.14,0.12,0.912,0,1,15,2.9,0.835,0.172,83.1,5,0.0
Student_0455,T3_Fall,Program_D,First_Year,1,20,2.64,-0.27,0.814,0,1,15,2.91,0.685,0.325,82.5,3,0.0
Student_0457,T3_Fall,Program_D,First_Year,2,29,3.88,1.0,1.0,0,0,15,7.0,1.0,0.021,100.0,0,0.0
Student_0458,T3_Fall,Program_A,First_Year,2,35,2.54,0.01,0.916,0,0,15,3.92,0.969,0.1,80.4,2,0.0
Student_0459,T3_Fall,Program_C,First_Year,4,89,3.26,-0.17,0.873,1,0,15,3.19,0.928,0.312,74.8,4,1.0
Student_0461,T3_Fall,Program_D,First_Year,3,57,2.84,-0.18,0.883,0,0,12,3.68,0.844,0.245,89.6,1,0.0
Student_0462,T3_Fall,Program_B,First_Year,3,68,2.69,0.13,0.951,0,0,15,4.85,0.881,0.129,95.9,2,0.0
Student_0464,T3_Fall,Program_A,First_Year,4,99,2.35,-0.59,0.894,0,1,18,4.1,0.757,0.399,67.4,4,0.0
Student_0465,T3_Fall,Program_B,Transfer,1,10,2.99,0.21,0.765,0,0,15,5.79,1.0,0.112,78.2,2,0.0
Student_0466,T3_Fall,Program_C,First_Year,2,52,3.55,0.21,0.995,0,0,15,5.06,0.984,0.11,100.0,1,0.0
Student_0467,T3_Fall,Program_A,First_Year,4,94,2.92,-0.68,0.926,0,0,15,4.33,0.862,0.249,97.0,3,0.0
Student_0468,T3_Fall,Program_B,Transfer,2,29,2.52,-0.4,0.836,0,0,12,4.85,0.794,0.222,87.9,0,0.0
Student_0469,T3_Fall,Program_D,First_Year,3,56,2.88,-0.35,0.694,1,0,15,4.14,0.811,0.225,72.3,2,0.0
Student_0470,T3_Fall,Program_B,First_Year,4,99,2.46,0.02,0.847,0,1,15,4.17,0.886,0.181,74.5,3,0.0
Student_0471,T3_Fall,Program_D,First_Year,4,99,2.75,0.11,0.905,0,0,18,4.19,0.974,0.059,89.5,4,0.0
Student_0472,T3_Fall,Program_B,First_Year,3,60,2.78,-0.37,0.878,0,1,9,1.24,0.649,0.335,58.7,6,1.0
Student_0474,T3_Fall,Program_C,Transfer,1,6,2.78,-0.06,0.756,1,0,15,3.35,0.921,0.195,69.3,2,0.0
Student_0475,T3_Fall,Program_C,First_Year,3,76,2.52,-0.08,0.828,0,1,15,4.98,0.777,0.268,65.1,2,0.0
Student_0476,T3_Fall,Program_A,Transfer,2,51,2.4,-0.02,0.868,0,0,15,2.94,0.847,0.38,82.1,2,1.0
Student_0478,T3_Fall,Program_D,First_Year,1,12,3.05,-0.0,0.786,0,0,15,1.29,0.892,0.266,84.2,4,0.0
Student_0480,T3_Fall,Program_A,First_Year,1,20,2.29,-0.3,0.699,1,0,15,3.79,0.991,0.218,71.6,3,0.0
Student_0481,T3_Fall,Program_C,First_Year,3,66,2.33,0.38,0.45,2,1,9,3.13,0.873,0.287,63.8,0,1.0
Student_0483,T3_Fall,Program_C,Transfer,3,81,3.11,0.28,0.937,0,0,12,4.43,0.802,0.211,78.5,1,0.0
Student_0485,T3_Fall,Program_B,First_Year,1,7,2.01,0.57,0.724,1,1,12,3.7,0.911,0.115,72.9,5,0.0
Student_0486,T3_Fall,Program_A,First_Year,1,26,2.32,0.16,0.77,0,0,18,2.2,0.731,0.347,74.0,4,0.0
Student_0489,T3_Fall,Program_A,First_Year,1,27,3.46,-0.08,0.778,1,0,12,4.37,0.743,0.311,86.2,1,1.0
Student_0490,T3_Fall,Program_A,First_Year,2,27,2.41,0.09,0.725,2,1,18,3.97,0.783,0.205,79.7,8,1.0
Student_0491,T3_Fall,Program_D,Transfer,1,11,3.32,-0.26,0.837,0,0,15,3.28,0.772,0.156,87.7,5,1.0
Student_0493,T3_Fall,Program_A,First_Year,3,59,2.55,0.28,0.657,2,0,12,3.79,1.0,0.175,62.7,1,0.0
Student_0494,T3_Fall,Program_A,First_Year,3,71,2.53,0.67,0.914,0,0,12,4.72,0.892,0.261,71.7,7,0.0
Student_0497,T3_Fall,Program_A,First_Year,2,51,3.3,0.12,0.916,0,0,9,3.37,1.0,0.16,74.8,4,0.0
Student_0498,T3_Fall,Program_B,Transfer,3,62,2.91,0.4,0.868,0,1,15,5.66,1.0,0.132,69.2,0,0.0
Student_0499,T3_Fall,Program_B,First_Year,3,74,2.88,-0.05,0.715,0,0,12,2.41,0.78,0.285,70.1,3,0.0
Student_0500,T3_Fall,Program_A,First_Year,1,2,2.72,-0.19,0.853,0,0,12,4.38,1.0,0.129,77.7,4,0.0
Student_0501,T3_Fall,Program_C,Transfer,2,49,3.58,0.05,0.995,0,0,12,4.46,0.92,0.015,78.1,0,0.0
Student_0502,T3_Fall,Program_B,First_Year,4,97,2.89,-0.24,0.97,0,1,15,3.3,0.905,0.33,100.0,4,1.0
Student_0503,T3_Fall,Program_D,First_Year,1,16,3.29,0.07,0.833,0,1,15,2.58,0.802,0.25,76.8,4,0.0
Student_0505,T3_Fall,Program_D,First_Year,4,82,2.9,0.09,0.847,0,0,15,6.89,1.0,0.0,92.4,0,0.0
Student_0506,T3_Fall,Program_D,Transfer,1,23,3.25,-0.06,0.72,1,0,15,4.17,0.822,0.158,76.2,4,0.0
Student_0507,T3_Fall,Program_C,First_Year,2,33,3.69,-0.09,0.967,0,0,15,3.17,0.733,0.254,80.7,5,0.0
Student_0508,T3_Fall,Program_C,Transfer,2,35,3.31,0.42,0.848,1,1,9,5.23,0.921,0.069,91.7,0,0.0
Student_0509,T3_Fall,Program_B,First_Year,3,60,2.56,0.23,0.922,0,0,15,6.02,0.825,0.147,82.2,0,0.0
Student_0510,T3_Fall,Program_C,First_Year,1,22,2.26,0.21,0.896,0,1,12,4.43,0.794,0.077,64.7,4,0.0
Student_0512,T3_Fall,Program_C,First_Year,4,95,2.53,-0.14,0.855,0,0,15,4.7,0.891,0.087,91.3,2,0.0
Student_0513,T3_Fall,Program_C,First_Year,1,10,2.64,-0.23,0.704,0,0,9,2.24,0.655,0.372,73.8,1,0.0
Student_0514,T3_Fall,Program_A,First_Year,4,102,3.0,-0.19,0.905,0,0,18,3.6,0.989,0.153,92.6,0,0.0
Student_0515,T3_Fall,Program_D,First_Year,3,63,3.16,-0.34,0.878,0,0,15,4.33,0.988,0.238,85.0,1,0.0
Student_0516,T3_Fall,Program_D,First_Year,4,82,2.35,-0.87,0.738,1,0,15,4.25,0.717,0.411,67.3,0,1.0
Student_0517,T3_Fall,Program_B,Transfer,4,81,3.83,0.25,0.962,0,1,15,3.69,0.771,0.273,75.4,0,1.0
Student_0518,T3_Fall,Program_C,First_Year,3,74,3.14,-0.27,0.903,0,0,15,3.07,0.842,0.046,70.6,2,0.0
Student_0519,T3_Fall,Program_D,Transfer,3,65,2.59,-0.16,1.0,0,0,18,2.99,0.94,0.144,79.4,2,0.0
Student_0520,T3_Fall,Program_B,First_Year,1,15,3.28,0.61,1.0,0,0,15,5.75,1.0,0.012,85.4,2,0.0
Student_0523,T3_Fall,Program_D,First_Year,3,78,3.56,-0.01,0.906,1,0,15,4.94,0.984,0.114,77.0,4,0.0
Student_0524,T3_Fall,Program_B,First_Year,3,80,2.73,-0.61,0.856,0,0,15,2.76,0.802,0.376,71.4,2,0.0
Student_0525,T3_Fall,Program_A,First_Year,3,81,2.45,0.16,0.597,3,0,12,4.25,0.831,0.148,68.3,0,0.0
Student_0526,T3_Fall,Program_C,First_Year,2,52,2.31,-0.6,0.824,0,0,15,2.64,0.602,0.413,76.0,2,0.0
Student_0527,T3_Fall,Program_A,First_Year,2,45,2.92,-0.04,0.68,2,0,12,1.01,0.757,0.21,64.4,9,0.0
Student_0528,T3_Fall,Program_A,First_Year,1,27,2.89,0.13,0.926,0,0,12,4.52,0.774,0.258,68.9,5,0.0
Student_0529,T3_Fall,Program_C,First_Year,2,30,2.58,-0.98,0.78,1,0,15,3.83,0.763,0.229,62.4,2,1.0
Student_0530,T3_Fall,Program_C,Transfer,1,20,2.74,0.5,0.991,0,1,18,2.93,1.0,0.075,79.2,0,0.0
Student_0531,T3_Fall,Program_A,First_Year,4,87,1.85,-0.17,0.595,2,0,15,5.16,0.81,0.124,67.6,2,1.0
Student_0533,T3_Fall,Program_C,First_Year,3,75,3.28,0.04,1.0,0,0,15,5.02,1.0,0.0,80.5,3,0.0
Student_0534,T3_Fall,Program_D,Transfer,2,51,3.21,0.47,0.853,1,0,15,4.14,1.0,0.0,84.0,0,0.0
Student_0535,T3_Fall,Program_B,First_Year,3,56,2.31,-0.18,0.736,1,0,9,3.98,0.714,0.18,81.0,2,0.0
Student_0536,T3_Fall,Program_B,Transfer,4,95,2.26,-0.39,0.654,1,0,12,4.34,0.785,0.341,58.6,0,0.0
Student_0537,T3_Fall,Program_A,First_Year,2,53,2.98,0.04,0.91,0,0,9,3.7,0.924,0.117,66.9,0,0.0
Student_0539,T3_Fall,Program_D,First_Year,2,32,2.12,-0.03,0.843,0,2,18,2.46,0.688,0.265,79.6,4,0.0
Student_0541,T3_Fall,Program_D,First_Year,1,18,3.08,-0.13,0.922,0,1,9,3.03,0.838,0.296,68.5,6,0.0
Student_0542,T3_Fall,Program_B,Transfer,2,54,2.3,0.21,0.877,0,0,18,4.92,1.0,0.0,82.4,2,0.0
Student_0545,T3_Fall,Program_C,First_Year,2,30,1.58,0.15,0.809,1,0,9,4.14,0.941,0.166,55.0,5,1.0
Student_0546,T3_Fall,Program_A,First_Year,2,34,2.84,-0.01,0.816,0,0,12,4.98,0.936,0.139,78.8,0,0.0
Student_0547,T3_Fall,Program_B,First_Year,3,65,2.58,-0.08,0.66,2,0,18,5.23,0.992,0.007,63.6,3,0.0
Student_0548,T3_Fall,Program_A,First_Year,3,62,2.42,0.25,0.82,0,1,12,4.2,0.886,0.194,73.8,3,0.0
Student_0549,T3_Fall,Program_C,First_Year,3,80,2.92,0.24,0.86,0,0,12,3.88,1.0,0.089,96.0,0,0.0
Student_0550,T3_Fall,Program_A,First_Year,1,20,2.45,0.07,0.818,0,0,18,5.04,0.968,0.166,67.0,4,0.0
Student_0551,T3_Fall,Program_D,First_Year,1,23,2.35,0.16,0.72,1,0,18,4.62,0.908,0.193,72.0,1,1.0
Student_0552,T3_Fall,Program_B,First_Year,4,88,2.56,0.43,0.833,0,0,15,3.61,0.911,0.065,95.2,3,0.0
Student_0553,T3_Fall,Program_C,Transfer,1,27,3.07,0.36,0.963,0,0,12,1.56,0.818,0.257,84.3,7,0.0
Student_0556,T3_Fall,Program_C,First_Year,2,30,2.53,-0.22,0.767,0,0,12,2.51,0.826,0.263,64.0,1,1.0
Student_0557,T3_Fall,Program_D,First_Year,3,56,2.66,-0.02,0.951,0,0,15,1.83,0.66,0.421,90.4,5,0.0
Student_0558,T3_Fall,Program_D,Transfer,3,60,2.91,-0.1,0.893,0,2,15,5.61,0.822,0.138,83.1,0,0.0
Student_0561,T3_Fall,Program_A,First_Year,4,102,2.58,0.82,0.847,0,0,15,3.16,0.838,0.229,73.2,0,0.0
Student_0562,T3_Fall,Program_A,First_Year,1,21,2.86,0.08,0.763,0,0,9,3.05,0.74,0.416,78.8,2,0.0
Student_0563,T3_Fall,Program_D,First_Year,4,90,2.75,0.77,0.868,0,1,12,4.79,0.943,0.143,91.7,0,0.0
Student_0564,T3_Fall,Program_D,First_Year,1,8,2.82,-0.49,0.906,0,0,18,4.62,0.683,0.354,97.9,1,0.0
Student_0565,T3_Fall,Program_C,First_Year,1,7,2.89,0.37,0.81,0,0,18,4.68,0.889,0.152,88.3,0,0.0
Student_0566,T3_Fall,Program_B,Transfer,3,78,2.45,-0.1,0.808,0,2,9,4.48,0.89,0.045,88.4,1,0.0
Student_0568,T3_Fall,Program_B,First_Year,4,107,2.78,0.13,0.846,0,0,12,4.36,0.901,0.196,74.9,4,0.0
Student_0569,T3_Fall,Program_C,First_Year,1,15,2.96,0.02,0.914,0,0,15,2.48,0.868,0.328,72.7,4,1.0
Student_0571,T3_Fall,Program_B,First_Year,2,50,2.61,0.68,0.953,0,1,15,2.28,0.793,0.111,85.1,1,0.0
Student_0573,T3_Fall,Program_C,Transfer,3,63,2.36,0.25,0.832,1,0,15,5.06,0.963,0.011,86.1,0,0.0
Student_0574,T3_Fall,Program_D,First_Year,3,57,3.44,0.18,0.977,0,0,15,3.11,0.642,0.218,76.2,9,0.0
Student_0575,T3_Fall,Program_D,Transfer,2,44,2.65,0.02,0.885,0,0,12,2.31,0.82,0.293,81.9,4,1.0
Student_0577,T3_Fall,Program_A,First_Year,1,6,1.99,-0.37,0.809,0,0,15,3.83,0.875,0.196,84.1,0,1.0
Student_0579,T3_Fall,Program_C,First_Year,1,25,3.43,0.27,0.96,0,0,9,3.49,0.76,0.226,100.0,5,0.0
Student_0581,T3_Fall,Program_B,First_Year,3,69,3.6,-0.47,0.998,0,0,15,2.35,0.963,0.162,88.3,1,0.0
Student_0582,T3_Fall,Program_D,First_Year,4,83,2.42,0.18,0.592,3,0,12,2.97,0.805,0.228,72.9,2,1.0
Student_0584,T3_Fall,Program_A,First_Year,1,11,2.74,-0.25,0.87,0,1,18,2.94,0.879,0.197,84.9,6,1.0
Student_0585,T3_Fall,Program_B,First_Year,3,80,2.86,0.09,0.93,0,0,18,5.7,1.0,0.059,86.1,0,0.0
Student_0586,T3_Fall,Program_A,First_Year,3,60,3.15,-0.5,0.858,0,1,12,3.61,0.861,0.187,90.7,0,0.0
Student_0587,T3_Fall,Program_C,Transfer,1,9,2.18,0.55,0.72,1,2,12,5.52,0.971,0.237,73.4,1,0.0
Student_0588,T3_Fall,Program_A,Transfer,1,12,2.46,0.72,0.931,0,0,15,4.75,0.883,0.044,82.2,0,1.0
Student_0590,T3_Fall,Program_A,First_Year,4,100,3.52,-0.3,0.865,0,1,9,2.25,0.764,0.244,79.6,5,1.0
Student_0591,T3_Fall,Program_A,First_Year,1,2,2.77,0.56,0.872,1,0,15,5.29,1.0,0.0,87.4,0,0.0
Student_0592,T3_Fall,Program_A,First_Year,3,70,3.05,0.31,0.963,0,0,18,6.23,1.0,0.0,81.9,0,0.0
Student_0593,T3_Fall,Program_A,First_Year,2,48,3.28,-0.01,0.934,0,0,15,5.51,1.0,0.121,87.1,3,0.0
Student_0594,T3_Fall,Program_D,First_Year,4,89,2.72,-0.29,0.661,1,0,15,2.08,0.76,0.417,77.0,1,0.0
Student_0595,T3_Fall,Program_C,First_Year,2,32,2.52,0.12,0.764,1,0,9,4.87,0.91,0.143,66.1,3,0.0
Student_0596,T3_Fall,Program_C,Transfer,3,64,2.46,0.35,0.803,0,1,15,5.26,0.881,0.196,83.4,2,0.0
Student_0597,T3_Fall,Program_A,First_Year,2,35,3.13,-0.07,0.978,0,0,12,5.3,0.908,0.099,80.6,1,0.0
Student_0600,T3_Fall,Program_D,Transfer,2,31,2.33,-0.79,0.612,1,2,15,2.7,0.652,0.393,80.1,6,1.0
Student_0601,T3_Fall,Program_A,First_Year,2,37,3.22,0.58,0.846,1,0,15,4.87,1.0,0.029,80.8,3,0.0
Student_0602,T3_Fall,Program_B,First_Year,2,48,2.69,-0.97,0.8,1,1,15,3.02,0.82,0.256,61.3,4,1.0
Student_0605,T3_Fall,Program_D,First_Year,2,45,3.3,0.17,0.866,1,2,18,4.77,0.814,0.287,91.1,3,0.0
Student_0606,T3_Fall,Program_B,First_Year,1,22,2.54,0.08,0.826,0,1,18,3.12,0.832,0.197,79.1,0,0.0
Student_0607,T3_Fall,Program_D,First_Year,3,79,2.54,-0.13,0.899,0,0,15,4.73,0.88,0.145,97.7,0,0.0
Student_0608,T3_Fall,Program_C,First_Year,3,78,3.29,-0.06,0.839,1,0,18,4.87,0.956,0.101,79.0,4,0.0
Student_0609,T3_Fall,Program_A,Transfer,4,97,2.85,-0.52,0.859,0,0,12,2.52,0.838,0.261,75.9,2,0.0
Student_0611,T3_Fall,Program_D,First_Year,3,81,2.69,0.01,0.89,0,0,15,2.39,0.67,0.271,70.1,6,0.0
Student_0613,T3_Fall,Program_A,Transfer,1,0,1.85,0.28,0.692,1,0,18,3.45,0.795,0.178,71.0,4,0.0
Student_0614,T3_Fall,Program_C,First_Year,1,19,2.44,0.07,0.838,0,0,15,4.09,0.996,0.145,77.1,2,0.0
Student_0616,T3_Fall,Program_D,First_Year,3,63,2.81,0.63,0.866,0,0,12,4.38,0.888,0.0,92.3,3,0.0
Student_0618,T3_Fall,Program_B,Transfer,2,39,2.65,0.19,0.965,0,0,15,2.87,0.947,0.044,71.3,0,1.0
Student_0620,T3_Fall,Program_A,First_Year,3,70,2.37,-0.06,0.92,0,0,12,4.05,0.992,0.144,78.9,0,0.0
Student_0621,T3_Fall,Program_C,Transfer,3,63,2.02,-0.25,0.785,1,0,12,4.26,0.812,0.242,71.0,1,0.0
Student_0622,T3_Fall,Program_B,First_Year,2,27,1.82,-0.07,0.623,2,1,12,5.53,0.917,0.097,71.0,1,0.0
Student_0623,T3_Fall,Program_D,First_Year,3,66,2.85,0.05,0.83,0,0,15,2.48,0.689,0.214,73.5,1,0.0
Student_0624,T3_Fall,Program_A,First_Year,2,29,2.57,-0.18,0.839,0,0,15,4.41,0.86,0.122,88.3,0,1.0
Student_0625,T3_Fall,Program_B,Transfer,3,66,2.89,0.28,0.99,0,0,12,4.68,1.0,0.0,83.5,3,0.0
Student_0626,T3_Fall,Program_B,First_Year,3,76,3.12,-0.29,0.957,0,0,15,2.61,0.804,0.308,78.9,6,0.0
Student_0627,T3_Fall,Program_C,Transfer,2,36,2.43,0.83,0.796,1,0,15,4.93,1.0,0.104,86.6,3,1.0
Student_0628,T3_Fall,Program_B,First_Year,1,14,2.5,0.13,0.769,1,0,12,3.77,0.963,0.137,87.7,3,1.0
Student_0630,T3_Fall,Program_D,Transfer,3,57,2.24,0.64,0.902,0,1,18,4.82,1.0,0.0,84.9,0,1.0
Student_0631,T3_Fall,Program_C,First_Year,4,92,2.77,-0.24,0.905,0,0,15,3.4,0.887,0.181,75.7,2,1.0
Student_0632,T3_Fall,Program_D,First_Year,4,89,2.36,0.39,0.729,0,0,12,4.2,0.915,0.22,84.8,0,1.0
Student_0633,T3_Fall,Program_A,First_Year,3,74,2.79,0.09,0.9,0,0,12,4.98,1.0,0.054,93.7,1,0.0
Student_0634,T3_Fall,Program_A,Transfer,2,48,2.94,-0.06,0.647,2,0,12,2.94,0.855,0.308,79.5,2,0.0
Student_0635,T3_Fall,Program_D,First_Year,4,91,2.79,-0.4,0.872,0,0,15,5.24,0.965,0.223,78.9,0,0.0
Student_0636,T3_Fall,Program_C,First_Year,2,37,2.8,-0.12,0.865,0,1,15,3.71,0.616,0.256,68.7,0,0.0
Student_0637,T3_Fall,Program_B,First_Year,2,47,2.48,-0.07,0.857,0,0,15,3.95,0.971,0.227,64.0,4,1.0
Student_0638,T3_Fall,Program_D,First_Year,1,4,2.46,0.01,0.781,0,1,12,3.83,0.821,0.202,69.6,2,1.0
Student_0639,T3_Fall,Program_D,Transfer,1,20,3.09,-0.22,0.723,1,1,12,3.55,1.0,0.181,71.3,0,0.0
Student_0641,T3_Fall,Program_C,First_Year,4,95,3.33,0.06,0.955,0,1,12,5.73,0.937,0.0,77.7,0,0.0
Student_0643,T3_Fall,Program_C,First_Year,4,106,2.81,0.27,0.881,0,0,15,6.35,0.989,0.078,92.7,3,0.0
Student_0644,T3_Fall,Program_B,First_Year,4,88,2.5,0.07,0.805,1,0,15,4.34,0.773,0.24,86.2,0,0.0
Student_0645,T3_Fall,Program_C,First_Year,2,38,2.51,0.17,0.812,0,0,9,2.32,0.831,0.234,59.2,7,0.0
Student_0646,T3_Fall,Program_D,First_Year,3,76,2.25,0.06,0.677,0,0,18,3.51,0.898,0.19,65.7,3,0.0
Student_0647,T3_Fall,Program_C,First_Year,3,80,2.73,-0.43,0.953,0,0,15,3.67,1.0,0.153,87.4,5,0.0
Student_0648,T3_Fall,Program_D,First_Year,4,93,2.84,1.0,1.0,0,0,12,5.06,1.0,0.128,77.5,4,0.0
Student_0649,T3_Fall,Program_A,First_Year,4,102,2.7,0.33,0.879,0,0,18,2.56,0.911,0.169,66.0,5,1.0
Student_0650,T3_Fall,Program_C,Transfer,3,73,2.28,-0.85,0.788,0,0,15,2.87,0.873,0.426,63.7,5,0.0
Student_0651,T3_Fall,Program_B,First_Year,2,36,3.02,-0.29,0.89,0,1,15,2.99,0.834,0.303,80.4,6,0.0
Student_0652,T3_Fall,Program_A,First_Year,2,53,3.42,-0.09,0.796,1,0,12,4.25,0.786,0.212,90.2,3,1.0
Student_0655,T3_Fall,Program_A,First_Year,4,82,1.81,-0.36,0.819,0,1,9,3.2,0.78,0.148,78.6,2,0.0
Student_0656,T3_Fall,Program_D,Transfer,1,18,3.61,0.07,0.922,0,1,15,3.04,1.0,0.18,84.3,4,0.0
Student_0657,T3_Fall,Program_B,Transfer,2,30,2.31,-0.1,0.777,0,1,15,4.43,0.808,0.253,65.6,2,0.0
Student_0658,T3_Fall,Program_B,First_Year,1,26,3.23,0.21,0.776,2,0,15,3.86,0.958,0.205,100.0,6,0.0
Student_0659,T3_Fall,Program_A,First_Year,4,100,3.08,-0.32,0.718,1,0,15,3.79,0.827,0.233,92.4,1,0.0
Student_0660,T3_Fall,Program_C,First_Year,2,36,3.1,0.27,0.924,1,0,15,4.61,0.873,0.076,92.4,4,0.0
Student_0661,T3_Fall,Program_D,Transfer,3,65,2.42,-1.1,0.832,0,0,15,2.11,0.623,0.319,49.4,4,0.0
Student_0662,T3_Fall,Program_B,Transfer,3,58,2.63,0.22,0.814,1,1,12,4.06,0.726,0.386,93.8,1,0.0
Student_0663,T3_Fall,Program_C,First_Year,4,88,3.03,0.18,0.701,1,0,18,4.93,0.97,0.24,76.4,2,1.0
Student_0665,T3_Fall,Program_D,First_Year,3,58,2.93,0.97,0.842,0,1,15,4.74,1.0,0.012,73.8,5,0.0
Student_0666,T3_Fall,Program_C,First_Year,4,92,2.58,0.39,0.792,0,0,12,3.1,0.802,0.119,76.9,1,0.0
Student_0667,T3_Fall,Program_C,First_Year,4,98,2.02,0.59,0.916,0,0,15,5.93,1.0,0.022,87.6,0,0.0
Student_0668,T3_Fall,Program_C,First_Year,3,62,1.8,0.16,0.813,1,0,15,3.61,0.876,0.085,96.9,5,0.0
Student_0669,T3_Fall,Program_A,Transfer,2,46,2.62,0.44,0.642,1,2,15,2.92,0.883,0.237,71.1,1,0.0
Student_0670,T3_Fall,Program_A,First_Year,3,78,1.81,-0.11,0.825,0,0,9,5.47,1.0,0.0,90.6,2,0.0
Student_0671,T3_Fall,Program_A,First_Year,2,29,3.21,0.53,0.957,0,0,15,6.18,1.0,0.15,97.6,0,0.0
Student_0672,T3_Fall,Program_C,Transfer,4,84,2.79,-0.3,0.918,0,1,12,2.63,0.848,0.209,71.9,4,1.0
Student_0673,T3_Fall,Program_A,Transfer,3,67,2.65,-0.3,0.631,2,0,15,4.84,0.684,0.27,87.5,3,1.0
Student_0675,T3_Fall,Program_A,Transfer,2,51,3.23,-1.01,0.949,0,0,15,2.03,0.966,0.221,78.1,5,1.0
Student_0676,T3_Fall,Program_A,First_Year,3,54,2.73,0.12,0.761,0,0,15,3.33,0.969,0.297,54.3,7,1.0
Student_0678,T3_Fall,Program_D,First_Year,2,36,2.09,0.18,0.833,0,1,15,2.8,0.822,0.323,71.5,5,0.0
Student_0681,T3_Fall,Program_A,First_Year,4,82,3.03,0.15,0.792,1,0,15,2.86,0.85,0.146,94.1,2,0.0
Student_0682,T3_Fall,Program_B,First_Year,2,47,1.83,0.05,0.735,0,1,12,1.53,0.75,0.179,74.4,4,1.0
Student_0683,T3_Fall,Program_D,Transfer,2,50,2.95,-0.6,0.693,2,0,15,2.62,0.699,0.257,63.8,4,0.0
Student_0684,T3_Fall,Program_A,Transfer,2,54,3.16,-0.08,0.919,0,0,15,5.74,1.0,0.052,91.7,0,0.0
Student_0685,T3_Fall,Program_C,First_Year,2,47,2.75,0.04,0.678,1,1,15,4.44,0.979,0.191,70.8,6,0.0
Student_0686,T3_Fall,Program_B,First_Year,4,106,2.51,-0.02,0.803,0,0,18,3.8,0.766,0.262,80.4,2,0.0
Student_0687,T3_Fall,Program_B,First_Year,1,11,3.45,0.81,0.676,1,0,12,3.77,1.0,0.084,91.0,1,0.0
Student_0688,T3_Fall,Program_A,First_Year,2,35,2.76,-0.05,0.891,0,0,15,4.02,1.0,0.333,78.3,2,0.0
Student_0691,T3_Fall,Program_B,Transfer,4,88,2.8,-0.19,0.863,0,0,15,2.84,0.692,0.277,81.0,4,1.0
Student_0692,T3_Fall,Program_A,First_Year,1,9,3.05,0.21,0.795,1,0,15,3.12,0.72,0.163,88.8,3,0.0
Student_0693,T3_Fall,Program_B,First_Year,3,64,3.64,-0.23,0.987,0,1,18,3.28,0.948,0.161,73.7,6,0.0
Student_0694,T3_Fall,Program_A,Transfer,3,56,2.52,0.03,0.799,0,0,15,2.52,0.82,0.316,80.5,3,1.0
Student_0695,T3_Fall,Program_C,First_Year,1,2,2.53,-0.01,0.755,1,0,15,3.15,1.0,0.142,71.3,0,0.0
Student_0696,T3_Fall,Program_D,Transfer,4,86,2.87,-0.82,0.7,1,1,15,3.99,0.757,0.25,76.4,2,0.0
Student_0697,T3_Fall,Program_A,Transfer,3,62,2.69,-0.21,0.759,1,0,18,2.8,0.959,0.127,86.5,3,1.0
Student_0698,T3_Fall,Program_B,First_Year,2,30,1.94,-0.34,0.792,0,1,15,4.52,0.912,0.326,66.0,3,1.0
Student_0702,T3_Fall,Program_A,First_Year,3,59,2.34,-0.29,0.734,1,1,9,2.46,0.741,0.157,68.2,1,1.0
Student_0704,T3_Fall,Program_C,Transfer,3,74,2.65,0.15,0.811,1,1,18,3.01,0.83,0.196,72.1,2,0.0
Student_0705,T3_Fall,Program_B,First_Year,4,93,2.61,0.11,0.845,0,0,15,5.87,0.884,0.01,71.8,0,0.0
Student_0706,T3_Fall,Program_B,First_Year,4,103,2.18,0.3,0.737,0,0,15,3.13,0.813,0.2,67.1,3,0.0
Student_0707,T3_Fall,Program_C,First_Year,1,21,2.01,-0.08,0.797,1,0,15,2.43,0.81,0.186,63.7,5,0.0
Student_0712,T3_Fall,Program_A,First_Year,4,103,2.22,0.29,0.786,0,0,18,4.22,0.888,0.214,58.3,0,0.0
Student_0713,T3_Fall,Program_A,Transfer,4,97,3.09,0.04,0.817,1,2,12,4.21,0.703,0.3,72.9,2,1.0
Student_0714,T3_Fall,Program_A,First_Year,2,40,2.26,-0.04,0.679,1,0,9,5.64,0.896,0.211,81.1,2,1.0
Student_0715,T3_Fall,Program_A,First_Year,2,36,2.49,0.18,0.671,2,0,15,2.58,0.914,0.174,64.3,4,0.0
Student_0717,T3_Fall,Program_D,First_Year,4,84,2.87,0.17,0.844,0,0,15,4.18,0.82,0.12,78.9,0,0.0
Student_0718,T3_Fall,Program_A,Transfer,4,94,3.58,0.04,0.893,0,0,15,3.47,0.816,0.281,83.8,2,0.0
Student_0719,T3_Fall,Program_D,First_Year,3,66,3.12,0.26,0.932,0,0,15,4.09,0.752,0.053,87.1,1,0.0
Student_0720,T3_Fall,Program_B,First_Year,2,54,3.04,-0.15,0.873,0,2,15,5.21,0.945,0.136,75.4,0,0.0
Student_0721,T3_Fall,Program_C,First_Year,3,81,2.7,-0.05,0.874,0,0,12,2.84,0.907,0.21,71.4,6,1.0
Student_0723,T3_Fall,Program_A,First_Year,3,73,3.18,0.14,0.902,1,0,12,4.73,0.976,0.222,87.9,1,0.0
Student_0724,T3_Fall,Program_C,Transfer,4,89,2.96,-0.1,0.869,0,0,15,3.62,0.78,0.203,67.0,3,0.0
Student_0725,T3_Fall,Program_C,Transfer,4,100,3.28,-0.41,0.792,1,1,18,1.75,0.942,0.281,100.0,4,0.0
Student_0726,T3_Fall,Program_B,Transfer,1,15,1.85,0.0,0.733,1,0,18,4.43,0.953,0.205,78.7,0,0.0
Student_0727,T3_Fall,Program_D,First_Year,3,64,2.86,-1.65,0.882,0,0,15,3.79,0.882,0.214,67.1,8,0.0
Student_0728,T3_Fall,Program_B,First_Year,1,26,3.33,0.26,1.0,0,1,15,4.75,1.0,0.018,92.9,3,0.0
Student_0729,T3_Fall,Program_B,First_Year,3,62,2.61,0.34,0.771,0,0,12,4.82,0.966,0.038,70.9,1,0.0
Student_0730,T3_Fall,Program_D,First_Year,4,90,3.65,-0.08,0.994,0,1,12,3.87,0.913,0.174,86.9,2,0.0
Student_0731,T3_Fall,Program_A,Transfer,2,54,2.91,-0.48,0.711,1,0,15,4.52,0.938,0.249,74.1,5,0.0
Student_0733,T3_Fall,Program_A,Transfer,1,24,2.75,0.29,0.748,1,0,18,1.88,0.88,0.271,77.5,5,0.0
Student_0736,T3_Fall,Program_D,Transfer,3,78,1.69,0.06,0.701,1,0,9,5.13,0.853,0.211,75.3,0,0.0
Student_0737,T3_Fall,Program_C,First_Year,2,42,3.02,0.21,0.921,1,0,12,2.35,0.831,0.255,86.8,2,0.0
Student_0738,T3_Fall,Program_A,First_Year,2,54,4.0,-0.2,1.0,0,0,18,4.08,0.965,0.123,84.5,1,0.0
Student_0739,T3_Fall,Program_B,Transfer,2,53,1.86,-0.54,0.845,0,1,15,5.23,0.975,0.039,68.2,0,0.0
Student_0740,T3_Fall,Program_D,First_Year,1,20,2.93,0.17,0.85,0,0,18,3.6,0.761,0.232,93.9,0,1.0
Student_0742,T3_Fall,Program_A,First_Year,4,82,3.46,-0.54,0.864,1,0,15,2.34,0.775,0.309,82.4,6,0.0
Student_0743,T3_Fall,Program_C,Transfer,2,30,1.81,-0.22,0.744,1,1,12,5.85,0.985,0.256,75.6,2,0.0
Student_0744,T3_Fall,Program_A,Transfer,1,26,2.98,-0.24,0.756,1,2,12,3.63,0.896,0.271,68.1,4,0.0
Student_0746,T3_Fall,Program_A,First_Year,1,20,3.24,0.75,0.912,0,0,18,4.69,1.0,0.142,89.4,0,1.0
Student_0747,T3_Fall,Program_C,Transfer,2,46,2.86,-0.08,0.885,0,0,15,6.17,1.0,0.0,74.0,0,0.0
Student_0749,T3_Fall,Program_A,Transfer,1,23,2.67,-0.4,0.759,1,0,15,3.05,0.867,0.158,74.9,2,0.0
Student_0750,T3_Fall,Program_C,First_Year,3,71,3.69,0.17,1.0,0,1,15,5.0,1.0,0.0,93.6,3,0.0
Student_0751,T3_Fall,Program_B,First_Year,2,38,3.23,0.04,0.841,0,1,15,3.62,0.759,0.309,94.9,0,0.0
Student_0752,T3_Fall,Program_A,Transfer,3,59,2.77,0.13,0.784,0,0,15,5.08,0.95,0.164,84.4,0,0.0
Student_0753,T3_Fall,Program_D,First_Year,2,37,2.63,-0.32,0.978,0,0,12,4.17,0.801,0.145,86.3,0,0.0
Student_0754,T3_Fall,Program_D,First_Year,3,58,2.95,0.12,0.811,1,3,12,3.29,0.9,0.295,79.0,3,0.0
Student_0755,T3_Fall,Program_C,Transfer,4,91,2.75,-0.09,0.876,0,2,12,2.16,0.655,0.363,87.6,2,1.0
Student_0757,T3_Fall,Program_C,Transfer,2,38,2.23,-0.11,0.69,1,0,15,3.49,0.754,0.222,73.4,5,0.0
Student_0758,T3_Fall,Program_D,First_Year,2,47,2.28,0.09,0.756,2,0,18,4.04,0.939,0.072,61.5,2,0.0
Student_0759,T3_Fall,Program_A,First_Year,2,40,3.91,-0.22,1.0,0,1,15,3.47,0.96,0.088,93.5,1,1.0
Student_0762,T3_Fall,Program_A,First_Year,3,77,3.68,0.3,0.91,0,0,15,3.09,0.938,0.042,80.2,7,0.0
Student_0763,T3_Fall,Program_C,First_Year,1,4,3.11,0.43,0.831,1,0,15,3.19,1.0,0.178,85.9,0,0.0
Student_0765,T3_Fall,Program_C,First_Year,1,23,2.97,0.15,0.985,0,3,15,4.94,1.0,0.0,88.1,1,1.0
Student_0766,T3_Fall,Program_B,First_Year,1,24,2.08,-0.12,0.828,0,0,9,3.51,0.73,0.28,78.8,2,1.0
Student_0767,T3_Fall,Program_A,First_Year,1,11,2.94,-0.08,0.969,0,0,15,3.83,0.782,0.236,80.6,1,0.0
Student_0769,T3_Fall,Program_C,Transfer,4,102,2.98,0.1,0.634,2,1,18,3.9,0.878,0.409,69.3,3,1.0
Student_0770,T3_Fall,Program_A,First_Year,4,88,2.6,0.42,0.85,0,1,15,2.15,0.745,0.292,77.6,0,1.0
Student_0771,T3_Fall,Program_D,First_Year,1,7,2.13,-0.08,0.677,2,1,18,6.25,1.0,0.0,77.9,1,1.0
Student_0772,T3_Fall,Program_B,Transfer,3,56,2.13,0.11,0.769,0,0,12,5.29,0.915,0.188,66.8,0,0.0
Student_0773,T3_Fall,Program_C,First_Year,3,64,2.58,-0.11,0.795,0,1,15,3.96,0.817,0.301,94.6,4,1.0
Student_0774,T3_Fall,Program_C,Transfer,1,25,3.07,0.3,0.83,0,0,9,2.25,0.818,0.206,80.7,2,0.0
Student_0777,T3_Fall,Program_D,First_Year,4,98,2.25,0.13,0.754,1,0,15,3.84,0.906,0.16,68.9,4,1.0
Student_0778,T3_Fall,Program_B,First_Year,2,40,3.65,-0.29,0.918,0,1,15,4.53,0.835,0.077,87.4,4,0.0
Student_0781,T3_Fall,Program_B,Transfer,2,28,3.35,0.29,0.935,0,0,12,4.64,0.918,0.203,94.3,0,0.0
Student_0785,T3_Fall,Program_D,First_Year,2,32,2.85,0.08,0.796,1,0,15,4.18,0.998,0.189,80.7,2,0.0
Student_0786,T3_Fall,Program_B,First_Year,4,103,2.4,-1.7,0.708,1,0,12,2.48,0.867,0.222,65.9,2,0.0
Student_0788,T3_Fall,Program_B,Transfer,4,82,3.13,0.16,0.858,1,0,15,2.55,0.935,0.199,75.5,7,0.0
Student_0789,T3_Fall,Program_D,Transfer,1,13,1.96,0.26,0.724,0,0,18,3.51,0.924,0.325,61.2,5,0.0
Student_0790,T3_Fall,Program_C,Transfer,3,60,2.06,-0.08,0.811,0,0,15,2.88,0.892,0.157,87.6,0,0.0
Student_0791,T3_Fall,Program_B,Transfer,3,77,1.97,0.85,0.853,0,0,12,4.83,0.771,0.051,58.3,0,0.0
Student_0792,T3_Fall,Program_B,First_Year,2,44,2.91,-0.24,0.867,0,0,15,5.0,0.852,0.188,74.7,0,0.0
Student_0794,T3_Fall,Program_C,Transfer,1,1,2.81,0.45,0.774,1,0,15,4.34,1.0,0.033,82.3,1,0.0
Student_0795,T3_Fall,Program_B,First_Year,3,61,2.82,0.28,0.783,1,1,15,3.32,1.0,0.101,84.9,5,0.0
Student_0797,T3_Fall,Program_B,First_Year,1,22,3.11,-0.03,0.962,0,0,15,3.48,0.85,0.152,98.3,6,0.0
Student_0799,T3_Fall,Program_C,Transfer,2,40,3.19,-0.01,0.942,1,0,15,5.34,0.943,0.037,87.2,0,0.0
Student_0800,T3_Fall,Program_D,Transfer,1,2,3.06,0.1,0.935,0,0,12,4.82,0.963,0.179,87.7,3,0.0
Student_0801,T3_Fall,Program_C,First_Year,3,64,2.74,0.2,0.958,0,0,15,3.82,0.969,0.052,78.3,8,0.0
Student_0802,T3_Fall,Program_B,First_Year,3,63,3.83,-0.11,0.972,0,0,15,4.14,0.965,0.052,88.9,4,0.0
Student_0804,T3_Fall,Program_C,Transfer,3,78,3.24,0.3,0.889,0,2,15,3.01,0.881,0.243,94.1,1,1.0
Student_0805,T3_Fall,Program_C,First_Year,3,56,3.06,-0.32,0.948,0,1,15,1.27,0.67,0.198,82.5,4,0.0
Student_0808,T3_Fall,Program_D,First_Year,2,46,2.73,0.05,0.847,0,0,15,3.94,0.921,0.295,80.3,2,0.0
Student_0809,T3_Fall,Program_C,First_Year,1,23,2.54,0.02,0.94,0,0,15,2.82,0.813,0.229,82.6,0,0.0
Student_0810,T3_Fall,Program_D,Transfer,3,54,3.29,0.19,0.813,1,1,9,3.66,0.87,0.218,83.6,0,0.0
Student_0811,T3_Fall,Program_C,First_Year,1,16,2.52,-0.44,0.918,0,2,15,5.47,0.985,0.103,76.4,0,0.0
Student_0812,T3_Fall,Program_A,First_Year,1,6,3.54,0.07,1.0,0,0,15,5.56,1.0,0.109,86.8,0,0.0
Student_0813,T3_Fall,Program_C,Transfer,2,38,3.33,-0.14,1.0,0,0,15,4.59,0.797,0.152,85.0,0,0.0
Student_0814,T3_Fall,Program_B,First_Year,1,27,2.7,0.58,0.814,0,1,15,4.51,0.918,0.391,75.7,0,0.0
Student_0815,T3_Fall,Program_C,First_Year,3,55,2.37,0.21,0.769,1,0,12,3.38,0.957,0.151,59.4,1,0.0
Student_0816,T3_Fall,Program_B,First_Year,2,52,2.08,-0.02,0.772,1,0,18,3.57,0.93,0.23,82.5,8,1.0
Student_0818,T3_Fall,Program_C,First_Year,1,11,3.15,0.09,0.787,0,0,15,4.79,0.967,0.187,87.9,2,0.0
Student_0822,T3_Fall,Program_A,First_Year,3,56,2.5,-0.26,0.775,1,0,15,1.72,0.806,0.329,72.5,5,0.0
Student_0823,T3_Fall,Program_B,First_Year,2,54,2.08,-0.25,0.704,0,0,9,3.28,0.865,0.302,62.3,1,0.0
Student_0824,T3_Fall,Program_B,First_Year,4,82,2.76,0.29,0.657,2,0,12,5.08,0.931,0.031,75.4,0,0.0
Student_0825,T3_Fall,Program_B,First_Year,2,29,1.67,0.03,0.459,1,0,15,4.82,0.707,0.284,48.9,2,0.0
Student_0826,T3_Fall,Program_A,First_Year,2,51,3.18,-0.48,0.936,0,2,15,3.23,0.804,0.258,75.9,2,1.0
Student_0827,T3_Fall,Program_D,Transfer,2,50,3.18,-0.22,0.808,0,0,18,3.52,0.873,0.323,90.8,1,0.0
Student_0829,T3_Fall,Program_C,First_Year,3,67,3.03,0.03,0.77,1,0,9,4.66,0.873,0.086,73.2,0,0.0
Student_0830,T3_Fall,Program_C,First_Year,1,12,2.32,-0.52,0.751,1,2,15,2.13,0.772,0.366,80.1,2,0.0
Student_0831,T3_Fall,Program_B,First_Year,2,40,3.1,0.33,0.877,0,0,12,4.69,0.851,0.176,90.2,0,0.0
Student_0832,T3_Fall,Program_C,First_Year,2,27,2.71,0.52,0.816,1,0,12,5.03,1.0,0.06,90.7,1,0.0
Student_0834,T3_Fall,Program_B,First_Year,1,9,2.45,0.2,0.779,1,0,15,4.48,0.938,0.142,64.5,2,0.0
Student_0835,T3_Fall,Program_D,Transfer,3,69,2.97,-0.21,0.901,0,1,15,4.47,0.866,0.13,88.0,5,0.0
Student_0836,T3_Fall,Program_C,First_Year,2,40,1.97,-0.85,0.92,0,1,12,3.48,0.713,0.2,58.4,0,0.0
Student_0838,T3_Fall,Program_C,First_Year,2,27,2.74,-0.54,0.857,0,1,15,4.65,0.797,0.274,81.7,0,0.0
Student_0839,T3_Fall,Program_A,First_Year,2,49,2.82,-0.29,0.891,0,0,15,5.82,0.889,0.198,91.2,1,1.0
Student_0840,T3_Fall,Program_A,First_Year,3,80,3.98,-1.23,0.912,0,0,12,2.64,0.818,0.308,83.6,4,1.0
Student_0841,T3_Fall,Program_B,Transfer,1,9,2.94,-0.2,0.831,1,0,18,6.47,0.974,0.089,77.9,0,0.0
Student_0843,T3_Fall,Program_C,First_Year,3,70,2.93,-0.16,0.969,0,0,15,5.2,1.0,0.104,87.0,0,0.0
Student_0844,T3_Fall,Program_A,Transfer,3,70,2.14,-0.12,0.654,1,1,15,4.65,0.907,0.127,52.5,0,0.0
Student_0845,T3_Fall,Program_C,First_Year,1,1,1.77,-0.61,0.685,1,0,12,3.83,0.694,0.337,62.2,0,0.0
Student_0846,T3_Fall,Program_B,Transfer,1,15,2.96,-0.43,0.895,1,0,15,3.3,0.73,0.18,94.7,3,0.0
Student_0847,T3_Fall,Program_D,First_Year,2,29,1.56,0.13,0.644,1,0,15,4.85,0.821,0.252,72.0,5,0.0
Student_0848,T3_Fall,Program_B,Transfer,1,24,2.41,-0.09,0.857,0,0,12,2.7,0.896,0.192,78.2,1,1.0
Student_0849,T3_Fall,Program_A,First_Year,2,40,2.5,0.17,0.733,1,0,12,5.66,1.0,0.194,83.1,0,0.0
Student_0851,T3_Fall,Program_D,First_Year,2,48,2.38,-0.39,0.798,0,0,15,1.34,0.609,0.35,64.9,1,1.0
Student_0852,T3_Fall,Program_A,First_Year,4,99,2.63,-0.16,0.759,0,0,15,4.34,0.904,0.181,77.7,0,0.0
Student_0853,T3_Fall,Program_B,Transfer,2,46,2.77,-0.07,0.954,0,0,15,2.04,0.627,0.193,80.6,1,1.0
Student_0854,T3_Fall,Program_C,First_Year,1,23,2.24,0.74,0.729,2,0,12,4.12,0.879,0.04,76.2,0,0.0
Student_0855,T3_Fall,Program_B,Transfer,2,34,2.76,-0.03,0.748,1,1,15,2.82,0.755,0.304,83.3,3,1.0
Student_0856,T3_Fall,Program_B,First_Year,2,37,2.82,-0.11,0.991,0,0,15,4.4,0.859,0.208,64.5,0,0.0
Student_0857,T3_Fall,Program_D,First_Year,2,53,2.24,-0.42,0.895,0,0,12,3.21,1.0,0.061,86.5,1,0.0
Student_0858,T3_Fall,Program_B,First_Year,1,7,2.35,0.23,0.791,0,0,12,5.06,1.0,0.126,96.9,1,0.0
Student_0859,T3_Fall,Program_A,First_Year,1,23,2.45,0.45,0.659,3,0,9,3.84,0.882,0.211,81.5,0,1.0
Student_0860,T3_Fall,Program_A,First_Year,4,82,3.07,-0.32,0.891,0,0,12,3.46,0.818,0.224,73.5,3,0.0
Student_0861,T3_Fall,Program_A,First_Year,2,28,3.28,0.31,0.981,0,0,15,3.05,0.934,0.132,77.5,8,0.0
Student_0862,T3_Fall,Program_C,First_Year,4,100,2.7,-0.22,0.832,0,0,12,1.94,0.621,0.26,70.6,3,0.0
Student_0863,T3_Fall,Program_A,First_Year,1,14,1.79,0.39,0.681,1,0,12,4.26,0.933,0.151,57.9,2,0.0
Student_0864,T3_Fall,Program_D,Transfer,1,23,3.35,-0.19,0.766,1,0,18,3.41,0.82,0.297,81.5,1,0.0
Student_0866,T3_Fall,Program_C,First_Year,3,79,1.84,-0.65,0.896,0,1,18,4.9,0.935,0.149,74.7,3,0.0
Student_0868,T3_Fall,Program_B,First_Year,1,14,3.2,0.04,0.896,1,0,12,6.41,0.988,0.058,93.2,0,0.0
Student_0869,T3_Fall,Program_B,Transfer,2,27,2.49,-0.09,0.773,0,0,15,4.74,0.954,0.091,82.2,0,0.0
Student_0870,T3_Fall,Program_D,First_Year,3,57,2.01,-0.25,0.723,1,0,12,3.98,0.806,0.23,75.3,0,0.0
Student_0871,T3_Fall,Program_B,First_Year,2,49,2.21,-0.24,0.537,3,0,15,2.71,0.761,0.124,67.9,1,1.0
Student_0872,T3_Fall,Program_B,First_Year,1,7,2.44,-0.03,0.571,1,1,12,3.9,0.904,0.322,71.5,1,1.0
Student_0874,T3_Fall,Program_D,First_Year,1,14,2.98,-0.41,0.835,1,0,15,3.47,0.724,0.279,78.7,4,0.0
Student_0875,T3_Fall,Program_A,First_Year,4,84,2.83,-0.03,0.819,1,0,15,3.03,0.819,0.217,78.5,4,0.0
Student_0876,T3_Fall,Program_D,Transfer,4,102,2.54,0.44,0.747,0,0,15,4.31,0.837,0.256,64.8,0,0.0
Student_0877,T3_Fall,Program_A,First_Year,3,65,2.48,0.42,0.906,0,0,15,3.2,0.638,0.275,82.4,6,0.0
Student_0878,T3_Fall,Program_B,Transfer,1,12,2.14,-0.02,0.664,1,1,15,2.82,0.654,0.262,73.5,5,0.0
Student_0879,T3_Fall,Program_B,First_Year,4,98,3.09,-0.1,0.673,2,0,15,4.87,0.96,0.0,84.2,0,0.0
Student_0882,T3_Fall,Program_C,First_Year,1,27,3.23,0.19,0.798,0,0,12,4.61,0.953,0.211,73.4,0,0.0
Student_0883,T3_Fall,Program_B,First_Year,2,50,2.59,0.21,0.762,1,0,18,5.85,1.0,0.109,92.7,0,0.0
Student_0884,T3_Fall,Program_A,Transfer,2,46,2.7,-0.24,0.779,1,0,18,2.96,0.715,0.267,83.1,0,0.0
Student_0885,T3_Fall,Program_C,First_Year,1,14,3.07,0.19,0.821,1,0,18,3.33,0.897,0.227,69.8,2,0.0
Student_0886,T3_Fall,Program_A,First_Year,3,65,3.07,-0.39,0.774,0,0,15,2.53,0.626,0.343,67.7,6,1.0
Student_0887,T3_Fall,Program_C,Transfer,4,103,3.0,-0.05,0.801,0,0,12,3.76,0.92,0.276,70.5,2,0.0
Student_0888,T3_Fall,Program_B,First_Year,3,78,2.42,0.07,0.828,0,0,15,3.62,1.0,0.268,76.9,4,1.0
Student_0889,T3_Fall,Program_A,First_Year,1,4,3.44,-0.85,0.82,0,0,12,1.71,0.602,0.325,68.8,6,1.0
Student_0891,T3_Fall,Program_D,First_Year,4,105,2.91,0.53,0.581,2,0,12,3.93,0.895,0.239,73.8,3,0.0
Student_0892,T3_Fall,Program_C,First_Year,4,91,2.72,0.33,0.905,0,0,15,4.28,0.947,0.18,92.8,4,0.0
Student_0893,T3_Fall,Program_A,Transfer,4,92,2.6,0.31,0.905,0,0,15,3.97,0.898,0.226,67.2,1,0.0
Student_0894,T3_Fall,Program_B,First_Year,2,31,3.12,-0.27,0.871,0,0,15,2.6,0.847,0.219,94.5,1,0.0
Student_0896,T3_Fall,Program_A,First_Year,1,9,3.59,0.17,1.0,0,0,15,5.77,0.884,0.11,100.0,1,0.0
Student_0899,T3_Fall,Program_A,First_Year,2,40,2.78,0.26,1.0,0,0,15,3.38,0.981,0.104,87.1,1,0.0
Student_0900,T3_Fall,Program_A,First_Year,1,22,2.93,-0.12,0.816,1,1,18,4.71,1.0,0.0,74.2,5,0.0
Student_0901,T3_Fall,Program_B,First_Year,4,92,2.73,0.16,0.915,0,0,12,3.75,0.898,0.204,77.8,5,0.0
Student_0902,T3_Fall,Program_C,First_Year,3,79,3.09,0.47,0.909,0,0,15,3.32,0.962,0.009,62.6,3,0.0
Student_0903,T3_Fall,Program_A,First_Year,2,44,3.3,0.29,0.969,0,0,15,4.05,0.919,0.063,100.0,4,0.0
Student_0908,T3_Fall,Program_D,First_Year,1,16,3.44,-0.07,1.0,0,0,15,5.03,1.0,0.028,89.3,2,0.0
Student_0909,T3_Fall,Program_D,First_Year,3,61,2.14,0.38,0.693,1,1,12,4.24,0.854,0.166,59.8,4,0.0
Student_0910,T3_Fall,Program_B,First_Year,3,70,2.78,-0.18,0.925,0,0,12,4.55,0.961,0.203,68.0,2,0.0
Student_0911,T3_Fall,Program_D,First_Year,2,46,3.01,-0.32,0.671,1,0,15,2.5,1.0,0.142,83.4,3,0.0
Student_0913,T3_Fall,Program_D,Transfer,4,97,3.75,0.2,0.973,0,0,15,2.45,0.866,0.111,97.3,4,0.0
Student_0915,T3_Fall,Program_D,First_Year,2,48,2.39,0.15,0.683,1,0,15,5.15,0.924,0.207,56.3,5,0.0
Student_0916,T3_Fall,Program_B,First_Year,2,50,2.55,-0.15,0.959,0,0,18,4.37,0.804,0.093,90.4,0,0.0
Student_0919,T3_Fall,Program_A,First_Year,4,83,2.76,0.29,0.842,0,0,12,4.43,0.916,0.112,88.9,2,0.0
Student_0921,T3_Fall,Program_C,First_Year,1,7,3.15,0.03,0.934,0,0,15,3.05,0.78,0.212,88.0,4,0.0
Student_0922,T3_Fall,Program_B,Transfer,2,29,2.44,-0.32,0.673,1,1,15,4.77,0.856,0.189,70.1,0,0.0
Student_0923,T3_Fall,Program_C,First_Year,1,17,3.73,-0.02,1.0,0,0,15,4.17,0.875,0.193,100.0,1,0.0
Student_0924,T3_Fall,Program_B,Transfer,4,89,2.48,-0.32,0.919,0,0,15,4.23,0.857,0.181,85.8,0,0.0
Student_0925,T3_Fall,Program_B,Transfer,2,32,2.87,0.36,0.821,1,0,12,5.78,0.91,0.108,75.9,0,0.0
Student_0926,T3_Fall,Program_D,First_Year,4,104,3.28,0.53,0.959,0,0,15,4.97,1.0,0.052,87.3,0,0.0
Student_0928,T3_Fall,Program_B,First_Year,1,2,2.85,0.57,0.931,0,1,9,3.17,0.913,0.13,86.4,2,0.0
Student_0930,T3_Fall,Program_C,First_Year,4,91,2.81,-0.15,0.764,0,0,18,4.45,0.838,0.167,79.2,4,0.0
Student_0931,T3_Fall,Program_D,First_Year,4,102,2.7,0.22,0.898,0,1,15,2.94,0.859,0.138,78.2,5,0.0
Student_0932,T3_Fall,Program_D,First_Year,1,24,3.01,0.09,1.0,0,0,15,0.9,0.688,0.357,73.8,7,0.0
Student_0933,T3_Fall,Program_C,First_Year,3,76,2.35,0.11,0.673,2,0,12,4.67,0.995,0.249,76.6,2,0.0
Student_0934,T3_Fall,Program_D,Transfer,4,85,3.44,-0.1,0.892,0,0,15,4.67,0.979,0.173,82.3,4,0.0
Student_0936,T3_Fall,Program_A,First_Year,4,98,3.11,0.53,0.944,0,0,12,6.82,0.994,0.021,89.7,0,0.0
Student_0938,T3_Fall,Program_C,First_Year,3,60,2.42,-0.83,0.844,0,0,15,4.7,0.734,0.216,70.2,1,1.0
Student_0939,T3_Fall,Program_D,First_Year,2,54,1.81,-0.05,0.459,3,1,12,3.54,0.879,0.198,79.6,5,0.0
Student_0940,T3_Fall,Program_B,First_Year,1,4,1.72,-0.44,0.855,0,1,12,3.81,0.706,0.256,71.0,1,0.0
Student_0941,T3_Fall,Program_D,Transfer,2,48,2.85,-0.21,0.965,0,0,15,5.03,0.893,0.219,78.1,3,0.0
Student_0942,T3_Fall,Program_C,First_Year,2,40,2.36,0.16,0.754,1,0,12,4.61,1.0,0.211,95.1,3,0.0
Student_0943,T3_Fall,Program_D,Transfer,2,53,3.27,-0.27,0.902,0,0,9,2.53,0.747,0.226,70.8,2,0.0
Student_0944,T3_Fall,Program_A,First_Year,2,54,3.03,-0.01,0.982,0,0,15,4.7,0.778,0.017,86.8,0,0.0
Student_0945,T3_Fall,Program_D,First_Year,1,23,2.5,-0.35,0.598,2,1,9,4.3,0.824,0.284,69.4,2,1.0
Student_0946,T3_Fall,Program_C,First_Year,1,26,2.97,-0.09,0.888,1,0,15,4.13,0.904,0.065,65.4,1,0.0
Student_0950,T3_Fall,Program_D,Transfer,2,53,3.24,-0.41,0.932,1,1,12,2.83,0.666,0.378,72.9,4,0.0
Student_0951,T3_Fall,Program_D,Transfer,3,74,3.15,0.06,0.79,0,0,12,4.07,0.989,0.15,74.5,5,0.0
Student_0952,T3_Fall,Program_C,Transfer,4,91,3.38,0.22,1.0,0,0,12,4.05,0.927,0.107,100.0,4,0.0
Student_0954,T3_Fall,Program_D,First_Year,4,106,2.98,-0.61,0.873,1,0,15,3.59,0.921,0.191,86.6,3,0.0
Student_0956,T3_Fall,Program_A,First_Year,1,20,3.43,0.46,0.84,0,1,18,4.89,1.0,0.091,91.7,0,0.0
Student_0958,T3_Fall,Program_C,Transfer,4,106,1.99,-0.3,0.775,1,0,12,5.53,0.923,0.0,79.7,2,0.0
Student_0959,T3_Fall,Program_A,First_Year,3,70,3.11,0.18,0.93,0,0,18,4.01,0.844,0.15,81.7,0,1.0
Student_0960,T3_Fall,Program_C,First_Year,1,3,2.45,-0.21,0.692,0,0,12,5.02,0.742,0.306,67.9,0,0.0
Student_0961,T3_Fall,Program_B,First_Year,2,52,2.39,-0.09,0.709,1,1,18,5.5,0.846,0.239,61.9,0,1.0
Student_0962,T3_Fall,Program_B,First_Year,3,67,2.09,-0.55,0.687,0,0,15,3.99,0.776,0.229,69.9,0,0.0
Student_0963,T3_Fall,Program_B,First_Year,2,42,3.14,-0.15,0.925,0,1,15,2.62,0.921,0.143,92.4,0,0.0
Student_0964,T3_Fall,Program_B,First_Year,2,46,2.38,0.08,1.0,0,1,9,4.16,0.916,0.109,86.8,0,1.0
Student_0965,T3_Fall,Program_D,First_Year,4,88,2.67,0.08,0.967,0,0,15,5.72,0.963,0.133,95.8,0,0.0
Student_0967,T3_Fall,Program_C,First_Year,4,89,2.7,0.73,0.737,2,0,12,3.63,0.976,0.171,92.1,4,0.0
Student_0969,T3_Fall,Program_A,First_Year,2,40,2.89,-0.2,1.0,0,0,12,3.18,0.89,0.133,84.8,5,0.0
Student_0970,T3_Fall,Program_A,First_Year,3,79,1.86,-0.09,0.861,0,0,12,4.09,0.833,0.052,66.7,3,0.0
Student_0971,T3_Fall,Program_C,First_Year,3,59,3.32,-0.09,1.0,0,0,12,5.08,1.0,0.098,80.0,3,0.0
Student_0972,T3_Fall,Program_C,Transfer,2,29,2.77,0.0,0.905,0,0,15,6.38,0.964,0.055,94.7,0,0.0
Student_0975,T3_Fall,Program_B,First_Year,1,15,2.59,-0.12,1.0,0,0,12,2.65,0.756,0.162,65.7,4,0.0
Student_0976,T3_Fall,Program_B,First_Year,2,31,2.72,-0.04,0.825,0,0,15,3.45,0.837,0.129,69.1,4,0.0
Student_0977,T3_Fall,Program_D,Transfer,2,45,3.05,0.08,0.769,2,0,18,3.81,0.846,0.113,81.9,2,0.0
Student_0978,T3_Fall,Program_A,First_Year,3,59,2.35,-0.23,0.789,1,0,18,2.45,0.727,0.209,80.0,5,1.0
Student_0980,T3_Fall,Program_B,First_Year,1,5,3.31,0.15,0.731,2,0,18,3.3,0.981,0.044,77.8,8,0.0
Student_0981,T3_Fall,Program_A,Transfer,2,48,3.02,0.06,0.965,0,0,15,3.77,0.925,0.008,88.4,0,1.0
Student_0982,T3_Fall,Program_D,First_Year,3,70,2.82,1.0,0.726,1,1,15,5.32,1.0,0.2,74.3,0,0.0
Student_0983,T3_Fall,Program_A,First_Year,4,99,2.01,-0.28,0.588,1,1,15,4.96,0.782,0.219,78.9,2,0.0
Student_0984,T3_Fall,Program_B,First_Year,2,37,3.28,0.04,0.98,0,0,15,3.51,0.795,0.076,78.1,2,0.0
Student_0985,T3_Fall,Program_A,Transfer,3,57,3.58,0.78,0.968,0,0,18,4.33,1.0,0.083,90.8,5,0.0
Student_0986,T3_Fall,Program_A,Transfer,2,44,3.79,0.93,1.0,0,0,12,4.15,1.0,0.204,99.4,4,0.0
Student_0987,T3_Fall,Program_B,First_Year,4,84,2.28,-0.4,0.848,0,2,12,4.3,0.818,0.096,74.2,4,0.0
Student_0988,T3_Fall,Program_C,First_Year,2,47,2.33,0.33,0.847,0,1,12,4.62,1.0,0.053,82.3,0,0.0
Student_0990,T3_Fall,Program_A,First_Year,2,33,3.93,0.85,0.947,0,0,12,4.24,0.998,0.0,88.6,3,0.0
Student_0992,T3_Fall,Program_A,First_Year,3,78,3.9,-0.15,0.956,0,0,12,3.26,0.764,0.199,90.8,0,0.0
Student_0993,T3_Fall,Program_A,First_Year,1,9,2.51,-0.01,0.686,0,0,15,5.31,0.891,0.075,73.6,0,0.0
Student_0994,T3_Fall,Program_B,Transfer,1,3,2.53,-0.17,0.786,0,0,18,3.6,0.696,0.351,58.9,3,0.0
Student_0996,T3_Fall,Program_A,First_Year,2,33,2.5,-0.48,0.886,0,1,15,2.74,0.601,0.275,72.5,2,1.0
Student_0997,T3_Fall,Program_A,Transfer,2,50,2.77,0.23,0.818,0,0,15,4.08,0.915,0.059,71.2,0,0.0
Student_0998,T3_Fall,Program_A,First_Year,4,82,2.25,-0.13,0.86,0,0,12,4.1,0.984,0.098,75.9,0,0.0
Student_0999,T3_Fall,Program_C,First_Year,3,73,2.77,-0.07,0.921,0,0,15,6.3,0.733,0.125,81.3,0,0.0
Student_1000,T3_Fall,Program_D,Transfer,4,99,3.22,-0.31,0.961,0,0,15,4.85,0.831,0.273,94.3,2,0.0
Student_1002,T3_Fall,Program_A,First_Year,3,60,2.77,0.39,0.993,0,1,15,4.71,0.916,0.043,76.7,3,0.0
Student_1003,T3_Fall,Program_C,First_Year,4,105,2.56,-0.04,0.636,2,0,15,4.04,1.0,0.105,68.7,2,1.0
Student_1006,T3_Fall,Program_B,First_Year,1,10,1.93,-0.15,0.694,0,0,9,2.98,0.792,0.233,56.8,0,0.0
Student_1007,T3_Fall,Program_C,First_Year,2,42,2.43,0.13,0.871,1,0,15,3.02,0.867,0.213,90.2,3,1.0
Student_1009,T3_Fall,Program_C,Transfer,4,98,2.92,0.08,0.804,0,0,9,4.96,0.883,0.196,74.8,0,0.0
Student_1010,T3_Fall,Program_A,Transfer,2,35,3.63,1.0,1.0,0,1,15,3.74,0.996,0.153,100.0,2,0.0
Student_1011,T3_Fall,Program_B,First_Year,3,56,3.78,0.66,1.0,0,0,15,3.36,0.993,0.027,100.0,3,0.0
Student_1012,T3_Fall,Program_B,First_Year,3,59,2.61,-0.01,0.797,0,0,15,5.42,0.651,0.169,72.1,2,0.0
Student_1013,T3_Fall,Program_A,First_Year,1,15,2.38,-0.26,0.783,1,1,12,4.52,0.887,0.215,73.1,0,0.0
Student_1014,T3_Fall,Program_D,First_Year,3,75,2.59,0.13,0.819,0,0,15,5.83,0.937,0.172,71.5,2,0.0
Student_1015,T3_Fall,Program_A,Transfer,2,42,3.3,0.29,0.899,0,1,15,2.45,0.729,0.238,68.1,7,0.0
Student_1016,T3_Fall,Program_A,First_Year,1,22,2.69,-0.27,0.952,0,0,15,4.21,0.883,0.073,89.0,2,1.0
Student_1017,T3_Fall,Program_D,Transfer,1,22,2.67,0.2,0.758,1,1,12,6.07,1.0,0.215,87.8,0,0.0
Student_1018,T3_Fall,Program_C,First_Year,2,46,2.11,-0.28,0.625,2,1,15,4.76,0.99,0.139,83.5,2,0.0
Student_1020,T3_Fall,Program_C,First_Year,3,59,3.64,-0.15,0.767,0,3,18,3.54,0.966,0.368,83.7,2,0.0
Student_1021,T3_Fall,Program_D,First_Year,2,54,2.06,0.01,0.645,2,1,15,5.97,0.922,0.158,74.1,0,0.0
Student_1022,T3_Fall,Program_D,Transfer,1,10,1.96,0.21,0.638,1,0,18,3.57,0.871,0.224,58.9,6,0.0
Student_1024,T3_Fall,Program_C,Transfer,3,60,2.22,0.38,0.591,2,2,12,4.55,0.829,0.306,79.5,0,1.0
Student_1025,T3_Fall,Program_D,First_Year,1,3,2.27,-0.01,0.892,0,0,12,5.18,1.0,0.107,68.0,0,0.0
Student_1026,T3_Fall,Program_D,First_Year,2,33,2.51,0.1,0.631,2,0,18,5.39,0.797,0.141,83.9,0,0.0
Student_1027,T3_Fall,Program_C,First_Year,2,52,3.73,-0.28,0.751,2,0,12,5.77,1.0,0.175,85.6,5,0.0
Student_1028,T3_Fall,Program_D,First_Year,3,76,2.51,-0.39,0.894,0,0,9,4.31,0.91,0.167,59.0,0,0.0
Student_1029,T3_Fall,Program_C,Transfer,4,91,3.8,-0.04,0.891,0,0,15,4.17,0.925,0.173,90.5,0,1.0
Student_1030,T3_Fall,Program_A,Transfer,4,101,2.78,0.04,0.872,0,1,9,4.16,0.82,0.161,73.3,6,0.0
Student_1031,T3_Fall,Program_B,First_Year,2,31,2.2,-0.5,0.738,0,1,15,3.38,0.683,0.26,73.6,2,0.0
Student_1032,T3_Fall,Program_B,First_Year,2,37,2.57,-0.3,0.772,0,0,9,2.88,0.718,0.234,75.4,2,0.0
Student_1034,T3_Fall,Program_C,First_Year,4,93,1.62,0.69,0.707,2,0,12,4.32,0.919,0.067,60.6,1,0.0
Student_1036,T3_Fall,Program_D,Transfer,3,77,3.06,0.08,0.878,0,0,12,3.49,0.783,0.088,78.0,2,0.0
Student_1037,T3_Fall,Program_B,First_Year,3,70,2.97,-0.49,0.65,2,1,15,4.19,0.829,0.369,65.7,1,0.0
Student_1040,T3_Fall,Program_A,First_Year,1,8,3.12,-0.15,0.791,0,0,12,1.78,0.671,0.365,80.5,0,0.0
Student_1041,T3_Fall,Program_D,First_Year,3,78,3.91,-0.06,0.957,0,0,15,3.34,0.932,0.069,81.7,3,1.0
Student_1042,T3_Fall,Program_B,Transfer,4,96,2.92,-0.09,0.903,0,0,12,1.8,0.734,0.425,70.4,6,1.0
Student_1043,T3_Fall,Program_A,Transfer,3,79,3.44,0.06,0.94,1,2,12,3.52,0.97,0.104,86.7,5,0.0
Student_1044,T3_Fall,Program_D,First_Year,2,39,3.1,0.35,0.967,0,1,15,3.46,0.876,0.179,72.2,5,1.0
Student_1045,T3_Fall,Program_D,Transfer,4,97,3.15,0.01,0.868,0,0,12,3.96,0.974,0.139,100.0,3,0.0
Student_1048,T3_Fall,Program_D,First_Year,4,96,1.68,0.17,0.884,0,1,12,5.41,0.989,0.0,65.7,0,0.0
Student_1049,T3_Fall,Program_A,First_Year,1,23,3.11,0.49,0.764,1,0,15,4.66,0.879,0.034,89.3,0,0.0
Student_1050,T3_Fall,Program_B,First_Year,2,29,3.33,-0.23,0.883,0,1,15,2.86,0.781,0.371,77.9,0,0.0
Student_1051,T3_Fall,Program_A,First_Year,4,99,2.96,-0.36,0.812,0,0,12,6.42,1.0,0.006,57.7,3,0.0
Student_1052,T3_Fall,Program_D,First_Year,4,97,2.7,0.18,0.675,1,1,12,3.42,0.974,0.124,78.0,0,0.0
Student_1053,T3_Fall,Program_C,First_Year,4,86,2.98,0.4,0.88,0,0,12,5.12,0.931,0.0,88.8,5,0.0
Student_1055,T3_Fall,Program_D,First_Year,4,94,2.85,-0.02,0.889,0,0,15,4.28,0.892,0.167,64.5,5,0.0
Student_1057,T3_Fall,Program_D,First_Year,2,34,3.1,0.18,0.945,0,0,15,4.39,1.0,0.005,82.2,0,0.0
Student_1058,T3_Fall,Program_D,First_Year,3,65,2.83,0.64,0.7,2,1,15,3.31,0.948,0.09,77.1,3,1.0
Student_1059,T3_Fall,Program_A,Transfer,1,11,3.25,-0.45,0.985,0,0,18,4.49,0.817,0.244,77.2,4,0.0
Student_1060,T3_Fall,Program_C,Transfer,2,32,2.64,-0.2,0.88,2,0,18,3.31,0.843,0.116,82.8,0,1.0
Student_1061,T3_Fall,Program_A,Transfer,3,78,2.95,0.0,0.82,0,0,18,4.45,0.978,0.141,77.1,0,0.0
Student_1062,T3_Fall,Program_A,Transfer,3,66,2.65,0.67,0.74,1,0,12,4.64,0.931,0.035,80.7,2,0.0
Student_1065,T3_Fall,Program_D,First_Year,4,82,3.15,0.91,0.885,0,0,12,3.76,0.898,0.121,74.8,1,0.0
Student_1066,T3_Fall,Program_A,Transfer,4,83,3.11,-0.41,0.81,1,0,15,5.28,0.845,0.137,78.8,0,0.0
Student_1067,T3_Fall,Program_A,Transfer,2,44,3.54,0.33,0.897,1,0,18,5.41,0.966,0.0,80.1,1,0.0
Student_1068,T3_Fall,Program_A,Transfer,3,74,2.18,-0.21,0.857,0,0,18,3.34,0.758,0.191,75.7,4,0.0
Student_1070,T3_Fall,Program_C,First_Year,1,12,3.77,0.43,0.88,1,1,15,5.19,0.927,0.17,70.7,5,0.0
Student_1071,T3_Fall,Program_B,First_Year,1,13,3.78,-0.42,1.0,0,0,15,7.0,0.948,0.121,97.1,0,0.0
Student_1072,T3_Fall,Program_D,First_Year,2,30,2.24,0.16,0.864,0,0,18,2.57,0.668,0.347,66.9,3,0.0
Student_1073,T3_Fall,Program_D,Transfer,2,27,3.28,0.46,0.867,1,0,18,4.56,1.0,0.0,67.4,0,1.0
Student_1075,T3_Fall,Program_B,First_Year,3,77,2.98,0.51,0.823,1,0,15,4.22,0.841,0.183,77.1,1,0.0
Student_1076,T3_Fall,Program_B,Transfer,3,81,2.75,-0.0,0.863,0,2,15,3.93,0.988,0.083,89.7,3,0.0
Student_1077,T3_Fall,Program_D,Transfer,2,53,1.46,-0.41,0.592,1,0,18,2.45,0.712,0.445,56.7,5,0.0
Student_1078,T3_Fall,Program_D,First_Year,3,72,3.56,-0.48,0.833,1,0,15,3.23,0.702,0.25,71.0,3,1.0
Student_1079,T3_Fall,Program_A,First_Year,1,16,2.59,0.47,0.754,1,0,18,6.04,1.0,0.0,75.3,1,1.0
Student_1081,T3_Fall,Program_C,First_Year,3,70,3.57,-0.21,0.987,0,1,18,4.12,1.0,0.024,92.6,3,1.0
Student_1082,T3_Fall,Program_A,First_Year,3,66,3.38,-0.08,0.846,1,0,15,2.1,0.726,0.222,83.7,6,0.0
Student_1084,T3_Fall,Program_D,First_Year,2,53,3.12,0.33,0.8,1,0,12,5.59,0.93,0.163,78.7,0,1.0
Student_1085,T3_Fall,Program_C,First_Year,4,95,2.88,-0.06,1.0,0,0,12,5.35,0.874,0.184,77.2,1,0.0
Student_1087,T3_Fall,Program_B,First_Year,4,102,2.5,-0.14,0.934,0,0,15,3.89,0.762,0.228,85.9,4,1.0
Student_1089,T3_Fall,Program_B,First_Year,2,48,3.09,0.15,0.685,2,0,9,4.93,1.0,0.09,91.1,0,0.0
Student_1090,T3_Fall,Program_A,Transfer,4,106,2.87,1.0,0.769,1,0,12,5.76,0.944,0.064,81.4,0,0.0
Student_1091,T3_Fall,Program_C,First_Year,1,3,2.49,-0.37,0.68,1,0,12,2.76,0.855,0.275,71.8,6,0.0
Student_1092,T3_Fall,Program_D,First_Year,3,74,2.34,0.0,0.736,0,0,15,2.04,0.801,0.314,57.2,1,0.0
Student_1093,T3_Fall,Program_C,First_Year,1,24,2.1,0.07,0.659,1,0,18,4.16,0.856,0.232,61.3,0,0.0
Student_1094,T3_Fall,Program_B,Transfer,2,46,2.86,-0.05,0.799,0,1,15,3.61,0.848,0.275,73.3,4,1.0
Student_1095,T3_Fall,Program_A,Transfer,2,47,2.72,1.0,0.804,1,0,12,3.73,1.0,0.186,89.5,4,0.0
Student_1096,T3_Fall,Program_A,Transfer,4,107,1.72,-0.38,0.632,1,0,15,2.33,0.687,0.308,69.5,2,0.0
Student_1097,T3_Fall,Program_B,First_Year,1,6,1.87,-0.24,0.722,1,3,15,4.23,0.894,0.264,70.1,2,0.0
Student_1098,T3_Fall,Program_C,First_Year,3,74,3.41,0.01,0.843,1,1,15,3.09,0.87,0.246,83.4,1,0.0
Student_1099,T3_Fall,Program_C,First_Year,2,40,1.5,-0.28,0.96,0,1,9,3.35,0.906,0.221,76.5,3,0.0
Student_1100,T3_Fall,Program_A,Transfer,4,104,2.65,-0.45,0.936,0,0,15,4.86,0.726,0.279,77.4,2,1.0
Student_1101,T3_Fall,Program_B,Transfer,4,102,2.49,-0.08,0.883,0,1,15,3.91,0.912,0.11,77.3,0,0.0
Student_1102,T3_Fall,Program_C,Transfer,2,52,2.77,-0.08,0.699,1,0,15,5.03,0.852,0.306,83.1,1,1.0
Student_1103,T3_Fall,Program_D,Transfer,4,100,3.06,0.19,0.833,1,0,18,4.57,0.92,0.129,85.4,1,0.0
Student_1104,T3_Fall,Program_A,Transfer,1,2,2.49,0.5,0.901,0,0,15,3.83,1.0,0.124,70.3,3,0.0
Student_1105,T3_Fall,Program_C,Transfer,2,38,2.79,0.29,0.841,0,0,15,2.0,0.948,0.153,92.4,2,1.0
Student_1107,T3_Fall,Program_B,First_Year,1,7,3.59,-0.33,0.949,0,0,15,4.28,0.904,0.276,80.1,6,0.0
Student_1108,T3_Fall,Program_B,First_Year,2,48,2.38,-0.41,0.858,0,0,9,1.08,0.697,0.289,71.3,5,1.0
Student_1109,T3_Fall,Program_C,Transfer,4,90,2.77,-0.27,0.814,0,0,15,4.38,1.0,0.054,74.0,1,0.0
Student_1110,T3_Fall,Program_D,Transfer,2,46,2.98,-0.91,0.528,3,0,15,4.11,0.652,0.337,79.5,0,1.0
Student_1111,T3_Fall,Program_A,Transfer,2,37,3.25,0.34,0.911,0,0,15,2.14,0.817,0.256,70.7,2,0.0
Student_1112,T3_Fall,Program_D,Transfer,1,11,2.66,0.6,1.0,0,0,15,6.63,1.0,0.02,73.6,0,0.0
Student_1113,T3_Fall,Program_A,First_Year,1,24,2.94,-0.47,0.893,0,0,12,4.3,0.871,0.167,73.6,1,0.0
Student_1114,T3_Fall,Program_D,First_Year,3,60,3.45,-0.19,0.855,1,1,15,2.94,0.948,0.206,85.2,2,1.0
Student_1115,T3_Fall,Program_A,First_Year,4,99,3.68,0.17,0.959,0,0,15,6.46,1.0,0.054,82.4,2,0.0
Student_1116,T3_Fall,Program_A,Transfer,1,11,3.4,-0.53,0.98,0,0,12,4.05,0.865,0.137,72.2,1,0.0
Student_1117,T3_Fall,Program_B,First_Year,2,37,1.81,0.31,0.755,1,0,12,4.81,0.988,0.0,66.7,5,0.0
Student_1118,T3_Fall,Program_A,First_Year,1,13,2.14,0.11,0.8,0,2,12,4.82,0.947,0.264,61.5,4,1.0
Student_1120,T3_Fall,Program_B,First_Year,3,64,3.64,0.05,0.988,0,3,18,4.01,0.791,0.165,87.0,1,0.0
Student_1121,T3_Fall,Program_C,Transfer,4,89,2.77,0.09,0.878,1,0,15,5.1,0.955,0.016,79.5,3,0.0
Student_1122,T3_Fall,Program_B,First_Year,2,39,2.14,-0.16,0.807,0,0,15,3.26,0.884,0.063,62.2,3,0.0
Student_1124,T3_Fall,Program_B,First_Year,1,8,2.48,-0.17,0.828,0,0,15,2.68,0.795,0.347,61.7,2,0.0
Student_1125,T3_Fall,Program_A,Transfer,3,77,3.19,-0.58,0.698,1,0,18,4.09,0.732,0.322,87.6,0,0.0
Student_1127,T3_Fall,Program_C,First_Year,2,49,2.42,0.18,0.804,1,0,15,3.19,0.987,0.163,63.3,2,0.0
Student_1128,T3_Fall,Program_A,First_Year,4,96,1.57,-0.53,0.758,1,0,15,4.86,0.99,0.025,71.2,4,0.0
Student_1129,T3_Fall,Program_D,First_Year,1,22,2.92,0.15,0.797,0,0,15,5.04,0.871,0.207,88.4,0,0.0
Student_1130,T3_Fall,Program_B,First_Year,1,22,2.35,-0.17,0.738,1,0,18,4.08,0.802,0.313,75.0,1,0.0
Student_1131,T3_Fall,Program_C,First_Year,3,56,2.19,-0.29,0.791,1,0,15,3.73,0.734,0.205,61.0,3,1.0
Student_1132,T3_Fall,Program_D,First_Year,2,34,2.56,-0.19,0.855,0,2,18,3.68,0.882,0.157,74.5,3,0.0
Student_1134,T3_Fall,Program_B,First_Year,1,11,3.2,-0.1,0.939,0,0,12,5.33,0.797,0.133,74.2,4,0.0
Student_1135,T3_Fall,Program_A,First_Year,3,81,2.97,-0.37,0.884,1,0,15,4.28,0.882,0.242,80.8,0,0.0
Student_1136,T3_Fall,Program_D,First_Year,4,108,2.12,0.22,0.818,0,1,15,4.82,0.84,0.146,81.6,0,0.0
Student_1137,T3_Fall,Program_C,Transfer,4,105,2.95,-0.11,0.992,0,0,12,3.73,0.837,0.118,69.6,3,1.0
Student_1138,T3_Fall,Program_B,First_Year,3,57,3.12,-0.2,0.909,0,1,18,3.68,0.795,0.228,57.9,2,0.0
Student_1139,T3_Fall,Program_C,First_Year,4,105,2.86,0.13,0.857,0,3,15,3.85,0.98,0.171,88.1,4,0.0
Student_1141,T3_Fall,Program_C,First_Year,3,64,2.55,0.09,0.775,0,0,12,4.17,0.75,0.115,79.6,0,0.0
Student_1142,T3_Fall,Program_D,Transfer,1,26,2.86,0.24,0.896,0,0,15,1.98,0.845,0.095,82.1,0,0.0
Student_1143,T3_Fall,Program_D,Transfer,3,80,3.76,0.1,0.996,0,0,12,7.0,1.0,0.0,100.0,0,0.0
Student_1145,T3_Fall,Program_A,First_Year,2,46,2.35,0.06,0.833,1,0,15,3.2,0.892,0.34,78.6,4,0.0
Student_1146,T3_Fall,Program_D,Transfer,1,26,2.73,0.56,0.858,0,1,12,4.03,0.791,0.141,90.8,0,0.0
Student_1147,T3_Fall,Program_B,First_Year,1,16,3.22,0.29,0.931,0,0,15,4.43,0.819,0.113,87.5,0,0.0
Student_1148,T3_Fall,Program_D,First_Year,4,103,3.49,-0.55,0.908,0,0,12,4.47,0.806,0.387,94.7,2,0.0
Student_1150,T3_Fall,Program_B,First_Year,2,54,3.72,0.0,0.903,0,0,12,3.86,0.785,0.274,92.0,0,0.0
Student_1151,T3_Fall,Program_C,First_Year,3,73,2.87,-0.31,0.896,0,1,9,1.55,0.586,0.463,82.7,6,1.0
Student_1152,T3_Fall,Program_A,First_Year,1,10,2.63,-1.5,0.804,0,0,15,1.94,0.626,0.363,64.4,2,1.0
Student_1153,T3_Fall,Program_C,First_Year,1,3,2.85,-0.36,0.654,2,0,18,3.91,0.982,0.181,75.5,7,0.0
Student_1154,T3_Fall,Program_D,Transfer,2,48,3.84,-0.12,1.0,0,0,15,3.79,1.0,0.166,100.0,3,1.0
Student_1155,T3_Fall,Program_B,Transfer,3,63,2.8,0.26,0.915,0,0,12,5.53,0.986,0.039,94.3,0,1.0
Student_1156,T3_Fall,Program_C,First_Year,3,58,3.59,-0.06,1.0,0,0,12,3.14,0.843,0.243,89.6,1,0.0
Student_1159,T3_Fall,Program_D,First_Year,2,41,2.81,0.16,0.712,1,0,9,2.67,0.782,0.343,68.5,8,0.0
Student_1161,T3_Fall,Program_A,First_Year,2,40,2.86,0.15,0.843,1,0,18,4.26,0.999,0.13,82.5,0,0.0
Student_1162,T3_Fall,Program_B,First_Year,3,66,2.67,0.39,0.695,1,1,15,4.75,0.987,0.089,78.6,1,0.0
Student_1164,T3_Fall,Program_A,First_Year,2,27,3.52,0.2,0.896,0,0,18,3.62,0.972,0.142,100.0,5,0.0
Student_1165,T3_Fall,Program_A,First_Year,3,57,2.92,0.23,0.823,0,0,15,2.97,0.887,0.177,78.5,2,0.0
Student_1166,T3_Fall,Program_D,First_Year,4,98,3.32,-0.47,0.919,1,0,15,3.09,0.797,0.189,75.4,4,0.0
Student_1167,T3_Fall,Program_C,First_Year,2,49,2.69,-0.04,0.741,1,0,15,3.43,0.693,0.311,85.8,1,0.0
Student_1168,T3_Fall,Program_A,First_Year,3,57,2.61,0.03,0.851,0,0,15,2.16,0.765,0.234,63.9,3,0.0
Student_1169,T3_Fall,Program_C,Transfer,1,20,3.46,-0.07,0.873,0,0,15,3.38,0.765,0.142,96.8,3,0.0
Student_1171,T3_Fall,Program_C,Transfer,1,1,3.49,0.04,0.968,0,0,15,4.75,0.79,0.193,71.0,1,0.0
Student_1172,T3_Fall,Program_D,First_Year,2,43,3.14,-0.9,0.861,0,1,12,3.93,0.72,0.33,80.9,2,0.0
Student_1173,T3_Fall,Program_A,Transfer,4,108,3.59,-0.06,0.844,0,0,15,4.94,0.801,0.231,98.9,3,0.0
Student_1174,T3_Fall,Program_B,First_Year,3,74,2.96,-0.69,0.879,0,1,15,3.71,0.787,0.27,73.9,0,1.0
Student_1175,T3_Fall,Program_D,First_Year,4,93,3.94,0.23,1.0,0,2,18,4.16,1.0,0.013,100.0,6,0.0
Student_1176,T3_Fall,Program_C,First_Year,2,32,3.09,-0.2,0.659,2,0,12,2.29,0.703,0.241,78.0,4,1.0
Student_1177,T3_Fall,Program_D,First_Year,4,93,3.02,0.07,0.881,0,0,9,4.57,0.835,0.178,72.0,0,0.0
Student_1178,T3_Fall,Program_D,Transfer,2,44,3.32,-0.52,0.839,0,0,18,3.09,0.855,0.403,85.5,4,0.0
Student_1180,T3_Fall,Program_A,First_Year,4,94,3.61,0.03,0.625,3,0,12,4.28,0.729,0.284,85.6,1,0.0
Student_1183,T3_Fall,Program_C,Transfer,1,8,2.96,-0.48,0.787,0,0,15,2.37,0.769,0.219,74.8,3,0.0
Student_1185,T3_Fall,Program_C,First_Year,3,80,3.39,0.01,0.882,1,1,15,4.69,0.839,0.234,99.7,4,1.0
Student_1186,T3_Fall,Program_A,First_Year,3,63,2.21,-0.14,0.717,1,0,15,1.3,0.698,0.211,64.8,3,1.0
Student_1187,T3_Fall,Program_B,Transfer,3,55,2.74,-0.03,1.0,0,1,12,4.92,1.0,0.034,84.3,1,1.0
Student_1188,T3_Fall,Program_A,First_Year,4,93,1.75,0.01,0.758,0,0,15,4.62,0.868,0.248,68.0,0,0.0
Student_1189,T3_Fall,Program_D,First_Year,3,78,3.45,0.4,0.846,0,1,15,3.95,0.857,0.183,80.0,3,0.0
Student_1190,T3_Fall,Program_B,First_Year,3,66,2.93,-0.05,0.84,0,2,12,4.64,0.839,0.253,86.9,3,1.0
Student_1191,T3_Fall,Program_A,First_Year,3,54,2.7,-0.34,0.693,1,0,15,4.54,0.876,0.171,76.6,1,0.0
Student_1192,T3_Fall,Program_B,First_Year,2,31,2.21,0.09,0.798,0,0,15,5.34,0.974,0.093,66.0,3,0.0
Student_1194,T3_Fall,Program_C,First_Year,3,78,2.68,-0.41,0.861,1,1,15,4.13,0.816,0.244,69.7,4,1.0
Student_1195,T3_Fall,Program_C,First_Year,1,14,2.89,0.25,0.808,1,0,15,5.19,0.914,0.136,90.2,1,0.0
Student_1196,T3_Fall,Program_B,First_Year,3,54,3.47,0.29,1.0,0,0,15,4.23,0.881,0.218,86.6,0,0.0
Student_1198,T3_Fall,Program_A,Transfer,3,62,2.46,0.24,0.813,1,0,15,4.01,0.983,0.089,78.9,3,0.0
Student_1199,T3_Fall,Program_A,First_Year,2,44,2.68,0.88,0.912,0,0,18,5.03,0.889,0.0,80.9,0,0.0
Student_1200,T3_Fall,Program_A,First_Year,4,108,3.13,0.31,0.96,0,0,12,5.48,0.973,0.103,92.9,2,0.0
Student_1202,T3_Fall,Program_D,Transfer,3,78,2.42,-0.31,0.751,1,0,15,5.56,0.876,0.18,75.2,0,0.0
Student_1203,T3_Fall,Program_A,Transfer,4,101,3.17,-0.7,0.833,0,0,15,4.57,1.0,0.166,85.6,0,0.0
Student_1204,T3_Fall,Program_B,Transfer,1,11,2.59,-0.17,0.656,1,0,15,5.66,0.917,0.116,65.6,4,1.0
Student_1205,T3_Fall,Program_D,First_Year,3,70,2.69,0.49,0.853,0,1,15,3.98,1.0,0.282,73.3,0,0.0
Student_1206,T3_Fall,Program_D,Transfer,2,45,2.33,0.73,0.702,1,0,15,2.73,0.833,0.295,65.6,3,0.0
Student_1207,T3_Fall,Program_A,First_Year,3,70,3.37,0.15,0.811,0,1,15,4.61,0.897,0.155,80.2,3,0.0
Student_1208,T3_Fall,Program_D,First_Year,2,27,3.17,1.0,0.953,0,0,15,4.53,1.0,0.058,82.9,0,0.0
Student_1209,T3_Fall,Program_D,First_Year,3,67,3.24,0.87,0.876,1,0,15,4.71,1.0,0.0,89.7,6,0.0
Student_1210,T3_Fall,Program_D,First_Year,1,6,1.78,-0.01,0.703,1,0,18,5.54,0.871,0.117,74.2,1,0.0
Student_1212,T3_Fall,Program_A,First_Year,4,92,2.73,-0.34,0.85,0,0,15,3.52,0.923,0.181,62.1,8,0.0
Student_1214,T3_Fall,Program_A,First_Year,1,26,3.15,0.09,0.98,0,0,12,4.58,0.901,0.074,82.2,3,0.0
Student_1215,T3_Fall,Program_B,First_Year,1,26,2.32,0.23,0.681,1,0,12,3.51,1.0,0.0,79.0,2,1.0
Student_1216,T3_Fall,Program_B,Transfer,1,22,2.91,0.23,0.721,1,0,12,3.48,0.794,0.171,81.1,1,0.0
Student_1217,T3_Fall,Program_C,First_Year,3,75,1.92,-0.2,0.792,0,1,9,3.6,0.773,0.245,84.1,4,0.0
Student_1218,T3_Fall,Program_A,Transfer,4,105,2.28,0.22,0.858,0,0,15,4.19,0.829,0.137,75.9,6,0.0
Student_1221,T3_Fall,Program_D,First_Year,4,104,3.03,-0.65,1.0,0,1,15,4.41,0.934,0.116,84.8,2,1.0
Student_1223,T3_Fall,Program_B,First_Year,1,0,3.97,0.15,0.901,0,2,15,4.43,0.925,0.193,92.6,2,0.0
Student_1224,T3_Fall,Program_D,Transfer,3,70,2.43,0.18,0.854,0,0,15,4.56,0.92,0.059,79.1,3,0.0
Student_1225,T3_Fall,Program_A,First_Year,3,59,2.62,0.71,0.733,2,0,12,3.71,1.0,0.108,70.6,0,0.0
Student_1226,T3_Fall,Program_C,First_Year,4,106,2.59,0.82,0.888,0,0,15,6.13,1.0,0.0,74.6,0,0.0
Student_1227,T3_Fall,Program_A,First_Year,4,86,3.15,-0.37,0.807,1,0,15,2.76,0.95,0.202,72.9,2,0.0
Student_1230,T3_Fall,Program_D,First_Year,1,8,3.02,-0.15,0.86,0,0,12,3.6,0.825,0.133,80.3,2,0.0
Student_1232,T3_Fall,Program_B,First_Year,4,108,2.56,0.58,0.754,2,0,15,5.11,1.0,0.098,70.9,2,0.0
Student_1233,T3_Fall,Program_A,Transfer,2,36,2.35,0.11,0.93,0,0,18,4.12,0.805,0.235,93.8,2,0.0
Student_1234,T3_Fall,Program_C,First_Year,3,65,2.88,0.3,0.648,1,0,15,2.78,1.0,0.222,80.8,0,0.0
Student_1235,T3_Fall,Program_D,First_Year,4,87,2.31,-0.38,0.614,2,0,15,3.18,0.864,0.151,66.9,0,0.0
Student_1236,T3_Fall,Program_A,Transfer,2,52,2.35,-0.0,0.925,0,0,12,3.21,0.821,0.196,86.3,5,0.0
Student_1237,T3_Fall,Program_B,First_Year,3,72,3.05,-0.04,0.795,1,0,9,2.9,0.883,0.26,72.2,2,0.0
Student_1238,T3_Fall,Program_D,Transfer,2,42,2.74,0.38,0.964,0,0,9,5.64,0.941,0.136,73.8,1,0.0
Student_1239,T3_Fall,Program_C,Transfer,3,64,3.23,-0.53,0.908,0,1,15,4.43,0.818,0.176,85.3,1,1.0
Student_1241,T3_Fall,Program_A,First_Year,1,6,3.03,-0.19,0.93,0,1,9,6.84,1.0,0.0,87.5,0,0.0
Student_1242,T3_Fall,Program_D,Transfer,1,9,2.63,-0.29,0.776,0,0,12,1.9,0.756,0.436,65.6,4,1.0
Student_1243,T3_Fall,Program_A,First_Year,4,98,3.38,0.2,0.83,0,0,15,3.6,0.918,0.286,87.9,7,1.0
Student_1246,T3_Fall,Program_D,First_Year,2,27,3.49,0.01,1.0,0,0,15,3.85,0.906,0.25,88.8,2,0.0
Student_1247,T3_Fall,Program_D,First_Year,3,78,2.6,-0.36,0.838,0,1,12,5.83,0.75,0.089,87.8,3,0.0
Student_1248,T3_Fall,Program_B,First_Year,1,12,2.8,0.02,0.873,0,0,12,4.99,0.946,0.202,75.6,2,1.0
Student_1249,T3_Fall,Program_A,First_Year,1,10,1.61,0.04,0.844,0,2,12,2.98,0.796,0.265,95.1,5,0.0
Student_1250,T3_Fall,Program_B,First_Year,4,85,2.24,-0.02,0.832,0,1,15,2.86,0.821,0.256,67.2,7,1.0
Student_1251,T3_Fall,Program_D,Transfer,2,46,3.37,0.06,1.0,0,1,15,2.56,0.792,0.311,72.5,1,0.0
Student_1252,T3_Fall,Program_B,First_Year,2,42,2.5,-0.25,0.698,1,1,9,3.21,0.925,0.182,75.1,1,0.0
Student_1254,T3_Fall,Program_D,Transfer,4,102,2.91,0.39,1.0,0,0,15,4.84,0.865,0.174,83.5,5,0.0
Student_1255,T3_Fall,Program_D,Transfer,3,81,2.93,0.01,0.852,1,0,18,3.85,0.86,0.13,78.3,2,1.0
Student_1256,T3_Fall,Program_A,Transfer,3,77,2.03,0.11,0.798,1,0,15,2.46,0.905,0.132,67.8,1,1.0
Student_1257,T3_Fall,Program_C,Transfer,2,46,2.79,-0.12,0.759,1,1,15,5.5,0.978,0.151,87.9,3,0.0
Student_1258,T3_Fall,Program_A,Transfer,4,99,3.33,-0.08,0.822,1,0,15,3.61,0.778,0.185,74.9,6,0.0
Student_1259,T3_Fall,Program_A,First_Year,1,25,2.62,0.39,0.987,0,1,18,2.91,0.909,0.17,75.4,4,0.0
Student_1260,T3_Fall,Program_D,First_Year,3,58,2.79,0.16,0.652,2,0,12,5.31,0.954,0.088,79.7,0,0.0
Student_1262,T3_Fall,Program_D,First_Year,4,98,1.78,1.0,0.731,1,0,15,4.93,0.981,0.0,86.4,3,1.0
Student_1264,T3_Fall,Program_B,First_Year,4,87,2.88,0.04,1.0,0,0,15,4.66,1.0,0.0,91.8,0,0.0
Student_1265,T3_Fall,Program_A,Transfer,1,21,2.99,0.28,0.898,0,1,15,4.71,0.957,0.039,68.2,4,0.0
Student_1266,T3_Fall,Program_D,First_Year,2,29,2.06,0.02,0.801,0,0,15,4.02,0.859,0.125,89.2,2,0.0
Student_1267,T3_Fall,Program_B,Transfer,3,58,3.28,-0.32,0.976,0,0,15,4.39,0.83,0.185,98.8,0,1.0
Student_1268,T3_Fall,Program_B,First_Year,1,18,2.49,0.17,0.818,1,0,15,3.75,1.0,0.104,91.5,6,0.0
Student_1269,T3_Fall,Program_A,First_Year,2,34,1.85,-0.04,0.601,2,0,12,2.58,0.786,0.255,66.2,3,1.0
Student_1270,T3_Fall,Program_B,Transfer,3,58,2.98,-0.22,0.88,0,0,9,3.36,0.843,0.199,87.2,4,0.0
Student_1271,T3_Fall,Program_D,First_Year,2,43,1.83,-0.15,0.756,1,0,15,3.96,0.83,0.206,77.5,2,0.0
Student_1272,T3_Fall,Program_D,First_Year,2,46,3.32,-0.33,0.893,0,1,12,5.16,0.727,0.162,87.1,0,0.0
Student_1273,T3_Fall,Program_D,First_Year,4,102,2.82,0.65,0.852,0,0,12,5.69,1.0,0.048,86.3,1,0.0
Student_1274,T3_Fall,Program_C,First_Year,1,12,2.75,0.16,1.0,0,1,15,4.06,0.905,0.229,87.0,5,0.0
Student_1276,T3_Fall,Program_D,First_Year,4,81,2.69,0.41,0.947,0,1,12,2.71,1.0,0.055,78.1,3,0.0
Student_1278,T3_Fall,Program_B,First_Year,4,93,2.7,-0.8,0.788,0,1,9,1.81,0.524,0.374,49.9,4,1.0
Student_1279,T3_Fall,Program_A,First_Year,2,40,2.56,-0.34,0.778,1,0,15,2.84,0.756,0.405,62.7,0,0.0
Student_1280,T3_Fall,Program_C,Transfer,4,108,2.63,0.16,0.871,0,0,15,1.99,0.846,0.235,73.0,2,0.0
Student_1282,T3_Fall,Program_C,First_Year,2,28,3.41,0.25,0.906,0,0,15,4.06,0.757,0.168,78.5,5,0.0
Student_1283,T3_Fall,Program_C,First_Year,3,67,2.19,0.08,0.821,0,0,12,3.25,0.806,0.19,55.9,6,0.0
Student_1285,T3_Fall,Program_B,First_Year,1,7,3.01,-0.4,0.924,0,2,18,1.89,0.756,0.345,74.5,0,0.0
Student_1286,T3_Fall,Program_A,First_Year,1,27,2.84,-0.11,0.683,1,0,15,2.63,0.826,0.158,77.0,0,1.0
Student_1287,T3_Fall,Program_D,First_Year,1,22,2.61,0.03,0.909,0,0,9,4.19,0.913,0.211,82.1,5,0.0
Student_1289,T3_Fall,Program_B,Transfer,1,3,3.47,-0.09,0.887,0,0,12,5.01,0.941,0.057,100.0,0,1.0
Student_1290,T3_Fall,Program_A,First_Year,1,23,2.95,-0.14,0.763,1,1,15,3.81,0.702,0.246,70.1,1,1.0
Student_1291,T3_Fall,Program_C,First_Year,3,74,3.1,0.07,0.887,0,0,15,3.01,0.934,0.271,87.8,2,0.0
Student_1292,T3_Fall,Program_A,Transfer,4,99,3.57,0.87,0.896,0,0,9,4.98,1.0,0.073,87.9,5,0.0
Student_1293,T3_Fall,Program_C,First_Year,2,43,3.54,0.31,0.711,1,1,9,4.06,0.806,0.436,71.3,4,0.0
Student_1294,T3_Fall,Program_C,Transfer,1,3,3.39,-0.07,0.917,0,0,15,3.71,0.808,0.055,60.8,6,0.0
Student_1295,T3_Fall,Program_B,First_Year,1,19,2.73,0.33,0.797,1,1,12,6.63,0.972,0.0,95.3,2,0.0
Student_1296,T3_Fall,Program_B,First_Year,4,95,2.7,-0.45,0.819,0,0,15,3.69,0.903,0.133,61.5,2,0.0
Student_1297,T3_Fall,Program_C,Transfer,3,71,1.95,-0.38,0.722,0,0,18,4.76,0.83,0.246,66.2,5,0.0
Student_1298,T3_Fall,Program_A,First_Year,3,62,2.68,0.4,0.895,1,0,18,4.55,0.983,0.183,75.3,0,0.0
Student_1299,T3_Fall,Program_A,First_Year,4,88,3.07,-0.14,0.851,0,0,18,4.28,0.795,0.114,64.0,3,0.0
Student_1301,T3_Fall,Program_C,Transfer,1,17,2.76,0.17,0.833,1,0,12,4.37,0.984,0.023,74.2,3,0.0
Student_1302,T3_Fall,Program_A,First_Year,4,83,2.89,0.54,0.878,1,0,15,3.58,1.0,0.098,85.0,2,1.0
Student_1303,T3_Fall,Program_B,First_Year,2,39,2.43,0.28,0.924,0,1,12,4.03,0.881,0.241,67.0,2,0.0
Student_1305,T3_Fall,Program_B,Transfer,2,32,2.39,0.68,0.758,1,1,15,3.26,1.0,0.071,62.8,1,0.0
Student_1309,T3_Fall,Program_A,Transfer,3,58,2.76,0.52,0.964,0,1,12,3.33,0.751,0.015,72.9,2,0.0
Student_1310,T3_Fall,Program_A,Transfer,2,47,2.43,-0.29,0.841,0,0,12,3.56,0.874,0.254,72.9,0,0.0
Student_1311,T3_Fall,Program_C,First_Year,1,1,3.54,-0.04,0.945,0,0,18,1.71,0.824,0.208,80.0,8,0.0
Student_1313,T3_Fall,Program_B,First_Year,1,8,2.46,-0.52,0.805,0,0,18,3.84,0.795,0.203,66.6,3,1.0
Student_1315,T3_Fall,Program_A,First_Year,2,37,2.24,-0.07,0.817,0,1,18,2.55,0.709,0.305,77.8,5,0.0
Student_1316,T3_Fall,Program_C,First_Year,2,42,2.73,-0.33,0.996,0,0,15,5.6,1.0,0.13,76.3,0,0.0
Student_1318,T3_Fall,Program_D,First_Year,2,53,2.7,-0.0,0.921,0,1,15,2.68,0.894,0.037,71.0,5,0.0
Student_1319,T3_Fall,Program_B,First_Year,2,43,3.06,0.2,0.926,0,0,18,4.4,1.0,0.048,93.2,5,0.0
Student_1320,T3_Fall,Program_B,First_Year,2,53,3.07,0.32,0.93,0,0,18,4.4,0.921,0.152,65.1,1,0.0
Student_1321,T3_Fall,Program_C,Transfer,2,37,3.25,-0.05,0.846,0,0,12,3.93,0.828,0.343,79.3,0,0.0
Student_1322,T3_Fall,Program_C,Transfer,2,44,1.9,-0.09,0.699,1,1,15,2.92,0.65,0.308,78.0,5,0.0
Student_1323,T3_Fall,Program_A,Transfer,1,5,1.61,-0.11,0.804,0,0,18,3.11,0.864,0.17,75.0,5,0.0
Student_1324,T3_Fall,Program_A,First_Year,3,68,2.54,0.24,0.731,1,1,18,5.74,1.0,0.0,80.0,0,0.0
Student_1325,T3_Fall,Program_B,First_Year,3,55,3.42,0.52,1.0,0,1,18,6.17,1.0,0.012,93.6,0,0.0
Student_1326,T3_Fall,Program_A,First_Year,3,70,2.99,-0.08,0.965,0,0,9,4.74,0.968,0.153,86.4,6,0.0
Student_1327,T3_Fall,Program_C,First_Year,1,7,3.14,0.08,0.83,0,0,12,4.14,0.782,0.108,88.1,1,0.0
Student_1328,T3_Fall,Program_B,First_Year,2,34,2.63,0.05,0.683,1,0,15,5.03,0.993,0.15,76.0,0,0.0
Student_1329,T3_Fall,Program_D,First_Year,1,14,3.93,0.12,0.997,0,1,15,3.23,0.997,0.106,95.6,3,0.0
Student_1331,T3_Fall,Program_B,First_Year,2,32,3.03,0.25,0.904,0,0,9,4.09,0.846,0.279,82.9,3,0.0
Student_1333,T3_Fall,Program_A,First_Year,1,19,2.58,0.34,0.871,0,0,12,4.74,0.904,0.194,86.0,0,0.0
Student_1334,T3_Fall,Program_B,First_Year,2,46,2.55,0.17,0.835,0,0,18,4.83,0.81,0.175,66.9,5,0.0
Student_1335,T3_Fall,Program_A,Transfer,1,22,2.22,-0.07,0.922,0,0,15,5.46,0.873,0.2,75.6,0,0.0
Student_1336,T3_Fall,Program_A,First_Year,2,29,2.3,-1.0,0.909,0,0,12,4.59,0.786,0.231,82.9,4,0.0
Student_1337,T3_Fall,Program_A,First_Year,2,42,3.07,0.36,0.9,1,0,15,3.7,0.946,0.234,82.7,1,0.0
Student_1339,T3_Fall,Program_B,First_Year,3,62,2.38,-0.03,0.784,0,1,15,4.25,0.695,0.205,68.3,0,0.0
Student_1340,T3_Fall,Program_D,First_Year,4,106,2.46,0.15,0.64,2,0,18,3.3,0.856,0.187,79.2,7,1.0
Student_1341,T3_Fall,Program_B,Transfer,1,10,2.3,-0.4,0.868,0,0,12,4.18,0.733,0.345,66.3,2,0.0
Student_1342,T3_Fall,Program_C,First_Year,4,99,2.22,-0.33,0.592,1,0,12,3.16,0.747,0.307,68.6,0,0.0
Student_1344,T3_Fall,Program_A,First_Year,4,94,2.43,-0.44,0.79,0,0,15,3.1,0.892,0.198,77.2,3,0.0
Student_1345,T3_Fall,Program_C,First_Year,4,96,2.65,0.23,0.848,0,1,12,3.96,0.76,0.161,84.4,0,0.0
Student_1347,T3_Fall,Program_C,Transfer,1,24,2.8,0.23,0.771,1,0,12,3.98,0.956,0.151,82.2,1,0.0
Student_1348,T3_Fall,Program_D,First_Year,2,33,3.29,-0.29,0.832,0,1,15,4.17,0.877,0.2,88.0,2,0.0
Student_1349,T3_Fall,Program_C,First_Year,1,21,1.95,-0.47,0.533,2,1,12,2.07,0.791,0.307,64.4,3,1.0
Student_1352,T3_Fall,Program_A,First_Year,3,60,2.13,-0.41,0.748,1,0,18,5.39,0.878,0.223,62.2,3,1.0
Student_1353,T3_Fall,Program_A,First_Year,4,81,2.79,0.09,0.924,0,1,9,3.67,0.868,0.213,73.5,5,1.0
Student_1354,T3_Fall,Program_D,First_Year,1,27,3.95,-0.54,0.942,0,1,9,2.66,0.884,0.214,71.5,9,0.0
Student_1355,T3_Fall,Program_B,First_Year,4,97,2.84,1.0,0.948,0,0,12,5.21,0.898,0.107,88.6,1,0.0
Student_1356,T3_Fall,Program_C,Transfer,2,51,2.77,0.74,0.941,0,0,15,3.74,0.98,0.113,89.0,2,0.0
Student_1357,T3_Fall,Program_B,First_Year,3,78,2.66,0.16,0.861,0,0,15,2.07,0.855,0.123,63.1,4,0.0
Student_1359,T3_Fall,Program_A,First_Year,1,12,2.88,0.25,0.845,1,0,9,3.7,0.889,0.151,80.3,2,0.0
Student_1360,T3_Fall,Program_B,First_Year,4,86,2.35,0.39,0.788,1,0,9,3.01,0.93,0.069,70.6,5,0.0
Student_1362,T3_Fall,Program_A,First_Year,3,58,3.05,-0.03,0.915,0,0,12,3.97,0.926,0.068,79.0,5,1.0
Student_1363,T3_Fall,Program_C,First_Year,1,25,2.97,0.18,0.921,0,1,15,5.14,0.966,0.0,85.6,3,0.0
Student_1364,T3_Fall,Program_C,Transfer,1,10,3.17,-0.03,0.782,1,1,15,3.91,0.909,0.227,67.5,2,1.0
Student_1365,T3_Fall,Program_A,Transfer,4,107,2.91,-0.99,0.622,1,3,15,2.17,0.436,0.402,64.7,4,1.0
Student_1367,T3_Fall,Program_D,First_Year,2,39,2.6,0.34,0.841,1,0,15,5.45,0.975,0.075,85.1,1,0.0
Student_1368,T3_Fall,Program_C,Transfer,3,66,2.55,-0.17,0.808,0,0,12,5.77,1.0,0.124,82.5,0,0.0
Student_1369,T3_Fall,Program_A,First_Year,3,68,2.13,-0.28,0.774,0,0,15,3.44,0.773,0.26,67.7,6,0.0
Student_1370,T3_Fall,Program_B,First_Year,3,71,2.63,0.21,0.762,1,0,12,4.78,0.903,0.271,72.5,4,0.0
Student_1371,T3_Fall,Program_D,Transfer,3,68,2.89,-0.55,0.888,0,0,15,3.44,0.752,0.199,100.0,2,0.0
Student_1372,T3_Fall,Program_B,First_Year,1,18,3.17,0.32,0.86,0,0,15,3.9,0.868,0.264,99.7,4,0.0
Student_1373,T3_Fall,Program_A,First_Year,2,31,2.53,0.01,0.939,0,0,12,5.41,0.912,0.036,84.5,3,0.0
Student_1374,T3_Fall,Program_A,Transfer,1,22,2.31,-0.0,0.87,1,0,15,3.66,0.893,0.107,70.3,6,0.0
Student_1375,T3_Fall,Program_D,Transfer,3,74,3.48,-0.33,0.901,0,0,15,3.97,0.859,0.101,60.6,1,0.0
Student_1376,T3_Fall,Program_B,First_Year,2,47,2.74,-0.31,0.896,0,0,15,2.74,0.944,0.133,77.8,5,0.0
Student_1377,T3_Fall,Program_B,Transfer,3,65,1.76,-0.11,0.627,1,0,12,3.73,1.0,0.144,51.4,2,1.0
Student_1378,T3_Fall,Program_D,First_Year,3,67,3.81,0.17,0.978,0,0,15,5.7,0.915,0.171,89.9,0,0.0
Student_1379,T3_Fall,Program_A,First_Year,2,33,3.48,0.06,0.915,0,1,18,3.75,0.962,0.246,96.9,2,0.0
Student_1380,T3_Fall,Program_C,Transfer,3,78,2.35,-0.05,0.941,0,0,15,4.47,0.856,0.07,72.3,0,0.0
Student_1381,T3_Fall,Program_A,First_Year,4,108,3.25,0.61,1.0,0,0,15,5.85,1.0,0.0,100.0,2,0.0
Student_1384,T3_Fall,Program_B,First_Year,2,54,2.46,-0.03,0.699,1,1,12,2.83,0.774,0.327,54.5,1,1.0
Student_1387,T3_Fall,Program_B,First_Year,4,92,2.62,0.06,0.678,1,0,12,4.8,1.0,0.01,68.8,1,0.0
Student_1390,T3_Fall,Program_C,First_Year,2,32,2.99,-0.01,0.744,1,0,12,3.88,0.991,0.128,84.2,3,1.0
Student_1391,T3_Fall,Program_C,First_Year,4,104,2.6,-0.02,0.915,0,0,15,4.15,1.0,0.066,81.6,6,0.0
Student_1392,T3_Fall,Program_A,First_Year,2,50,2.77,-0.09,0.959,0,0,18,4.87,0.949,0.244,84.3,0,0.0
Student_1393,T3_Fall,Program_A,First_Year,3,63,3.67,0.65,0.979,0,0,9,4.59,0.966,0.0,100.0,6,0.0
Student_1399,T3_Fall,Program_C,First_Year,4,95,3.06,-0.25,0.737,1,0,12,3.9,0.878,0.202,67.9,1,0.0
Student_1400,T3_Fall,Program_A,Transfer,1,4,2.92,-0.13,0.805,1,0,12,2.08,0.877,0.263,70.0,5,1.0
Student_1401,T3_Fall,Program_D,First_Year,4,97,3.1,-0.23,0.846,0,1,12,3.2,0.759,0.244,73.8,0,1.0
Student_1402,T3_Fall,Program_A,First_Year,1,12,3.04,0.2,0.942,0,0,15,3.96,0.885,0.137,100.0,3,1.0
Student_1403,T3_Fall,Program_C,First_Year,1,20,4.0,0.27,1.0,0,0,15,4.39,1.0,0.006,100.0,0,0.0
Student_1404,T3_Fall,Program_C,Transfer,3,68,2.69,-0.36,0.766,1,0,15,3.46,0.794,0.253,77.2,4,1.0
Student_1405,T3_Fall,Program_C,Transfer,2,33,2.4,-0.28,0.678,0,0,15,2.2,0.733,0.346,61.4,3,1.0
Student_1406,T3_Fall,Program_A,First_Year,3,76,3.1,-0.1,0.848,0,2,15,3.95,0.734,0.113,76.1,2,0.0
Student_1407,T3_Fall,Program_C,First_Year,2,36,2.42,-0.34,0.737,0,0,15,5.07,0.864,0.23,66.2,1,0.0
Student_1408,T3_Fall,Program_B,Transfer,2,47,1.92,-0.19,0.624,1,0,12,4.3,0.893,0.233,66.6,0,1.0
Student_1411,T3_Fall,Program_C,First_Year,2,39,2.4,0.27,0.877,0,0,15,4.05,0.976,0.116,84.4,2,0.0
Student_1413,T3_Fall,Program_A,First_Year,4,95,3.09,0.26,0.97,0,0,12,4.6,1.0,0.0,74.2,1,1.0
Student_1415,T3_Fall,Program_D,First_Year,4,91,3.05,0.07,1.0,0,0,18,4.61,1.0,0.014,97.1,3,0.0
Student_1416,T3_Fall,Program_A,Transfer,1,23,3.55,1.0,1.0,0,0,18,4.07,0.84,0.167,98.6,4,0.0
Student_1417,T3_Fall,Program_A,Transfer,3,54,2.9,0.36,0.771,2,0,15,4.74,0.964,0.0,87.0,2,0.0
Student_1418,T3_Fall,Program_B,Transfer,4,103,1.82,-0.43,0.734,0,0,18,1.77,0.645,0.526,65.9,1,1.0
Student_1419,T3_Fall,Program_A,Transfer,2,33,2.64,0.09,0.799,1,0,12,4.99,0.977,0.106,77.3,2,0.0
Student_1420,T3_Fall,Program_A,Transfer,2,50,2.98,0.04,0.901,0,0,15,3.27,0.886,0.138,78.1,5,0.0
Student_1421,T3_Fall,Program_A,First_Year,1,12,2.35,-0.18,0.839,0,0,12,2.62,0.859,0.2,71.1,5,1.0
Student_1422,T3_Fall,Program_B,First_Year,3,54,3.07,0.51,0.874,0,0,9,2.85,0.736,0.452,84.5,6,1.0
Student_1424,T3_Fall,Program_C,First_Year,3,74,2.07,-0.15,0.77,0,1,12,2.56,0.555,0.306,58.0,7,1.0
Student_1425,T3_Fall,Program_B,Transfer,2,34,3.66,0.53,0.966,0,0,12,4.0,0.821,0.252,92.5,0,1.0
Student_1426,T3_Fall,Program_C,First_Year,4,90,2.62,0.14,0.689,1,0,18,3.65,0.728,0.215,94.0,0,0.0
Student_1428,T3_Fall,Program_A,First_Year,3,76,2.8,-0.02,0.827,1,0,15,4.6,0.915,0.089,78.6,1,0.0
Student_1429,T3_Fall,Program_C,First_Year,3,80,2.08,-0.47,0.538,2,0,18,4.76,0.855,0.214,70.9,3,1.0
Student_1431,T3_Fall,Program_C,First_Year,2,49,1.99,-0.13,0.825,0,0,12,2.75,0.916,0.23,69.8,3,0.0
Student_1432,T3_Fall,Program_D,Transfer,2,28,2.71,0.19,0.743,1,0,15,3.59,0.981,0.145,66.3,1,0.0
Student_1433,T3_Fall,Program_B,First_Year,3,64,3.25,-0.06,0.886,0,0,15,4.75,0.916,0.087,84.3,0,0.0
Student_1434,T3_Fall,Program_B,Transfer,1,16,3.02,-0.31,0.997,0,1,15,2.36,0.782,0.421,77.9,3,0.0
Student_1435,T3_Fall,Program_B,First_Year,2,37,2.64,-0.08,0.81,1,0,15,4.15,0.988,0.315,75.1,4,0.0
Student_1436,T3_Fall,Program_A,First_Year,4,104,2.74,0.75,0.784,1,0,15,3.29,1.0,0.151,89.6,2,0.0
Student_1438,T3_Fall,Program_D,First_Year,2,36,2.5,0.06,0.896,0,1,15,5.12,0.781,0.216,65.0,0,0.0
Student_1439,T3_Fall,Program_C,Transfer,2,47,3.28,0.18,0.874,1,0,15,2.41,0.744,0.296,98.1,6,0.0
Student_1440,T3_Fall,Program_A,First_Year,4,103,2.0,0.66,0.739,1,0,15,4.84,0.93,0.082,64.6,1,0.0
Student_1441,T3_Fall,Program_D,First_Year,1,19,2.82,0.39,0.864,1,0,15,2.33,0.934,0.205,87.0,2,0.0
Student_1442,T3_Fall,Program_B,First_Year,2,29,2.39,0.57,0.882,1,2,12,5.21,1.0,0.132,92.4,2,0.0
Student_1443,T3_Fall,Program_D,First_Year,4,93,3.52,0.44,0.956,0,1,15,4.75,0.873,0.168,97.1,1,0.0
Student_1444,T3_Fall,Program_B,First_Year,3,55,2.48,-0.22,0.972,0,0,9,4.72,0.657,0.21,89.8,3,1.0
Student_1446,T3_Fall,Program_B,Transfer,2,41,3.44,-0.09,0.938,0,1,15,4.34,0.771,0.248,75.8,3,0.0
Student_1447,T3_Fall,Program_B,First_Year,3,64,2.44,-0.44,0.775,0,2,12,2.9,0.679,0.336,59.8,1,0.0
Student_1448,T3_Fall,Program_C,First_Year,2,35,2.61,-0.23,0.617,2,0,15,3.97,0.88,0.265,75.6,3,0.0
Student_1449,T3_Fall,Program_B,First_Year,2,43,3.06,-0.15,0.978,0,0,12,5.39,1.0,0.0,74.7,0,1.0
Student_1450,T3_Fall,Program_A,Transfer,3,67,2.89,0.05,0.814,0,0,12,5.19,1.0,0.077,81.3,0,0.0
Student_1451,T3_Fall,Program_A,First_Year,2,33,3.28,-0.2,1.0,0,0,12,4.14,0.828,0.188,83.8,2,0.0
Student_1452,T3_Fall,Program_C,First_Year,4,93,2.41,0.64,0.823,0,0,18,3.99,0.851,0.218,61.7,1,0.0
Student_1453,T3_Fall,Program_C,First_Year,3,62,2.95,-0.99,0.829,0,0,15,2.49,0.733,0.357,69.5,1,0.0
Student_1454,T3_Fall,Program_D,First_Year,2,38,2.95,-0.4,0.708,2,0,18,2.97,0.871,0.107,58.3,2,1.0
Student_1455,T3_Fall,Program_A,First_Year,4,91,2.78,0.24,0.906,0,1,15,4.79,0.709,0.211,92.9,3,0.0
Student_1456,T3_Fall,Program_D,Transfer,2,27,2.65,-0.05,0.958,0,0,12,5.38,1.0,0.0,86.3,0,0.0
Student_1458,T3_Fall,Program_A,First_Year,3,72,1.95,-0.05,0.733,0,1,15,3.4,0.934,0.086,64.9,2,1.0
Student_1459,T3_Fall,Program_D,First_Year,1,5,2.97,0.11,0.928,0,0,15,3.46,0.889,0.233,84.3,7,0.0
Student_1460,T3_Fall,Program_A,First_Year,1,21,3.23,-0.3,0.991,0,0,15,4.34,0.808,0.112,78.2,2,0.0
Student_1461,T3_Fall,Program_A,First_Year,4,102,2.95,-0.33,0.787,1,0,12,3.18,0.668,0.2,79.3,4,0.0
Student_1462,T3_Fall,Program_C,First_Year,3,63,1.89,0.14,0.824,0,0,15,5.55,0.986,0.159,67.3,0,0.0
Student_1463,T3_Fall,Program_D,First_Year,4,99,2.98,0.25,0.886,1,0,15,5.42,1.0,0.0,83.3,0,1.0
Student_1464,T3_Fall,Program_C,First_Year,4,102,2.7,-0.83,0.975,0,0,12,2.1,0.717,0.281,59.9,5,1.0
Student_1465,T3_Fall,Program_A,First_Year,1,21,2.93,-0.07,0.771,1,0,12,4.24,0.907,0.176,79.7,0,0.0
Student_1466,T3_Fall,Program_C,First_Year,2,45,3.56,-0.95,0.926,0,1,15,2.78,0.699,0.357,70.1,4,1.0
Student_1467,T3_Fall,Program_A,First_Year,2,29,2.74,-0.19,0.788,1,0,9,3.38,0.986,0.018,58.8,0,0.0
Student_1468,T3_Fall,Program_B,First_Year,4,94,2.69,0.02,0.86,0,0,15,4.54,0.94,0.101,85.4,3,0.0
Student_1469,T3_Fall,Program_B,First_Year,2,36,2.35,-0.12,0.779,1,0,15,3.52,0.999,0.1,65.5,2,1.0
Student_1470,T3_Fall,Program_B,First_Year,1,19,2.91,-0.12,0.832,1,0,15,4.26,0.846,0.112,89.7,0,1.0
Student_1471,T3_Fall,Program_C,Transfer,3,70,2.94,0.18,1.0,0,1,18,2.88,0.847,0.283,79.6,0,0.0
Student_1472,T3_Fall,Program_C,First_Year,3,67,2.82,0.11,0.907,0,0,12,3.83,1.0,0.08,71.2,6,0.0
Student_1473,T3_Fall,Program_A,First_Year,1,25,3.66,0.15,1.0,0,0,12,5.39,0.895,0.07,96.6,8,0.0
Student_1474,T3_Fall,Program_C,First_Year,1,11,2.32,-0.06,0.835,0,0,12,4.04,0.924,0.133,53.9,5,0.0
Student_1475,T3_Fall,Program_C,First_Year,4,97,3.35,-0.14,0.712,1,0,9,2.4,0.811,0.296,75.3,4,1.0
Student_1476,T3_Fall,Program_B,Transfer,1,6,2.61,-0.3,0.866,0,0,18,3.94,0.68,0.266,75.7,4,1.0
Student_1477,T3_Fall,Program_D,First_Year,4,90,2.95,0.15,0.737,1,1,12,3.72,0.858,0.077,74.6,2,0.0
Student_1478,T3_Fall,Program_B,First_Year,4,98,2.35,0.01,0.678,1,0,12,3.4,0.751,0.334,65.7,1,0.0
Student_1479,T3_Fall,Program_D,First_Year,4,85,2.56,0.2,0.797,2,0,15,6.11,0.94,0.029,92.2,1,0.0
Student_1480,T3_Fall,Program_B,First_Year,1,25,2.61,-0.29,0.857,1,0,9,3.43,0.711,0.221,90.3,6,0.0
Student_1482,T3_Fall,Program_D,First_Year,2,51,2.77,0.03,0.996,0,0,15,4.78,0.926,0.078,79.8,1,0.0
Student_1483,T3_Fall,Program_A,First_Year,3,78,2.87,0.32,0.775,1,0,15,2.71,1.0,0.112,67.6,1,0.0
Student_1484,T3_Fall,Program_A,First_Year,2,34,1.72,-0.06,0.749,0,0,12,4.2,0.851,0.188,55.3,3,0.0
Student_1485,T3_Fall,Program_A,Transfer,1,21,3.11,0.01,0.838,0,0,15,4.21,0.787,0.25,82.2,2,0.0
Student_1487,T3_Fall,Program_C,Transfer,2,45,2.74,0.01,0.828,0,0,15,4.93,0.881,0.217,93.8,4,0.0
Student_1489,T3_Fall,Program_C,First_Year,3,55,2.73,0.79,0.91,0,0,15,5.79,0.911,0.042,81.1,0,0.0
Student_1490,T3_Fall,Program_A,First_Year,2,38,2.53,-0.61,0.875,0,0,12,1.21,0.704,0.33,92.1,5,1.0
Student_1491,T3_Fall,Program_D,First_Year,4,101,2.6,-0.14,0.917,0,0,9,2.65,0.778,0.391,70.7,0,0.0
Student_1493,T3_Fall,Program_C,Transfer,2,30,2.95,-0.49,0.964,0,0,15,4.74,0.897,0.172,82.4,2,1.0
Student_1494,T3_Fall,Program_A,First_Year,3,75,3.72,0.12,0.687,2,0,18,4.92,0.989,0.125,93.4,1,0.0
Student_1495,T3_Fall,Program_C,First_Year,4,95,3.21,0.15,0.831,0,0,18,4.23,0.781,0.393,96.2,1,0.0
Student_1496,T3_Fall,Program_C,Transfer,3,73,3.06,-0.41,0.95,0,0,15,3.85,0.778,0.227,82.8,3,1.0
Student_1497,T3_Fall,Program_C,First_Year,2,43,3.51,0.02,0.89,0,1,18,4.97,0.919,0.189,89.9,0,0.0
Student_1498,T3_Fall,Program_D,Transfer,4,85,3.3,0.05,0.798,0,0,15,4.14,0.841,0.2,74.9,1,0.0
Student_1499,T3_Fall,Program_D,First_Year,2,46,3.1,-0.4,0.838,0,0,15,4.59,0.969,0.069,85.6,3,0.0
Student_1500,T3_Fall,Program_A,First_Year,3,81,2.88,-0.24,0.957,0,0,12,3.99,0.961,0.131,92.0,6,0.0
Student_1501,T3_Fall,Program_B,Transfer,3,65,2.15,-1.5,0.668,2,1,15,2.97,0.742,0.265,82.7,6,0.0
Student_1502,T3_Fall,Program_B,First_Year,2,29,3.12,-0.2,0.865,0,1,15,4.96,0.878,0.114,91.5,1,0.0
Student_1503,T3_Fall,Program_C,First_Year,1,26,3.22,-0.16,0.834,0,0,12,4.8,0.917,0.168,77.6,4,1.0
Student_1504,T3_Fall,Program_A,First_Year,2,39,2.72,-0.21,0.656,2,0,18,4.2,0.888,0.229,77.9,1,0.0
Student_1505,T3_Fall,Program_B,First_Year,1,23,3.14,0.18,0.834,0,0,15,4.89,0.988,0.187,90.2,0,0.0
Student_1506,T3_Fall,Program_A,First_Year,2,47,2.28,0.44,0.946,0,1,15,5.56,1.0,0.016,82.7,0,0.0
Student_1507,T3_Fall,Program_C,First_Year,4,100,2.7,0.07,0.914,0,0,12,1.29,0.691,0.158,66.5,5,0.0
Student_1508,T3_Fall,Program_B,First_Year,3,61,2.38,0.02,0.72,0,0,15,3.31,0.836,0.248,79.3,4,0.0
Student_1509,T3_Fall,Program_C,First_Year,3,70,2.63,0.44,0.804,1,0,12,4.4,0.936,0.141,85.0,3,0.0
Student_1510,T3_Fall,Program_D,First_Year,2,32,2.78,0.06,0.86,0,0,15,4.45,0.883,0.214,76.8,7,0.0
Student_1512,T3_Fall,Program_A,First_Year,3,80,2.65,0.32,0.854,1,0,18,4.35,1.0,0.072,83.3,3,0.0
Student_1513,T3_Fall,Program_D,Transfer,1,18,3.13,-0.37,0.787,1,0,18,2.15,0.824,0.277,73.8,7,0.0
Student_1514,T3_Fall,Program_A,Transfer,4,94,3.54,0.05,0.984,0,0,9,3.7,0.772,0.314,72.4,1,0.0
Student_1515,T3_Fall,Program_B,Transfer,4,107,2.28,-0.09,0.779,1,0,15,5.32,1.0,0.139,85.2,1,0.0
Student_1516,T3_Fall,Program_B,First_Year,4,106,2.69,-0.38,0.947,0,0,15,3.53,0.867,0.2,78.7,3,0.0
Student_1517,T3_Fall,Program_A,First_Year,4,83,3.25,-0.08,0.958,0,1,15,3.1,0.769,0.274,78.9,5,0.0
Student_1518,T3_Fall,Program_C,First_Year,1,2,2.26,-0.33,0.822,0,1,18,2.91,0.834,0.274,58.0,3,0.0
Student_1520,T3_Fall,Program_D,Transfer,3,70,3.05,-0.13,0.894,0,1,15,3.52,0.974,0.215,84.4,6,1.0
Student_1521,T3_Fall,Program_A,First_Year,3,65,1.83,0.09,0.621,1,2,18,3.95,0.912,0.13,74.3,5,0.0
Student_1522,T3_Fall,Program_B,First_Year,4,88,2.51,-0.24,1.0,0,0,15,4.02,0.929,0.194,82.9,1,0.0
Student_1523,T3_Fall,Program_C,First_Year,4,84,3.0,0.23,0.883,0,1,15,5.44,0.809,0.204,82.7,1,1.0
Student_1524,T3_Fall,Program_A,Transfer,4,83,2.43,0.35,0.751,1,0,18,5.44,0.894,0.154,64.8,0,0.0
Student_1525,T3_Fall,Program_D,First_Year,2,36,2.01,-0.27,0.766,1,0,15,3.8,0.853,0.249,68.9,3,0.0
Student_1526,T3_Fall,Program_B,First_Year,4,99,2.78,-0.03,0.706,1,0,15,3.74,0.676,0.37,72.4,1,0.0
Student_1527,T3_Fall,Program_B,First_Year,1,16,3.92,-0.03,1.0,0,0,15,3.4,0.867,0.122,94.2,4,0.0
Student_1529,T3_Fall,Program_D,First_Year,3,75,3.02,0.06,0.856,0,0,12,3.57,0.935,0.041,96.1,2,0.0
Student_1531,T3_Fall,Program_A,Transfer,1,24,3.36,-0.21,1.0,0,0,12,4.06,0.894,0.293,74.8,0,0.0
Student_1532,T3_Fall,Program_D,First_Year,2,48,3.37,-0.27,0.991,0,1,15,4.26,0.824,0.271,80.6,0,0.0
Student_1534,T3_Fall,Program_D,First_Year,4,90,3.44,-0.17,0.762,2,0,12,5.87,0.984,0.043,93.6,0,1.0
Student_1535,T3_Fall,Program_C,First_Year,4,107,3.33,0.46,0.77,1,0,15,4.88,0.889,0.091,84.0,4,0.0
Student_1536,T3_Fall,Program_C,First_Year,1,22,2.9,-0.19,0.926,0,0,9,4.75,0.869,0.105,72.3,5,0.0
Student_1537,T3_Fall,Program_B,First_Year,4,104,2.88,-0.32,0.821,0,1,15,3.48,0.854,0.166,83.9,3,0.0
Student_1538,T3_Fall,Program_A,Transfer,3,57,2.46,-0.35,0.879,0,0,15,0.57,0.677,0.411,75.1,2,0.0
Student_1539,T3_Fall,Program_C,First_Year,2,44,2.66,-0.08,0.72,1,0,12,2.28,0.704,0.234,59.6,3,1.0
Student_1541,T3_Fall,Program_D,Transfer,4,85,2.31,0.2,0.808,0,0,15,3.74,0.877,0.241,77.2,4,1.0
Student_1542,T3_Fall,Program_B,First_Year,1,23,1.73,-0.28,0.575,2,0,12,4.75,0.836,0.142,59.7,1,0.0
Student_1543,T3_Fall,Program_B,Transfer,2,51,2.15,0.09,0.832,0,0,15,2.96,0.917,0.135,89.8,4,1.0
Student_1544,T3_Fall,Program_B,Transfer,2,31,2.29,-0.17,0.93,0,0,18,4.0,0.961,0.0,80.3,0,0.0
Student_1545,T3_Fall,Program_A,Transfer,2,32,3.32,0.01,0.779,0,0,12,3.26,0.753,0.263,81.7,2,0.0
Student_1546,T3_Fall,Program_C,First_Year,2,38,2.14,0.14,0.694,1,0,18,4.52,1.0,0.149,72.9,2,0.0
Student_1547,T3_Fall,Program_A,First_Year,4,84,2.67,0.7,0.938,0,1,15,4.76,0.993,0.075,90.0,0,0.0
Student_1551,T3_Fall,Program_A,First_Year,1,22,2.6,-0.24,0.844,0,0,15,3.34,0.919,0.16,84.3,0,0.0
Student_1552,T3_Fall,Program_C,First_Year,2,52,3.31,-0.3,0.966,0,0,12,4.18,0.885,0.271,80.5,3,0.0
Student_1553,T3_Fall,Program_B,First_Year,3,75,2.96,-0.17,0.882,0,0,15,2.91,0.739,0.283,83.0,9,0.0
Student_1554,T3_Fall,Program_D,First_Year,3,62,2.45,-0.02,0.885,0,0,15,5.31,0.71,0.19,78.8,4,0.0
Student_1555,T3_Fall,Program_A,First_Year,2,40,3.55,0.03,0.922,0,0,15,3.35,0.932,0.213,93.7,0,0.0
Student_1556,T3_Fall,Program_B,First_Year,4,83,2.09,-0.09,0.878,0,0,12,2.72,0.735,0.32,72.2,8,1.0
Student_1557,T3_Fall,Program_B,First_Year,1,11,2.57,0.21,0.816,0,0,12,3.21,0.939,0.161,75.6,1,0.0
Student_1558,T3_Fall,Program_D,First_Year,2,53,2.63,-0.14,0.784,0,1,12,4.9,0.952,0.085,73.3,0,1.0
Student_1559,T3_Fall,Program_B,Transfer,4,86,2.59,-0.12,0.832,0,0,18,4.52,0.869,0.133,92.3,2,0.0
Student_1560,T3_Fall,Program_C,First_Year,4,90,2.85,0.18,0.812,0,0,12,4.3,0.788,0.271,80.6,1,0.0
Student_1561,T3_Fall,Program_B,First_Year,4,103,2.74,0.04,0.869,0,0,18,5.79,0.813,0.14,69.9,0,1.0
Student_1562,T3_Fall,Program_B,First_Year,3,56,2.86,-0.17,0.866,0,2,9,5.68,0.969,0.204,72.0,1,0.0
Student_1563,T3_Fall,Program_D,Transfer,4,83,3.13,0.23,0.869,0,0,15,3.59,0.749,0.25,69.8,3,1.0
Student_1565,T3_Fall,Program_B,First_Year,1,9,2.59,0.14,0.62,1,0,18,4.87,0.884,0.094,73.8,5,0.0
Student_1567,T3_Fall,Program_B,First_Year,1,15,2.86,0.18,0.94,0,0,15,6.22,1.0,0.0,79.2,0,0.0
Student_1570,T3_Fall,Program_A,First_Year,4,99,3.08,-0.84,0.761,0,0,12,3.86,0.569,0.328,66.7,4,0.0
Student_1571,T3_Fall,Program_A,First_Year,4,90,3.09,0.16,0.881,0,0,12,4.41,0.844,0.025,85.4,0,0.0
Student_1573,T3_Fall,Program_D,First_Year,1,11,2.62,-0.2,0.632,1,1,15,5.39,0.834,0.203,69.5,1,1.0
Student_1574,T3_Fall,Program_C,First_Year,2,50,2.75,-0.01,0.611,1,0,18,3.34,0.819,0.34,64.9,3,0.0
Student_1575,T3_Fall,Program_D,First_Year,1,0,3.41,-0.82,0.986,0,1,15,3.97,0.855,0.186,83.3,3,0.0
Student_1576,T3_Fall,Program_B,First_Year,1,12,2.32,-0.47,0.593,1,1,15,3.08,0.709,0.435,61.4,4,0.0
Student_1577,T3_Fall,Program_C,Transfer,4,100,2.44,-0.14,0.875,0,0,15,2.3,0.735,0.234,62.1,5,1.0
Student_1578,T3_Fall,Program_A,Transfer,4,90,2.63,-0.1,0.829,0,0,12,5.29,0.791,0.256,89.6,4,0.0
Student_1579,T3_Fall,Program_B,Transfer,3,65,2.46,0.16,0.874,0,1,18,2.9,0.87,0.181,71.0,2,0.0
Student_1580,T3_Fall,Program_A,Transfer,2,45,2.78,-0.28,0.653,2,0,15,4.49,0.85,0.2,79.0,4,1.0
Student_1581,T3_Fall,Program_B,First_Year,4,85,2.15,-0.22,0.773,1,0,18,3.65,1.0,0.082,73.4,0,0.0
Student_1583,T3_Fall,Program_B,Transfer,1,20,2.36,-0.24,0.809,0,1,9,3.05,0.86,0.199,84.4,7,0.0
Student_1584,T3_Fall,Program_B,First_Year,2,42,2.04,0.21,0.78,0,0,15,4.63,0.849,0.242,92.3,0,0.0
Student_1585,T3_Fall,Program_A,First_Year,4,105,3.1,0.04,0.917,0,0,18,3.38,0.976,0.256,69.5,4,0.0
Student_1586,T3_Fall,Program_B,Transfer,2,32,3.32,-0.36,0.83,1,1,9,4.55,0.722,0.252,66.3,3,0.0
Student_1588,T3_Fall,Program_D,Transfer,1,11,2.53,-0.26,0.757,1,0,18,3.95,0.768,0.293,73.7,3,0.0
Student_1590,T3_Fall,Program_B,Transfer,3,64,3.07,0.19,0.837,0,0,15,5.35,0.966,0.082,91.2,2,0.0
Student_1591,T3_Fall,Program_A,Transfer,2,36,2.65,0.57,0.698,1,0,18,3.79,0.7,0.171,76.4,5,0.0
Student_1592,T3_Fall,Program_B,First_Year,3,66,2.75,-0.22,0.585,1,0,15,3.36,0.677,0.215,68.0,0,0.0
Student_1593,T3_Fall,Program_B,First_Year,2,46,1.7,0.64,0.595,3,2,12,5.24,1.0,0.0,72.4,1,0.0
Student_1594,T3_Fall,Program_C,First_Year,3,66,3.67,0.27,0.886,0,0,18,4.21,0.919,0.133,91.4,1,0.0
Student_1595,T3_Fall,Program_C,First_Year,1,18,2.61,0.14,0.899,0,0,15,5.1,0.947,0.178,80.8,1,0.0
Student_1596,T3_Fall,Program_D,First_Year,3,71,2.06,0.01,0.95,0,0,12,3.21,0.893,0.035,88.5,2,0.0
Student_1597,T3_Fall,Program_A,First_Year,1,27,2.65,0.27,0.74,2,0,9,4.37,0.911,0.0,54.9,0,0.0
Student_1598,T3_Fall,Program_C,First_Year,3,54,1.94,0.11,0.79,0,1,15,4.65,0.742,0.183,73.3,4,0.0
Student_1599,T3_Fall,Program_D,First_Year,2,50,2.73,0.23,0.923,0,0,12,4.49,0.995,0.112,72.9,2,0.0
Student_1600,T3_Fall,Program_C,Transfer,4,103,3.55,-0.21,0.932,0,0,12,3.43,0.787,0.096,78.2,6,0.0
Student_1601,T3_Fall,Program_B,Transfer,2,34,2.59,-0.08,0.748,0,1,15,3.59,0.816,0.266,73.8,2,1.0
Student_1602,T3_Fall,Program_A,First_Year,3,54,3.33,-0.39,1.0,0,1,15,4.25,1.0,0.125,89.5,2,0.0
Student_1605,T3_Fall,Program_D,First_Year,4,106,2.58,0.64,0.819,0,0,18,4.47,0.811,0.175,73.5,0,0.0
Student_1606,T3_Fall,Program_D,Transfer,3,73,2.48,-0.07,0.901,0,1,12,1.49,0.751,0.262,50.5,6,0.0
Student_1607,T3_Fall,Program_B,First_Year,3,66,2.89,0.82,0.754,1,0,18,5.13,0.894,0.34,79.6,1,1.0
Student_1609,T3_Fall,Program_B,First_Year,3,66,1.84,0.9,0.783,0,0,12,4.07,0.9,0.191,77.3,0,0.0
Student_1610,T3_Fall,Program_D,First_Year,2,49,2.96,-0.05,0.692,2,0,18,4.15,0.99,0.152,67.7,0,0.0
Student_1613,T3_Fall,Program_A,First_Year,2,47,3.35,0.27,0.903,0,0,15,4.96,1.0,0.102,85.8,0,0.0
Student_1614,T3_Fall,Program_A,First_Year,1,17,2.64,0.17,0.598,1,1,12,2.24,0.903,0.245,69.3,3,0.0
Student_1615,T3_Fall,Program_D,First_Year,1,27,2.37,0.18,0.907,0,0,18,3.32,0.803,0.127,73.6,1,0.0
Student_1617,T3_Fall,Program_D,Transfer,2,30,2.07,-0.17,0.787,0,0,15,1.83,1.0,0.233,51.9,5,1.0
Student_1618,T3_Fall,Program_C,First_Year,3,65,3.47,-0.2,0.967,0,0,18,5.21,0.98,0.0,90.4,0,0.0
Student_1620,T3_Fall,Program_D,Transfer,3,81,3.18,-0.82,0.629,2,0,12,2.98,0.736,0.272,82.8,3,0.0
Student_1621,T3_Fall,Program_B,Transfer,1,26,1.8,0.31,0.835,0,0,12,4.07,0.884,0.107,57.6,4,0.0
Student_1622,T3_Fall,Program_C,First_Year,3,77,3.04,-0.3,0.938,0,2,12,3.1,0.686,0.237,64.5,3,0.0
Student_1623,T3_Fall,Program_D,Transfer,1,16,2.2,0.12,0.698,1,0,15,3.97,0.608,0.249,73.9,4,0.0
Student_1624,T3_Fall,Program_C,First_Year,1,26,3.29,0.48,1.0,0,0,18,4.95,0.97,0.077,78.4,0,0.0
Student_1626,T3_Fall,Program_C,First_Year,2,46,2.75,0.0,0.561,2,0,9,2.99,0.827,0.307,63.1,3,1.0
Student_1628,T3_Fall,Program_D,First_Year,4,106,1.87,-0.43,0.61,2,1,9,5.31,0.716,0.167,78.7,0,0.0
Student_1629,T3_Fall,Program_D,First_Year,1,26,2.98,-0.11,0.862,2,1,15,5.27,0.912,0.098,86.4,0,0.0
Student_1630,T3_Fall,Program_C,First_Year,2,43,1.6,-0.0,0.536,2,0,15,3.98,0.759,0.255,64.6,2,0.0
Student_1631,T3_Fall,Program_C,Transfer,4,87,2.88,0.4,0.734,1,0,18,4.68,1.0,0.0,68.8,3,0.0
Student_1632,T3_Fall,Program_A,Transfer,2,46,2.99,0.69,0.843,0,0,9,4.37,0.96,0.037,83.2,7,0.0
Student_1633,T3_Fall,Program_B,Transfer,3,60,2.88,-0.08,0.931,0,0,15,3.12,0.921,0.217,72.3,2,0.0
Student_1634,T3_Fall,Program_D,First_Year,2,51,3.61,-0.09,0.914,0,0,15,1.39,0.835,0.247,78.8,1,0.0
Student_1635,T3_Fall,Program_D,Transfer,1,7,2.28,-0.15,0.927,0,0,18,2.86,0.872,0.212,76.1,0,0.0
Student_1637,T3_Fall,Program_A,Transfer,2,37,3.06,0.08,0.845,0,1,15,4.26,0.994,0.115,81.5,2,0.0
Student_1638,T3_Fall,Program_C,Transfer,1,27,3.59,-0.2,0.966,0,0,15,4.46,0.9,0.143,78.4,4,0.0
Student_1639,T3_Fall,Program_D,Transfer,3,64,2.73,0.4,0.952,0,0,18,4.23,0.943,0.079,67.8,0,0.0
Student_1642,T3_Fall,Program_D,First_Year,4,86,2.8,0.15,0.885,0,0,9,3.26,0.941,0.154,95.3,1,0.0
Student_1643,T3_Fall,Program_A,First_Year,3,80,2.82,0.54,0.876,1,1,12,6.05,0.986,0.172,83.0,0,0.0
Student_1644,T3_Fall,Program_B,First_Year,4,99,2.12,-0.18,0.766,0,0,18,3.04,0.758,0.16,63.2,2,0.0
Student_1645,T3_Fall,Program_A,Transfer,4,83,2.94,-0.1,0.847,0,0,15,4.24,0.928,0.157,84.5,3,0.0
Student_1646,T3_Fall,Program_B,Transfer,4,91,2.71,-0.06,0.845,0,0,12,4.7,0.85,0.303,84.5,4,0.0
Student_1647,T3_Fall,Program_C,Transfer,2,43,3.1,0.15,0.946,0,1,12,4.78,0.829,0.099,82.9,4,0.0
Student_1649,T3_Fall,Program_B,First_Year,2,36,3.03,-0.28,0.873,0,0,12,4.11,1.0,0.035,74.0,0,0.0
Student_1650,T3_Fall,Program_A,Transfer,4,87,2.25,0.55,0.597,2,0,15,3.98,0.898,0.207,76.9,2,1.0
Student_1651,T3_Fall,Program_A,First_Year,1,6,1.2,-0.15,0.518,2,0,15,3.63,0.825,0.281,50.8,5,0.0
Student_1654,T3_Fall,Program_D,First_Year,2,54,2.53,-0.08,0.766,1,0,15,2.26,0.794,0.276,74.8,3,0.0
Student_1656,T3_Fall,Program_A,First_Year,1,18,2.97,-0.36,0.899,0,1,15,3.78,1.0,0.238,77.9,2,1.0
Student_1657,T3_Fall,Program_D,First_Year,3,74,2.8,0.22,0.78,1,1,12,4.78,0.813,0.181,92.1,0,0.0
Student_1658,T3_Fall,Program_C,First_Year,2,30,2.26,-0.24,0.832,1,1,15,4.58,0.712,0.255,68.9,1,0.0
Student_1659,T3_Fall,Program_B,First_Year,3,74,1.76,-0.48,0.7,0,0,12,3.9,0.695,0.388,59.9,4,1.0
Student_1660,T3_Fall,Program_A,First_Year,2,27,2.5,0.14,0.815,0,0,15,2.11,0.735,0.331,63.9,1,0.0
Student_1661,T3_Fall,Program_C,Transfer,3,62,2.45,0.07,0.674,3,0,15,5.73,1.0,0.0,78.0,5,0.0
Student_1663,T3_Fall,Program_B,First_Year,2,40,3.23,0.5,0.856,0,3,12,3.79,0.887,0.144,90.8,2,0.0
Student_1664,T3_Fall,Program_A,First_Year,4,98,2.65,0.36,0.862,0,0,12,5.91,1.0,0.0,93.8,4,0.0
Student_1666,T3_Fall,Program_B,First_Year,2,45,2.39,0.15,0.783,0,0,15,3.54,0.871,0.265,85.1,5,0.0
Student_1667,T3_Fall,Program_D,Transfer,2,31,2.57,0.34,0.775,1,0,9,4.52,0.941,0.13,86.6,0,0.0
Student_1669,T3_Fall,Program_B,First_Year,1,4,1.95,-0.17,0.748,0,0,15,4.42,0.845,0.105,62.1,1,0.0
Student_1670,T3_Fall,Program_C,First_Year,4,100,2.4,-0.24,0.78,1,1,15,4.07,0.635,0.219,86.7,1,1.0
Student_1671,T3_Fall,Program_C,First_Year,2,48,2.86,0.16,0.868,1,0,9,3.49,0.954,0.04,88.8,0,1.0
Student_1673,T3_Fall,Program_D,First_Year,4,86,2.49,0.08,0.812,0,0,15,2.19,0.852,0.103,73.8,3,0.0
Student_1674,T3_Fall,Program_D,First_Year,2,45,2.44,0.39,0.745,1,0,12,3.52,0.893,0.33,49.5,2,0.0
Student_1677,T3_Fall,Program_A,First_Year,3,65,2.88,0.13,0.915,0,0,12,2.23,0.815,0.17,68.4,5,0.0
Student_1678,T3_Fall,Program_A,First_Year,3,71,2.8,-0.59,0.817,0,0,15,5.3,0.999,0.172,80.1,4,0.0
Student_1679,T3_Fall,Program_A,Transfer,1,16,2.55,0.42,0.869,0,1,18,3.88,0.953,0.107,70.0,3,1.0
Student_1680,T3_Fall,Program_B,First_Year,2,35,2.61,0.44,0.92,0,0,9,3.85,0.983,0.086,79.3,5,1.0
Student_1681,T3_Fall,Program_B,First_Year,4,103,2.78,0.0,0.915,1,1,15,4.17,1.0,0.066,85.3,2,0.0
Student_1682,T3_Fall,Program_A,First_Year,2,41,2.76,0.31,0.735,1,0,12,3.03,1.0,0.156,54.5,2,0.0
Student_1684,T3_Fall,Program_B,Transfer,1,1,2.66,0.05,0.91,0,0,15,5.46,0.959,0.044,76.8,4,0.0
Student_1686,T3_Fall,Program_D,First_Year,4,90,3.31,-0.11,0.623,2,0,15,4.03,0.91,0.188,73.5,2,0.0
Student_1687,T3_Fall,Program_B,First_Year,4,81,3.03,-0.28,0.897,0,0,15,3.33,0.994,0.115,86.3,6,1.0
Student_1688,T3_Fall,Program_C,Transfer,4,96,3.42,0.19,0.906,0,1,15,4.66,0.896,0.128,86.9,0,0.0
Student_1689,T3_Fall,Program_B,Transfer,4,86,2.5,-0.02,0.762,1,0,15,3.57,1.0,0.0,95.1,1,0.0
Student_1690,T3_Fall,Program_A,Transfer,3,65,2.98,-0.3,0.78,1,1,12,3.14,0.862,0.264,77.2,1,0.0
Student_1691,T3_Fall,Program_C,First_Year,1,16,2.81,-0.06,0.979,0,0,12,4.44,0.971,0.207,75.1,1,0.0
Student_1693,T3_Fall,Program_B,Transfer,2,31,2.91,-1.01,0.824,0,0,15,2.78,0.778,0.295,76.9,4,0.0
Student_1695,T3_Fall,Program_C,First_Year,4,107,3.07,0.13,0.794,0,1,15,4.77,0.852,0.081,88.2,0,0.0
Student_1697,T3_Fall,Program_D,Transfer,1,25,3.06,-0.03,0.841,0,1,18,3.07,0.737,0.362,75.0,4,0.0
Student_1700,T3_Fall,Program_C,First_Year,1,27,2.16,-0.43,0.777,0,0,15,2.3,0.802,0.242,76.5,7,1.0
Student_1701,T3_Fall,Program_D,Transfer,4,108,3.56,-0.31,0.888,1,0,18,2.6,0.694,0.171,82.6,1,0.0
Student_1703,T3_Fall,Program_D,First_Year,2,36,2.54,0.15,0.675,1,0,18,4.57,0.842,0.154,75.7,0,0.0
Student_1704,T3_Fall,Program_A,Transfer,1,25,2.18,-0.63,0.746,0,0,12,3.57,0.761,0.204,69.9,0,0.0
Student_1705,T3_Fall,Program_D,Transfer,3,80,2.42,0.08,0.891,0,0,15,4.73,0.855,0.112,79.9,2,0.0
Student_1706,T3_Fall,Program_A,Transfer,3,75,3.39,0.14,0.79,0,0,12,4.19,0.961,0.17,88.0,1,0.0
Student_1707,T3_Fall,Program_D,First_Year,2,41,2.72,0.53,1.0,0,0,12,4.08,0.94,0.126,91.4,5,0.0
Student_1710,T3_Fall,Program_D,First_Year,3,76,2.67,0.09,0.703,1,0,18,4.4,0.916,0.303,71.1,4,1.0
Student_1712,T3_Fall,Program_B,First_Year,1,0,2.32,-0.56,0.79,1,1,15,2.94,0.693,0.222,68.6,3,0.0
Student_1713,T3_Fall,Program_A,First_Year,3,70,2.13,-0.01,0.896,1,0,15,4.0,0.949,0.076,71.9,6,0.0
Student_1714,T3_Fall,Program_C,First_Year,1,7,3.2,0.03,0.887,1,0,9,6.82,1.0,0.097,88.9,0,0.0
Student_1715,T3_Fall,Program_D,First_Year,4,103,2.7,0.32,0.812,1,1,15,4.94,1.0,0.0,82.2,0,0.0
Student_1717,T3_Fall,Program_D,Transfer,4,100,2.27,0.18,0.833,0,0,15,5.25,1.0,0.134,61.0,0,0.0
Student_1718,T3_Fall,Program_C,First_Year,2,43,2.86,-0.18,0.883,0,1,12,3.05,0.765,0.32,78.2,5,0.0
Student_1720,T3_Fall,Program_B,First_Year,3,65,1.75,-1.49,0.71,1,1,12,0.66,0.634,0.33,45.3,3,1.0
Student_1721,T3_Fall,Program_A,Transfer,3,78,2.31,-0.7,0.626,0,1,12,5.28,0.861,0.253,67.9,1,0.0
Student_1722,T3_Fall,Program_D,First_Year,1,18,2.6,0.66,0.798,1,1,15,5.15,1.0,0.055,73.0,0,0.0
Student_1723,T3_Fall,Program_B,Transfer,1,4,1.91,-0.3,0.759,1,0,15,3.23,0.734,0.208,75.2,2,1.0
Student_1725,T3_Fall,Program_A,First_Year,2,44,2.77,0.01,0.93,0,0,15,3.1,0.754,0.227,76.0,5,1.0
Student_1726,T3_Fall,Program_B,Transfer,4,90,2.14,-0.08,0.82,0,0,15,3.67,0.782,0.187,69.5,4,0.0
Student_1727,T3_Fall,Program_A,Transfer,4,101,2.82,-0.67,0.777,0,1,12,3.77,0.658,0.305,70.8,4,0.0
Student_1728,T3_Fall,Program_A,First_Year,4,84,2.97,0.29,0.952,0,0,15,3.24,1.0,0.198,71.5,0,0.0
Student_1730,T3_Fall,Program_D,First_Year,1,1,2.54,0.01,0.812,0,0,18,4.59,0.833,0.291,81.4,0,0.0
Student_1731,T3_Fall,Program_C,Transfer,2,46,3.06,-0.05,0.937,0,0,18,5.25,1.0,0.031,73.8,0,0.0
Student_1732,T3_Fall,Program_B,First_Year,3,79,2.25,0.56,0.742,0,2,12,4.32,0.795,0.345,80.3,1,0.0
Student_1733,T3_Fall,Program_B,First_Year,2,31,2.16,-0.25,0.773,0,0,15,1.61,0.77,0.341,68.8,1,0.0
Student_1734,T3_Fall,Program_C,First_Year,3,74,2.51,-0.51,0.921,0,0,15,2.24,0.798,0.266,79.1,5,0.0
Student_1737,T3_Fall,Program_B,Transfer,3,57,2.95,-0.39,0.817,0,0,9,3.12,0.713,0.381,77.8,0,0.0
Student_1738,T3_Fall,Program_D,First_Year,2,36,2.88,-0.09,0.907,0,1,18,5.35,0.729,0.309,71.4,3,0.0
Student_1739,T3_Fall,Program_A,Transfer,3,63,2.29,0.3,0.933,0,0,12,3.2,0.666,0.248,68.3,0,0.0
Student_1742,T3_Fall,Program_C,First_Year,3,69,2.99,0.06,0.737,1,0,15,2.34,0.714,0.29,79.6,2,0.0
Student_1744,T3_Fall,Program_D,First_Year,1,26,2.34,-0.29,0.978,0,0,12,4.82,1.0,0.006,70.0,4,0.0
Student_1746,T3_Fall,Program_C,Transfer,1,5,2.09,-0.35,0.642,1,0,12,3.29,0.781,0.179,62.3,2,0.0
Student_1747,T3_Fall,Program_C,First_Year,3,81,2.53,0.08,0.932,0,0,18,3.52,0.879,0.195,70.3,3,0.0
Student_1748,T3_Fall,Program_D,First_Year,2,44,2.09,-0.06,0.874,0,0,18,4.66,0.796,0.155,66.6,4,0.0
Student_1749,T3_Fall,Program_B,Transfer,3,65,3.52,-0.12,0.739,2,0,18,4.89,0.944,0.105,83.4,0,1.0
Student_1752,T3_Fall,Program_D,First_Year,3,75,2.98,-0.38,0.763,0,1,15,3.35,0.825,0.273,75.3,3,0.0
Student_1753,T3_Fall,Program_D,First_Year,4,106,2.74,0.11,0.992,0,0,18,4.9,0.996,0.198,80.7,0,1.0
Student_1755,T3_Fall,Program_B,First_Year,4,92,3.01,-0.01,0.824,0,1,15,2.9,0.822,0.265,73.0,0,0.0
Student_1756,T3_Fall,Program_A,First_Year,2,32,2.67,-0.3,0.872,0,0,15,5.18,0.795,0.081,70.4,2,0.0
Student_1757,T3_Fall,Program_D,First_Year,2,42,2.51,-0.91,0.691,1,1,12,0.99,0.62,0.406,72.9,5,0.0
Student_1758,T3_Fall,Program_A,First_Year,3,56,1.81,-0.09,0.795,0,0,15,3.18,0.984,0.063,72.4,6,0.0
Student_1760,T3_Fall,Program_B,First_Year,4,105,2.92,0.33,0.945,0,1,9,4.42,0.94,0.175,73.3,5,0.0
Student_1761,T3_Fall,Program_C,First_Year,2,33,1.24,-0.68,0.693,0,2,18,3.1,0.825,0.322,45.2,1,1.0
Student_1762,T3_Fall,Program_D,First_Year,3,65,1.84,-0.27,0.771,0,1,15,2.9,0.953,0.162,69.2,6,1.0
Student_1764,T3_Fall,Program_D,First_Year,1,16,3.49,0.15,0.957,0,1,12,4.88,0.889,0.0,85.7,0,0.0
Student_1765,T3_Fall,Program_A,Transfer,2,28,2.44,-0.7,0.778,0,0,15,3.59,0.698,0.354,69.6,4,0.0
Student_1766,T3_Fall,Program_C,First_Year,4,82,2.49,0.04,0.843,1,2,15,4.61,0.788,0.299,72.2,5,0.0
Student_1769,T3_Fall,Program_C,First_Year,1,8,3.12,0.05,0.915,1,0,9,4.19,0.96,0.031,80.1,4,1.0
Student_1771,T3_Fall,Program_D,First_Year,1,2,3.06,-0.09,0.958,0,0,15,3.35,0.95,0.158,69.9,5,0.0
Student_1772,T3_Fall,Program_A,First_Year,3,62,2.15,0.07,0.737,1,0,15,3.49,0.886,0.322,65.9,4,0.0
Student_1773,T3_Fall,Program_C,Transfer,1,3,2.69,-0.47,0.823,0,1,15,2.28,0.734,0.247,74.7,4,0.0
Student_1775,T3_Fall,Program_C,First_Year,3,69,3.7,0.63,0.988,0,0,12,2.9,1.0,0.096,92.8,0,0.0
Student_1776,T3_Fall,Program_C,First_Year,4,93,2.71,0.57,0.896,0,1,15,3.57,0.889,0.091,93.5,0,0.0
Student_1777,T3_Fall,Program_B,First_Year,4,87,2.19,-0.38,0.592,2,0,18,3.25,0.705,0.27,71.4,4,1.0
Student_1778,T3_Fall,Program_A,First_Year,2,29,2.68,0.76,0.834,0,1,12,3.89,0.838,0.205,79.3,3,0.0
Student_1779,T3_Fall,Program_A,First_Year,4,89,3.55,-0.72,0.775,1,0,15,4.25,0.656,0.282,99.0,2,1.0
Student_1780,T3_Fall,Program_D,First_Year,3,81,2.33,0.12,0.929,0,0,12,3.38,0.965,0.096,74.7,4,0.0
Student_1781,T3_Fall,Program_A,First_Year,2,40,1.54,-0.01,0.851,0,0,9,4.42,0.833,0.273,69.5,3,0.0
Student_1783,T3_Fall,Program_B,First_Year,2,33,2.44,-0.51,0.848,0,0,9,4.13,0.938,0.122,63.9,8,0.0
Student_1784,T3_Fall,Program_B,First_Year,2,49,3.59,-0.29,0.758,1,1,15,2.98,0.772,0.259,77.0,4,0.0
Student_1787,T3_Fall,Program_A,First_Year,3,75,2.53,0.39,0.757,1,1,15,5.67,1.0,0.074,75.3,1,0.0
Student_1788,T3_Fall,Program_D,First_Year,1,4,3.21,-0.18,0.738,1,0,12,2.62,0.79,0.259,69.6,3,0.0
Student_1789,T3_Fall,Program_A,Transfer,3,61,3.17,0.1,1.0,0,0,12,6.93,1.0,0.0,93.7,0,0.0
Student_1790,T3_Fall,Program_C,Transfer,2,47,2.68,0.1,0.882,0,0,12,2.48,0.783,0.272,73.9,5,0.0
Student_1791,T3_Fall,Program_C,Transfer,2,50,2.55,-0.12,0.952,0,0,15,2.72,0.841,0.304,63.3,3,0.0
Student_1792,T3_Fall,Program_C,Transfer,1,13,2.54,-0.12,0.855,1,0,12,3.81,0.811,0.211,78.6,2,1.0
Student_1793,T3_Fall,Program_B,First_Year,4,102,3.3,0.13,0.76,1,0,12,4.88,0.652,0.252,88.8,0,0.0
Student_1794,T3_Fall,Program_D,Transfer,2,48,2.57,0.1,0.681,1,0,15,4.98,0.851,0.235,68.5,3,0.0
Student_1795,T3_Fall,Program_B,First_Year,3,73,3.69,0.05,0.995,0,0,9,4.25,0.916,0.049,90.7,3,0.0
Student_1796,T3_Fall,Program_C,First_Year,4,86,2.32,0.52,0.974,0,0,15,5.61,0.785,0.184,86.4,3,1.0
Student_1798,T3_Fall,Program_A,Transfer,2,46,3.89,0.62,1.0,0,0,12,4.62,1.0,0.0,100.0,0,0.0
Student_1799,T3_Fall,Program_A,Transfer,2,47,2.05,-0.09,0.792,0,0,15,3.64,0.872,0.185,65.1,0,0.0
Student_1800,T3_Fall,Program_B,Transfer,2,54,3.35,-0.25,0.928,0,1,12,1.8,0.86,0.163,82.8,7,1.0
Student_1801,T3_Fall,Program_A,First_Year,4,89,3.16,0.11,0.968,0,1,18,4.79,0.8,0.138,94.0,1,0.0
Student_1802,T3_Fall,Program_D,First_Year,3,57,2.97,0.2,0.945,0,0,15,4.42,0.931,0.0,66.3,1,0.0
Student_1803,T3_Fall,Program_A,First_Year,1,23,2.97,0.37,0.743,1,0,18,2.85,0.979,0.016,56.8,3,0.0
Student_1804,T3_Fall,Program_D,First_Year,4,88,2.73,0.16,0.692,1,1,15,5.66,0.906,0.263,84.3,0,0.0
Student_1805,T3_Fall,Program_B,First_Year,3,71,2.03,0.01,0.845,0,0,15,4.4,0.884,0.124,82.9,0,0.0
Student_1806,T3_Fall,Program_B,Transfer,4,92,2.64,-0.01,0.684,1,1,9,3.7,0.832,0.337,69.8,5,0.0
Student_1808,T3_Fall,Program_D,First_Year,1,6,3.41,-0.15,0.759,1,0,18,5.06,0.932,0.139,96.3,1,0.0
Student_1809,T3_Fall,Program_A,First_Year,2,40,2.44,0.29,0.684,2,0,12,5.1,1.0,0.013,88.7,5,0.0
Student_1810,T3_Fall,Program_D,Transfer,1,13,3.29,0.89,0.823,1,1,15,4.73,0.839,0.174,80.7,5,0.0
Student_1811,T3_Fall,Program_B,First_Year,3,70,2.24,0.03,0.726,0,2,12,3.16,0.845,0.179,63.5,2,0.0
Student_1812,T3_Fall,Program_C,First_Year,2,45,3.38,0.01,1.0,0,1,15,5.5,0.928,0.037,93.2,0,0.0
Student_1813,T3_Fall,Program_A,First_Year,3,76,3.0,0.03,0.832,1,0,15,2.69,0.892,0.198,84.4,4,0.0
Student_1814,T3_Fall,Program_A,Transfer,2,49,3.16,-0.33,1.0,0,1,12,3.56,0.81,0.239,93.4,1,0.0
Student_1815,T3_Fall,Program_C,First_Year,1,21,2.98,0.05,0.881,0,0,18,4.34,0.773,0.207,76.9,3,0.0
Student_1816,T3_Fall,Program_D,Transfer,1,13,2.35,-0.05,0.708,1,0,18,4.48,0.893,0.164,60.6,4,0.0
Student_1817,T3_Fall,Program_C,First_Year,1,8,2.66,-0.48,0.819,1,0,15,1.55,0.739,0.225,95.0,5,0.0
Student_1818,T3_Fall,Program_D,First_Year,4,95,3.22,0.34,0.901,0,0,9,4.51,0.992,0.185,85.5,0,0.0
Student_1819,T3_Fall,Program_A,Transfer,3,57,2.97,0.16,0.819,1,0,15,2.66,0.851,0.092,90.6,2,0.0
Student_1820,T3_Fall,Program_A,First_Year,1,27,2.33,0.14,0.953,0,0,15,4.85,0.992,0.168,77.8,0,0.0
Student_1822,T3_Fall,Program_A,Transfer,1,17,2.77,0.49,0.851,1,0,12,4.98,1.0,0.0,69.7,1,0.0
Student_1823,T3_Fall,Program_B,First_Year,4,81,3.28,0.28,0.739,1,0,15,2.96,0.916,0.144,71.9,3,0.0
Student_1824,T3_Fall,Program_C,First_Year,2,34,2.82,-0.06,0.836,0,0,12,5.28,0.813,0.094,84.3,1,0.0
Student_1825,T3_Fall,Program_C,First_Year,4,94,2.99,-0.09,0.872,0,0,15,2.53,0.785,0.349,94.1,4,0.0
Student_1826,T3_Fall,Program_D,First_Year,4,82,2.65,0.28,0.9,0,1,18,4.11,0.774,0.232,83.4,0,0.0
Student_1827,T3_Fall,Program_D,First_Year,2,42,3.55,0.1,1.0,0,0,15,5.85,0.991,0.0,80.0,2,0.0
Student_1830,T3_Fall,Program_A,First_Year,2,32,3.21,0.13,0.82,0,0,15,2.05,0.72,0.204,72.5,3,0.0
Student_1831,T3_Fall,Program_D,Transfer,1,10,2.31,-0.32,0.682,2,1,9,2.82,0.818,0.069,87.2,2,0.0
Student_1832,T3_Fall,Program_A,Transfer,1,8,2.74,-0.22,0.873,0,0,9,1.01,0.795,0.407,73.7,6,1.0
Student_1833,T3_Fall,Program_B,First_Year,1,27,4.0,-0.15,0.955,0,0,12,3.0,0.737,0.239,86.0,5,1.0
Student_1834,T3_Fall,Program_C,Transfer,1,18,2.28,0.34,0.727,1,0,18,4.84,0.691,0.062,80.4,3,0.0
Student_1835,T3_Fall,Program_D,First_Year,2,38,2.4,0.08,0.77,1,1,15,1.33,0.83,0.298,51.7,9,0.0
Student_1836,T3_Fall,Program_A,Transfer,3,59,2.89,0.26,0.647,1,0,15,4.22,0.871,0.0,82.9,2,0.0
Student_1837,T3_Fall,Program_B,Transfer,3,80,2.04,0.0,0.594,2,1,18,2.93,0.88,0.236,57.4,1,0.0
Student_1838,T3_Fall,Program_A,Transfer,2,46,2.94,0.17,0.894,0,0,15,5.14,0.829,0.235,74.0,5,0.0
Student_1839,T3_Fall,Program_C,First_Year,2,33,3.39,-0.07,0.885,0,1,15,4.32,0.768,0.338,76.5,3,0.0
Student_1840,T3_Fall,Program_D,First_Year,3,70,3.1,-0.13,0.979,0,0,15,5.03,0.899,0.127,87.6,2,0.0
Student_1841,T3_Fall,Program_A,Transfer,3,65,3.0,-0.08,0.873,0,1,15,3.37,0.802,0.167,79.1,0,0.0
Student_1842,T3_Fall,Program_D,First_Year,2,35,3.49,1.0,0.956,0,0,15,3.94,0.942,0.102,79.9,5,0.0
Student_1843,T3_Fall,Program_A,First_Year,2,29,3.19,0.4,0.909,0,0,9,5.36,1.0,0.209,86.1,1,0.0
Student_1847,T3_Fall,Program_C,First_Year,3,62,2.95,-0.39,0.943,0,2,18,1.91,0.654,0.344,74.4,5,0.0
Student_1848,T3_Fall,Program_A,First_Year,3,74,2.51,-0.19,0.838,0,0,15,4.22,0.99,0.113,100.0,6,0.0
Student_1849,T3_Fall,Program_A,First_Year,2,46,3.2,0.35,0.916,0,0,15,2.57,0.733,0.292,77.5,5,0.0
Student_1850,T3_Fall,Program_B,First_Year,3,78,1.71,-0.68,0.799,0,0,12,1.75,0.565,0.416,75.9,6,1.0
Student_1851,T3_Fall,Program_B,Transfer,4,88,3.2,0.12,0.957,0,0,15,5.08,0.978,0.05,78.7,4,0.0
Student_1852,T3_Fall,Program_D,Transfer,1,27,2.9,-0.4,0.83,1,0,12,3.99,0.884,0.205,77.4,2,0.0
Student_1853,T3_Fall,Program_A,Transfer,3,63,3.39,0.07,0.958,0,2,15,3.59,0.844,0.135,96.3,4,0.0
Student_1854,T3_Fall,Program_D,First_Year,4,103,2.78,-0.31,0.891,0,0,12,1.8,0.642,0.341,73.0,4,0.0
Student_1855,T3_Fall,Program_B,First_Year,4,99,2.53,-0.53,0.858,0,0,15,2.43,0.806,0.262,54.9,0,1.0
Student_1856,T3_Fall,Program_B,First_Year,1,16,2.63,0.31,0.906,0,0,15,4.57,0.896,0.171,76.9,3,0.0
Student_1858,T3_Fall,Program_D,First_Year,2,41,2.9,-0.53,0.957,0,1,9,3.67,0.998,0.11,84.4,4,0.0
Student_1859,T3_Fall,Program_A,First_Year,1,6,2.47,-0.03,0.796,0,0,15,5.48,0.754,0.171,88.9,2,0.0
Student_1860,T3_Fall,Program_A,Transfer,2,32,3.66,0.7,0.951,0,0,15,4.72,0.862,0.193,98.4,0,0.0
Student_1861,T3_Fall,Program_D,Transfer,3,69,2.49,0.37,0.978,0,0,9,3.51,0.915,0.229,67.7,3,1.0
Student_1862,T3_Fall,Program_A,First_Year,3,71,3.03,0.55,0.919,0,0,12,1.74,0.868,0.168,66.6,6,1.0
Student_1863,T3_Fall,Program_C,Transfer,4,98,2.89,0.09,0.852,1,0,15,4.08,1.0,0.159,96.9,1,0.0
Student_1864,T3_Fall,Program_B,First_Year,1,9,2.57,0.08,0.884,0,0,15,3.62,0.912,0.217,89.5,2,1.0
Student_1865,T3_Fall,Program_C,First_Year,3,77,3.25,0.3,0.837,0,0,15,3.14,0.912,0.172,80.6,0,0.0
Student_1866,T3_Fall,Program_B,Transfer,2,31,3.58,0.3,0.993,0,0,12,4.76,0.961,0.069,90.0,2,0.0
Student_1867,T3_Fall,Program_A,Transfer,2,45,2.52,0.09,0.639,2,0,15,3.31,0.914,0.275,73.5,6,1.0
Student_1868,T3_Fall,Program_D,First_Year,3,68,3.58,1.0,0.954,0,0,15,4.35,0.96,0.179,86.3,4,0.0
Student_1869,T3_Fall,Program_C,First_Year,1,1,2.38,-0.07,0.688,2,1,12,3.74,0.692,0.354,75.9,1,1.0
Student_1870,T3_Fall,Program_D,Transfer,2,41,2.46,0.2,0.791,0,0,15,4.84,0.973,0.22,76.4,4,0.0
Student_1872,T3_Fall,Program_A,Transfer,4,95,2.3,-0.12,0.594,1,1,15,2.2,0.723,0.321,56.1,5,1.0
Student_1873,T3_Fall,Program_C,Transfer,2,53,2.67,-0.48,0.827,1,1,12,4.27,0.781,0.223,78.2,4,1.0
Student_1874,T3_Fall,Program_A,First_Year,1,17,3.17,-0.18,0.938,0,0,9,3.53,0.831,0.333,66.0,4,0.0
Student_1876,T3_Fall,Program_C,First_Year,1,10,2.72,0.1,0.954,0,1,15,5.22,1.0,0.133,87.0,0,0.0
Student_1877,T3_Fall,Program_B,First_Year,3,80,3.62,-0.23,0.897,1,0,15,2.11,0.811,0.24,74.3,6,0.0
Student_1878,T3_Fall,Program_D,First_Year,2,32,2.52,0.14,0.833,0,0,15,5.1,0.951,0.155,85.0,0,1.0
Student_1879,T3_Fall,Program_D,Transfer,1,7,3.15,0.63,0.878,0,1,15,5.96,0.87,0.098,86.6,2,1.0
Student_1880,T3_Fall,Program_A,First_Year,4,99,2.73,-0.22,0.905,0,0,12,2.75,0.754,0.15,69.0,3,1.0
Student_1881,T3_Fall,Program_A,First_Year,4,99,3.11,-0.14,0.773,1,0,9,3.43,0.789,0.237,70.4,3,0.0
Student_1882,T3_Fall,Program_A,First_Year,2,54,2.96,0.07,0.679,1,0,12,5.8,0.903,0.033,72.0,0,0.0
Student_1883,T3_Fall,Program_A,Transfer,3,54,2.0,-0.07,0.688,1,0,15,2.52,0.92,0.195,58.1,4,0.0
Student_1885,T3_Fall,Program_A,Transfer,2,36,2.73,0.23,1.0,0,0,15,3.91,0.888,0.184,87.0,2,0.0
Student_1886,T3_Fall,Program_D,First_Year,1,13,2.84,-0.09,0.898,0,0,12,3.63,0.772,0.212,88.6,6,1.0
Student_1887,T3_Fall,Program_D,Transfer,2,33,3.39,0.31,0.976,0,0,15,3.32,0.979,0.141,95.6,0,1.0
Student_1889,T3_Fall,Program_B,Transfer,3,74,2.69,0.82,0.897,0,0,15,6.22,0.974,0.13,75.7,0,0.0
Student_1890,T3_Fall,Program_C,First_Year,1,10,2.43,0.35,0.767,1,0,15,3.69,0.798,0.145,72.7,3,0.0
Student_1891,T3_Fall,Program_A,First_Year,2,47,2.74,-0.33,0.794,0,0,12,3.79,0.926,0.093,64.6,3,0.0
Student_1892,T3_Fall,Program_A,Transfer,1,10,3.14,0.18,0.912,0,0,18,4.36,0.768,0.318,94.0,0,0.0
Student_1893,T3_Fall,Program_A,First_Year,3,60,2.54,0.28,0.784,1,0,12,3.83,0.931,0.166,84.9,6,0.0
Student_1894,T3_Fall,Program_A,First_Year,2,54,2.1,0.18,0.87,1,0,12,3.65,0.985,0.119,81.5,5,0.0
Student_1895,T3_Fall,Program_B,Transfer,2,53,2.77,0.13,0.876,0,0,15,5.04,0.889,0.185,69.2,2,0.0
Student_1896,T3_Fall,Program_D,First_Year,1,14,2.75,0.27,0.699,1,2,15,5.01,0.763,0.253,72.9,0,1.0
Student_1897,T3_Fall,Program_D,Transfer,1,8,2.62,-0.26,0.768,0,0,18,3.1,0.763,0.324,78.5,5,0.0
Student_1898,T3_Fall,Program_A,Transfer,4,102,3.37,0.19,0.981,0,0,15,3.49,1.0,0.0,76.4,2,0.0
Student_1899,T3_Fall,Program_D,First_Year,3,60,2.03,0.01,0.935,0,0,15,7.0,0.958,0.059,75.9,1,0.0
Student_1900,T3_Fall,Program_C,First_Year,3,54,1.73,-0.29,0.755,1,0,9,3.81,0.969,0.136,58.6,1,0.0
Student_1901,T3_Fall,Program_B,First_Year,1,18,2.66,0.62,0.845,0,0,15,3.87,0.829,0.18,88.7,3,0.0
Student_1902,T3_Fall,Program_B,Transfer,2,50,2.46,-0.01,0.737,0,0,18,3.89,0.912,0.146,57.2,1,1.0
Student_1903,T3_Fall,Program_C,First_Year,1,14,3.53,0.24,0.952,0,0,12,4.65,0.93,0.235,97.7,0,0.0
Student_1904,T3_Fall,Program_A,Transfer,4,106,3.14,-0.34,0.75,1,0,15,5.86,0.928,0.103,75.6,0,1.0
Student_1905,T3_Fall,Program_D,First_Year,2,36,2.38,0.44,0.784,1,0,15,2.86,0.85,0.203,76.4,0,0.0
Student_1906,T3_Fall,Program_C,Transfer,2,50,2.32,0.72,0.812,0,0,12,4.66,0.915,0.271,74.1,4,0.0
Student_1907,T3_Fall,Program_D,First_Year,1,8,1.77,0.37,0.6,1,0,15,4.5,1.0,0.179,70.9,0,1.0
Student_1908,T3_Fall,Program_A,Transfer,4,102,2.56,0.25,0.726,1,0,15,2.71,0.932,0.074,82.1,0,0.0
Student_1909,T3_Fall,Program_C,First_Year,3,75,2.39,0.38,0.794,0,0,15,3.73,0.724,0.279,62.8,1,0.0
Student_1910,T3_Fall,Program_A,First_Year,3,64,3.65,-0.19,0.877,0,0,12,6.46,0.858,0.164,95.7,0,0.0
Student_1911,T3_Fall,Program_B,Transfer,2,35,2.76,-0.36,0.847,0,0,12,3.64,0.667,0.31,86.0,2,0.0
Student_1912,T3_Fall,Program_B,First_Year,1,19,1.97,-0.08,0.722,0,0,15,2.94,0.713,0.34,69.2,1,0.0
Student_1913,T3_Fall,Program_A,First_Year,3,78,1.92,0.2,0.818,0,0,18,3.22,0.893,0.307,71.4,3,0.0
Student_1914,T3_Fall,Program_C,First_Year,1,13,2.73,0.15,0.851,0,2,12,3.55,0.913,0.302,90.0,2,0.0
Student_1916,T3_Fall,Program_C,Transfer,2,51,2.71,0.06,0.859,0,1,15,4.07,0.857,0.1,83.4,3,0.0
Student_1918,T3_Fall,Program_A,First_Year,2,54,3.06,0.24,0.883,0,0,15,4.73,0.933,0.114,78.2,0,0.0
Student_1919,T3_Fall,Program_A,First_Year,3,65,2.29,0.45,0.793,0,0,12,3.43,0.869,0.241,76.6,6,0.0
Student_1921,T3_Fall,Program_C,First_Year,2,38,2.45,0.47,0.853,0,0,18,2.9,0.795,0.258,57.1,2,1.0
Student_1922,T3_Fall,Program_D,Transfer,3,58,2.14,-0.04,0.892,0,1,15,3.17,0.833,0.2,61.8,4,0.0
Student_1923,T3_Fall,Program_D,Transfer,1,23,2.23,-0.02,0.842,1,0,18,4.73,1.0,0.07,88.9,0,0.0
Student_1924,T3_Fall,Program_A,First_Year,2,37,3.04,0.25,0.897,0,1,15,4.27,0.865,0.266,82.6,1,0.0
Student_1925,T3_Fall,Program_A,Transfer,4,81,2.27,0.14,0.825,0,0,15,3.12,0.815,0.415,61.4,5,1.0
Student_1928,T3_Fall,Program_D,First_Year,1,27,2.31,-0.09,0.869,0,0,18,3.96,0.784,0.247,66.6,3,1.0
Student_1929,T3_Fall,Program_C,First_Year,1,6,2.28,0.22,0.469,3,1,18,4.06,0.843,0.157,66.3,3,1.0
Student_1930,T3_Fall,Program_B,First_Year,4,105,1.71,0.04,0.768,1,0,15,5.16,0.919,0.11,79.4,0,0.0
Student_1932,T3_Fall,Program_D,Transfer,3,66,2.7,-0.28,0.773,1,0,12,3.87,0.76,0.111,68.8,0,0.0
Student_1936,T3_Fall,Program_C,First_Year,1,7,3.23,-0.25,0.943,0,0,15,3.85,0.981,0.196,78.1,0,0.0
Student_1937,T3_Fall,Program_D,Transfer,4,94,2.51,0.29,0.669,1,0,15,4.98,0.888,0.173,77.5,0,0.0
Student_1938,T3_Fall,Program_D,Transfer,2,50,3.4,-0.09,0.864,0,1,12,4.35,0.767,0.146,86.8,3,0.0
Student_1939,T3_Fall,Program_D,First_Year,1,24,2.96,0.18,0.875,0,0,15,4.41,0.867,0.328,85.8,0,0.0
Student_1940,T3_Fall,Program_D,First_Year,2,33,3.28,0.27,0.99,0,1,15,5.5,0.9,0.147,82.0,0,0.0
Student_1941,T3_Fall,Program_B,Transfer,1,7,2.12,0.07,0.734,1,0,15,3.34,0.799,0.315,53.8,8,0.0
Student_1942,T3_Fall,Program_A,Transfer,4,90,2.77,0.03,0.758,1,0,12,3.09,0.754,0.223,63.2,2,1.0
Student_1943,T3_Fall,Program_A,First_Year,2,29,2.65,-0.82,0.85,0,0,18,2.58,0.761,0.32,92.1,0,0.0
Student_1944,T3_Fall,Program_A,Transfer,2,34,2.35,0.3,0.777,0,0,15,5.28,1.0,0.161,44.6,3,0.0
Student_1945,T3_Fall,Program_D,Transfer,2,36,3.75,0.13,1.0,0,0,12,3.64,1.0,0.046,81.7,1,0.0
Student_1946,T3_Fall,Program_C,First_Year,1,15,3.0,0.34,0.992,0,0,12,4.06,0.87,0.084,83.2,0,0.0
Student_1947,T3_Fall,Program_B,First_Year,2,37,2.12,-0.31,0.751,1,0,15,2.77,0.775,0.192,78.8,5,0.0
Student_1948,T3_Fall,Program_C,First_Year,4,106,2.26,-0.73,0.653,1,0,12,2.86,0.71,0.383,64.4,7,1.0
Student_1950,T3_Fall,Program_B,First_Year,2,47,2.38,-0.48,0.747,0,0,15,3.53,0.603,0.291,78.8,3,0.0
Student_1951,T3_Fall,Program_A,First_Year,2,36,2.33,-0.23,0.644,1,0,15,2.99,0.812,0.311,85.7,4,1.0
Student_1952,T3_Fall,Program_D,First_Year,4,102,2.64,0.21,0.923,0,0,12,4.72,0.909,0.209,89.5,1,0.0
Student_1953,T3_Fall,Program_B,First_Year,4,96,2.67,-0.05,0.779,0,1,15,3.84,0.786,0.146,56.7,7,0.0
Student_1954,T3_Fall,Program_C,Transfer,4,107,2.53,-0.56,0.768,0,1,9,2.08,0.778,0.261,59.3,1,0.0
Student_1957,T3_Fall,Program_D,First_Year,3,68,3.3,-0.35,0.981,0,0,15,4.51,0.975,0.135,78.8,0,1.0
Student_1958,T3_Fall,Program_D,Transfer,4,104,2.85,-0.15,0.824,2,0,15,2.54,0.873,0.263,64.4,4,0.0
Student_1959,T3_Fall,Program_D,First_Year,3,55,1.57,-0.09,0.792,0,1,15,5.04,0.753,0.141,60.6,4,1.0
Student_1960,T3_Fall,Program_D,First_Year,4,87,3.57,0.04,0.91,1,0,12,3.79,0.905,0.104,97.4,1,0.0
Student_1961,T3_Fall,Program_A,Transfer,3,61,3.11,-0.06,0.937,0,0,18,5.99,0.875,0.182,92.9,0,1.0
Student_1962,T3_Fall,Program_B,First_Year,3,75,2.63,-0.53,0.896,0,0,12,5.19,0.954,0.001,83.7,6,0.0
Student_1963,T3_Fall,Program_C,First_Year,3,55,2.8,-0.04,0.735,0,0,18,3.41,0.903,0.306,88.0,2,0.0
Student_1964,T3_Fall,Program_C,Transfer,3,81,3.17,0.11,0.905,0,0,18,2.21,0.932,0.247,80.4,6,1.0
Student_1965,T3_Fall,Program_A,Transfer,1,7,2.65,-0.01,0.783,0,0,12,5.15,1.0,0.197,72.0,0,0.0
Student_1966,T3_Fall,Program_C,First_Year,2,37,2.91,-0.15,0.504,3,1,12,3.73,0.703,0.264,74.1,4,1.0
Student_1967,T3_Fall,Program_B,First_Year,4,95,2.3,-0.3,0.906,0,0,15,2.58,0.868,0.389,86.3,5,1.0
Student_1968,T3_Fall,Program_C,Transfer,1,17,3.35,0.13,0.927,0,0,9,4.08,0.844,0.096,97.4,1,0.0
Student_1970,T3_Fall,Program_B,Transfer,4,89,2.52,-0.03,1.0,0,0,15,4.67,0.785,0.238,75.6,3,0.0
Student_1971,T3_Fall,Program_C,Transfer,2,45,2.77,-0.23,0.856,1,0,12,5.02,0.805,0.004,75.9,0,0.0
Student_1972,T3_Fall,Program_B,First_Year,2,29,2.06,-0.23,0.671,1,1,12,3.4,0.826,0.228,63.7,3,1.0
Student_1973,T3_Fall,Program_C,Transfer,2,30,2.97,0.26,0.685,2,2,12,6.11,1.0,0.069,89.3,0,0.0
Student_1974,T3_Fall,Program_C,First_Year,2,43,2.03,-0.6,0.867,0,0,15,4.14,0.927,0.158,66.3,1,0.0
Student_1975,T3_Fall,Program_A,Transfer,2,43,3.59,-0.3,0.886,0,0,12,3.93,0.649,0.329,89.4,3,0.0
Student_1976,T3_Fall,Program_A,Transfer,4,91,3.69,-0.23,0.931,0,0,15,4.65,0.768,0.264,88.3,0,1.0
Student_1977,T3_Fall,Program_A,Transfer,1,18,3.45,-0.09,1.0,0,1,15,5.7,1.0,0.071,100.0,0,0.0
Student_1978,T3_Fall,Program_D,Transfer,4,90,3.39,0.34,0.94,0,0,15,5.61,0.986,0.049,89.6,4,0.0
Student_1979,T3_Fall,Program_D,First_Year,4,83,2.98,-0.02,0.926,0,0,12,1.76,0.786,0.236,78.6,6,0.0
Student_1980,T3_Fall,Program_A,First_Year,4,103,3.57,-0.38,0.773,1,1,9,3.62,0.85,0.28,100.0,0,0.0
Student_1983,T3_Fall,Program_B,First_Year,2,47,3.46,0.09,0.834,0,1,12,3.98,0.761,0.216,88.5,4,0.0
Student_1984,T3_Fall,Program_B,Transfer,1,13,3.2,-0.02,0.784,2,0,12,3.57,0.91,0.224,77.0,4,0.0
Student_1985,T3_Fall,Program_C,First_Year,3,78,3.65,0.37,1.0,0,0,15,4.49,0.969,0.081,92.4,3,0.0
Student_1987,T3_Fall,Program_B,Transfer,3,63,3.44,-0.6,0.949,0,1,15,4.22,0.949,0.029,92.1,1,0.0
Student_1988,T3_Fall,Program_A,Transfer,1,14,2.41,-0.6,0.798,1,0,15,2.2,0.627,0.289,74.8,5,0.0
Student_1989,T3_Fall,Program_A,First_Year,3,69,3.32,0.12,0.93,0,0,15,4.07,1.0,0.199,80.0,3,0.0
Student_1990,T3_Fall,Program_D,Transfer,4,93,3.45,0.94,1.0,0,1,18,4.82,1.0,0.106,92.7,0,0.0
Student_1991,T3_Fall,Program_D,First_Year,3,59,3.49,0.14,0.951,0,0,12,4.13,0.958,0.099,98.6,1,0.0
Student_1992,T3_Fall,Program_B,First_Year,3,78,2.73,0.1,0.838,1,1,15,3.39,0.891,0.143,81.4,0,0.0
Student_1993,T3_Fall,Program_B,First_Year,2,42,3.47,-0.12,0.935,0,0,15,3.78,0.742,0.093,88.4,4,0.0
Student_1995,T3_Fall,Program_B,Transfer,2,46,2.88,0.22,0.859,1,0,12,4.8,0.86,0.237,75.1,2,1.0
Student_1996,T3_Fall,Program_A,First_Year,1,5,1.75,-0.22,0.725,0,1,18,3.77,0.875,0.244,67.1,0,0.0
Student_1998,T3_Fall,Program_C,Transfer,2,44,2.68,-0.08,0.895,0,0,18,4.09,0.79,0.264,86.8,2,1.0
Student_2000,T3_Fall,Program_A,First_Year,4,81,3.74,-0.09,1.0,0,0,18,3.96,1.0,0.042,79.3,5,0.0
Student_2001,T3_Fall,Program_D,Transfer,1,24,2.33,0.81,0.832,0,0,15,4.09,0.888,0.262,76.3,0,0.0
Student_2002,T3_Fall,Program_C,First_Year,1,0,2.86,-0.25,0.942,0,0,18,4.95,0.862,0.188,81.1,0,0.0
Student_2003,T3_Fall,Program_D,First_Year,1,26,2.54,-0.11,0.874,0,1,12,3.32,0.734,0.345,93.1,0,0.0
Student_2004,T3_Fall,Program_C,First_Year,1,16,3.72,-0.02,1.0,0,0,15,4.82,0.869,0.142,100.0,3,0.0
Student_2005,T3_Fall,Program_C,First_Year,4,81,2.06,0.12,0.76,1,0,18,5.08,0.832,0.165,85.0,2,1.0
Student_2006,T3_Fall,Program_C,Transfer,2,35,3.42,0.03,0.867,1,0,9,2.52,0.842,0.198,71.8,5,1.0
Student_2007,T3_Fall,Program_B,Transfer,2,35,2.89,0.58,0.901,0,0,15,5.4,1.0,0.186,100.0,0,0.0
Student_2011,T3_Fall,Program_B,First_Year,2,51,1.93,0.03,0.657,0,0,15,3.65,0.788,0.291,67.7,2,0.0
Student_2013,T3_Fall,Program_D,First_Year,4,89,2.53,0.82,0.713,1,0,15,4.3,0.826,0.158,91.5,2,0.0
Student_2015,T3_Fall,Program_C,Transfer,4,87,3.05,-0.07,0.815,0,0,12,3.51,0.879,0.181,71.8,0,0.0
Student_2016,T3_Fall,Program_D,Transfer,1,16,1.96,-0.28,0.833,0,0,18,2.62,0.754,0.516,63.4,1,1.0
Student_2017,T3_Fall,Program_A,First_Year,1,22,2.31,0.29,1.0,0,1,15,4.73,1.0,0.102,80.2,4,1.0
Student_2018,T3_Fall,Program_D,First_Year,3,69,2.79,-0.04,0.855,0,1,12,5.34,0.896,0.176,71.7,1,0.0
Student_2019,T3_Fall,Program_A,First_Year,2,41,1.8,-0.01,0.751,0,0,15,3.48,0.718,0.283,46.3,0,0.0
Student_2020,T3_Fall,Program_A,First_Year,4,90,3.08,0.32,0.839,0,0,18,3.45,0.879,0.072,69.8,1,0.0
Student_2021,T3_Fall,Program_D,Transfer,2,45,2.65,0.63,0.968,0,0,15,3.59,1.0,0.02,63.4,3,0.0
Student_2022,T3_Fall,Program_B,Transfer,3,54,3.5,0.27,1.0,0,0,15,5.89,0.957,0.0,100.0,5,0.0
Student_2023,T3_Fall,Program_D,Transfer,4,97,3.13,0.06,0.995,0,1,15,4.7,0.84,0.223,75.9,0,0.0
Student_2024,T3_Fall,Program_B,First_Year,1,19,3.1,-0.26,0.914,0,0,12,2.42,0.99,0.124,88.2,1,0.0
Student_2025,T3_Fall,Program_C,First_Year,3,75,3.29,0.19,0.963,0,0,15,4.84,1.0,0.131,99.9,3,0.0
Student_2026,T3_Fall,Program_A,First_Year,2,42,2.0,0.3,0.486,3,1,12,5.15,0.992,0.078,62.3,1,0.0
Student_2027,T3_Fall,Program_A,First_Year,4,85,2.72,0.53,0.917,0,0,18,4.35,0.831,0.086,81.8,2,0.0
Student_2028,T3_Fall,Program_C,Transfer,2,43,2.04,-0.01,0.776,0,0,9,4.27,0.967,0.057,55.5,3,0.0
Student_2029,T3_Fall,Program_C,Transfer,2,38,3.52,-0.01,1.0,0,0,15,3.83,0.763,0.333,99.7,4,0.0
Student_2031,T3_Fall,Program_D,First_Year,2,50,2.3,-0.56,0.82,0,1,15,4.83,0.9,0.213,58.6,3,1.0
Student_2032,T3_Fall,Program_B,First_Year,4,106,2.68,-0.13,0.798,0,0,15,4.3,0.814,0.273,72.7,4,0.0
Student_2033,T3_Fall,Program_C,Transfer,3,79,2.83,-0.58,0.887,0,1,15,4.16,0.912,0.065,65.0,1,0.0
Student_2034,T3_Fall,Program_A,First_Year,3,72,3.2,0.04,0.96,0,1,15,4.96,0.794,0.183,95.6,0,0.0
Student_2037,T3_Fall,Program_D,First_Year,1,18,2.6,0.25,0.853,0,0,15,5.2,0.926,0.187,83.9,1,0.0
Student_2038,T3_Fall,Program_B,First_Year,4,85,2.22,-0.13,0.825,1,0,9,5.04,0.821,0.24,68.8,0,0.0
Student_2039,T3_Fall,Program_A,First_Year,1,6,2.84,0.14,0.901,0,0,15,5.32,0.911,0.079,78.0,0,0.0
Student_2041,T3_Fall,Program_B,First_Year,1,15,3.35,0.13,0.735,1,0,9,4.03,0.85,0.126,93.1,2,0.0
Student_2042,T3_Fall,Program_B,First_Year,2,28,2.48,0.07,0.794,0,1,15,3.17,0.789,0.34,81.4,2,0.0
Student_2043,T3_Fall,Program_C,First_Year,4,104,1.88,0.1,0.783,0,1,15,3.66,0.743,0.226,62.7,0,0.0
Student_2044,T3_Fall,Program_A,Transfer,2,28,1.98,-0.31,0.668,1,1,15,3.64,0.834,0.168,55.3,0,0.0
Student_2045,T3_Fall,Program_D,Transfer,1,23,2.37,-0.05,0.625,2,0,15,1.8,0.726,0.231,67.8,3,0.0
Student_2046,T3_Fall,Program_C,Transfer,1,6,3.2,0.14,0.89,0,2,12,4.22,1.0,0.058,75.2,6,0.0
Student_2047,T3_Fall,Program_A,First_Year,3,54,2.62,-0.15,0.765,1,1,15,3.22,0.862,0.258,84.1,6,0.0
Student_2048,T3_Fall,Program_C,First_Year,2,31,2.56,0.41,0.937,0,0,18,2.61,0.883,0.071,70.4,3,0.0
Student_2050,T3_Fall,Program_A,First_Year,3,60,1.98,-0.17,0.84,0,2,12,2.43,0.808,0.343,71.4,2,0.0
Student_2051,T3_Fall,Program_A,Transfer,2,35,1.33,0.15,0.548,2,1,15,5.08,0.852,0.186,89.0,0,1.0
Student_2052,T3_Fall,Program_C,Transfer,2,46,3.4,0.43,0.988,0,2,18,4.86,0.885,0.096,76.7,0,0.0
Student_2053,T3_Fall,Program_C,First_Year,4,108,2.2,-0.14,0.813,0,0,9,6.5,0.863,0.084,74.0,0,0.0
Student_2054,T3_Fall,Program_B,First_Year,3,59,1.87,-0.11,0.731,1,1,12,1.74,0.812,0.266,78.4,5,1.0
Student_2055,T3_Fall,Program_A,First_Year,1,18,3.35,0.64,0.985,0,1,15,3.92,0.833,0.173,78.4,0,0.0
Student_2056,T3_Fall,Program_C,First_Year,3,64,2.82,0.46,0.879,1,0,18,5.87,1.0,0.093,70.6,0,0.0
Student_2058,T3_Fall,Program_C,First_Year,3,55,2.17,-0.21,0.823,0,0,15,3.67,0.814,0.275,57.9,2,0.0
Student_2059,T3_Fall,Program_B,First_Year,1,3,2.94,0.17,0.893,0,1,12,4.32,0.765,0.176,83.4,6,1.0
Student_2060,T3_Fall,Program_C,First_Year,1,12,2.93,0.02,0.914,1,0,15,4.24,0.971,0.054,92.0,5,1.0
Student_2061,T3_Fall,Program_D,Transfer,3,78,2.71,0.08,0.994,0,1,12,4.32,0.747,0.184,76.8,4,1.0
Student_2062,T3_Fall,Program_C,First_Year,4,96,3.06,-0.13,0.768,1,0,15,1.93,0.753,0.115,73.9,2,0.0
Student_2063,T3_Fall,Program_D,Transfer,2,38,2.28,-0.58,0.762,1,0,18,2.6,0.89,0.314,62.8,10,1.0
Student_2064,T3_Fall,Program_B,First_Year,4,100,2.64,-0.51,0.892,0,0,15,3.5,0.901,0.0,76.7,5,0.0
Student_2065,T3_Fall,Program_A,First_Year,3,72,3.21,-0.08,0.826,0,0,15,4.05,0.848,0.181,70.8,3,0.0
Student_2066,T3_Fall,Program_A,First_Year,3,74,2.3,-0.24,0.922,0,0,12,2.67,0.858,0.19,76.1,3,0.0
Student_2067,T3_Fall,Program_A,First_Year,2,48,2.45,0.04,0.967,0,0,12,6.51,1.0,0.164,94.2,0,0.0
Student_2068,T3_Fall,Program_D,First_Year,3,64,2.93,0.13,0.961,1,0,15,3.66,0.769,0.124,84.6,3,0.0
Student_2069,T3_Fall,Program_D,First_Year,3,78,1.74,-0.67,0.58,2,0,15,3.91,0.765,0.051,70.8,2,1.0
Student_2071,T3_Fall,Program_C,First_Year,2,49,3.02,-0.38,0.955,0,0,15,2.88,0.835,0.162,88.2,5,0.0
Student_2072,T3_Fall,Program_A,Transfer,1,5,2.12,0.23,0.775,0,0,15,4.49,0.798,0.274,65.7,0,0.0
Student_2073,T3_Fall,Program_B,First_Year,3,70,3.33,-0.13,0.829,1,0,15,4.04,0.875,0.219,76.2,2,0.0
Student_2074,T3_Fall,Program_B,First_Year,3,79,3.21,-0.42,0.663,1,0,12,2.59,0.778,0.239,68.9,2,0.0
Student_2075,T3_Fall,Program_B,First_Year,4,108,1.54,0.05,0.847,0,0,15,3.4,0.911,0.35,62.4,4,1.0
Student_2076,T3_Fall,Program_A,First_Year,3,75,2.62,0.04,0.928,0,0,15,3.28,0.894,0.142,76.9,6,0.0
Student_2077,T3_Fall,Program_B,First_Year,2,30,3.01,-0.19,0.953,0,0,12,4.71,0.8,0.336,90.4,2,1.0
Student_2078,T3_Fall,Program_B,First_Year,2,48,1.94,0.44,0.79,1,0,15,5.2,0.829,0.067,73.8,0,0.0
Student_2080,T3_Fall,Program_C,First_Year,2,36,1.99,-0.08,0.725,1,0,15,3.79,0.896,0.0,66.0,2,0.0
Student_2081,T3_Fall,Program_D,First_Year,4,96,3.5,0.36,0.921,0,0,12,5.54,1.0,0.042,100.0,2,0.0
Student_2082,T3_Fall,Program_C,First_Year,1,24,2.96,0.07,0.864,0,0,9,3.04,0.956,0.1,80.7,5,1.0
Student_2083,T3_Fall,Program_A,Transfer,4,94,2.88,0.06,0.946,0,0,15,6.1,1.0,0.272,69.5,0,1.0
Student_2086,T3_Fall,Program_A,First_Year,3,74,2.9,-0.1,0.878,0,0,12,3.49,0.804,0.33,75.9,7,0.0
Student_2089,T3_Fall,Program_A,First_Year,1,1,2.25,0.22,0.826,0,0,12,4.59,0.865,0.176,77.1,2,0.0
Student_2092,T3_Fall,Program_A,Transfer,2,49,3.08,-0.17,0.901,0,0,12,3.17,0.922,0.114,71.5,2,0.0
Student_2095,T3_Fall,Program_C,Transfer,4,100,3.26,-0.6,0.876,0,0,15,3.41,0.817,0.212,82.9,4,0.0
Student_2096,T3_Fall,Program_B,First_Year,1,27,3.06,0.26,0.906,0,0,15,5.36,0.934,0.121,77.7,0,0.0
Student_2097,T3_Fall,Program_B,First_Year,3,72,2.63,-0.39,0.715,0,0,12,3.04,0.771,0.325,77.7,5,0.0
Student_2098,T3_Fall,Program_B,Transfer,4,102,2.66,0.01,0.895,0,0,12,3.18,0.915,0.221,75.3,7,0.0
Student_2099,T3_Fall,Program_B,Transfer,1,7,2.75,-0.28,0.911,0,0,12,4.03,0.802,0.137,83.3,0,0.0
Student_2100,T3_Fall,Program_A,First_Year,3,77,3.13,-0.28,0.942,0,0,18,5.6,0.93,0.116,88.6,0,0.0
Student_2105,T3_Fall,Program_B,First_Year,3,56,2.5,0.42,0.811,1,0,15,2.15,0.9,0.171,88.8,4,0.0
Student_2106,T3_Fall,Program_A,First_Year,3,68,2.77,0.28,0.877,0,0,18,4.67,0.807,0.268,81.8,3,0.0
Student_2107,T3_Fall,Program_C,First_Year,2,27,3.01,-0.7,0.844,1,0,18,1.51,0.809,0.192,76.6,9,0.0
Student_2108,T3_Fall,Program_C,First_Year,3,69,1.96,-0.27,0.604,1,0,18,3.63,0.796,0.116,77.6,6,1.0
Student_2109,T3_Fall,Program_B,First_Year,2,27,2.7,-0.7,0.859,0,0,18,2.64,0.68,0.261,74.2,0,0.0
Student_2110,T3_Fall,Program_A,Transfer,3,60,3.29,-0.33,0.962,0,2,15,4.24,0.824,0.066,75.8,2,0.0
Student_2112,T3_Fall,Program_B,First_Year,4,91,3.14,0.0,0.922,0,0,15,4.74,0.914,0.087,65.9,2,0.0
Student_2115,T3_Fall,Program_A,First_Year,3,60,2.69,0.4,0.968,0,1,12,4.19,0.944,0.058,70.9,2,0.0
Student_2117,T3_Fall,Program_C,Transfer,3,79,3.25,0.13,0.892,1,0,15,6.22,0.975,0.021,80.7,0,1.0
Student_2118,T3_Fall,Program_A,First_Year,1,5,2.34,-0.28,0.9,0,1,15,4.86,0.889,0.112,73.8,3,0.0
Student_2120,T3_Fall,Program_B,First_Year,4,104,2.29,0.03,0.909,0,1,12,4.65,0.835,0.134,76.9,3,0.0
Student_2121,T3_Fall,Program_D,Transfer,2,36,2.14,0.42,0.881,1,0,12,4.62,0.979,0.044,70.3,1,0.0
Student_2122,T3_Fall,Program_B,Transfer,4,93,2.17,-0.26,0.643,2,0,15,4.42,0.961,0.184,77.9,2,1.0
Student_2124,T3_Fall,Program_C,Transfer,4,93,1.87,0.68,0.658,1,0,12,3.92,1.0,0.041,71.7,4,0.0
Student_2125,T3_Fall,Program_B,First_Year,3,69,2.52,-0.0,0.793,1,0,9,3.22,0.899,0.258,69.5,3,0.0
Student_2126,T3_Fall,Program_B,First_Year,1,14,2.44,-0.28,0.826,0,0,12,3.59,0.917,0.206,72.3,4,0.0
Student_2127,T3_Fall,Program_C,Transfer,1,3,1.83,-1.16,0.77,0,0,15,1.66,0.76,0.203,58.1,3,0.0
Student_2129,T3_Fall,Program_C,Transfer,1,7,3.27,0.05,0.913,0,0,15,3.34,0.785,0.177,76.7,0,0.0
Student_2130,T3_Fall,Program_A,First_Year,4,92,2.81,-1.52,0.828,1,0,18,4.09,0.817,0.166,73.8,3,0.0
Student_2131,T3_Fall,Program_A,First_Year,1,7,2.35,0.05,0.661,1,0,15,5.4,0.913,0.039,76.6,1,0.0
Student_2132,T3_Fall,Program_C,Transfer,4,99,2.83,0.23,0.87,0,0,15,3.17,0.859,0.301,74.0,0,1.0
Student_2133,T3_Fall,Program_D,Transfer,2,30,2.29,0.0,0.918,0,1,12,3.73,0.9,0.215,78.7,0,0.0
Student_2134,T3_Fall,Program_B,First_Year,1,26,2.08,0.53,0.733,0,1,18,5.63,0.916,0.173,67.2,4,0.0
Student_2136,T3_Fall,Program_D,Transfer,4,106,2.68,-0.31,0.799,0,0,12,1.93,0.687,0.314,74.2,3,0.0
Student_2137,T3_Fall,Program_D,First_Year,1,4,1.71,-0.07,0.739,1,1,12,3.44,0.766,0.324,70.4,1,0.0
Student_2138,T3_Fall,Program_A,First_Year,3,58,2.63,-0.02,0.76,1,0,12,2.63,0.826,0.272,75.8,4,1.0
Student_2139,T3_Fall,Program_C,First_Year,3,58,3.84,0.23,0.979,0,0,15,2.11,1.0,0.277,86.8,2,0.0
Student_2140,T3_Fall,Program_C,Transfer,1,2,1.69,0.19,0.592,2,0,9,4.8,0.866,0.13,77.7,0,0.0
Student_2142,T3_Fall,Program_C,Transfer,4,96,3.01,-0.15,0.867,0,0,15,2.9,0.806,0.127,52.1,3,0.0
Student_2143,T3_Fall,Program_D,First_Year,2,43,2.87,0.55,0.793,1,2,15,5.11,1.0,0.129,81.4,0,0.0
Student_2144,T3_Fall,Program_D,First_Year,1,27,2.65,0.03,0.89,0,0,18,3.97,0.95,0.198,79.1,5,0.0
Student_2145,T3_Fall,Program_B,First_Year,3,77,2.12,-0.0,0.887,0,1,15,3.74,0.924,0.198,66.5,0,0.0
Student_2146,T3_Fall,Program_C,Transfer,3,73,2.35,-0.17,0.744,1,0,12,2.8,0.768,0.131,77.9,3,1.0
Student_2147,T3_Fall,Program_D,First_Year,3,59,2.82,1.0,0.866,0,0,18,3.57,0.872,0.234,72.6,3,0.0
Student_2148,T3_Fall,Program_A,First_Year,2,34,2.34,-0.34,0.923,0,0,18,3.71,0.871,0.286,60.0,4,0.0
Student_2149,T3_Fall,Program_A,First_Year,4,97,2.57,-0.02,1.0,0,1,15,5.05,0.894,0.046,85.2,0,0.0
Student_2150,T3_Fall,Program_B,Transfer,1,16,2.79,0.48,0.921,0,0,9,4.34,0.924,0.127,73.1,2,0.0
Student_2151,T3_Fall,Program_A,First_Year,1,26,2.03,-0.22,0.714,1,1,15,3.22,0.886,0.165,63.1,3,1.0
Student_2152,T3_Fall,Program_A,Transfer,4,108,2.29,-0.06,0.937,0,1,15,3.93,0.865,0.152,81.7,4,1.0
Student_2153,T3_Fall,Program_B,First_Year,1,20,2.7,-0.24,0.907,0,0,15,2.83,0.888,0.322,66.8,1,0.0
Student_2154,T3_Fall,Program_A,First_Year,3,59,2.56,0.35,0.882,0,0,15,5.52,0.933,0.022,84.1,2,0.0
Student_2155,T3_Fall,Program_A,First_Year,2,42,2.89,-0.18,0.703,1,0,15,4.64,0.892,0.142,76.9,1,0.0
Student_2156,T3_Fall,Program_A,Transfer,1,24,3.25,-0.63,0.582,3,0,15,4.95,0.881,0.084,60.5,3,0.0
Student_2157,T3_Fall,Program_D,Transfer,2,51,2.76,-0.06,0.794,0,0,15,3.84,0.685,0.368,68.1,3,0.0
Student_2158,T3_Fall,Program_B,First_Year,2,40,1.49,0.48,0.736,0,0,12,3.6,0.847,0.309,56.7,3,1.0
Student_2159,T3_Fall,Program_B,Transfer,2,50,2.81,0.38,0.67,2,1,12,4.23,0.805,0.172,80.5,2,0.0
Student_2160,T3_Fall,Program_B,First_Year,3,77,3.15,-0.08,0.869,1,1,12,3.87,0.97,0.181,82.8,1,0.0
Student_2161,T3_Fall,Program_A,First_Year,4,88,2.39,0.34,0.752,1,0,18,3.8,0.991,0.15,81.4,4,0.0
Student_2162,T3_Fall,Program_A,First_Year,2,37,3.19,-0.26,0.852,0,1,12,2.05,0.653,0.226,76.5,9,1.0
Student_2163,T3_Fall,Program_A,First_Year,1,12,2.97,0.14,0.889,0,0,18,2.5,0.847,0.303,100.0,5,0.0
Student_2164,T3_Fall,Program_A,First_Year,3,60,2.91,-0.28,0.936,0,2,12,3.15,0.839,0.096,94.2,0,0.0
Student_2166,T3_Fall,Program_A,Transfer,3,77,1.67,-0.03,0.649,0,0,12,3.1,0.834,0.194,56.2,4,1.0
Student_2167,T3_Fall,Program_C,First_Year,2,45,2.04,0.26,0.854,0,0,15,4.42,0.806,0.14,75.4,0,0.0
Student_2168,T3_Fall,Program_D,First_Year,3,64,2.99,0.09,0.782,0,0,15,2.89,0.9,0.227,63.8,3,1.0
Student_2169,T3_Fall,Program_C,First_Year,4,103,2.36,-0.16,0.712,1,0,18,3.42,0.623,0.273,91.6,3,1.0
Student_2170,T3_Fall,Program_A,First_Year,2,28,3.84,-0.31,1.0,0,0,15,2.39,0.848,0.119,100.0,1,1.0
Student_2171,T3_Fall,Program_B,First_Year,2,52,2.37,0.21,0.667,1,1,15,4.09,0.917,0.254,72.6,0,0.0
Student_2172,T3_Fall,Program_A,First_Year,2,32,2.54,0.65,0.685,2,0,12,5.99,1.0,0.029,81.6,2,0.0
Student_2173,T3_Fall,Program_D,First_Year,4,91,2.89,0.05,0.931,0,0,12,5.85,1.0,0.116,100.0,0,0.0
Student_2174,T3_Fall,Program_A,First_Year,4,106,2.96,-0.34,0.782,1,0,18,3.91,0.793,0.186,63.7,3,0.0
Student_2175,T3_Fall,Program_C,First_Year,1,23,1.93,1.0,0.8,1,0,12,2.93,0.858,0.215,69.8,7,0.0
Student_2176,T3_Fall,Program_C,Transfer,2,47,1.81,-0.38,0.734,1,1,15,1.96,0.69,0.315,72.1,7,0.0
Student_2177,T3_Fall,Program_C,Transfer,3,67,2.56,0.4,0.908,0,0,15,5.42,0.952,0.124,73.5,0,0.0
Student_2178,T3_Fall,Program_D,First_Year,1,15,2.74,-0.16,0.787,1,0,12,6.59,0.892,0.062,90.8,0,0.0
Student_2179,T3_Fall,Program_A,First_Year,4,85,2.87,1.0,0.709,1,0,9,4.79,1.0,0.17,91.6,1,0.0
Student_2180,T3_Fall,Program_C,First_Year,1,21,2.51,0.28,0.721,1,0,12,3.47,0.798,0.159,63.9,3,0.0
Student_2181,T3_Fall,Program_B,First_Year,1,1,2.73,-0.18,0.866,0,0,15,5.54,0.942,0.08,80.7,0,1.0
Student_2183,T3_Fall,Program_C,First_Year,3,74,2.73,-0.31,0.572,3,0,15,6.41,0.749,0.106,90.3,1,0.0
Student_2184,T3_Fall,Program_B,First_Year,2,52,2.61,-0.38,0.959,0,0,15,5.99,0.963,0.0,73.1,3,0.0
Student_2185,T3_Fall,Program_B,First_Year,1,2,2.97,-0.11,0.803,0,0,15,4.45,0.87,0.103,70.9,2,1.0
Student_2186,T3_Fall,Program_D,First_Year,1,3,2.66,0.15,0.96,0,0,9,5.13,1.0,0.084,92.7,2,0.0
Student_2188,T3_Fall,Program_A,First_Year,3,73,2.93,-0.27,0.803,0,0,12,1.77,0.825,0.204,75.8,5,0.0
Student_2189,T3_Fall,Program_B,First_Year,1,16,2.77,-0.24,0.868,0,0,18,4.96,0.944,0.029,85.1,1,0.0
Student_2190,T3_Fall,Program_D,Transfer,1,3,2.93,0.66,0.609,2,0,12,2.84,0.935,0.105,74.6,6,0.0
Student_2191,T3_Fall,Program_D,Transfer,1,20,2.53,0.08,0.813,1,0,18,4.15,0.892,0.233,66.6,6,0.0
Student_2193,T3_Fall,Program_A,First_Year,3,63,2.82,0.12,0.964,1,0,12,4.67,0.754,0.143,88.1,2,1.0
Student_2194,T3_Fall,Program_A,First_Year,3,57,2.81,0.08,0.736,2,0,18,3.38,0.838,0.115,78.9,5,0.0
Student_2200,T3_Fall,Program_A,First_Year,4,82,2.84,-0.17,0.968,0,0,9,3.82,0.773,0.204,96.9,0,0.0
Student_0001,T4_Spring,Program_C,First_Year,2,54,2.18,0.18,0.983,0,1,18,6.38,0.9,0.083,88.7,1,0.0
Student_0002,T4_Spring,Program_B,First_Year,3,81,1.77,0.26,0.45,3,0,12,4.49,0.849,0.105,74.3,1,1.0
Student_0003,T4_Spring,Program_B,Transfer,3,65,2.1,-0.03,0.535,2,1,15,2.89,0.79,0.29,66.4,6,1.0
Student_0004,T4_Spring,Program_C,First_Year,3,78,2.73,0.14,0.801,1,1,15,4.06,0.954,0.0,85.3,3,1.0
Student_0006,T4_Spring,Program_B,First_Year,3,56,2.59,-0.23,0.87,0,1,18,3.56,0.866,0.086,65.4,3,1.0
Student_0008,T4_Spring,Program_D,First_Year,2,31,3.4,-0.4,0.974,0,0,15,4.65,0.944,0.194,95.9,7,0.0
Student_0009,T4_Spring,Program_B,First_Year,2,36,2.76,-0.29,0.91,0,0,15,4.42,0.793,0.333,89.0,1,0.0
Student_0010,T4_Spring,Program_D,First_Year,2,53,2.58,-0.29,0.802,2,0,15,4.93,1.0,0.016,58.5,2,1.0
Student_0011,T4_Spring,Program_A,First_Year,2,42,3.48,0.44,0.999,0,0,18,4.35,0.872,0.123,100.0,1,1.0
Student_0012,T4_Spring,Program_D,First_Year,3,81,2.3,-0.06,0.76,0,0,15,3.7,0.759,0.302,77.1,3,0.0
Student_0013,T4_Spring,Program_B,First_Year,3,77,2.39,-0.21,0.96,0,0,15,3.7,0.948,0.167,76.4,3,0.0
Student_0014,T4_Spring,Program_D,First_Year,1,8,3.15,0.58,0.815,1,0,15,4.36,0.96,0.091,88.7,2,0.0
Student_0016,T4_Spring,Program_B,First_Year,3,66,3.2,-0.23,0.873,1,1,15,5.34,0.812,0.236,90.4,0,0.0
Student_0017,T4_Spring,Program_D,First_Year,2,29,2.7,0.18,0.857,0,1,9,4.19,0.911,0.189,83.0,1,0.0
Student_0018,T4_Spring,Program_B,First_Year,3,59,2.23,0.83,0.735,2,0,15,5.41,1.0,0.036,80.2,0,0.0
Student_0020,T4_Spring,Program_B,First_Year,1,3,2.75,-0.14,0.998,0,1,15,3.94,0.903,0.123,76.2,0,0.0
Student_0021,T4_Spring,Program_B,First_Year,3,62,2.84,-0.26,0.768,0,0,18,2.74,0.84,0.427,70.3,3,0.0
Student_0022,T4_Spring,Program_D,Transfer,4,82,3.96,-0.11,0.795,1,1,18,4.48,0.862,0.35,90.5,4,0.0
Student_0026,T4_Spring,Program_C,First_Year,2,45,3.0,0.37,0.967,0,0,18,3.81,0.965,0.165,89.3,3,0.0
Student_0027,T4_Spring,Program_D,Transfer,3,75,2.56,-0.04,0.788,1,1,15,4.19,0.813,0.205,90.1,1,0.0
Student_0029,T4_Spring,Program_A,First_Year,2,36,3.03,0.06,0.908,0,0,15,4.23,1.0,0.113,73.8,2,0.0
Student_0030,T4_Spring,Program_D,Transfer,2,31,2.43,-0.05,0.83,0,0,18,3.05,0.685,0.229,73.6,2,0.0
Student_0031,T4_Spring,Program_D,First_Year,2,36,2.87,0.12,0.887,1,1,15,2.93,0.947,0.07,76.4,2,0.0
Student_0032,T4_Spring,Program_A,Transfer,4,85,2.76,-0.34,0.849,0,0,18,4.19,1.0,0.026,59.0,3,0.0
Student_0033,T4_Spring,Program_D,Transfer,1,25,2.7,0.7,0.803,1,0,15,3.79,0.765,0.307,78.6,3,0.0
Student_0034,T4_Spring,Program_B,First_Year,1,9,3.08,-0.1,0.864,0,0,15,4.6,1.0,0.074,75.8,4,0.0
Student_0035,T4_Spring,Program_A,First_Year,2,43,3.0,-0.28,0.764,1,0,15,3.82,0.804,0.3,78.2,4,1.0
Student_0036,T4_Spring,Program_A,Transfer,2,51,3.1,-0.3,0.904,0,0,18,2.21,0.807,0.092,74.9,4,0.0
Student_0037,T4_Spring,Program_C,First_Year,1,7,3.07,-0.67,0.876,0,0,15,3.58,0.727,0.169,86.5,0,0.0
Student_0039,T4_Spring,Program_B,First_Year,3,78,2.41,-0.04,0.839,0,1,12,4.4,0.901,0.134,88.7,1,0.0
Student_0040,T4_Spring,Program_B,Transfer,1,7,3.31,0.3,0.976,0,1,9,6.23,1.0,0.011,91.0,2,0.0
Student_0041,T4_Spring,Program_A,First_Year,3,74,2.0,-0.26,0.741,0,0,15,3.73,0.867,0.141,66.9,5,0.0
Student_0042,T4_Spring,Program_C,Transfer,2,45,3.01,-0.22,0.825,1,0,15,3.04,0.765,0.166,80.6,6,0.0
Student_0043,T4_Spring,Program_C,First_Year,2,30,2.47,0.23,0.963,0,0,15,4.6,0.96,0.242,83.4,3,0.0
Student_0044,T4_Spring,Program_D,First_Year,2,54,2.78,-0.27,0.729,1,0,9,3.67,0.91,0.124,74.3,7,1.0
Student_0046,T4_Spring,Program_C,First_Year,1,3,3.9,-0.33,1.0,0,0,12,5.39,0.954,0.103,91.4,2,0.0
Student_0047,T4_Spring,Program_B,First_Year,4,91,2.69,0.24,0.742,0,0,12,4.19,0.983,0.175,75.2,0,0.0
Student_0048,T4_Spring,Program_A,Transfer,3,66,2.66,-0.45,0.898,0,0,12,3.42,0.756,0.261,75.1,0,0.0
Student_0049,T4_Spring,Program_D,First_Year,2,27,2.86,-0.3,1.0,0,0,12,5.17,0.985,0.174,81.6,0,0.0
Student_0050,T4_Spring,Program_D,Transfer,4,105,2.18,0.21,0.707,1,0,15,4.26,0.89,0.06,67.0,2,0.0
Student_0051,T4_Spring,Program_B,Transfer,1,19,3.49,-0.02,0.949,0,0,15,4.0,1.0,0.08,90.1,0,1.0
Student_0053,T4_Spring,Program_B,First_Year,1,14,1.91,-0.09,0.742,1,0,15,3.83,0.866,0.295,66.0,2,0.0
Student_0054,T4_Spring,Program_C,Transfer,4,106,2.67,-0.08,0.893,0,1,15,4.02,0.92,0.162,79.0,6,0.0
Student_0055,T4_Spring,Program_B,First_Year,4,99,2.94,0.4,0.832,0,1,18,2.2,0.834,0.231,88.1,9,1.0
Student_0056,T4_Spring,Program_B,Transfer,3,75,2.72,0.14,0.826,0,1,15,5.41,0.978,0.153,92.2,0,0.0
Student_0057,T4_Spring,Program_A,First_Year,4,108,2.95,0.64,0.883,0,0,12,4.89,1.0,0.086,77.8,3,0.0
Student_0059,T4_Spring,Program_C,First_Year,1,25,3.54,0.28,0.909,0,0,12,4.37,1.0,0.0,86.6,4,0.0
Student_0060,T4_Spring,Program_A,Transfer,2,53,3.22,-0.18,0.886,0,1,15,3.99,0.923,0.089,84.4,0,0.0
Student_0061,T4_Spring,Program_D,First_Year,2,53,3.29,0.08,0.841,1,2,12,5.16,0.9,0.005,89.1,2,1.0
Student_0062,T4_Spring,Program_C,Transfer,3,61,1.81,-0.23,0.629,1,1,12,1.91,0.736,0.429,55.1,8,1.0
Student_0063,T4_Spring,Program_B,First_Year,2,36,3.33,0.24,0.802,1,1,12,5.89,0.925,0.052,97.4,0,1.0
Student_0064,T4_Spring,Program_A,First_Year,4,106,2.69,0.19,0.954,0,1,15,4.65,1.0,0.104,75.9,5,0.0
Student_0066,T4_Spring,Program_D,First_Year,2,51,3.06,0.29,0.881,1,0,12,4.7,0.983,0.089,81.7,5,1.0
Student_0067,T4_Spring,Program_D,First_Year,1,19,3.06,-0.01,0.988,0,0,15,2.55,0.899,0.195,79.1,2,0.0
Student_0069,T4_Spring,Program_D,First_Year,2,52,3.4,-0.38,0.826,1,1,15,4.98,0.951,0.258,77.7,0,0.0
Student_0071,T4_Spring,Program_A,Transfer,3,80,2.89,0.32,1.0,0,1,15,4.34,1.0,0.153,92.4,0,0.0
Student_0072,T4_Spring,Program_D,First_Year,1,13,2.69,0.09,0.886,0,0,15,2.76,0.927,0.284,77.5,4,0.0
Student_0073,T4_Spring,Program_D,First_Year,4,85,3.26,-0.2,0.852,0,1,15,2.39,0.807,0.347,84.2,7,0.0
Student_0074,T4_Spring,Program_D,First_Year,3,67,2.63,0.11,0.771,1,0,18,4.14,0.865,0.243,66.8,6,0.0
Student_0075,T4_Spring,Program_B,First_Year,3,77,1.82,0.4,0.891,0,0,12,5.26,0.983,0.092,79.9,1,0.0
Student_0076,T4_Spring,Program_C,First_Year,1,19,2.51,0.15,0.818,0,0,12,4.38,0.794,0.217,72.5,0,0.0
Student_0077,T4_Spring,Program_D,Transfer,3,66,2.76,0.63,0.988,0,1,15,4.4,1.0,0.056,91.9,4,0.0
Student_0080,T4_Spring,Program_C,Transfer,2,29,3.48,0.3,0.939,0,0,15,5.57,1.0,0.0,91.7,2,0.0
Student_0081,T4_Spring,Program_B,First_Year,1,13,3.77,0.5,1.0,0,1,15,5.88,0.945,0.053,100.0,1,0.0
Student_0084,T4_Spring,Program_A,First_Year,2,41,1.82,-0.2,0.771,0,1,15,4.43,0.856,0.219,69.9,3,0.0
Student_0085,T4_Spring,Program_A,First_Year,2,35,2.25,-0.06,0.75,1,0,18,2.82,0.751,0.27,81.2,1,1.0
Student_0086,T4_Spring,Program_A,First_Year,4,94,2.76,0.23,0.819,1,0,15,4.66,0.915,0.054,76.4,2,0.0
Student_0087,T4_Spring,Program_C,Transfer,1,11,2.53,-0.29,0.631,2,0,12,3.01,0.798,0.228,63.1,5,1.0
Student_0088,T4_Spring,Program_D,First_Year,4,107,2.61,-0.07,0.989,0,0,12,3.96,0.817,0.157,96.9,0,0.0
Student_0089,T4_Spring,Program_D,First_Year,4,105,1.99,-0.11,0.794,0,0,9,3.17,0.822,0.184,68.8,4,0.0
Student_0092,T4_Spring,Program_A,First_Year,2,52,3.4,0.09,0.813,0,0,15,4.21,0.776,0.249,95.9,0,1.0
Student_0093,T4_Spring,Program_C,First_Year,2,27,1.99,0.55,0.553,3,0,15,5.68,0.892,0.134,71.5,3,0.0
Student_0094,T4_Spring,Program_B,First_Year,3,80,2.62,-0.23,0.87,1,1,9,6.36,0.984,0.025,69.0,0,0.0
Student_0095,T4_Spring,Program_B,Transfer,4,108,3.09,-0.01,0.846,1,0,15,4.37,0.859,0.078,98.6,0,0.0
Student_0097,T4_Spring,Program_A,First_Year,4,103,1.47,0.14,0.632,1,0,12,5.45,0.943,0.099,65.2,0,0.0
Student_0098,T4_Spring,Program_D,First_Year,2,29,2.42,-0.21,0.782,1,0,15,5.28,1.0,0.018,76.7,1,0.0
Student_0099,T4_Spring,Program_D,First_Year,4,89,3.46,0.04,0.766,1,0,15,3.74,0.852,0.242,80.6,2,1.0
Student_0100,T4_Spring,Program_A,First_Year,1,16,3.54,0.98,0.759,1,1,15,4.31,0.959,0.212,91.6,0,0.0
Student_0102,T4_Spring,Program_B,First_Year,3,74,2.46,0.18,0.73,0,0,15,4.73,0.88,0.12,68.7,4,0.0
Student_0103,T4_Spring,Program_D,Transfer,3,73,3.32,-0.13,0.985,0,1,18,4.87,0.9,0.077,95.6,2,0.0
Student_0104,T4_Spring,Program_B,Transfer,2,34,3.36,0.17,0.92,1,1,18,3.2,0.957,0.132,91.6,5,0.0
Student_0105,T4_Spring,Program_A,Transfer,1,1,1.6,0.02,0.602,2,1,15,4.43,0.886,0.276,57.1,2,0.0
Student_0106,T4_Spring,Program_C,First_Year,1,15,3.99,0.14,1.0,0,0,18,2.9,0.765,0.227,100.0,4,0.0
Student_0107,T4_Spring,Program_D,Transfer,1,25,2.93,0.01,0.817,0,1,9,1.85,0.798,0.295,71.5,2,0.0
Student_0108,T4_Spring,Program_C,Transfer,3,66,2.77,0.1,0.898,0,0,15,3.88,0.997,0.059,80.5,3,0.0
Student_0109,T4_Spring,Program_A,First_Year,3,61,3.28,-1.21,1.0,0,0,12,3.06,0.887,0.137,76.8,2,0.0
Student_0111,T4_Spring,Program_C,First_Year,4,101,2.47,-0.11,0.919,0,0,15,4.94,0.941,0.164,86.1,0,0.0
Student_0112,T4_Spring,Program_B,First_Year,1,7,1.91,0.39,0.867,0,0,18,4.46,1.0,0.02,54.7,0,0.0
Student_0113,T4_Spring,Program_D,First_Year,1,23,2.34,-0.23,0.863,0,0,15,4.48,0.897,0.066,69.4,2,0.0
Student_0114,T4_Spring,Program_B,First_Year,2,38,2.6,0.75,0.774,0,0,18,3.09,0.962,0.104,76.0,4,0.0
Student_0115,T4_Spring,Program_A,Transfer,3,79,2.13,-0.38,0.814,0,0,15,2.46,0.685,0.36,65.2,1,0.0
Student_0116,T4_Spring,Program_C,First_Year,3,62,2.52,-0.07,0.73,0,0,9,2.75,0.778,0.18,67.7,6,0.0
Student_0119,T4_Spring,Program_C,Transfer,4,91,2.03,0.78,0.694,1,0,15,3.01,0.823,0.23,57.7,5,1.0
Student_0120,T4_Spring,Program_D,First_Year,3,79,2.76,-0.08,0.731,0,0,9,3.41,0.818,0.268,84.5,2,0.0
Student_0121,T4_Spring,Program_C,First_Year,4,105,1.65,1.0,0.662,1,1,15,4.03,0.9,0.209,70.3,2,0.0
Student_0122,T4_Spring,Program_A,First_Year,3,79,0.96,-0.18,0.743,0,0,12,4.21,0.811,0.374,71.0,0,0.0
Student_0124,T4_Spring,Program_B,Transfer,3,81,3.31,0.09,1.0,0,0,15,6.27,1.0,0.0,97.2,0,0.0
Student_0126,T4_Spring,Program_D,First_Year,3,62,2.02,-0.0,0.774,0,0,15,3.43,0.92,0.179,68.3,3,0.0
Student_0127,T4_Spring,Program_C,Transfer,1,27,1.9,-0.24,0.565,1,0,12,2.08,0.87,0.24,61.3,2,0.0
Student_0128,T4_Spring,Program_B,First_Year,2,27,2.54,0.08,0.613,3,0,15,4.35,0.837,0.198,81.2,5,0.0
Student_0131,T4_Spring,Program_B,Transfer,3,57,2.25,1.0,0.87,1,0,15,4.07,0.952,0.077,90.4,1,0.0
Student_0132,T4_Spring,Program_C,Transfer,3,74,2.27,0.01,0.808,0,0,15,4.55,0.866,0.162,63.1,2,0.0
Student_0133,T4_Spring,Program_A,Transfer,3,66,3.21,0.66,0.81,1,0,15,4.93,0.964,0.264,87.2,0,0.0
Student_0134,T4_Spring,Program_C,First_Year,2,52,2.82,0.01,0.783,1,0,15,3.11,0.761,0.257,67.2,0,0.0
Student_0135,T4_Spring,Program_A,First_Year,4,101,2.55,0.37,0.953,0,0,15,4.34,0.943,0.12,74.7,1,0.0
Student_0136,T4_Spring,Program_D,Transfer,4,94,1.22,-0.26,0.461,3,0,9,3.37,0.806,0.262,63.6,3,0.0
Student_0137,T4_Spring,Program_A,First_Year,4,81,2.82,-0.03,0.984,0,1,12,4.25,0.898,0.196,78.1,0,0.0
Student_0138,T4_Spring,Program_A,First_Year,2,46,2.72,0.25,0.819,1,0,12,4.87,1.0,0.0,77.2,0,0.0
Student_0140,T4_Spring,Program_A,First_Year,2,31,2.43,-0.25,0.83,1,0,18,2.86,0.687,0.128,59.9,9,0.0
Student_0141,T4_Spring,Program_B,Transfer,2,31,3.46,-0.42,0.842,0,1,12,3.64,0.807,0.323,84.4,4,0.0
Student_0142,T4_Spring,Program_D,Transfer,4,106,2.88,0.49,0.81,1,0,15,6.08,1.0,0.0,92.3,0,0.0
Student_0143,T4_Spring,Program_D,First_Year,2,39,3.21,0.13,1.0,0,0,12,5.34,0.9,0.181,89.2,1,0.0
Student_0144,T4_Spring,Program_D,First_Year,2,42,3.29,0.25,0.986,0,0,15,5.75,1.0,0.0,92.9,0,0.0
Student_0145,T4_Spring,Program_A,First_Year,4,90,3.18,-0.01,0.887,0,0,12,4.64,0.963,0.032,66.4,3,0.0
Student_0146,T4_Spring,Program_B,First_Year,2,39,2.8,0.11,0.839,0,0,9,5.03,1.0,0.182,75.4,1,0.0
Student_0147,T4_Spring,Program_D,First_Year,1,20,2.88,-0.12,0.925,0,0,15,5.94,0.934,0.093,83.3,0,0.0
Student_0148,T4_Spring,Program_D,First_Year,4,91,1.88,-0.48,0.85,0,0,9,5.27,0.89,0.083,83.4,1,0.0
Student_0150,T4_Spring,Program_C,First_Year,3,71,2.4,0.19,0.86,0,0,12,5.04,0.887,0.042,85.3,1,0.0
Student_0151,T4_Spring,Program_B,Transfer,3,54,2.62,0.15,0.877,0,0,15,4.39,1.0,0.0,63.7,1,0.0
Student_0153,T4_Spring,Program_C,Transfer,4,87,2.67,0.41,0.77,1,0,12,2.69,0.868,0.262,74.1,3,0.0
Student_0154,T4_Spring,Program_D,Transfer,3,79,2.81,-0.2,0.941,0,0,9,2.87,0.809,0.28,87.4,4,0.0
Student_0155,T4_Spring,Program_D,Transfer,2,39,3.71,0.19,1.0,0,0,18,2.88,0.767,0.106,97.0,6,0.0
Student_0156,T4_Spring,Program_A,Transfer,1,4,2.48,-0.49,0.633,1,0,12,3.83,0.731,0.289,87.1,6,1.0
Student_0157,T4_Spring,Program_C,Transfer,1,27,1.81,0.06,0.598,2,0,15,3.2,0.788,0.212,77.6,0,0.0
Student_0158,T4_Spring,Program_A,First_Year,2,46,2.9,0.1,0.905,1,0,15,6.05,1.0,0.096,84.9,1,0.0
Student_0159,T4_Spring,Program_B,Transfer,1,15,2.12,-0.35,0.901,0,0,15,3.92,0.835,0.028,55.8,3,1.0
Student_0160,T4_Spring,Program_D,First_Year,1,23,2.28,-0.84,0.831,0,1,15,2.1,0.731,0.408,70.1,3,0.0
Student_0161,T4_Spring,Program_A,First_Year,1,24,2.66,-0.47,0.787,0,0,15,3.05,0.899,0.214,70.4,2,0.0
Student_0162,T4_Spring,Program_C,First_Year,3,65,2.79,-0.1,0.989,0,0,12,4.61,0.836,0.162,85.0,1,0.0
Student_0164,T4_Spring,Program_C,First_Year,2,40,2.97,0.08,0.71,1,0,9,5.23,0.897,0.095,80.2,0,0.0
Student_0165,T4_Spring,Program_A,First_Year,4,98,2.25,0.25,0.746,0,0,12,3.35,0.828,0.266,63.1,1,0.0
Student_0168,T4_Spring,Program_D,First_Year,3,69,2.9,0.09,0.824,1,0,15,2.56,0.905,0.17,92.1,2,0.0
Student_0170,T4_Spring,Program_C,Transfer,1,26,2.96,-0.67,0.846,0,0,15,4.34,0.756,0.321,75.1,0,0.0
Student_0171,T4_Spring,Program_C,Transfer,2,39,2.8,-0.89,0.889,0,0,15,3.8,0.75,0.175,85.1,1,0.0
Student_0174,T4_Spring,Program_A,First_Year,3,75,2.4,0.02,0.719,1,0,9,1.8,0.783,0.212,80.3,8,0.0
Student_0176,T4_Spring,Program_D,First_Year,4,99,2.49,0.26,0.874,0,2,18,6.44,1.0,0.143,75.5,2,1.0
Student_0177,T4_Spring,Program_D,Transfer,3,60,2.23,0.25,0.825,0,0,15,4.95,0.914,0.222,80.8,0,0.0
Student_0178,T4_Spring,Program_B,First_Year,1,0,3.16,0.34,0.862,0,1,12,4.61,0.945,0.022,88.9,5,1.0
Student_0179,T4_Spring,Program_C,First_Year,1,13,3.21,-0.54,0.604,2,2,15,5.45,0.851,0.109,83.8,3,1.0
Student_0180,T4_Spring,Program_A,Transfer,2,45,2.99,1.0,0.689,2,1,15,4.26,0.932,0.067,100.0,1,0.0
Student_0181,T4_Spring,Program_C,Transfer,2,41,2.69,-0.29,0.88,0,0,15,3.96,0.84,0.151,79.0,0,0.0
Student_0183,T4_Spring,Program_D,First_Year,2,34,1.93,-0.17,0.754,1,0,18,2.68,0.95,0.382,79.4,1,1.0
Student_0185,T4_Spring,Program_B,First_Year,2,48,2.24,-0.15,0.881,0,1,12,5.59,0.886,0.137,73.4,0,0.0
Student_0187,T4_Spring,Program_D,First_Year,1,24,3.03,-0.04,0.769,1,0,18,3.55,0.934,0.272,83.5,0,0.0
Student_0188,T4_Spring,Program_D,First_Year,3,70,3.23,0.58,0.768,2,1,18,5.5,0.943,0.059,93.6,0,1.0
Student_0189,T4_Spring,Program_C,First_Year,3,70,2.48,0.16,0.885,0,2,9,3.56,0.967,0.131,82.3,5,0.0
Student_0190,T4_Spring,Program_D,Transfer,3,75,1.92,0.15,0.715,0,0,15,4.67,0.907,0.267,77.1,2,0.0
Student_0191,T4_Spring,Program_C,First_Year,4,106,2.92,0.28,0.797,1,0,18,3.88,0.922,0.104,73.3,0,0.0
Student_0192,T4_Spring,Program_B,First_Year,2,36,2.81,-0.43,0.896,0,0,15,2.34,0.682,0.388,70.7,6,0.0
Student_0193,T4_Spring,Program_C,Transfer,3,63,2.89,0.14,0.802,0,0,15,4.19,1.0,0.181,82.8,1,0.0
Student_0194,T4_Spring,Program_A,First_Year,3,81,2.52,-0.13,0.833,1,0,15,5.18,0.869,0.096,86.9,3,0.0
Student_0195,T4_Spring,Program_D,First_Year,3,81,3.22,-0.08,0.824,0,1,12,2.4,0.76,0.315,78.4,6,0.0
Student_0197,T4_Spring,Program_B,First_Year,1,7,3.13,0.39,0.798,1,0,15,3.58,0.994,0.068,89.6,1,0.0
Student_0198,T4_Spring,Program_B,First_Year,1,4,3.01,-0.09,0.889,0,0,12,4.17,0.716,0.18,88.3,7,1.0
Student_0199,T4_Spring,Program_A,First_Year,4,89,1.88,0.19,0.764,1,0,12,2.58,0.852,0.199,49.4,0,0.0
Student_0200,T4_Spring,Program_B,First_Year,1,27,2.32,-0.34,0.707,0,0,15,4.78,0.724,0.172,75.6,4,0.0
Student_0201,T4_Spring,Program_A,Transfer,3,79,2.05,0.19,0.742,1,0,15,6.08,0.963,0.071,79.8,3,0.0
Student_0202,T4_Spring,Program_A,Transfer,1,1,2.5,-0.05,0.704,1,0,15,2.85,0.825,0.265,84.8,9,1.0
Student_0203,T4_Spring,Program_D,Transfer,1,0,2.83,0.08,0.971,0,0,15,2.5,0.909,0.224,97.9,1,0.0
Student_0204,T4_Spring,Program_B,First_Year,2,46,2.59,0.05,0.86,0,2,15,2.3,0.778,0.276,63.8,5,1.0
Student_0205,T4_Spring,Program_D,First_Year,1,4,3.21,-0.06,0.907,0,0,15,4.44,0.823,0.201,90.4,1,0.0
Student_0206,T4_Spring,Program_C,First_Year,1,25,1.81,-0.2,0.623,2,0,15,3.57,0.8,0.178,59.7,5,0.0
Student_0207,T4_Spring,Program_D,First_Year,1,27,2.71,0.35,0.955,0,0,18,3.21,0.955,0.162,73.2,1,0.0
Student_0208,T4_Spring,Program_A,First_Year,2,51,2.96,-0.26,0.676,1,0,12,2.71,0.644,0.335,83.4,3,1.0
Student_0209,T4_Spring,Program_B,Transfer,3,79,3.32,-0.37,0.768,1,0,18,4.23,0.965,0.088,84.3,1,0.0
Student_0211,T4_Spring,Program_B,Transfer,1,9,2.75,-0.21,0.903,0,0,15,5.07,0.844,0.205,78.7,0,0.0
Student_0214,T4_Spring,Program_D,First_Year,1,9,2.08,-0.54,0.971,0,0,15,3.56,0.802,0.255,67.9,1,0.0
Student_0215,T4_Spring,Program_D,First_Year,4,107,2.14,0.26,0.746,1,0,15,3.0,0.847,0.269,64.4,7,0.0
Student_0216,T4_Spring,Program_D,First_Year,4,93,3.88,0.22,0.93,0,1,9,3.89,0.983,0.165,84.3,4,0.0
Student_0217,T4_Spring,Program_D,First_Year,1,25,2.88,0.32,0.841,0,0,12,4.4,1.0,0.117,74.9,2,0.0
Student_0219,T4_Spring,Program_B,Transfer,2,43,3.84,0.3,0.935,1,0,15,5.39,1.0,0.0,97.0,4,1.0
Student_0220,T4_Spring,Program_A,Transfer,1,12,2.29,-0.35,0.726,1,0,12,2.51,0.71,0.246,63.9,2,1.0
Student_0221,T4_Spring,Program_C,First_Year,2,35,2.81,-0.4,1.0,0,1,12,3.92,0.901,0.136,100.0,2,1.0
Student_0222,T4_Spring,Program_A,Transfer,1,19,2.26,-0.12,0.846,0,1,15,4.95,0.851,0.321,78.9,1,0.0
Student_0223,T4_Spring,Program_C,First_Year,1,17,3.26,-0.19,0.843,0,0,15,4.09,0.867,0.298,90.3,0,1.0
Student_0224,T4_Spring,Program_A,Transfer,1,17,2.25,-0.01,0.913,0,0,12,4.08,0.861,0.121,77.1,3,1.0
Student_0225,T4_Spring,Program_D,First_Year,3,77,2.44,0.4,0.867,0,0,18,5.11,0.891,0.082,74.0,1,0.0
Student_0226,T4_Spring,Program_C,First_Year,4,89,3.52,-0.1,0.873,0,0,18,5.03,0.872,0.169,78.3,1,0.0
Student_0227,T4_Spring,Program_A,First_Year,1,18,2.59,0.08,0.759,1,0,9,4.29,0.959,0.082,60.1,2,0.0
Student_0229,T4_Spring,Program_A,First_Year,4,95,2.67,-0.94,0.89,0,1,12,3.85,0.789,0.2,75.2,0,0.0
Student_0231,T4_Spring,Program_C,Transfer,4,90,2.93,0.17,0.917,0,0,15,2.37,0.926,0.158,79.2,1,0.0
Student_0232,T4_Spring,Program_D,First_Year,4,92,3.31,0.15,0.867,0,0,12,4.71,0.917,0.062,80.5,0,1.0
Student_0234,T4_Spring,Program_D,First_Year,1,17,3.75,-0.05,0.843,1,0,12,4.29,0.995,0.221,88.3,0,0.0
Student_0235,T4_Spring,Program_A,First_Year,1,19,1.94,-0.11,0.845,0,0,12,4.04,0.897,0.075,62.1,1,0.0
Student_0238,T4_Spring,Program_A,Transfer,1,9,1.87,-0.21,0.636,2,0,15,5.83,0.94,0.254,86.2,2,0.0
Student_0240,T4_Spring,Program_B,First_Year,1,3,2.69,-0.36,0.903,0,1,18,5.26,0.92,0.111,80.7,2,0.0
Student_0241,T4_Spring,Program_A,First_Year,4,101,3.26,-0.23,0.888,0,2,15,5.38,1.0,0.0,86.6,0,0.0
Student_0242,T4_Spring,Program_A,First_Year,4,99,1.91,-0.36,0.747,0,0,18,1.56,0.732,0.236,71.6,6,0.0
Student_0243,T4_Spring,Program_D,First_Year,1,8,3.41,-0.12,0.734,1,0,15,4.58,0.877,0.328,84.0,6,0.0
Student_0244,T4_Spring,Program_A,First_Year,3,78,2.81,0.47,0.918,1,0,12,3.25,1.0,0.145,79.9,0,1.0
Student_0245,T4_Spring,Program_C,First_Year,3,62,2.17,-0.09,0.77,0,1,12,3.2,0.875,0.259,66.5,5,1.0
Student_0246,T4_Spring,Program_B,Transfer,2,41,2.07,-0.06,0.746,1,0,15,5.71,0.976,0.066,77.3,0,0.0
Student_0247,T4_Spring,Program_D,First_Year,4,95,3.06,-0.17,0.78,0,0,15,5.55,0.743,0.126,77.1,4,0.0
Student_0248,T4_Spring,Program_A,First_Year,4,88,4.0,0.36,1.0,0,0,15,2.87,0.987,0.11,91.6,1,0.0
Student_0250,T4_Spring,Program_C,First_Year,2,36,2.44,0.18,0.727,1,0,12,4.77,0.878,0.331,82.7,2,0.0
Student_0251,T4_Spring,Program_B,Transfer,3,54,3.41,0.19,0.978,0,3,15,5.01,0.91,0.179,97.5,2,1.0
Student_0253,T4_Spring,Program_D,Transfer,4,93,3.0,-1.34,0.712,1,0,12,3.24,0.742,0.377,78.5,2,1.0
Student_0254,T4_Spring,Program_B,First_Year,2,50,2.48,-0.42,0.793,0,0,18,2.71,0.803,0.208,73.9,0,0.0
Student_0255,T4_Spring,Program_A,First_Year,3,60,2.47,0.15,0.892,0,0,15,3.14,0.779,0.165,72.4,3,0.0
Student_0256,T4_Spring,Program_B,Transfer,3,62,2.52,0.24,0.745,1,1,18,4.34,0.892,0.076,83.1,4,0.0
Student_0257,T4_Spring,Program_B,First_Year,2,44,2.04,0.15,0.838,1,1,12,4.5,1.0,0.134,70.8,6,0.0
Student_0258,T4_Spring,Program_D,First_Year,1,3,2.52,-0.02,0.713,1,1,15,3.66,0.837,0.146,81.3,2,1.0
Student_0259,T4_Spring,Program_C,First_Year,3,69,2.69,0.37,0.659,2,0,12,4.83,0.891,0.13,54.3,2,1.0
Student_0260,T4_Spring,Program_C,First_Year,1,5,3.61,-0.13,0.863,0,0,15,2.55,0.776,0.281,98.6,2,0.0
Student_0262,T4_Spring,Program_A,First_Year,1,4,2.53,0.03,0.786,0,0,18,4.85,0.87,0.161,71.8,2,0.0
Student_0263,T4_Spring,Program_A,First_Year,1,15,2.25,0.06,0.789,1,0,15,6.8,0.979,0.069,93.0,0,0.0
Student_0265,T4_Spring,Program_C,First_Year,3,70,2.63,-0.14,0.95,0,1,15,4.59,0.792,0.083,78.0,1,1.0
Student_0266,T4_Spring,Program_B,First_Year,1,5,2.71,0.15,0.746,1,1,12,5.91,1.0,0.121,71.2,1,0.0
Student_0267,T4_Spring,Program_A,First_Year,1,11,3.05,-0.58,0.784,1,0,15,2.37,0.709,0.384,71.9,4,1.0
Student_0268,T4_Spring,Program_B,Transfer,2,38,2.4,0.04,0.827,0,0,9,5.21,0.995,0.097,83.4,2,0.0
Student_0269,T4_Spring,Program_A,Transfer,2,45,2.11,-0.3,0.611,2,0,9,3.52,0.766,0.227,59.7,5,0.0
Student_0270,T4_Spring,Program_B,First_Year,3,80,1.98,-0.2,0.711,1,0,15,6.03,0.753,0.127,77.9,1,0.0
Student_0271,T4_Spring,Program_A,First_Year,2,42,2.85,-0.02,0.858,1,0,12,3.72,0.869,0.253,83.2,2,0.0
Student_0272,T4_Spring,Program_C,Transfer,4,90,2.31,-0.12,0.881,0,1,15,4.3,0.888,0.283,57.3,2,0.0
Student_0274,T4_Spring,Program_C,Transfer,4,106,2.94,0.01,0.925,0,0,18,4.76,0.835,0.08,89.1,0,0.0
Student_0275,T4_Spring,Program_C,First_Year,2,45,2.73,-0.12,0.912,0,0,15,3.86,0.744,0.224,76.6,3,0.0
Student_0276,T4_Spring,Program_C,First_Year,2,40,3.41,-0.03,0.785,0,0,12,2.9,0.862,0.236,75.0,1,0.0
Student_0277,T4_Spring,Program_C,First_Year,4,90,2.35,0.19,0.637,2,1,15,3.47,0.921,0.227,76.0,5,0.0
Student_0278,T4_Spring,Program_A,Transfer,2,34,3.44,0.36,0.965,0,0,18,3.33,0.885,0.058,84.4,1,0.0
Student_0280,T4_Spring,Program_A,First_Year,2,30,2.29,-0.44,0.909,0,0,12,5.44,0.731,0.246,51.8,1,0.0
Student_0282,T4_Spring,Program_C,Transfer,3,79,3.1,-0.75,0.625,2,0,12,3.43,0.852,0.41,75.7,5,0.0
Student_0287,T4_Spring,Program_C,Transfer,2,53,2.45,0.3,0.844,0,1,15,4.58,0.943,0.047,83.2,1,0.0
Student_0288,T4_Spring,Program_A,Transfer,3,76,3.22,-0.11,0.972,0,0,12,4.3,0.966,0.0,85.3,2,0.0
Student_0289,T4_Spring,Program_D,First_Year,4,108,2.52,-0.89,0.507,3,0,18,0.7,0.546,0.529,78.5,3,0.0
Student_0290,T4_Spring,Program_A,First_Year,1,25,2.73,0.53,0.911,0,0,18,2.2,0.964,0.067,86.0,2,0.0
Student_0291,T4_Spring,Program_B,First_Year,4,88,2.22,0.21,0.948,0,0,12,4.41,1.0,0.034,66.8,2,0.0
Student_0292,T4_Spring,Program_C,Transfer,1,0,3.36,0.34,1.0,0,0,18,3.22,0.927,0.186,97.7,4,1.0
Student_0293,T4_Spring,Program_C,Transfer,2,35,2.01,-0.04,0.762,0,0,12,5.37,0.759,0.279,71.7,0,0.0
Student_0294,T4_Spring,Program_C,First_Year,2,29,2.4,0.38,0.875,0,0,12,3.95,1.0,0.116,79.7,3,0.0
Student_0295,T4_Spring,Program_B,Transfer,3,56,2.14,-0.14,0.69,0,1,15,3.25,0.752,0.428,62.0,3,1.0
Student_0296,T4_Spring,Program_C,Transfer,2,33,2.84,-0.19,0.875,0,0,9,2.47,0.735,0.302,79.5,0,0.0
Student_0297,T4_Spring,Program_C,First_Year,3,75,2.24,0.7,0.767,1,0,18,4.3,0.882,0.247,76.7,1,1.0
Student_0298,T4_Spring,Program_D,First_Year,1,0,2.47,-0.17,0.757,0,1,15,3.39,0.585,0.254,58.4,5,0.0
Student_0300,T4_Spring,Program_A,First_Year,4,88,2.38,-0.32,0.829,0,0,15,5.76,0.8,0.304,62.9,0,1.0
Student_0301,T4_Spring,Program_A,First_Year,3,73,2.85,-0.63,0.712,0,1,12,3.45,0.861,0.266,86.6,3,1.0
Student_0302,T4_Spring,Program_B,First_Year,3,66,3.39,0.36,1.0,0,0,15,2.85,0.785,0.317,86.5,3,0.0
Student_0303,T4_Spring,Program_A,First_Year,4,102,2.96,0.8,0.948,0,1,15,6.8,1.0,0.052,97.8,3,0.0
Student_0304,T4_Spring,Program_B,First_Year,2,29,1.62,-0.1,0.684,0,0,9,3.29,0.688,0.254,61.3,1,0.0
Student_0305,T4_Spring,Program_D,Transfer,3,73,3.61,-0.29,0.791,0,0,12,1.98,0.745,0.325,87.9,6,1.0
Student_0306,T4_Spring,Program_B,First_Year,3,69,2.31,0.1,0.901,1,0,9,6.57,1.0,0.0,74.3,0,0.0
Student_0307,T4_Spring,Program_C,First_Year,3,58,3.33,-0.07,0.893,0,0,12,4.51,0.929,0.172,89.2,0,0.0
Student_0308,T4_Spring,Program_D,First_Year,1,5,2.78,-0.5,0.757,1,0,15,3.39,0.725,0.203,58.4,3,0.0
Student_0309,T4_Spring,Program_D,First_Year,1,24,3.06,-0.01,0.827,1,0,12,3.31,0.727,0.266,72.1,0,0.0
Student_0310,T4_Spring,Program_D,Transfer,2,43,3.66,-0.07,1.0,0,0,18,2.91,0.894,0.111,90.9,1,0.0
Student_0311,T4_Spring,Program_B,First_Year,3,56,2.82,0.26,0.938,0,0,12,2.7,0.827,0.222,89.8,0,0.0
Student_0313,T4_Spring,Program_C,Transfer,3,68,1.68,-0.22,0.481,2,0,18,4.34,0.786,0.142,59.2,3,0.0
Student_0314,T4_Spring,Program_A,Transfer,3,68,2.9,-0.81,0.79,0,0,15,3.93,0.844,0.212,74.5,3,1.0
Student_0315,T4_Spring,Program_A,First_Year,1,23,3.09,-0.15,0.969,0,0,15,5.47,0.944,0.114,97.6,0,0.0
Student_0317,T4_Spring,Program_B,First_Year,2,45,2.29,-0.58,0.704,1,0,12,3.1,0.775,0.34,80.1,3,0.0
Student_0318,T4_Spring,Program_B,First_Year,4,103,2.45,0.02,0.719,1,0,12,3.05,0.909,0.173,76.2,3,0.0
Student_0319,T4_Spring,Program_A,First_Year,2,30,2.68,-0.0,0.931,0,1,15,4.17,0.905,0.107,80.3,3,0.0
Student_0320,T4_Spring,Program_B,First_Year,4,100,3.08,0.14,0.914,0,2,18,2.93,0.884,0.088,74.5,0,1.0
Student_0321,T4_Spring,Program_D,Transfer,3,70,3.28,-0.02,0.908,0,0,18,3.36,0.839,0.262,74.5,3,0.0
Student_0322,T4_Spring,Program_B,First_Year,1,23,2.74,0.37,0.897,0,0,12,4.23,0.977,0.006,72.4,7,0.0
Student_0323,T4_Spring,Program_B,First_Year,1,13,3.19,0.25,0.688,2,1,15,4.56,1.0,0.013,81.7,1,1.0
Student_0325,T4_Spring,Program_C,First_Year,3,55,1.95,0.17,0.747,1,0,12,2.21,0.803,0.396,65.8,6,1.0
Student_0326,T4_Spring,Program_B,Transfer,3,69,3.11,-0.13,0.89,0,0,12,4.3,0.891,0.276,80.4,8,0.0
Student_0327,T4_Spring,Program_A,Transfer,3,66,3.15,0.11,0.867,0,0,15,4.91,0.863,0.065,67.8,2,0.0
Student_0328,T4_Spring,Program_A,Transfer,2,49,3.22,0.34,0.854,1,0,12,4.52,0.846,0.051,87.4,2,0.0
Student_0329,T4_Spring,Program_A,First_Year,2,34,2.23,0.26,0.711,1,0,18,4.66,1.0,0.01,84.0,4,1.0
Student_0330,T4_Spring,Program_A,First_Year,1,22,2.95,0.22,0.837,1,0,15,5.37,0.824,0.138,86.1,3,0.0
Student_0332,T4_Spring,Program_D,Transfer,1,27,3.53,0.38,0.864,1,0,15,3.38,0.79,0.416,83.3,4,1.0
Student_0333,T4_Spring,Program_A,First_Year,1,9,2.63,0.04,0.827,0,0,15,3.22,0.943,0.197,84.0,6,0.0
Student_0334,T4_Spring,Program_A,Transfer,2,42,3.6,-0.12,1.0,0,0,15,5.19,0.922,0.089,87.6,0,0.0
Student_0335,T4_Spring,Program_D,First_Year,3,70,2.25,-0.17,0.709,1,1,9,4.79,0.939,0.245,70.6,0,0.0
Student_0336,T4_Spring,Program_A,First_Year,3,74,3.27,0.09,0.897,0,0,15,4.88,1.0,0.015,94.6,0,0.0
Student_0337,T4_Spring,Program_A,Transfer,2,40,2.28,0.36,0.745,1,0,18,3.9,0.931,0.056,78.8,1,0.0
Student_0338,T4_Spring,Program_B,Transfer,4,90,2.14,-0.04,0.822,1,0,18,4.78,0.863,0.302,70.4,1,0.0
Student_0339,T4_Spring,Program_B,First_Year,4,91,3.08,-0.23,0.996,0,1,15,3.13,0.945,0.251,97.0,2,0.0
Student_0340,T4_Spring,Program_D,Transfer,2,49,2.45,-0.04,0.778,0,0,15,4.41,0.835,0.193,77.2,5,1.0
Student_0341,T4_Spring,Program_A,Transfer,3,78,3.84,-0.45,0.954,0,0,15,3.16,0.8,0.31,84.7,8,0.0
Student_0343,T4_Spring,Program_B,First_Year,2,37,2.5,-1.47,0.832,0,0,15,1.63,0.882,0.289,70.5,7,0.0
Student_0344,T4_Spring,Program_A,First_Year,1,5,2.93,-0.09,0.94,0,0,15,4.85,0.956,0.15,83.7,0,0.0
Student_0345,T4_Spring,Program_B,First_Year,3,57,2.39,-0.03,0.781,0,2,12,5.38,0.945,0.159,72.0,2,0.0
Student_0346,T4_Spring,Program_A,Transfer,1,11,3.08,0.39,0.953,0,1,15,4.04,1.0,0.064,82.4,0,0.0
Student_0347,T4_Spring,Program_C,First_Year,3,70,2.5,-0.5,0.784,0,0,15,1.34,0.748,0.285,61.7,3,0.0
Student_0348,T4_Spring,Program_B,First_Year,3,64,2.47,0.02,0.869,0,0,15,3.72,0.841,0.23,79.1,3,1.0
Student_0349,T4_Spring,Program_D,Transfer,2,38,2.04,-0.07,0.816,0,0,12,2.73,0.789,0.13,90.9,2,0.0
Student_0350,T4_Spring,Program_A,First_Year,2,52,2.74,0.03,0.822,0,0,15,3.38,0.807,0.306,72.8,1,0.0
Student_0351,T4_Spring,Program_A,Transfer,3,64,2.62,-0.05,0.843,0,0,12,2.47,0.709,0.22,59.8,5,0.0
Student_0352,T4_Spring,Program_B,First_Year,1,6,2.45,0.01,0.864,0,0,15,3.87,1.0,0.097,71.4,0,0.0
Student_0354,T4_Spring,Program_D,Transfer,2,47,2.82,-0.5,0.895,0,0,12,3.91,0.856,0.183,83.0,0,0.0
Student_0355,T4_Spring,Program_D,Transfer,4,93,3.01,1.0,0.924,0,0,12,4.54,1.0,0.137,87.6,0,0.0
Student_0356,T4_Spring,Program_D,First_Year,2,45,2.16,-0.17,0.771,1,0,18,2.48,0.975,0.266,79.9,4,0.0
Student_0357,T4_Spring,Program_A,Transfer,1,10,2.61,0.21,0.702,1,0,15,2.41,0.694,0.134,69.2,4,1.0
Student_0358,T4_Spring,Program_D,Transfer,2,27,2.99,0.09,0.831,0,1,18,4.59,0.973,0.06,87.0,1,0.0
Student_0360,T4_Spring,Program_A,Transfer,4,85,2.66,0.46,0.892,0,0,15,3.46,0.88,0.137,88.2,1,0.0
Student_0362,T4_Spring,Program_C,Transfer,4,108,1.76,0.06,0.766,1,0,9,2.71,0.937,0.107,68.1,1,1.0
Student_0367,T4_Spring,Program_A,First_Year,1,13,3.18,0.57,0.82,2,0,12,4.62,0.929,0.103,94.2,4,0.0
Student_0368,T4_Spring,Program_B,Transfer,4,102,2.45,-0.47,0.799,0,0,15,2.47,0.739,0.445,74.1,5,0.0
Student_0369,T4_Spring,Program_A,Transfer,3,80,2.33,0.28,0.745,1,0,15,4.49,0.827,0.241,63.9,0,0.0
Student_0370,T4_Spring,Program_D,Transfer,3,73,2.87,0.17,0.971,0,0,15,5.72,1.0,0.092,92.9,1,0.0
Student_0373,T4_Spring,Program_A,First_Year,2,49,1.61,0.18,0.83,0,0,15,4.84,0.803,0.151,58.1,0,0.0
Student_0374,T4_Spring,Program_D,First_Year,1,12,1.42,0.37,0.701,0,0,12,1.74,0.921,0.197,49.4,7,0.0
Student_0375,T4_Spring,Program_C,First_Year,1,13,2.97,0.25,0.883,0,1,18,3.74,0.887,0.191,64.9,4,1.0
Student_0376,T4_Spring,Program_A,Transfer,2,52,3.22,-0.21,0.941,0,1,15,3.71,0.855,0.151,66.3,6,1.0
Student_0377,T4_Spring,Program_A,First_Year,4,100,3.49,-0.12,0.921,1,0,18,5.36,1.0,0.19,79.1,1,0.0
Student_0378,T4_Spring,Program_A,First_Year,3,56,2.4,0.02,0.898,0,0,18,3.8,0.968,0.002,71.3,2,0.0
Student_0379,T4_Spring,Program_B,Transfer,3,54,2.87,-0.02,0.789,0,1,15,3.68,0.859,0.123,74.9,2,0.0
Student_0380,T4_Spring,Program_B,Transfer,3,71,2.44,0.24,0.807,0,0,12,6.52,0.842,0.089,69.9,0,0.0
Student_0381,T4_Spring,Program_C,First_Year,1,21,2.32,-0.1,0.683,1,0,12,4.8,0.88,0.222,74.2,0,0.0
Student_0382,T4_Spring,Program_B,First_Year,3,72,3.49,0.27,0.946,1,1,15,3.03,0.938,0.118,77.1,5,0.0
Student_0383,T4_Spring,Program_C,First_Year,2,36,1.71,0.06,0.697,2,0,12,5.8,0.963,0.216,68.1,0,0.0
Student_0385,T4_Spring,Program_A,First_Year,4,87,3.31,-0.0,0.754,1,0,15,2.47,0.785,0.202,75.2,7,0.0
Student_0386,T4_Spring,Program_C,First_Year,3,69,3.06,0.14,0.88,1,0,9,2.3,0.821,0.244,80.2,1,0.0
Student_0387,T4_Spring,Program_D,First_Year,2,45,3.2,-0.01,0.921,0,0,12,3.82,0.874,0.214,85.5,4,0.0
Student_0388,T4_Spring,Program_C,First_Year,3,81,3.22,0.1,0.776,1,1,15,3.82,0.87,0.17,82.2,2,0.0
Student_0389,T4_Spring,Program_D,First_Year,1,9,2.37,0.21,0.871,0,0,15,5.3,1.0,0.107,77.6,3,0.0
Student_0390,T4_Spring,Program_B,First_Year,3,75,2.68,0.46,0.753,0,2,15,3.75,0.857,0.244,85.2,4,1.0
Student_0392,T4_Spring,Program_B,First_Year,3,65,2.77,0.76,0.83,0,0,15,3.94,0.967,0.204,91.2,1,0.0
Student_0393,T4_Spring,Program_C,First_Year,2,37,2.1,0.2,0.883,1,0,15,4.22,0.928,0.15,78.3,1,0.0
Student_0394,T4_Spring,Program_C,Transfer,2,51,2.83,0.22,0.901,0,1,12,3.43,1.0,0.162,77.2,2,0.0
Student_0395,T4_Spring,Program_A,First_Year,1,16,2.01,0.19,0.703,1,0,15,3.98,0.776,0.296,63.3,7,0.0
Student_0397,T4_Spring,Program_D,Transfer,2,37,2.06,-0.45,0.508,2,1,12,3.17,0.665,0.276,65.9,0,0.0
Student_0398,T4_Spring,Program_A,First_Year,1,10,3.29,-0.11,0.762,1,0,15,4.56,1.0,0.037,85.8,1,0.0
Student_0399,T4_Spring,Program_A,Transfer,2,28,3.39,-0.01,1.0,0,0,15,4.84,0.822,0.283,83.8,5,0.0
Student_0400,T4_Spring,Program_D,Transfer,1,26,2.24,0.07,0.657,2,0,15,4.0,0.834,0.255,61.1,0,0.0
Student_0402,T4_Spring,Program_A,First_Year,2,27,2.82,0.01,0.945,0,1,15,5.3,0.892,0.125,100.0,2,0.0
Student_0403,T4_Spring,Program_B,First_Year,3,63,2.85,-0.47,0.735,1,0,12,2.1,0.773,0.187,84.8,5,1.0
Student_0405,T4_Spring,Program_B,First_Year,3,68,3.02,0.33,0.961,0,0,18,5.36,1.0,0.081,82.9,0,0.0
Student_0406,T4_Spring,Program_A,First_Year,4,92,2.86,0.21,0.758,0,0,15,5.31,0.81,0.202,75.2,6,0.0
Student_0408,T4_Spring,Program_B,First_Year,1,4,2.41,-0.02,0.808,0,2,15,5.44,0.848,0.207,75.2,0,0.0
Student_0409,T4_Spring,Program_B,First_Year,4,106,2.87,-0.2,0.987,0,0,18,4.72,1.0,0.145,88.2,0,1.0
Student_0410,T4_Spring,Program_C,First_Year,3,58,2.13,-0.66,0.681,1,1,15,1.76,0.553,0.451,50.7,3,1.0
Student_0411,T4_Spring,Program_D,First_Year,2,41,3.06,0.1,0.898,1,1,12,3.74,0.933,0.253,96.9,6,0.0
Student_0412,T4_Spring,Program_B,Transfer,3,74,2.48,0.13,0.85,0,0,18,4.21,0.816,0.129,72.9,0,0.0
Student_0414,T4_Spring,Program_C,First_Year,4,85,3.23,-0.26,0.964,0,0,9,4.77,0.929,0.159,87.9,0,0.0
Student_0416,T4_Spring,Program_C,First_Year,1,18,2.55,-0.12,0.863,0,0,15,4.61,0.815,0.274,84.6,0,0.0
Student_0419,T4_Spring,Program_D,First_Year,1,3,3.04,0.5,0.886,0,1,15,5.02,0.898,0.132,100.0,0,0.0
Student_0420,T4_Spring,Program_D,Transfer,2,29,1.99,-0.21,0.593,1,0,18,3.91,0.704,0.312,72.8,3,1.0
Student_0422,T4_Spring,Program_C,First_Year,4,86,2.54,0.04,0.854,1,0,15,4.76,0.853,0.141,67.4,2,1.0
Student_0423,T4_Spring,Program_C,Transfer,2,34,3.04,0.03,0.888,0,0,15,3.17,0.862,0.166,63.7,1,0.0
Student_0424,T4_Spring,Program_D,Transfer,3,77,2.66,-0.04,0.701,1,0,18,3.91,0.92,0.163,85.2,0,1.0
Student_0425,T4_Spring,Program_D,First_Year,2,53,2.12,0.62,0.846,0,0,15,3.55,0.855,0.226,85.1,0,0.0
Student_0426,T4_Spring,Program_A,First_Year,1,23,2.94,0.04,0.855,0,0,15,3.09,0.973,0.239,82.9,2,0.0
Student_0427,T4_Spring,Program_C,First_Year,1,20,3.47,0.46,0.895,0,1,15,4.62,0.844,0.29,76.5,1,0.0
Student_0428,T4_Spring,Program_A,Transfer,4,93,2.66,-0.03,0.834,0,0,15,3.38,0.928,0.282,61.1,7,0.0
Student_0430,T4_Spring,Program_D,Transfer,2,31,1.81,-0.16,0.676,2,0,12,3.19,0.821,0.178,55.1,5,1.0
Student_0431,T4_Spring,Program_A,Transfer,2,35,2.43,0.18,0.858,0,1,15,2.97,0.922,0.23,70.7,6,0.0
Student_0432,T4_Spring,Program_B,Transfer,3,58,1.72,-0.02,0.653,2,0,9,2.82,0.834,0.237,55.9,7,1.0
Student_0433,T4_Spring,Program_C,First_Year,3,81,2.56,0.11,0.712,2,0,12,4.08,0.841,0.122,65.4,3,1.0
Student_0434,T4_Spring,Program_A,First_Year,2,37,2.8,-0.31,0.85,0,0,18,2.99,0.747,0.226,78.1,2,0.0
Student_0436,T4_Spring,Program_D,First_Year,3,56,2.75,0.06,0.78,1,0,12,2.37,0.641,0.251,68.4,5,0.0
Student_0437,T4_Spring,Program_B,Transfer,1,5,4.0,-0.61,1.0,0,0,12,5.3,0.974,0.088,91.9,1,0.0
Student_0438,T4_Spring,Program_D,First_Year,3,77,2.8,-0.09,0.922,0,0,15,4.05,0.902,0.209,83.2,0,0.0
Student_0440,T4_Spring,Program_A,First_Year,3,63,3.11,0.15,0.576,3,0,18,5.31,0.853,0.145,90.3,1,1.0
Student_0441,T4_Spring,Program_B,First_Year,1,5,3.01,-0.31,0.813,1,2,18,3.07,0.996,0.283,89.1,0,0.0
Student_0443,T4_Spring,Program_B,First_Year,1,4,2.56,-0.96,0.855,0,0,12,4.78,0.837,0.212,66.4,2,0.0
Student_0444,T4_Spring,Program_C,First_Year,4,104,2.86,0.17,0.716,1,0,15,3.5,0.925,0.301,77.0,3,0.0
Student_0446,T4_Spring,Program_C,First_Year,4,92,2.2,-0.46,0.677,2,0,9,6.21,0.861,0.1,77.4,0,0.0
Student_0447,T4_Spring,Program_B,First_Year,4,85,2.32,-0.01,0.817,0,0,18,4.38,0.856,0.0,87.6,1,0.0
Student_0448,T4_Spring,Program_D,First_Year,2,39,1.86,0.24,0.814,0,0,15,5.4,0.939,0.204,51.2,0,0.0
Student_0450,T4_Spring,Program_A,First_Year,4,104,3.78,-0.65,0.915,0,1,12,3.8,0.907,0.148,92.0,1,0.0
Student_0452,T4_Spring,Program_B,First_Year,1,2,2.18,-0.23,0.85,0,1,12,3.92,0.941,0.221,70.8,3,1.0
Student_0453,T4_Spring,Program_B,First_Year,3,65,1.89,-0.17,0.68,1,0,12,4.18,0.763,0.301,70.9,0,0.0
Student_0454,T4_Spring,Program_D,First_Year,1,19,3.08,-0.53,0.856,0,0,15,4.09,0.9,0.163,75.5,1,1.0
Student_0455,T4_Spring,Program_D,First_Year,1,20,2.49,-0.57,0.896,0,0,12,3.08,0.735,0.277,82.1,0,0.0
Student_0457,T4_Spring,Program_D,First_Year,2,29,3.65,-0.37,0.942,0,1,12,5.97,0.867,0.153,100.0,0,0.0
Student_0458,T4_Spring,Program_A,First_Year,2,35,2.66,-0.18,0.923,0,0,12,6.43,0.839,0.08,90.8,0,0.0
Student_0459,T4_Spring,Program_C,First_Year,4,89,3.03,-1.59,0.825,0,0,15,0.94,0.609,0.379,71.1,0,1.0
Student_0461,T4_Spring,Program_D,First_Year,3,57,2.76,-0.15,0.767,2,0,18,3.12,0.797,0.251,76.9,3,1.0
Student_0462,T4_Spring,Program_B,First_Year,3,68,3.03,0.28,0.966,0,0,9,3.35,1.0,0.087,67.0,1,0.0
Student_0464,T4_Spring,Program_A,First_Year,4,99,2.57,-0.04,0.939,0,0,15,2.87,0.696,0.255,84.8,0,0.0
Student_0465,T4_Spring,Program_B,Transfer,1,10,3.24,-0.24,0.715,1,2,18,5.42,0.866,0.185,63.6,0,1.0
Student_0466,T4_Spring,Program_C,First_Year,2,52,3.57,-0.17,1.0,0,0,12,5.5,1.0,0.0,91.0,1,0.0
Student_0467,T4_Spring,Program_A,First_Year,4,94,2.98,-0.14,0.898,0,0,15,4.53,0.887,0.161,83.4,2,0.0
Student_0468,T4_Spring,Program_B,Transfer,2,29,2.42,0.23,0.886,1,1,18,5.26,0.941,0.204,86.7,3,0.0
Student_0469,T4_Spring,Program_D,First_Year,3,56,2.39,0.05,0.874,0,0,15,4.64,0.849,0.191,65.9,2,0.0
Student_0470,T4_Spring,Program_B,First_Year,4,99,2.75,0.2,0.832,0,0,15,4.82,0.864,0.17,85.4,2,1.0
Student_0471,T4_Spring,Program_D,First_Year,4,99,2.91,-0.14,0.818,1,0,9,5.06,0.883,0.071,81.9,0,0.0
Student_0472,T4_Spring,Program_B,First_Year,3,60,2.98,-0.07,0.713,1,1,15,2.83,0.722,0.337,63.9,2,0.0
Student_0474,T4_Spring,Program_C,Transfer,1,6,2.68,0.57,0.822,0,0,18,2.51,0.9,0.218,63.7,4,0.0
Student_0475,T4_Spring,Program_C,First_Year,3,76,2.73,-0.17,0.84,0,0,15,3.62,0.812,0.16,71.0,3,1.0
Student_0476,T4_Spring,Program_A,Transfer,2,51,2.54,0.03,0.843,0,1,9,2.56,0.921,0.247,74.1,6,0.0
Student_0478,T4_Spring,Program_D,First_Year,1,12,3.22,-0.06,0.834,0,0,18,4.18,0.823,0.226,73.0,2,0.0
Student_0480,T4_Spring,Program_A,First_Year,1,20,2.46,-0.03,0.775,1,0,15,3.28,0.969,0.008,74.4,6,0.0
Student_0481,T4_Spring,Program_C,First_Year,3,66,1.84,-0.12,0.718,0,0,18,1.93,0.793,0.341,57.7,0,1.0
Student_0483,T4_Spring,Program_C,Transfer,3,81,2.92,0.11,0.955,0,0,15,3.43,0.747,0.159,88.2,3,0.0
Student_0485,T4_Spring,Program_B,First_Year,1,7,2.11,-0.31,0.91,0,0,12,3.83,0.882,0.122,75.4,7,0.0
Student_0486,T4_Spring,Program_A,First_Year,1,26,2.25,-0.23,0.682,1,1,15,1.04,0.614,0.384,65.4,7,0.0
Student_0489,T4_Spring,Program_A,First_Year,1,27,3.44,-0.55,0.913,0,1,15,2.76,0.851,0.331,89.3,0,0.0
Student_0490,T4_Spring,Program_A,First_Year,2,27,2.52,-0.3,0.848,1,2,18,4.48,0.812,0.167,71.1,3,1.0
Student_0491,T4_Spring,Program_D,Transfer,1,11,2.93,0.01,0.953,0,0,15,4.34,0.854,0.179,92.1,7,1.0
Student_0493,T4_Spring,Program_A,First_Year,3,59,2.82,0.14,0.732,1,0,15,3.9,0.82,0.24,57.7,1,1.0
Student_0494,T4_Spring,Program_A,First_Year,3,71,2.7,-0.76,0.802,0,0,12,1.94,0.669,0.232,69.2,5,0.0
Student_0497,T4_Spring,Program_A,First_Year,2,51,3.5,-0.03,0.829,0,1,15,4.0,0.853,0.17,73.8,1,0.0
Student_0498,T4_Spring,Program_B,Transfer,3,62,2.99,0.57,0.871,0,0,18,6.05,0.923,0.036,87.0,2,0.0
Student_0499,T4_Spring,Program_B,First_Year,3,74,3.01,-0.17,0.723,0,1,12,3.96,0.674,0.41,66.6,1,0.0
Student_0500,T4_Spring,Program_A,First_Year,1,2,2.66,0.21,0.844,0,0,18,5.81,0.905,0.2,78.0,2,0.0
Student_0501,T4_Spring,Program_C,Transfer,2,49,3.85,0.25,0.993,0,0,15,5.83,0.852,0.11,92.5,0,0.0
Student_0502,T4_Spring,Program_B,First_Year,4,97,3.07,0.08,0.963,0,1,12,2.77,0.625,0.382,95.2,2,1.0
Student_0503,T4_Spring,Program_D,First_Year,1,16,2.93,-0.36,0.843,0,0,12,3.02,0.703,0.24,76.8,3,0.0
Student_0505,T4_Spring,Program_D,First_Year,4,82,3.42,0.18,0.805,1,1,15,5.56,1.0,0.028,94.3,0,0.0
Student_0506,T4_Spring,Program_D,Transfer,1,23,2.96,0.02,0.883,0,0,18,2.47,0.779,0.215,77.2,4,0.0
Student_0507,T4_Spring,Program_C,First_Year,2,33,3.91,-0.18,0.96,0,0,15,2.59,0.763,0.216,85.4,2,0.0
Student_0508,T4_Spring,Program_C,Transfer,2,35,3.02,-0.05,0.948,0,1,15,4.6,0.792,0.16,85.4,3,0.0
Student_0509,T4_Spring,Program_B,First_Year,3,60,2.78,0.04,0.999,0,0,18,3.97,0.862,0.281,86.8,6,0.0
Student_0510,T4_Spring,Program_C,First_Year,1,22,2.05,-0.18,0.681,1,1,12,4.5,0.901,0.135,68.2,0,0.0
Student_0512,T4_Spring,Program_C,First_Year,4,95,2.61,0.32,0.939,0,0,12,6.2,0.99,0.16,92.5,2,0.0
Student_0513,T4_Spring,Program_C,First_Year,1,10,2.86,-0.2,0.853,0,3,12,1.96,0.704,0.399,61.7,3,1.0
Student_0514,T4_Spring,Program_A,First_Year,4,102,3.05,0.02,0.885,1,0,15,4.21,0.996,0.226,91.2,3,0.0
Student_0515,T4_Spring,Program_D,First_Year,3,63,3.36,-0.31,1.0,0,0,15,3.11,0.765,0.152,68.1,3,1.0
Student_0516,T4_Spring,Program_D,First_Year,4,82,2.66,-0.15,0.861,0,1,15,2.91,0.864,0.197,83.4,5,1.0
Student_0517,T4_Spring,Program_B,Transfer,4,81,3.72,-0.6,0.888,0,0,15,2.85,0.655,0.331,77.4,3,0.0
Student_0518,T4_Spring,Program_C,First_Year,3,74,2.81,0.33,0.993,0,0,18,3.25,0.837,0.115,72.5,5,0.0
Student_0519,T4_Spring,Program_D,Transfer,3,65,2.62,-0.3,0.775,1,0,15,5.0,0.816,0.194,72.3,4,1.0
Student_0520,T4_Spring,Program_B,First_Year,1,15,3.47,0.19,1.0,0,0,15,5.04,1.0,0.071,89.1,4,0.0
Student_0523,T4_Spring,Program_D,First_Year,3,78,3.56,0.18,0.982,0,0,12,4.19,0.996,0.216,77.7,1,0.0
Student_0524,T4_Spring,Program_B,First_Year,3,80,3.02,-0.12,0.856,0,0,15,3.59,0.839,0.236,70.1,3,0.0
Student_0525,T4_Spring,Program_A,First_Year,3,81,2.76,0.06,0.893,0,0,12,4.15,0.823,0.143,71.6,2,0.0
Student_0526,T4_Spring,Program_C,First_Year,2,52,2.44,-0.44,0.753,0,1,18,2.84,0.653,0.303,73.7,2,1.0
Student_0527,T4_Spring,Program_A,First_Year,2,45,2.94,0.1,0.929,1,0,12,1.29,0.684,0.235,77.9,3,0.0
Student_0528,T4_Spring,Program_A,First_Year,1,27,2.75,-0.38,0.953,0,0,18,4.02,0.662,0.206,68.3,1,0.0
Student_0529,T4_Spring,Program_C,First_Year,2,30,2.49,-0.9,0.757,0,1,12,2.56,0.701,0.362,70.8,2,0.0
Student_0530,T4_Spring,Program_C,Transfer,1,20,3.07,0.87,0.888,1,1,18,4.38,0.987,0.148,90.6,2,0.0
Student_0531,T4_Spring,Program_A,First_Year,4,87,1.97,-0.52,0.881,0,0,12,3.61,0.96,0.128,71.5,1,0.0
Student_0533,T4_Spring,Program_C,First_Year,3,75,2.96,0.37,0.946,1,0,12,4.84,1.0,0.053,63.8,3,0.0
Student_0534,T4_Spring,Program_D,Transfer,2,51,3.32,0.09,0.88,0,0,15,3.56,0.808,0.138,95.0,3,0.0
Student_0535,T4_Spring,Program_B,First_Year,3,56,2.42,0.1,0.775,0,0,18,5.05,0.932,0.155,79.4,0,0.0
Student_0536,T4_Spring,Program_B,Transfer,4,95,2.51,0.19,0.752,1,0,18,2.28,0.767,0.367,81.9,7,1.0
Student_0537,T4_Spring,Program_A,First_Year,2,53,2.63,0.26,0.771,1,1,15,4.01,1.0,0.092,80.8,6,1.0
Student_0539,T4_Spring,Program_D,First_Year,2,32,2.49,-0.07,0.853,1,0,15,3.68,0.9,0.403,63.3,3,0.0
Student_0541,T4_Spring,Program_D,First_Year,1,18,3.12,-0.26,0.926,0,0,9,4.1,0.909,0.233,88.2,4,0.0
Student_0542,T4_Spring,Program_B,Transfer,2,54,2.38,-0.42,0.873,0,1,18,4.68,1.0,0.128,77.5,2,1.0
Student_0545,T4_Spring,Program_C,First_Year,2,30,1.73,0.64,0.844,0,2,18,4.68,0.922,0.143,78.5,0,0.0
Student_0546,T4_Spring,Program_A,First_Year,2,34,2.67,-0.04,0.79,0,1,15,4.64,1.0,0.191,70.6,1,0.0
Student_0547,T4_Spring,Program_B,First_Year,3,65,2.53,0.24,0.926,0,0,12,6.3,1.0,0.073,97.9,0,0.0
Student_0548,T4_Spring,Program_A,First_Year,3,62,2.1,-0.24,0.73,1,0,15,3.33,0.768,0.209,79.5,2,0.0
Student_0549,T4_Spring,Program_C,First_Year,3,80,2.65,0.23,0.875,0,0,9,6.23,1.0,0.096,86.7,0,0.0
Student_0550,T4_Spring,Program_A,First_Year,1,20,2.51,0.49,0.704,1,1,15,3.58,1.0,0.132,64.7,0,0.0
Student_0551,T4_Spring,Program_D,First_Year,1,23,1.9,-0.31,0.681,1,1,18,3.87,0.832,0.228,67.8,0,0.0
Student_0552,T4_Spring,Program_B,First_Year,4,88,2.69,0.1,0.911,0,0,9,3.65,0.9,0.243,76.1,3,0.0
Student_0553,T4_Spring,Program_C,Transfer,1,27,2.95,-0.43,0.896,0,0,18,2.44,0.679,0.303,74.7,6,1.0
Student_0556,T4_Spring,Program_C,First_Year,2,30,2.32,-0.21,0.636,1,0,15,1.94,0.68,0.25,47.7,5,0.0
Student_0557,T4_Spring,Program_D,First_Year,3,56,2.69,-0.36,1.0,0,0,15,1.78,0.713,0.315,65.2,2,1.0
Student_0558,T4_Spring,Program_D,Transfer,3,60,2.64,-0.22,0.872,0,0,15,3.5,0.965,0.23,91.1,1,0.0
Student_0561,T4_Spring,Program_A,First_Year,4,102,2.51,0.31,0.826,0,0,18,4.5,0.794,0.197,87.1,0,0.0
Student_0562,T4_Spring,Program_A,First_Year,1,21,2.38,-0.05,0.734,0,0,15,2.86,0.684,0.493,64.8,5,0.0
Student_0563,T4_Spring,Program_D,First_Year,4,90,2.99,0.86,0.859,0,1,18,5.37,1.0,0.057,94.8,1,0.0
Student_0564,T4_Spring,Program_D,First_Year,1,8,2.9,-0.17,0.832,0,0,18,2.8,0.839,0.145,77.6,6,0.0
Student_0565,T4_Spring,Program_C,First_Year,1,7,2.73,-0.21,0.799,0,0,9,4.92,0.908,0.187,72.9,3,0.0
Student_0566,T4_Spring,Program_B,Transfer,3,78,2.21,-0.3,0.815,1,0,12,6.21,0.82,0.183,87.0,0,0.0
Student_0568,T4_Spring,Program_B,First_Year,4,107,2.58,0.06,0.763,1,0,18,4.0,0.971,0.182,92.8,4,0.0
Student_0569,T4_Spring,Program_C,First_Year,1,15,3.15,-0.13,0.978,0,1,15,2.89,0.887,0.248,78.1,0,1.0
Student_0571,T4_Spring,Program_B,First_Year,2,50,2.49,0.78,0.934,0,0,15,3.92,0.82,0.118,89.9,3,0.0
Student_0573,T4_Spring,Program_C,Transfer,3,63,2.73,-0.74,0.922,0,1,15,3.77,0.922,0.311,70.2,6,0.0
Student_0574,T4_Spring,Program_D,First_Year,3,57,3.56,0.17,0.718,1,0,15,2.29,0.967,0.203,94.6,3,0.0
Student_0575,T4_Spring,Program_D,Transfer,2,44,2.89,0.16,0.914,0,0,15,2.33,0.863,0.175,75.2,5,0.0
Student_0577,T4_Spring,Program_A,First_Year,1,6,2.14,-0.2,0.73,1,0,9,3.41,0.951,0.267,71.7,1,0.0
Student_0579,T4_Spring,Program_C,First_Year,1,25,3.38,0.2,1.0,0,0,15,2.88,0.973,0.167,94.9,3,0.0
Student_0581,T4_Spring,Program_B,First_Year,3,69,3.25,0.15,1.0,0,1,15,4.15,0.701,0.088,94.8,4,0.0
Student_0582,T4_Spring,Program_D,First_Year,4,83,2.14,0.34,0.931,0,0,18,2.7,0.855,0.246,50.3,6,0.0
Student_0584,T4_Spring,Program_A,First_Year,1,11,2.62,-0.01,0.842,0,0,15,4.46,0.852,0.261,79.3,6,0.0
Student_0585,T4_Spring,Program_B,First_Year,3,80,3.27,-0.43,0.986,0,1,18,5.94,1.0,0.124,82.7,1,0.0
Student_0586,T4_Spring,Program_A,First_Year,3,60,2.84,0.09,0.893,0,1,15,4.1,0.778,0.315,70.6,0,1.0
Student_0587,T4_Spring,Program_C,Transfer,1,9,2.44,-0.48,0.827,0,0,15,4.55,0.88,0.304,77.0,1,0.0
Student_0588,T4_Spring,Program_A,Transfer,1,12,2.35,-0.1,0.683,2,1,15,3.75,1.0,0.112,73.7,3,1.0
Student_0590,T4_Spring,Program_A,First_Year,4,100,3.31,-0.23,1.0,0,0,15,4.02,0.842,0.327,78.9,5,0.0
Student_0591,T4_Spring,Program_A,First_Year,1,2,2.62,-0.02,0.975,0,0,9,5.14,0.943,0.056,79.7,0,0.0
Student_0592,T4_Spring,Program_A,First_Year,3,70,3.15,0.7,0.913,0,1,9,6.55,1.0,0.0,74.4,0,1.0
Student_0593,T4_Spring,Program_A,First_Year,2,48,3.14,0.04,0.943,0,1,15,6.13,1.0,0.012,78.2,3,0.0
Student_0594,T4_Spring,Program_D,First_Year,4,89,2.43,0.18,0.888,0,0,15,2.72,0.62,0.307,90.8,1,0.0
Student_0595,T4_Spring,Program_C,First_Year,2,32,2.27,0.17,0.895,0,0,9,3.89,0.943,0.15,71.3,4,1.0
Student_0596,T4_Spring,Program_C,Transfer,3,64,2.16,-0.27,0.783,0,0,15,3.84,0.893,0.186,60.4,0,0.0
Student_0597,T4_Spring,Program_A,First_Year,2,35,3.16,0.23,0.988,0,1,15,5.05,0.936,0.08,87.3,2,0.0
Student_0600,T4_Spring,Program_D,Transfer,2,31,2.54,-0.59,0.726,0,0,9,4.47,0.832,0.301,75.4,1,0.0
Student_0601,T4_Spring,Program_A,First_Year,2,37,3.29,0.45,0.883,0,0,18,3.58,1.0,0.0,86.3,2,0.0
Student_0602,T4_Spring,Program_B,First_Year,2,48,2.91,0.3,0.804,1,0,15,4.16,0.96,0.07,77.7,0,0.0
Student_0605,T4_Spring,Program_D,First_Year,2,45,3.32,-0.38,0.946,0,2,18,4.06,0.728,0.238,100.0,4,1.0
Student_0606,T4_Spring,Program_B,First_Year,1,22,2.26,0.23,0.806,0,0,12,3.64,0.88,0.184,79.3,1,0.0
Student_0607,T4_Spring,Program_D,First_Year,3,79,2.98,-0.17,0.881,0,1,15,4.58,0.926,0.169,87.9,1,1.0
Student_0608,T4_Spring,Program_C,First_Year,3,78,3.52,0.28,0.881,0,0,18,3.22,0.979,0.15,81.0,2,0.0
Student_0609,T4_Spring,Program_A,Transfer,4,97,2.87,-0.04,0.813,0,0,12,4.37,0.626,0.167,74.2,4,1.0
Student_0611,T4_Spring,Program_D,First_Year,3,81,2.64,-0.09,0.587,2,1,12,2.87,0.853,0.382,79.9,3,0.0
Student_0613,T4_Spring,Program_A,Transfer,1,0,2.01,0.02,0.912,0,0,15,3.41,0.706,0.213,64.9,1,0.0
Student_0614,T4_Spring,Program_C,First_Year,1,19,2.74,-0.07,0.914,0,0,18,3.29,0.848,0.133,83.2,2,0.0
Student_0616,T4_Spring,Program_D,First_Year,3,63,3.2,0.6,0.955,0,1,15,6.8,0.96,0.113,88.1,0,0.0
Student_0618,T4_Spring,Program_B,Transfer,2,39,2.61,0.24,0.748,1,0,18,6.61,0.99,0.095,85.1,0,0.0
Student_0620,T4_Spring,Program_A,First_Year,3,70,2.28,-0.26,0.791,1,0,18,4.05,0.986,0.019,78.5,0,0.0
Student_0621,T4_Spring,Program_C,Transfer,3,63,2.58,-0.13,0.936,0,0,9,2.65,0.863,0.192,56.5,5,0.0
Student_0622,T4_Spring,Program_B,First_Year,2,27,2.28,0.32,0.826,0,0,12,4.42,1.0,0.011,86.4,2,0.0
Student_0623,T4_Spring,Program_D,First_Year,3,66,2.82,-0.37,0.73,1,1,15,3.74,0.83,0.234,72.7,3,1.0
Student_0624,T4_Spring,Program_A,First_Year,2,29,2.61,-0.28,0.797,0,1,15,3.47,0.827,0.208,72.8,1,0.0
Student_0625,T4_Spring,Program_B,Transfer,3,66,3.13,-0.24,0.877,0,0,15,5.34,0.889,0.118,70.8,4,0.0
Student_0626,T4_Spring,Program_B,First_Year,3,76,3.09,-0.09,0.897,0,0,9,2.26,0.722,0.276,87.5,6,0.0
Student_0627,T4_Spring,Program_C,Transfer,2,36,2.3,0.53,0.766,1,3,12,5.76,0.854,0.137,97.7,0,0.0
Student_0628,T4_Spring,Program_B,First_Year,1,14,2.49,0.05,0.856,0,0,18,3.35,0.978,0.325,73.2,3,1.0
Student_0630,T4_Spring,Program_D,Transfer,3,57,2.69,-0.53,0.783,1,1,15,4.33,0.968,0.178,69.0,0,1.0
Student_0631,T4_Spring,Program_C,First_Year,4,92,2.65,0.17,0.687,1,0,15,3.39,0.963,0.233,82.7,2,0.0
Student_0632,T4_Spring,Program_D,First_Year,4,89,1.94,0.4,0.839,0,0,15,3.87,0.894,0.192,82.1,0,0.0
Student_0633,T4_Spring,Program_A,First_Year,3,74,3.22,-0.16,0.879,0,1,18,4.7,0.859,0.185,94.4,0,0.0
Student_0634,T4_Spring,Program_A,Transfer,2,48,2.74,-0.26,0.718,0,0,15,3.13,0.794,0.183,76.9,4,1.0
Student_0635,T4_Spring,Program_D,First_Year,4,91,2.28,0.24,0.763,1,1,15,6.01,1.0,0.1,81.9,1,0.0
Student_0636,T4_Spring,Program_C,First_Year,2,37,2.69,0.08,0.604,3,0,15,3.65,0.733,0.256,83.7,1,0.0
Student_0637,T4_Spring,Program_B,First_Year,2,47,2.53,-0.08,0.924,0,0,15,2.79,1.0,0.275,81.5,4,0.0
Student_0638,T4_Spring,Program_D,First_Year,1,4,2.77,-0.35,0.796,0,0,18,4.3,0.774,0.095,77.3,5,1.0
Student_0639,T4_Spring,Program_D,Transfer,1,20,2.72,0.35,0.72,1,2,9,4.73,0.887,0.11,84.5,0,0.0
Student_0641,T4_Spring,Program_C,First_Year,4,95,3.21,-0.13,0.905,0,2,15,5.77,1.0,0.122,72.3,1,0.0
Student_0643,T4_Spring,Program_C,First_Year,4,106,3.06,0.05,0.799,1,0,12,4.48,0.834,0.059,71.0,6,0.0
Student_0644,T4_Spring,Program_B,First_Year,4,88,1.98,1.0,0.893,0,0,12,4.06,0.959,0.194,90.6,0,0.0
Student_0645,T4_Spring,Program_C,First_Year,2,38,2.25,0.18,0.756,0,1,9,3.46,0.816,0.281,78.0,1,0.0
Student_0646,T4_Spring,Program_D,First_Year,3,76,2.23,0.12,0.773,0,0,15,4.24,0.809,0.313,78.2,4,0.0
Student_0647,T4_Spring,Program_C,First_Year,3,80,2.79,0.77,0.824,1,0,12,5.92,1.0,0.0,76.4,0,0.0
Student_0648,T4_Spring,Program_D,First_Year,4,93,2.72,0.99,0.81,1,1,12,4.29,0.96,0.159,77.1,1,0.0
Student_0649,T4_Spring,Program_A,First_Year,4,102,3.14,-0.18,0.821,0,1,12,2.34,0.805,0.185,61.8,5,0.0
Student_0650,T4_Spring,Program_C,Transfer,3,73,1.85,-0.33,0.62,1,0,15,3.21,0.862,0.432,68.6,2,0.0
Student_0651,T4_Spring,Program_B,First_Year,2,36,2.8,-0.13,0.693,1,0,15,5.43,0.753,0.3,76.7,2,0.0
Student_0652,T4_Spring,Program_A,First_Year,2,53,3.04,-0.3,0.822,0,0,12,3.83,0.855,0.226,81.1,5,0.0
Student_0655,T4_Spring,Program_A,First_Year,4,82,1.89,-0.36,0.755,0,1,15,4.9,0.807,0.252,73.4,0,0.0
Student_0656,T4_Spring,Program_D,Transfer,1,18,3.08,0.42,0.971,0,0,15,5.02,0.96,0.252,89.8,4,0.0
Student_0657,T4_Spring,Program_B,Transfer,2,30,2.43,-0.22,0.51,2,1,12,4.58,0.741,0.205,70.2,2,0.0
Student_0658,T4_Spring,Program_B,First_Year,1,26,3.49,0.36,1.0,0,0,15,3.79,0.965,0.197,92.2,5,0.0
Student_0659,T4_Spring,Program_A,First_Year,4,100,3.13,-0.05,0.821,0,1,12,3.42,0.699,0.167,82.7,4,1.0
Student_0660,T4_Spring,Program_C,First_Year,2,36,3.2,0.12,0.835,0,0,18,4.33,0.87,0.111,90.2,4,0.0
Student_0661,T4_Spring,Program_D,Transfer,3,65,2.34,-0.7,0.814,1,1,12,2.49,0.634,0.301,60.6,5,0.0
Student_0662,T4_Spring,Program_B,Transfer,3,58,2.77,-0.22,0.87,0,0,15,2.24,0.764,0.379,77.0,6,0.0
Student_0663,T4_Spring,Program_C,First_Year,4,88,2.95,-0.16,0.794,1,0,12,3.2,0.893,0.182,68.7,2,1.0
Student_0665,T4_Spring,Program_D,First_Year,3,58,3.45,0.29,0.899,0,0,18,5.03,0.92,0.102,84.0,0,0.0
Student_0666,T4_Spring,Program_C,First_Year,4,92,2.81,-0.55,0.903,0,0,12,3.72,0.916,0.145,76.2,3,0.0
Student_0667,T4_Spring,Program_C,First_Year,4,98,1.85,0.08,0.849,0,0,15,6.56,0.926,0.121,61.8,0,0.0
Student_0668,T4_Spring,Program_C,First_Year,3,62,1.74,-0.04,0.738,1,0,12,4.07,0.894,0.181,72.1,2,0.0
Student_0669,T4_Spring,Program_A,Transfer,2,46,2.41,-1.37,0.791,0,0,15,1.82,0.71,0.2,62.4,3,0.0
Student_0670,T4_Spring,Program_A,First_Year,3,78,2.32,-1.7,0.733,1,0,12,3.09,0.789,0.144,62.0,3,0.0
Student_0671,T4_Spring,Program_A,First_Year,2,29,3.36,0.62,0.898,0,0,15,4.89,0.918,0.265,90.3,1,0.0
Student_0672,T4_Spring,Program_C,Transfer,4,84,3.34,-0.14,0.777,1,0,12,3.57,0.741,0.359,78.9,6,0.0
Student_0673,T4_Spring,Program_A,Transfer,3,67,2.76,-0.09,0.764,0,0,18,5.7,0.822,0.24,76.0,0,0.0
Student_0675,T4_Spring,Program_A,Transfer,2,51,2.89,0.93,0.928,1,0,15,4.42,1.0,0.075,91.0,8,0.0
Student_0676,T4_Spring,Program_A,First_Year,3,54,2.38,0.14,0.782,0,0,15,3.78,0.808,0.263,70.9,2,0.0
Student_0678,T4_Spring,Program_D,First_Year,2,36,1.68,0.11,0.799,0,0,15,1.64,0.698,0.295,61.7,7,0.0
Student_0681,T4_Spring,Program_A,First_Year,4,82,2.62,0.03,0.923,0,0,12,4.67,0.98,0.16,88.8,0,0.0
Student_0682,T4_Spring,Program_B,First_Year,2,47,1.83,-0.04,0.782,0,0,18,3.35,0.857,0.242,63.3,3,1.0
Student_0683,T4_Spring,Program_D,Transfer,2,50,3.07,-0.59,0.802,0,1,15,3.62,0.803,0.272,68.3,7,1.0
Student_0684,T4_Spring,Program_A,Transfer,2,54,3.21,0.35,1.0,0,0,15,5.07,0.92,0.138,77.1,3,0.0
Student_0685,T4_Spring,Program_C,First_Year,2,47,2.24,0.21,0.83,0,0,9,3.33,0.881,0.158,57.8,3,0.0
Student_0686,T4_Spring,Program_B,First_Year,4,106,2.69,0.21,0.534,3,0,15,4.16,0.935,0.238,74.9,1,0.0
Student_0687,T4_Spring,Program_B,First_Year,1,11,3.41,-0.23,0.897,1,0,18,5.0,0.974,0.046,96.9,0,0.0
Student_0688,T4_Spring,Program_A,First_Year,2,35,2.75,-0.21,0.727,1,0,15,2.9,0.817,0.212,75.9,9,1.0
Student_0691,T4_Spring,Program_B,Transfer,4,88,2.56,-0.77,0.697,1,1,15,2.65,0.668,0.272,71.3,1,1.0
Student_0692,T4_Spring,Program_A,First_Year,1,9,2.86,0.25,0.848,1,0,15,4.61,1.0,0.066,88.9,0,0.0
Student_0693,T4_Spring,Program_B,First_Year,3,64,3.83,0.76,1.0,0,1,15,4.18,0.975,0.024,85.9,2,0.0
Student_0694,T4_Spring,Program_A,Transfer,3,56,2.76,-0.54,0.848,0,1,18,1.81,0.579,0.405,70.0,6,0.0
Student_0695,T4_Spring,Program_C,First_Year,1,2,2.55,-0.17,0.91,0,0,18,2.89,0.891,0.234,75.0,2,0.0
Student_0696,T4_Spring,Program_D,Transfer,4,86,2.6,-0.18,0.928,0,0,15,2.88,0.846,0.184,79.1,8,0.0
Student_0697,T4_Spring,Program_A,Transfer,3,62,2.7,0.18,0.713,1,0,12,3.67,0.856,0.214,81.8,0,0.0
Student_0698,T4_Spring,Program_B,First_Year,2,30,2.38,0.4,0.726,1,0,12,4.75,1.0,0.127,62.5,4,0.0
Student_0702,T4_Spring,Program_A,First_Year,3,59,2.56,0.58,0.743,1,0,12,4.45,1.0,0.154,80.4,1,0.0
Student_0704,T4_Spring,Program_C,Transfer,3,74,2.97,-0.28,0.685,1,0,18,4.03,0.764,0.355,76.4,2,1.0
Student_0705,T4_Spring,Program_B,First_Year,4,93,2.67,0.46,0.917,0,0,15,5.34,0.999,0.045,67.6,0,0.0
Student_0706,T4_Spring,Program_B,First_Year,4,103,1.82,0.28,0.782,0,0,15,1.91,0.893,0.217,71.8,7,0.0
Student_0707,T4_Spring,Program_C,First_Year,1,21,2.16,-0.07,0.722,1,0,15,4.78,0.881,0.256,58.0,0,1.0
Student_0712,T4_Spring,Program_A,First_Year,4,103,2.09,0.41,0.585,2,0,12,3.29,0.826,0.172,66.2,3,0.0
Student_0713,T4_Spring,Program_A,Transfer,4,97,2.92,0.16,0.98,0,1,15,3.34,0.812,0.242,75.5,3,0.0
Student_0714,T4_Spring,Program_A,First_Year,2,40,2.1,-0.07,0.841,0,0,15,4.99,0.938,0.116,86.6,0,0.0
Student_0715,T4_Spring,Program_A,First_Year,2,36,2.76,-0.08,0.877,0,0,15,3.15,0.892,0.25,82.1,3,0.0
Student_0717,T4_Spring,Program_D,First_Year,4,84,2.83,0.0,0.917,0,0,15,3.48,0.919,0.0,79.9,1,0.0
Student_0718,T4_Spring,Program_A,Transfer,4,94,3.51,-0.32,1.0,0,2,12,2.53,0.698,0.208,97.5,3,0.0
Student_0719,T4_Spring,Program_D,First_Year,3,66,3.39,-0.12,0.739,1,0,12,3.89,0.896,0.149,79.2,4,0.0
Student_0720,T4_Spring,Program_B,First_Year,2,54,3.16,-0.18,0.926,0,0,18,3.8,1.0,0.078,77.7,4,0.0
Student_0721,T4_Spring,Program_C,First_Year,3,81,3.29,0.02,0.95,0,0,12,3.54,0.863,0.205,81.7,2,0.0
Student_0723,T4_Spring,Program_A,First_Year,3,73,3.19,-0.06,0.925,0,1,15,3.56,1.0,0.115,71.9,2,0.0
Student_0724,T4_Spring,Program_C,Transfer,4,89,2.41,0.33,0.903,0,0,15,3.31,0.996,0.218,90.5,1,0.0
Student_0725,T4_Spring,Program_C,Transfer,4,100,3.42,-0.35,0.782,1,0,15,4.48,0.905,0.209,100.0,2,0.0
Student_0726,T4_Spring,Program_B,Transfer,1,15,1.81,0.12,0.735,1,1,12,3.79,0.799,0.143,80.3,6,0.0
Student_0727,T4_Spring,Program_D,First_Year,3,64,2.72,0.46,0.97,0,0,15,6.47,0.958,0.03,67.3,0,0.0
Student_0728,T4_Spring,Program_B,First_Year,1,26,3.33,0.2,1.0,0,0,15,4.17,1.0,0.0,87.0,4,0.0
Student_0729,T4_Spring,Program_B,First_Year,3,62,2.48,-0.01,0.594,2,0,18,4.69,1.0,0.093,63.8,0,0.0
Student_0730,T4_Spring,Program_D,First_Year,4,90,3.2,0.37,0.938,0,1,15,2.41,0.981,0.078,74.6,3,0.0
Student_0731,T4_Spring,Program_A,Transfer,2,54,2.68,-0.63,0.776,1,0,15,4.23,0.788,0.151,71.8,0,0.0
Student_0733,T4_Spring,Program_A,Transfer,1,24,2.7,0.02,0.79,0,0,12,2.6,0.754,0.151,75.9,5,1.0
Student_0736,T4_Spring,Program_D,Transfer,3,78,1.63,-0.58,0.682,0,1,18,4.37,0.806,0.203,69.6,1,1.0
Student_0737,T4_Spring,Program_C,First_Year,2,42,2.89,0.02,0.968,0,1,12,1.36,0.741,0.157,68.1,6,0.0
Student_0738,T4_Spring,Program_A,First_Year,2,54,4.0,0.43,1.0,0,0,12,5.81,0.957,0.044,90.8,1,0.0
Student_0739,T4_Spring,Program_B,Transfer,2,53,1.93,-0.68,0.693,1,0,12,5.11,0.947,0.035,71.5,0,0.0
Student_0740,T4_Spring,Program_D,First_Year,1,20,2.74,0.19,0.778,1,0,15,4.07,0.807,0.198,85.8,1,0.0
Student_0742,T4_Spring,Program_A,First_Year,4,82,3.38,0.29,1.0,0,0,15,1.87,0.837,0.205,79.1,6,0.0
Student_0743,T4_Spring,Program_C,Transfer,2,30,1.75,0.36,0.615,2,0,15,5.53,0.884,0.084,75.8,3,1.0
Student_0744,T4_Spring,Program_A,Transfer,1,26,2.42,-0.0,0.654,2,2,18,6.09,0.896,0.23,71.8,1,0.0
Student_0746,T4_Spring,Program_A,First_Year,1,20,2.93,0.19,0.817,0,0,15,4.93,0.993,0.024,90.5,2,0.0
Student_0747,T4_Spring,Program_C,Transfer,2,46,3.16,0.01,0.58,3,1,15,4.82,1.0,0.0,69.9,2,0.0
Student_0749,T4_Spring,Program_A,Transfer,1,23,2.46,0.04,0.832,1,0,18,4.44,0.911,0.09,81.8,1,0.0
Student_0750,T4_Spring,Program_C,First_Year,3,71,3.66,0.07,0.973,0,0,18,5.19,0.981,0.005,88.2,2,0.0
Student_0751,T4_Spring,Program_B,First_Year,2,38,2.89,-0.15,0.966,0,1,15,3.87,0.688,0.207,87.8,1,0.0
Student_0752,T4_Spring,Program_A,Transfer,3,59,2.53,-0.35,0.897,0,0,9,2.6,0.854,0.107,84.9,0,0.0
Student_0753,T4_Spring,Program_D,First_Year,2,37,2.71,0.25,0.881,0,0,12,4.09,0.912,0.192,89.6,5,0.0
Student_0754,T4_Spring,Program_D,First_Year,3,58,2.86,-0.08,0.716,2,0,12,2.21,0.844,0.262,76.6,3,0.0
Student_0755,T4_Spring,Program_C,Transfer,4,91,2.63,0.06,0.906,0,1,15,2.99,0.565,0.361,69.7,4,0.0
Student_0757,T4_Spring,Program_C,Transfer,2,38,2.36,-0.34,0.709,1,0,15,4.11,0.807,0.243,65.1,0,0.0
Student_0758,T4_Spring,Program_D,First_Year,2,47,2.29,-0.35,0.629,1,1,15,3.87,0.755,0.235,59.0,1,1.0
Student_0759,T4_Spring,Program_A,First_Year,2,40,3.57,0.07,1.0,0,0,12,3.66,0.874,0.111,100.0,1,0.0
Student_0762,T4_Spring,Program_A,First_Year,3,77,3.59,0.12,0.883,1,1,12,3.91,0.905,0.054,86.2,2,0.0
Student_0763,T4_Spring,Program_C,First_Year,1,4,3.39,0.39,0.977,0,0,15,3.86,0.892,0.031,78.2,1,1.0
Student_0765,T4_Spring,Program_C,First_Year,1,23,3.14,-0.21,0.966,0,0,12,6.77,0.896,0.018,79.6,1,1.0
Student_0766,T4_Spring,Program_B,First_Year,1,24,2.23,-0.77,0.724,0,1,18,5.97,0.892,0.209,65.3,3,0.0
Student_0767,T4_Spring,Program_A,First_Year,1,11,3.1,-0.06,0.79,0,1,9,2.86,0.797,0.225,87.5,5,1.0
Student_0769,T4_Spring,Program_C,Transfer,4,102,2.62,-0.34,0.693,1,0,15,3.69,0.703,0.44,82.0,4,1.0
Student_0770,T4_Spring,Program_A,First_Year,4,88,2.11,0.01,0.879,0,1,15,3.0,0.797,0.282,64.5,4,0.0
Student_0771,T4_Spring,Program_D,First_Year,1,7,1.75,-0.04,0.65,1,0,12,6.66,1.0,0.0,69.8,0,0.0
Student_0772,T4_Spring,Program_B,Transfer,3,56,1.77,-0.31,0.598,3,0,12,3.93,0.861,0.259,68.4,4,1.0
Student_0773,T4_Spring,Program_C,First_Year,3,64,3.1,-0.16,0.678,1,1,15,2.49,0.79,0.279,89.1,5,0.0
Student_0774,T4_Spring,Program_C,Transfer,1,25,2.67,0.13,0.802,0,1,9,2.09,0.723,0.177,65.8,5,1.0
Student_0777,T4_Spring,Program_D,First_Year,4,98,2.4,0.54,0.771,0,0,18,4.26,0.928,0.194,83.4,5,1.0
Student_0778,T4_Spring,Program_B,First_Year,2,40,3.36,0.11,0.873,0,1,15,4.13,0.944,0.17,96.5,0,0.0
Student_0781,T4_Spring,Program_B,Transfer,2,28,3.09,-0.02,0.85,1,0,15,4.68,1.0,0.168,87.3,0,0.0
Student_0785,T4_Spring,Program_D,First_Year,2,32,3.03,-0.07,0.879,0,0,15,5.22,0.964,0.143,70.4,0,0.0
Student_0786,T4_Spring,Program_B,First_Year,4,103,2.25,-0.7,0.811,0,0,15,3.88,0.808,0.303,69.9,3,0.0
Student_0788,T4_Spring,Program_B,Transfer,4,82,2.76,0.31,0.838,1,0,15,2.88,0.729,0.286,60.4,3,0.0
Student_0789,T4_Spring,Program_D,Transfer,1,13,2.36,0.24,0.758,0,0,15,2.89,0.83,0.193,64.7,5,0.0
Student_0790,T4_Spring,Program_C,Transfer,3,60,2.77,-0.16,0.875,0,0,9,3.77,0.826,0.31,85.2,1,0.0
Student_0791,T4_Spring,Program_B,Transfer,3,77,1.84,0.13,0.78,1,0,15,3.67,0.938,0.1,77.0,2,0.0
Student_0792,T4_Spring,Program_B,First_Year,2,44,2.89,-0.29,0.807,1,0,12,3.05,0.91,0.202,81.0,0,0.0
Student_0794,T4_Spring,Program_C,Transfer,1,1,2.5,0.41,0.92,0,0,15,4.78,0.96,0.137,82.5,0,0.0
Student_0795,T4_Spring,Program_B,First_Year,3,61,2.48,0.07,0.808,0,0,12,3.48,0.83,0.192,78.1,6,0.0
Student_0797,T4_Spring,Program_B,First_Year,1,22,3.12,-0.01,0.915,1,0,15,3.52,0.875,0.231,77.7,0,0.0
Student_0799,T4_Spring,Program_C,Transfer,2,40,3.49,0.27,1.0,0,0,12,4.44,0.921,0.029,77.9,4,0.0
Student_0800,T4_Spring,Program_D,Transfer,1,2,3.13,0.04,0.914,0,0,15,5.28,0.948,0.181,100.0,1,0.0
Student_0801,T4_Spring,Program_C,First_Year,3,64,2.94,-0.2,0.803,1,0,12,5.04,1.0,0.162,76.3,3,0.0
Student_0802,T4_Spring,Program_B,First_Year,3,63,4.0,-0.04,0.889,0,1,15,5.36,0.943,0.052,90.8,3,0.0
Student_0804,T4_Spring,Program_C,Transfer,3,78,3.56,-0.2,0.861,0,0,12,4.13,0.828,0.307,95.0,3,0.0
Student_0805,T4_Spring,Program_C,First_Year,3,56,3.04,0.14,0.808,1,1,15,4.83,0.751,0.293,78.3,3,1.0
Student_0808,T4_Spring,Program_D,First_Year,2,46,3.03,-0.56,0.767,2,0,15,3.58,0.707,0.234,78.0,0,0.0
Student_0809,T4_Spring,Program_C,First_Year,1,23,2.71,-0.34,0.916,0,0,15,2.51,0.739,0.341,63.0,2,1.0
Student_0810,T4_Spring,Program_D,Transfer,3,54,3.39,0.1,0.71,2,0,12,2.86,0.888,0.239,87.6,4,0.0
Student_0811,T4_Spring,Program_C,First_Year,1,16,2.8,1.0,0.899,0,0,18,5.83,1.0,0.002,85.2,0,0.0
Student_0812,T4_Spring,Program_A,First_Year,1,6,3.11,0.2,0.878,0,0,18,5.61,1.0,0.049,75.2,0,0.0
Student_0813,T4_Spring,Program_C,Transfer,2,38,3.6,0.02,1.0,0,0,12,3.02,0.824,0.106,78.0,5,0.0
Student_0814,T4_Spring,Program_B,First_Year,1,27,3.01,0.15,0.635,2,0,9,3.48,0.807,0.287,82.1,1,0.0
Student_0815,T4_Spring,Program_C,First_Year,3,55,2.35,-0.17,0.78,1,1,12,3.62,0.973,0.224,66.8,1,0.0
Student_0816,T4_Spring,Program_B,First_Year,2,52,2.56,0.1,0.637,1,0,12,5.57,0.867,0.31,81.0,2,0.0
Student_0818,T4_Spring,Program_C,First_Year,1,11,3.03,-0.23,0.899,0,2,18,5.36,0.951,0.275,89.9,1,0.0
Student_0822,T4_Spring,Program_A,First_Year,3,56,2.49,0.07,0.771,1,0,15,3.55,0.881,0.277,71.9,3,0.0
Student_0823,T4_Spring,Program_B,First_Year,2,54,1.94,-0.27,0.794,0,0,12,1.97,0.893,0.196,73.9,7,0.0
Student_0824,T4_Spring,Program_B,First_Year,4,82,2.77,-0.11,0.848,0,0,15,4.07,0.873,0.139,74.9,2,0.0
Student_0825,T4_Spring,Program_B,First_Year,2,29,2.01,-0.46,0.573,1,0,15,1.97,0.747,0.294,66.0,1,1.0
Student_0826,T4_Spring,Program_A,First_Year,2,51,3.4,-0.46,1.0,0,0,15,3.62,0.791,0.212,77.7,3,0.0
Student_0827,T4_Spring,Program_D,Transfer,2,50,2.9,-0.55,0.887,0,0,12,3.03,0.737,0.214,88.3,7,1.0
Student_0829,T4_Spring,Program_C,First_Year,3,67,3.08,-0.15,0.809,0,0,18,4.09,0.813,0.246,61.2,0,0.0
Student_0830,T4_Spring,Program_C,First_Year,1,12,2.64,-0.19,0.872,0,0,15,2.96,0.784,0.279,77.6,2,0.0
Student_0831,T4_Spring,Program_B,First_Year,2,40,2.9,0.2,0.926,0,0,12,5.17,0.828,0.303,78.1,5,0.0
Student_0832,T4_Spring,Program_C,First_Year,2,27,3.14,-0.05,0.839,1,0,12,5.01,0.964,0.15,77.0,0,0.0
Student_0834,T4_Spring,Program_B,First_Year,1,9,2.42,0.05,0.81,1,0,18,3.08,0.781,0.104,72.8,1,0.0
Student_0835,T4_Spring,Program_D,Transfer,3,69,3.04,0.06,0.948,0,1,15,3.53,0.852,0.209,96.0,2,1.0
Student_0836,T4_Spring,Program_C,First_Year,2,40,2.18,0.33,0.692,1,0,15,4.75,0.917,0.151,63.4,2,0.0
Student_0838,T4_Spring,Program_C,First_Year,2,27,2.82,-0.15,0.746,1,0,15,4.18,0.834,0.271,83.6,0,0.0
Student_0839,T4_Spring,Program_A,First_Year,2,49,2.86,0.1,0.871,0,0,15,4.55,1.0,0.074,98.5,0,0.0
Student_0840,T4_Spring,Program_A,First_Year,3,80,3.47,-0.24,0.843,0,0,9,3.63,0.785,0.221,94.7,2,0.0
Student_0841,T4_Spring,Program_B,Transfer,1,9,2.93,-0.18,1.0,0,0,15,3.84,0.911,0.0,80.1,4,0.0
Student_0843,T4_Spring,Program_C,First_Year,3,70,2.93,0.04,0.999,0,0,15,4.96,0.948,0.026,95.3,2,0.0
Student_0844,T4_Spring,Program_A,Transfer,3,70,2.28,-0.34,0.629,2,0,9,4.81,0.931,0.164,71.4,0,0.0
Student_0845,T4_Spring,Program_C,First_Year,1,1,1.92,-0.02,0.689,0,0,9,0.41,0.746,0.195,71.8,3,0.0
Student_0846,T4_Spring,Program_B,Transfer,1,15,2.7,0.42,0.891,0,0,15,3.26,0.947,0.145,100.0,7,0.0
Student_0847,T4_Spring,Program_D,First_Year,2,29,1.67,-0.07,0.714,0,0,18,4.38,0.789,0.285,74.0,7,0.0
Student_0848,T4_Spring,Program_B,Transfer,1,24,2.64,0.15,0.646,2,0,15,4.34,0.813,0.068,79.2,2,0.0
Student_0849,T4_Spring,Program_A,First_Year,2,40,2.56,0.28,0.864,0,1,12,6.07,0.935,0.211,69.5,5,0.0
Student_0851,T4_Spring,Program_D,First_Year,2,48,2.44,-0.16,0.7,1,0,15,2.04,0.667,0.395,84.6,7,1.0
Student_0852,T4_Spring,Program_A,First_Year,4,99,2.49,0.19,0.841,1,0,12,3.41,0.95,0.131,87.9,6,0.0
Student_0853,T4_Spring,Program_B,Transfer,2,46,2.9,-0.26,0.887,0,1,12,2.86,0.824,0.202,69.7,1,0.0
Student_0854,T4_Spring,Program_C,First_Year,1,23,1.85,-0.36,0.89,0,1,9,3.89,1.0,0.175,73.3,0,0.0
Student_0855,T4_Spring,Program_B,Transfer,2,34,2.78,-0.61,0.852,0,0,12,3.08,0.623,0.423,71.8,0,0.0
Student_0856,T4_Spring,Program_B,First_Year,2,37,2.75,-0.04,0.849,1,0,15,4.0,0.673,0.175,73.2,2,0.0
Student_0857,T4_Spring,Program_D,First_Year,2,53,2.3,-0.2,0.669,1,0,15,4.07,1.0,0.086,64.0,1,0.0
Student_0858,T4_Spring,Program_B,First_Year,1,7,2.67,-0.24,0.864,0,2,12,3.53,0.863,0.126,71.2,3,1.0
Student_0859,T4_Spring,Program_A,First_Year,1,23,2.3,0.23,0.743,1,2,9,3.0,0.749,0.206,71.9,5,1.0
Student_0860,T4_Spring,Program_A,First_Year,4,82,2.73,0.11,0.768,1,0,15,3.6,0.987,0.155,78.3,3,0.0
Student_0861,T4_Spring,Program_A,First_Year,2,28,3.03,0.43,0.858,0,1,15,4.64,0.89,0.115,77.6,6,0.0
Student_0862,T4_Spring,Program_C,First_Year,4,100,2.62,-0.91,0.569,3,1,15,2.4,0.669,0.311,69.2,5,1.0
Student_0863,T4_Spring,Program_A,First_Year,1,14,2.16,-0.1,0.712,0,1,12,3.96,0.745,0.226,62.8,0,0.0
Student_0864,T4_Spring,Program_D,Transfer,1,23,3.29,0.24,0.74,1,0,12,4.9,0.905,0.17,88.6,0,0.0
Student_0866,T4_Spring,Program_C,First_Year,3,79,1.82,0.32,0.793,0,0,15,5.7,0.97,0.102,76.1,2,0.0
Student_0868,T4_Spring,Program_B,First_Year,1,14,2.98,0.08,0.979,0,0,15,5.32,1.0,0.0,83.3,3,0.0
Student_0869,T4_Spring,Program_B,Transfer,2,27,2.41,0.13,0.874,0,0,12,4.21,0.918,0.026,71.5,0,0.0
Student_0870,T4_Spring,Program_D,First_Year,3,57,2.12,-0.21,0.833,0,0,18,3.83,0.919,0.277,73.1,0,0.0
Student_0871,T4_Spring,Program_B,First_Year,2,49,2.34,-0.01,0.749,1,0,15,3.15,0.814,0.216,60.1,2,0.0
Student_0872,T4_Spring,Program_B,First_Year,1,7,2.54,-0.41,0.753,0,1,15,5.48,0.744,0.289,73.1,5,0.0
Student_0874,T4_Spring,Program_D,First_Year,1,14,2.7,-0.28,0.952,0,1,12,2.91,0.806,0.349,89.0,5,1.0
Student_0875,T4_Spring,Program_A,First_Year,4,84,2.64,-0.03,0.837,1,0,18,3.45,0.837,0.218,64.3,0,0.0
Student_0876,T4_Spring,Program_D,Transfer,4,102,2.19,0.2,0.97,0,0,15,4.3,0.846,0.181,85.1,1,0.0
Student_0877,T4_Spring,Program_A,First_Year,3,65,2.75,-0.39,0.872,0,2,15,1.92,0.849,0.306,77.7,3,0.0
Student_0878,T4_Spring,Program_B,Transfer,1,12,2.22,0.13,0.735,0,2,18,2.28,0.719,0.289,55.4,3,0.0
Student_0879,T4_Spring,Program_B,First_Year,4,98,3.2,-0.24,0.84,0,1,12,4.43,0.989,0.116,84.0,0,0.0
Student_0882,T4_Spring,Program_C,First_Year,1,27,3.17,-0.37,0.8,0,0,15,3.93,0.815,0.222,71.6,3,0.0
Student_0883,T4_Spring,Program_B,First_Year,2,50,2.86,0.46,1.0,0,0,15,4.81,0.992,0.06,87.1,2,0.0
Student_0884,T4_Spring,Program_A,Transfer,2,46,3.09,-0.6,0.875,0,0,15,3.48,0.852,0.244,73.6,2,0.0
Student_0885,T4_Spring,Program_C,First_Year,1,14,3.38,-0.22,0.911,0,1,9,2.25,0.905,0.28,75.7,4,1.0
Student_0886,T4_Spring,Program_A,First_Year,3,65,3.29,-0.35,0.792,0,0,12,2.88,0.593,0.315,85.0,2,1.0
Student_0887,T4_Spring,Program_C,Transfer,4,103,3.16,0.13,0.852,0,0,15,3.97,0.908,0.217,78.9,0,0.0
Student_0888,T4_Spring,Program_B,First_Year,3,78,2.12,0.01,1.0,0,0,12,3.86,0.986,0.253,78.5,2,1.0
Student_0889,T4_Spring,Program_A,First_Year,1,4,3.48,-0.57,0.884,0,0,15,4.11,0.721,0.384,77.8,4,0.0
Student_0891,T4_Spring,Program_D,First_Year,4,105,2.46,-0.2,0.806,0,0,12,4.18,0.748,0.204,60.8,1,1.0
Student_0892,T4_Spring,Program_C,First_Year,4,91,2.7,-0.3,0.695,2,1,12,4.01,0.801,0.252,75.5,4,1.0
Student_0893,T4_Spring,Program_A,Transfer,4,92,2.41,0.26,0.621,3,1,12,3.32,0.873,0.176,79.6,0,0.0
Student_0894,T4_Spring,Program_B,First_Year,2,31,3.13,-0.01,0.76,1,0,15,2.9,0.758,0.221,92.3,3,0.0
Student_0896,T4_Spring,Program_A,First_Year,1,9,3.7,-0.17,1.0,0,1,18,3.73,0.967,0.112,100.0,4,1.0
Student_0899,T4_Spring,Program_A,First_Year,2,40,3.16,0.28,0.79,1,0,15,3.46,0.916,0.108,89.4,1,0.0
Student_0900,T4_Spring,Program_A,First_Year,1,22,2.95,0.67,0.872,1,1,12,5.96,1.0,0.119,74.1,0,0.0
Student_0901,T4_Spring,Program_B,First_Year,4,92,3.27,-0.27,0.877,0,0,15,4.61,0.757,0.263,71.7,1,0.0
Student_0902,T4_Spring,Program_C,First_Year,3,79,3.23,-0.04,0.903,0,0,15,4.23,1.0,0.159,73.3,1,0.0
Student_0903,T4_Spring,Program_A,First_Year,2,44,3.13,0.36,1.0,0,0,12,5.2,1.0,0.0,84.5,1,0.0
Student_0908,T4_Spring,Program_D,First_Year,1,16,3.59,0.79,1.0,0,0,18,4.66,0.92,0.098,100.0,1,1.0
Student_0909,T4_Spring,Program_D,First_Year,3,61,2.6,0.05,0.861,0,1,15,3.56,0.88,0.187,79.0,4,0.0
Student_0910,T4_Spring,Program_B,First_Year,3,70,2.41,0.01,0.774,0,0,12,4.6,0.966,0.116,81.3,0,0.0
Student_0911,T4_Spring,Program_D,First_Year,2,46,3.43,0.14,0.805,1,0,18,4.12,0.899,0.174,80.3,0,1.0
Student_0913,T4_Spring,Program_D,Transfer,4,97,3.59,0.18,1.0,0,0,15,3.76,0.91,0.219,80.9,3,0.0
Student_0915,T4_Spring,Program_D,First_Year,2,48,2.35,0.25,0.743,1,0,15,4.41,0.848,0.086,61.7,3,0.0
Student_0916,T4_Spring,Program_B,First_Year,2,50,2.62,0.12,0.799,1,1,15,4.46,0.835,0.224,65.8,4,0.0
Student_0919,T4_Spring,Program_A,First_Year,4,83,2.88,0.0,0.995,0,1,15,4.53,0.874,0.097,74.5,0,1.0
Student_0921,T4_Spring,Program_C,First_Year,1,7,3.05,-0.02,0.878,0,2,15,3.39,0.88,0.224,83.2,4,1.0
Student_0922,T4_Spring,Program_B,Transfer,2,29,2.57,-0.2,0.673,2,1,12,4.59,1.0,0.104,63.3,2,0.0
Student_0923,T4_Spring,Program_C,First_Year,1,17,3.54,-0.09,1.0,0,0,12,3.18,1.0,0.202,100.0,4,0.0
Student_0924,T4_Spring,Program_B,Transfer,4,89,2.74,-0.02,0.915,0,0,15,4.67,0.827,0.089,78.6,0,1.0
Student_0925,T4_Spring,Program_B,Transfer,2,32,2.9,0.01,0.874,0,0,18,4.6,0.957,0.184,87.8,0,1.0
Student_0926,T4_Spring,Program_D,First_Year,4,104,3.13,0.16,0.808,1,0,12,4.67,0.978,0.0,80.5,5,0.0
Student_0928,T4_Spring,Program_B,First_Year,1,2,2.84,0.39,0.736,1,0,18,4.99,1.0,0.072,70.9,0,1.0
Student_0930,T4_Spring,Program_C,First_Year,4,91,2.86,-0.33,0.847,0,0,12,2.52,0.731,0.294,64.6,2,1.0
Student_0931,T4_Spring,Program_D,First_Year,4,102,2.55,-0.08,0.784,0,1,15,3.7,0.849,0.174,97.2,0,0.0
Student_0932,T4_Spring,Program_D,First_Year,1,24,3.47,-0.33,0.921,0,0,15,0.82,0.815,0.27,79.3,0,0.0
Student_0933,T4_Spring,Program_C,First_Year,3,76,2.01,-0.28,0.841,0,0,15,5.65,0.826,0.201,70.3,2,0.0
Student_0934,T4_Spring,Program_D,Transfer,4,85,3.24,-0.18,0.964,0,0,15,4.19,0.977,0.166,89.0,2,0.0
Student_0936,T4_Spring,Program_A,First_Year,4,98,2.83,0.68,0.956,0,0,18,6.56,1.0,0.0,79.0,0,0.0
Student_0938,T4_Spring,Program_C,First_Year,3,60,2.65,-0.0,0.875,0,1,15,3.18,0.809,0.192,84.2,3,0.0
Student_0939,T4_Spring,Program_D,First_Year,2,54,1.84,-0.03,0.805,0,1,18,5.37,0.827,0.168,58.8,2,1.0
Student_0940,T4_Spring,Program_B,First_Year,1,4,1.66,-0.41,0.683,1,0,12,3.91,0.783,0.295,77.6,0,0.0
Student_0941,T4_Spring,Program_D,Transfer,2,48,2.95,0.09,0.846,0,0,12,3.85,0.823,0.261,93.8,0,0.0
Student_0942,T4_Spring,Program_C,First_Year,2,40,2.76,-0.1,0.819,1,0,15,4.19,0.903,0.145,96.6,3,0.0
Student_0943,T4_Spring,Program_D,Transfer,2,53,3.49,0.05,0.832,0,0,18,3.41,0.942,0.236,63.3,0,0.0
Student_0944,T4_Spring,Program_A,First_Year,2,54,3.06,0.07,0.969,0,1,18,4.71,0.868,0.183,86.0,0,1.0
Student_0945,T4_Spring,Program_D,First_Year,1,23,2.57,-0.01,0.788,0,0,12,3.83,0.806,0.175,87.2,2,0.0
Student_0946,T4_Spring,Program_C,First_Year,1,26,3.02,0.25,0.824,0,1,15,4.16,0.92,0.078,82.2,6,0.0
Student_0950,T4_Spring,Program_D,Transfer,2,53,3.29,0.25,0.886,0,0,15,1.79,0.819,0.304,72.5,5,0.0
Student_0951,T4_Spring,Program_D,Transfer,3,74,3.07,0.28,0.93,0,0,15,4.29,0.84,0.242,80.1,4,0.0
Student_0952,T4_Spring,Program_C,Transfer,4,91,3.5,-0.14,0.883,1,0,12,4.75,1.0,0.045,96.2,0,0.0
Student_0954,T4_Spring,Program_D,First_Year,4,106,3.29,-0.05,0.967,0,0,15,4.32,0.987,0.198,82.4,0,0.0
Student_0956,T4_Spring,Program_A,First_Year,1,20,3.74,0.25,0.952,0,1,18,4.47,0.987,0.141,100.0,1,0.0
Student_0958,T4_Spring,Program_C,Transfer,4,106,2.0,0.3,0.679,2,0,12,6.62,1.0,0.045,78.2,0,0.0
Student_0959,T4_Spring,Program_A,First_Year,3,70,3.16,0.06,0.95,0,0,12,2.01,0.909,0.236,84.2,3,0.0
Student_0960,T4_Spring,Program_C,First_Year,1,3,2.26,0.07,0.718,1,0,18,5.03,0.783,0.244,77.0,2,1.0
Student_0961,T4_Spring,Program_B,First_Year,2,52,2.28,0.04,0.517,2,1,15,5.26,1.0,0.112,81.6,0,0.0
Student_0962,T4_Spring,Program_B,First_Year,3,67,1.32,-0.32,0.687,1,0,15,4.4,0.843,0.309,61.5,4,1.0
Student_0963,T4_Spring,Program_B,First_Year,2,42,2.92,-0.17,0.915,1,1,12,4.52,0.953,0.046,98.1,0,1.0
Student_0964,T4_Spring,Program_B,First_Year,2,46,2.22,0.0,0.968,0,1,12,4.04,0.821,0.197,90.1,1,0.0
Student_0965,T4_Spring,Program_D,First_Year,4,88,2.82,-0.12,0.977,0,0,12,4.21,0.895,0.176,90.3,3,0.0
Student_0967,T4_Spring,Program_C,First_Year,4,89,2.72,0.55,0.818,0,0,9,3.38,0.937,0.109,73.8,2,0.0
Student_0969,T4_Spring,Program_A,First_Year,2,40,3.19,-0.02,0.986,0,1,12,5.25,0.968,0.101,92.8,2,0.0
Student_0970,T4_Spring,Program_A,First_Year,3,79,1.93,0.04,0.811,0,0,15,4.89,0.979,0.221,73.4,2,0.0
Student_0971,T4_Spring,Program_C,First_Year,3,59,3.42,0.02,0.987,0,0,12,4.35,0.894,0.052,89.2,1,0.0
Student_0972,T4_Spring,Program_C,Transfer,2,29,2.68,0.5,0.771,0,0,12,6.9,1.0,0.007,97.9,0,0.0
Student_0975,T4_Spring,Program_B,First_Year,1,15,2.55,0.22,0.986,0,0,18,2.78,0.955,0.175,93.1,4,1.0
Student_0976,T4_Spring,Program_B,First_Year,2,31,2.6,-0.33,0.967,0,0,15,4.19,0.862,0.175,75.2,1,0.0
Student_0977,T4_Spring,Program_D,Transfer,2,45,3.33,0.09,0.992,0,0,15,4.07,1.0,0.276,83.1,0,0.0
Student_0978,T4_Spring,Program_A,First_Year,3,59,2.53,-0.07,0.696,1,0,15,4.91,0.768,0.186,78.7,2,0.0
Student_0980,T4_Spring,Program_B,First_Year,1,5,3.37,-0.21,0.89,0,1,15,3.09,0.892,0.151,81.9,1,0.0
Student_0981,T4_Spring,Program_A,Transfer,2,48,2.92,0.12,0.866,1,0,15,4.18,0.92,0.019,81.8,0,0.0
Student_0982,T4_Spring,Program_D,First_Year,3,70,2.64,-0.83,0.781,0,0,18,3.19,0.796,0.313,61.9,3,0.0
Student_0983,T4_Spring,Program_A,First_Year,4,99,2.21,-0.32,0.787,0,0,15,4.28,0.929,0.255,76.0,0,0.0
Student_0984,T4_Spring,Program_B,First_Year,2,37,3.26,0.13,0.982,0,0,12,3.75,0.916,0.27,75.6,4,1.0
Student_0985,T4_Spring,Program_A,Transfer,3,57,3.19,-1.0,0.953,0,0,18,4.15,1.0,0.109,75.3,0,0.0
Student_0986,T4_Spring,Program_A,Transfer,2,44,3.83,-0.81,0.965,0,0,15,2.71,0.73,0.317,81.0,3,0.0
Student_0987,T4_Spring,Program_B,First_Year,4,84,2.1,0.01,0.759,0,0,9,4.24,0.907,0.12,75.5,3,0.0
Student_0988,T4_Spring,Program_C,First_Year,2,47,2.6,-0.26,0.493,3,0,15,4.71,0.851,0.109,72.4,0,1.0
Student_0990,T4_Spring,Program_A,First_Year,2,33,3.63,-1.0,1.0,0,0,15,3.31,0.871,0.133,79.3,2,0.0
Student_0992,T4_Spring,Program_A,First_Year,3,78,3.52,-0.55,0.898,1,0,12,2.95,0.823,0.22,96.8,6,0.0
Student_0993,T4_Spring,Program_A,First_Year,1,9,2.35,-0.05,0.745,1,1,9,3.98,0.873,0.259,65.5,0,0.0
Student_0994,T4_Spring,Program_B,Transfer,1,3,2.4,0.08,0.75,1,1,12,3.05,0.753,0.233,66.0,5,1.0
Student_0996,T4_Spring,Program_A,First_Year,2,33,2.53,0.15,0.79,1,0,12,3.61,0.798,0.349,83.0,2,1.0
Student_0997,T4_Spring,Program_A,Transfer,2,50,2.42,-0.05,0.749,0,0,12,3.39,1.0,0.107,63.9,0,0.0
Student_0998,T4_Spring,Program_A,First_Year,4,82,2.75,0.68,1.0,0,0,15,3.34,1.0,0.064,94.4,1,0.0
Student_0999,T4_Spring,Program_C,First_Year,3,73,2.58,-0.0,0.834,1,1,12,5.43,0.757,0.092,84.1,0,0.0
Student_1000,T4_Spring,Program_D,Transfer,4,99,3.32,-0.27,0.82,0,0,12,3.72,0.827,0.25,83.5,0,0.0
Student_1002,T4_Spring,Program_A,First_Year,3,60,2.9,0.26,0.835,0,1,15,4.95,0.902,0.14,66.7,3,0.0
Student_1003,T4_Spring,Program_C,First_Year,4,105,2.91,-0.02,0.917,0,0,15,4.56,0.934,0.125,70.6,1,0.0
Student_1006,T4_Spring,Program_B,First_Year,1,10,1.78,-0.28,0.653,1,1,18,2.0,0.775,0.325,66.3,0,1.0
Student_1007,T4_Spring,Program_C,First_Year,2,42,2.67,-0.02,0.755,0,0,12,3.31,0.898,0.305,74.4,1,0.0
Student_1009,T4_Spring,Program_C,Transfer,4,98,2.79,-0.14,0.848,0,1,15,5.08,0.95,0.213,69.1,1,0.0
Student_1010,T4_Spring,Program_A,Transfer,2,35,3.52,-0.01,0.98,0,0,12,3.17,0.79,0.2,95.5,4,0.0
Student_1011,T4_Spring,Program_B,First_Year,3,56,3.59,-0.19,1.0,0,0,15,4.8,0.925,0.098,92.0,0,0.0
Student_1012,T4_Spring,Program_B,First_Year,3,59,2.74,0.14,0.779,0,0,15,4.0,0.901,0.258,81.8,4,0.0
Student_1013,T4_Spring,Program_A,First_Year,1,15,2.33,0.17,0.909,0,0,15,4.96,0.909,0.219,85.2,4,0.0
Student_1014,T4_Spring,Program_D,First_Year,3,75,2.61,-0.11,0.855,0,0,18,4.52,0.737,0.244,55.8,0,0.0
Student_1015,T4_Spring,Program_A,Transfer,2,42,3.4,0.3,0.856,0,1,15,2.76,0.782,0.285,78.2,1,0.0
Student_1016,T4_Spring,Program_A,First_Year,1,22,2.97,0.28,0.884,0,1,12,3.57,0.92,0.064,91.4,4,1.0
Student_1017,T4_Spring,Program_D,Transfer,1,22,2.67,0.08,0.87,0,0,15,5.05,0.861,0.246,74.5,3,0.0
Student_1018,T4_Spring,Program_C,First_Year,2,46,1.96,0.1,0.814,1,0,15,4.94,0.843,0.023,67.2,3,0.0
Student_1020,T4_Spring,Program_C,First_Year,3,59,3.55,-0.53,0.849,0,0,15,4.27,0.797,0.252,83.7,7,0.0
Student_1021,T4_Spring,Program_D,First_Year,2,54,2.27,-0.16,0.881,0,0,12,3.98,0.924,0.166,68.9,0,0.0
Student_1022,T4_Spring,Program_D,Transfer,1,10,2.12,-0.57,0.849,0,0,15,3.6,0.869,0.136,57.4,1,1.0
Student_1024,T4_Spring,Program_C,Transfer,3,60,2.15,-0.4,0.792,0,1,15,4.57,0.75,0.224,62.1,4,0.0
Student_1025,T4_Spring,Program_D,First_Year,1,3,2.6,0.04,0.898,0,0,15,4.55,0.896,0.062,70.6,3,0.0
Student_1026,T4_Spring,Program_D,First_Year,2,33,2.95,0.38,0.835,1,0,15,5.94,0.917,0.18,83.7,0,0.0
Student_1027,T4_Spring,Program_C,First_Year,2,52,3.47,0.08,0.911,0,0,15,6.41,0.957,0.118,86.4,0,0.0
Student_1028,T4_Spring,Program_D,First_Year,3,76,2.27,0.25,0.88,0,0,12,5.71,0.947,0.127,74.1,0,0.0
Student_1029,T4_Spring,Program_C,Transfer,4,91,3.95,0.13,1.0,0,1,15,4.31,0.892,0.14,96.1,1,0.0
Student_1030,T4_Spring,Program_A,Transfer,4,101,2.22,0.12,0.959,0,0,12,4.05,0.859,0.154,75.0,3,1.0
Student_1031,T4_Spring,Program_B,First_Year,2,31,2.38,-0.05,0.802,0,0,15,1.36,0.844,0.291,58.6,3,0.0
Student_1032,T4_Spring,Program_B,First_Year,2,37,2.34,-0.24,0.861,0,0,18,3.46,0.832,0.238,84.6,1,0.0
Student_1034,T4_Spring,Program_C,First_Year,4,93,2.09,0.13,0.74,1,0,15,3.57,0.992,0.165,58.8,4,1.0
Student_1036,T4_Spring,Program_D,Transfer,3,77,3.43,-0.11,0.867,0,0,15,4.0,0.946,0.061,81.7,3,0.0
Student_1037,T4_Spring,Program_B,First_Year,3,70,2.57,-0.05,0.798,0,0,18,3.4,0.882,0.306,81.3,2,0.0
Student_1040,T4_Spring,Program_A,First_Year,1,8,3.06,-0.26,0.727,1,1,18,4.04,0.824,0.383,70.6,1,0.0
Student_1041,T4_Spring,Program_D,First_Year,3,78,3.78,-0.48,0.714,1,0,15,5.14,0.878,0.246,70.5,0,0.0
Student_1042,T4_Spring,Program_B,Transfer,4,96,3.35,-0.25,0.896,0,3,18,3.23,0.669,0.35,76.9,4,0.0
Student_1043,T4_Spring,Program_A,Transfer,3,79,3.12,-0.22,0.863,0,0,15,4.57,0.855,0.178,87.0,0,0.0
Student_1044,T4_Spring,Program_D,First_Year,2,39,2.99,0.14,0.953,0,0,15,2.87,0.969,0.21,76.7,2,0.0
Student_1045,T4_Spring,Program_D,Transfer,4,97,3.02,-0.37,0.905,0,0,15,4.47,0.739,0.287,94.8,2,0.0
Student_1048,T4_Spring,Program_D,First_Year,4,96,2.04,-0.02,0.655,2,0,12,6.21,1.0,0.0,63.0,0,0.0
Student_1049,T4_Spring,Program_A,First_Year,1,23,2.94,0.15,0.889,0,0,15,4.1,0.922,0.181,64.3,0,0.0
Student_1050,T4_Spring,Program_B,First_Year,2,29,3.29,0.15,0.751,0,1,18,3.0,0.756,0.318,86.3,2,0.0
Student_1051,T4_Spring,Program_A,First_Year,4,99,2.93,0.18,0.882,1,0,9,7.0,1.0,0.055,86.5,0,0.0
Student_1052,T4_Spring,Program_D,First_Year,4,97,2.56,0.06,0.576,2,0,15,5.52,0.954,0.211,80.6,0,0.0
Student_1053,T4_Spring,Program_C,First_Year,4,86,2.58,0.34,0.918,0,0,15,4.17,1.0,0.0,82.8,3,0.0
Student_1055,T4_Spring,Program_D,First_Year,4,94,3.26,0.18,1.0,0,0,12,4.23,0.941,0.28,78.5,2,0.0
Student_1057,T4_Spring,Program_D,First_Year,2,34,2.9,-0.08,1.0,0,0,15,4.77,1.0,0.035,81.2,3,0.0
Student_1058,T4_Spring,Program_D,First_Year,3,65,2.92,0.22,0.848,0,1,18,3.49,0.815,0.124,72.0,7,0.0
Student_1059,T4_Spring,Program_A,Transfer,1,11,3.34,0.03,0.909,0,0,12,4.01,0.986,0.142,95.6,1,1.0
Student_1060,T4_Spring,Program_C,Transfer,2,32,3.09,0.03,1.0,0,0,12,1.79,0.873,0.201,77.5,6,0.0
Student_1061,T4_Spring,Program_A,Transfer,3,78,2.65,0.21,0.835,0,1,15,6.32,0.973,0.191,64.2,3,0.0
Student_1062,T4_Spring,Program_A,Transfer,3,66,2.79,0.32,0.793,0,0,15,4.98,0.896,0.013,81.8,5,0.0
Student_1065,T4_Spring,Program_D,First_Year,4,82,2.79,-0.24,0.833,1,1,15,4.35,0.907,0.121,87.6,5,1.0
Student_1066,T4_Spring,Program_A,Transfer,4,83,3.38,-0.27,0.767,1,0,18,3.88,0.999,0.152,66.2,3,0.0
Student_1067,T4_Spring,Program_A,Transfer,2,44,3.48,0.47,1.0,0,1,9,3.9,1.0,0.0,85.7,2,0.0
Student_1068,T4_Spring,Program_A,Transfer,3,74,2.24,0.19,0.715,1,0,15,3.34,0.922,0.348,88.0,5,0.0
Student_1070,T4_Spring,Program_C,First_Year,1,12,3.54,0.1,0.715,1,2,18,2.98,0.78,0.216,87.1,3,1.0
Student_1071,T4_Spring,Program_B,First_Year,1,13,3.76,-0.04,0.927,0,0,15,5.85,0.836,0.149,94.8,0,0.0
Student_1072,T4_Spring,Program_D,First_Year,2,30,1.99,-0.25,0.725,0,1,15,0.89,0.662,0.483,72.1,3,1.0
Student_1073,T4_Spring,Program_D,Transfer,2,27,2.91,0.39,0.99,0,0,15,4.92,1.0,0.0,83.0,2,0.0
Student_1075,T4_Spring,Program_B,First_Year,3,77,3.11,0.43,0.712,2,0,15,5.16,1.0,0.12,75.7,2,1.0
Student_1076,T4_Spring,Program_B,Transfer,3,81,2.97,0.03,0.889,0,1,15,3.34,0.982,0.156,85.9,0,0.0
Student_1077,T4_Spring,Program_D,Transfer,2,53,1.61,-0.02,0.791,0,0,9,3.26,0.812,0.436,60.8,4,1.0
Student_1078,T4_Spring,Program_D,First_Year,3,72,3.4,-0.34,0.938,0,1,12,3.37,0.896,0.253,79.4,4,0.0
Student_1079,T4_Spring,Program_A,First_Year,1,16,2.76,0.11,0.918,0,0,12,5.1,1.0,0.0,80.8,0,0.0
Student_1081,T4_Spring,Program_C,First_Year,3,70,3.11,0.13,0.955,0,0,12,3.65,0.96,0.053,83.4,4,0.0
Student_1082,T4_Spring,Program_A,First_Year,3,66,3.36,0.53,0.907,1,0,12,3.19,0.925,0.219,94.8,3,0.0
Student_1084,T4_Spring,Program_D,First_Year,2,53,2.94,-0.03,0.967,0,0,15,6.35,0.91,0.161,84.2,2,0.0
Student_1085,T4_Spring,Program_C,First_Year,4,95,2.83,0.15,0.765,2,0,12,4.34,0.842,0.157,74.5,5,0.0
Student_1087,T4_Spring,Program_B,First_Year,4,102,2.53,-0.21,0.899,0,0,15,2.73,0.789,0.242,74.3,2,0.0
Student_1089,T4_Spring,Program_B,First_Year,2,48,2.99,0.49,0.931,0,0,15,5.66,0.843,0.079,89.9,0,0.0
Student_1090,T4_Spring,Program_A,Transfer,4,106,2.81,0.7,0.804,0,0,18,3.97,0.866,0.196,96.8,4,0.0
Student_1091,T4_Spring,Program_C,First_Year,1,3,2.24,0.49,0.775,0,0,12,3.48,0.924,0.148,71.7,2,0.0
Student_1092,T4_Spring,Program_D,First_Year,3,74,1.89,-0.26,0.642,2,0,15,2.73,0.706,0.471,52.3,5,1.0
Student_1093,T4_Spring,Program_C,First_Year,1,24,1.81,0.12,0.656,1,1,18,1.34,0.632,0.262,60.0,4,1.0
Student_1094,T4_Spring,Program_B,Transfer,2,46,3.24,-0.23,0.872,1,1,15,3.38,0.826,0.366,67.1,0,1.0
Student_1095,T4_Spring,Program_A,Transfer,2,47,2.5,0.28,0.947,0,1,12,5.06,0.968,0.149,76.9,0,1.0
Student_1096,T4_Spring,Program_A,Transfer,4,107,2.09,-0.33,0.714,0,0,18,3.63,0.787,0.233,49.4,0,0.0
Student_1097,T4_Spring,Program_B,First_Year,1,6,1.93,-0.09,0.81,0,1,15,4.26,0.796,0.327,81.2,3,0.0
Student_1098,T4_Spring,Program_C,First_Year,3,74,3.55,-0.07,0.892,1,2,15,4.57,0.992,0.097,87.6,2,1.0
Student_1099,T4_Spring,Program_C,First_Year,2,40,2.34,0.36,0.811,0,2,15,3.68,0.805,0.317,83.1,0,0.0
Student_1100,T4_Spring,Program_A,Transfer,4,104,2.66,0.04,0.821,1,0,15,4.51,1.0,0.265,84.7,2,1.0
Student_1101,T4_Spring,Program_B,Transfer,4,102,2.92,-0.02,1.0,0,0,9,4.55,1.0,0.187,80.5,2,0.0
Student_1102,T4_Spring,Program_C,Transfer,2,52,2.57,-0.15,0.845,1,0,12,3.17,0.809,0.269,82.5,3,0.0
Student_1103,T4_Spring,Program_D,Transfer,4,100,3.05,-0.71,0.872,0,0,15,4.66,0.92,0.128,85.8,3,0.0
Student_1104,T4_Spring,Program_A,Transfer,1,2,2.58,0.23,0.669,1,0,15,3.07,1.0,0.074,67.0,3,1.0
Student_1105,T4_Spring,Program_C,Transfer,2,38,2.89,-0.39,0.797,1,1,18,4.17,0.851,0.268,76.7,1,0.0
Student_1107,T4_Spring,Program_B,First_Year,1,7,3.35,0.23,0.882,0,0,15,5.4,1.0,0.216,80.7,0,0.0
Student_1108,T4_Spring,Program_B,First_Year,2,48,2.47,-0.43,0.81,1,0,15,0.13,0.579,0.471,66.1,8,0.0
Student_1109,T4_Spring,Program_C,Transfer,4,90,3.06,-0.12,0.842,1,1,15,5.55,1.0,0.023,83.2,3,1.0
Student_1110,T4_Spring,Program_D,Transfer,2,46,3.03,0.05,0.878,0,0,15,1.39,0.797,0.325,80.5,4,1.0
Student_1111,T4_Spring,Program_A,Transfer,2,37,3.28,0.12,0.917,0,0,15,2.47,0.918,0.378,78.9,4,0.0
Student_1112,T4_Spring,Program_D,Transfer,1,11,2.53,0.91,1.0,0,0,15,5.4,1.0,0.0,91.0,0,0.0
Student_1113,T4_Spring,Program_A,First_Year,1,24,2.73,-0.16,0.749,1,0,15,4.38,0.968,0.015,79.4,0,1.0
Student_1114,T4_Spring,Program_D,First_Year,3,60,3.66,0.11,1.0,0,0,15,3.94,0.813,0.221,80.6,5,0.0
Student_1115,T4_Spring,Program_A,First_Year,4,99,3.17,0.19,0.939,0,0,12,5.06,1.0,0.0,83.3,0,0.0
Student_1116,T4_Spring,Program_A,Transfer,1,11,3.12,-0.23,0.847,1,0,15,3.04,0.859,0.182,80.2,2,0.0
Student_1117,T4_Spring,Program_B,First_Year,2,37,1.64,0.07,0.645,1,0,9,4.06,0.978,0.016,68.3,0,0.0
Student_1118,T4_Spring,Program_A,First_Year,1,13,2.51,0.04,0.744,1,0,15,4.68,0.772,0.162,65.7,1,0.0
Student_1120,T4_Spring,Program_B,First_Year,3,64,3.59,0.05,0.899,0,1,18,3.36,0.779,0.226,80.3,6,0.0
Student_1121,T4_Spring,Program_C,Transfer,4,89,2.92,0.06,0.952,0,0,15,5.04,0.94,0.251,82.9,2,0.0
Student_1122,T4_Spring,Program_B,First_Year,2,39,2.31,-0.01,0.728,2,0,9,3.83,0.993,0.215,58.6,6,1.0
Student_1124,T4_Spring,Program_B,First_Year,1,8,1.96,-0.14,0.816,0,0,15,3.85,0.764,0.268,66.9,0,0.0
Student_1125,T4_Spring,Program_A,Transfer,3,77,3.15,0.42,0.91,0,0,15,3.84,0.858,0.08,100.0,2,0.0
Student_1127,T4_Spring,Program_C,First_Year,2,49,2.18,0.3,0.745,1,0,9,4.49,1.0,0.078,54.9,2,0.0
Student_1128,T4_Spring,Program_A,First_Year,4,96,2.05,0.19,0.818,0,0,18,5.32,1.0,0.1,63.2,2,1.0
Student_1129,T4_Spring,Program_D,First_Year,1,22,3.14,-0.47,0.825,0,0,15,4.41,0.91,0.264,70.5,1,0.0
Student_1130,T4_Spring,Program_B,First_Year,1,22,2.73,0.02,0.679,1,0,15,4.75,0.723,0.242,68.5,3,0.0
Student_1131,T4_Spring,Program_C,First_Year,3,56,1.69,0.14,0.554,2,0,18,0.93,0.856,0.284,66.6,4,0.0
Student_1132,T4_Spring,Program_D,First_Year,2,34,2.68,0.21,0.715,1,1,18,4.94,1.0,0.131,76.1,3,0.0
Student_1134,T4_Spring,Program_B,First_Year,1,11,3.34,-0.07,0.988,0,0,15,3.98,0.955,0.294,94.3,0,0.0
Student_1135,T4_Spring,Program_A,First_Year,3,81,2.93,-0.32,0.941,0,0,12,2.93,0.966,0.053,89.9,5,0.0
Student_1136,T4_Spring,Program_D,First_Year,4,108,2.32,0.14,0.777,1,0,12,3.34,0.886,0.188,72.0,5,0.0
Student_1137,T4_Spring,Program_C,Transfer,4,105,3.01,0.23,0.903,0,0,12,3.26,0.851,0.067,94.0,7,0.0
Student_1138,T4_Spring,Program_B,First_Year,3,57,3.13,0.13,0.951,0,0,15,3.81,0.904,0.173,74.8,1,0.0
Student_1139,T4_Spring,Program_C,First_Year,4,105,2.68,0.08,0.774,0,0,12,5.37,1.0,0.23,85.0,0,0.0
Student_1141,T4_Spring,Program_C,First_Year,3,64,2.67,-0.14,0.802,1,0,18,3.07,0.795,0.219,51.1,2,0.0
Student_1142,T4_Spring,Program_D,Transfer,1,26,3.05,0.28,0.753,1,1,12,2.22,0.864,0.327,64.0,5,0.0
Student_1143,T4_Spring,Program_D,Transfer,3,80,3.53,0.36,1.0,0,0,15,7.0,1.0,0.0,100.0,0,0.0
Student_1145,T4_Spring,Program_A,First_Year,2,46,2.48,-0.12,0.939,0,0,15,3.67,0.909,0.168,78.5,0,0.0
Student_1146,T4_Spring,Program_D,Transfer,1,26,2.76,-0.66,0.832,0,0,12,3.55,0.75,0.295,70.2,5,0.0
Student_1147,T4_Spring,Program_B,First_Year,1,16,3.14,-0.15,0.817,2,0,15,2.7,0.952,0.149,89.4,1,0.0
Student_1148,T4_Spring,Program_D,First_Year,4,103,3.72,-0.01,1.0,0,0,9,3.51,0.868,0.239,93.9,0,0.0
Student_1150,T4_Spring,Program_B,First_Year,2,54,3.75,-1.17,0.853,0,0,12,3.18,0.768,0.214,71.3,2,0.0
Student_1151,T4_Spring,Program_C,First_Year,3,73,2.85,-0.39,0.796,1,1,15,2.09,0.752,0.348,52.8,4,1.0
Student_1152,T4_Spring,Program_A,First_Year,1,10,2.6,0.77,0.708,1,0,12,2.76,0.813,0.218,86.9,1,0.0
Student_1153,T4_Spring,Program_C,First_Year,1,3,2.9,-0.74,0.833,0,0,15,3.2,0.848,0.188,65.5,3,0.0
Student_1154,T4_Spring,Program_D,Transfer,2,48,3.7,0.22,0.98,0,0,15,4.72,1.0,0.089,100.0,1,0.0
Student_1155,T4_Spring,Program_B,Transfer,3,63,3.1,-0.26,0.852,0,0,15,5.84,0.953,0.076,84.5,2,0.0
Student_1156,T4_Spring,Program_C,First_Year,3,58,3.87,-0.1,1.0,0,0,18,3.52,0.898,0.168,82.9,1,0.0
Student_1159,T4_Spring,Program_D,First_Year,2,41,2.74,-0.03,0.857,0,1,15,3.05,0.599,0.3,69.2,0,0.0
Student_1161,T4_Spring,Program_A,First_Year,2,40,2.45,-0.35,0.799,0,0,15,5.68,0.9,0.135,79.7,0,0.0
Student_1162,T4_Spring,Program_B,First_Year,3,66,2.72,-0.29,0.701,1,1,15,4.24,0.926,0.089,70.7,0,1.0
Student_1164,T4_Spring,Program_A,First_Year,2,27,3.44,-0.3,0.948,0,1,15,3.48,0.918,0.167,94.5,4,0.0
Student_1165,T4_Spring,Program_A,First_Year,3,57,3.16,0.11,0.781,0,0,12,4.13,0.941,0.125,77.9,0,0.0
Student_1166,T4_Spring,Program_D,First_Year,4,98,3.45,-0.01,1.0,0,1,12,2.48,0.979,0.231,81.2,4,1.0
Student_1167,T4_Spring,Program_C,First_Year,2,49,2.19,-0.45,0.831,0,1,18,4.37,0.613,0.488,81.0,0,0.0
Student_1168,T4_Spring,Program_A,First_Year,3,57,2.82,0.24,0.842,0,0,18,4.72,0.831,0.238,72.0,3,0.0
Student_1169,T4_Spring,Program_C,Transfer,1,20,3.74,-0.05,0.975,0,0,15,4.15,0.91,0.215,89.5,3,0.0
Student_1171,T4_Spring,Program_C,Transfer,1,1,3.32,0.05,0.977,0,0,15,3.37,0.853,0.274,63.4,1,0.0
Student_1172,T4_Spring,Program_D,First_Year,2,43,3.27,-0.25,0.929,0,0,15,3.07,0.75,0.245,91.1,4,1.0
Student_1173,T4_Spring,Program_A,Transfer,4,108,3.1,-0.19,0.778,1,0,15,4.14,0.814,0.205,94.1,4,0.0
Student_1174,T4_Spring,Program_B,First_Year,3,74,2.96,0.59,0.828,0,0,15,4.08,1.0,0.211,84.1,3,0.0
Student_1175,T4_Spring,Program_D,First_Year,4,93,3.99,0.08,1.0,0,1,15,5.66,1.0,0.0,97.1,0,0.0
Student_1176,T4_Spring,Program_C,First_Year,2,32,3.28,-0.74,0.775,1,1,15,2.24,0.715,0.299,68.0,6,0.0
Student_1177,T4_Spring,Program_D,First_Year,4,93,2.6,0.16,0.856,1,0,12,4.87,0.957,0.274,75.4,0,0.0
Student_1178,T4_Spring,Program_D,Transfer,2,44,3.18,-0.7,0.84,1,0,12,3.8,0.767,0.238,89.0,1,1.0
Student_1180,T4_Spring,Program_A,First_Year,4,94,3.2,0.06,0.861,0,0,15,2.89,0.839,0.381,97.2,0,0.0
Student_1183,T4_Spring,Program_C,Transfer,1,8,2.61,-0.78,0.807,0,0,15,2.14,0.717,0.37,77.9,4,0.0
Student_1185,T4_Spring,Program_C,First_Year,3,80,3.46,0.23,0.959,0,1,15,5.07,0.772,0.164,97.3,2,0.0
Student_1186,T4_Spring,Program_A,First_Year,3,63,2.61,-0.35,0.822,0,0,15,4.32,0.92,0.263,69.0,0,0.0
Student_1187,T4_Spring,Program_B,Transfer,3,55,3.28,0.15,0.955,0,0,9,6.57,0.959,0.068,82.2,3,0.0
Student_1188,T4_Spring,Program_A,First_Year,4,93,1.72,-0.43,0.793,0,0,12,3.45,0.773,0.215,55.9,2,0.0
Student_1189,T4_Spring,Program_D,First_Year,3,78,3.47,-0.0,0.732,1,0,15,2.96,0.868,0.198,78.4,6,0.0
Student_1190,T4_Spring,Program_B,First_Year,3,66,3.2,-0.24,0.646,2,0,12,2.67,0.963,0.252,74.4,2,1.0
Student_1191,T4_Spring,Program_A,First_Year,3,54,2.32,0.02,0.543,2,0,15,4.77,1.0,0.204,69.3,5,0.0
Student_1192,T4_Spring,Program_B,First_Year,2,31,2.17,0.27,0.776,1,0,15,4.17,0.858,0.176,89.8,2,0.0
Student_1194,T4_Spring,Program_C,First_Year,3,78,3.11,-0.04,0.778,1,0,15,3.75,0.824,0.234,78.0,6,0.0
Student_1195,T4_Spring,Program_C,First_Year,1,14,3.08,-0.16,0.92,0,1,9,4.92,0.819,0.178,67.2,2,0.0
Student_1196,T4_Spring,Program_B,First_Year,3,54,3.76,-0.56,0.996,0,0,12,2.23,0.833,0.065,76.7,5,1.0
Student_1198,T4_Spring,Program_A,Transfer,3,62,2.69,0.2,0.814,0,1,18,3.97,0.863,0.201,77.6,0,0.0
Student_1199,T4_Spring,Program_A,First_Year,2,44,2.77,0.65,0.913,0,0,15,3.54,0.986,0.105,83.8,3,1.0
Student_1200,T4_Spring,Program_A,First_Year,4,108,3.12,0.11,1.0,0,0,12,4.23,0.959,0.029,88.7,4,0.0
Student_1202,T4_Spring,Program_D,Transfer,3,78,2.55,0.34,0.812,0,0,15,4.24,0.846,0.165,84.6,0,0.0
Student_1203,T4_Spring,Program_A,Transfer,4,101,2.87,-0.65,0.856,1,0,12,5.06,1.0,0.011,83.4,0,0.0
Student_1204,T4_Spring,Program_B,Transfer,1,11,2.55,0.32,0.717,1,1,15,4.68,0.912,0.124,79.7,1,0.0
Student_1205,T4_Spring,Program_D,First_Year,3,70,2.66,0.05,0.889,0,0,18,4.02,1.0,0.141,73.1,2,0.0
Student_1206,T4_Spring,Program_D,Transfer,2,45,2.31,-0.0,0.913,0,0,15,2.94,0.852,0.291,66.7,5,0.0
Student_1207,T4_Spring,Program_A,First_Year,3,70,2.94,-0.22,0.736,1,1,12,3.58,0.89,0.274,84.8,1,0.0
Student_1208,T4_Spring,Program_D,First_Year,2,27,2.83,0.49,0.869,1,0,15,2.33,1.0,0.025,82.3,3,0.0
Student_1209,T4_Spring,Program_D,First_Year,3,67,3.1,-0.25,0.896,0,1,18,3.65,1.0,0.153,90.4,0,0.0
Student_1210,T4_Spring,Program_D,First_Year,1,6,2.08,0.01,0.824,0,1,15,3.52,0.859,0.126,68.8,3,0.0
Student_1212,T4_Spring,Program_A,First_Year,4,92,2.69,0.29,0.715,0,1,15,4.95,0.979,0.086,65.8,0,0.0
Student_1214,T4_Spring,Program_A,First_Year,1,26,3.47,0.81,0.918,0,0,15,5.59,1.0,0.0,76.7,0,0.0
Student_1215,T4_Spring,Program_B,First_Year,1,26,1.94,0.17,0.681,1,0,12,4.79,1.0,0.097,80.1,1,0.0
Student_1216,T4_Spring,Program_B,Transfer,1,22,2.81,-0.11,0.854,1,0,15,4.87,0.946,0.173,91.1,2,0.0
Student_1217,T4_Spring,Program_C,First_Year,3,75,1.81,-0.23,0.756,0,0,18,5.41,0.805,0.168,80.9,3,0.0
Student_1218,T4_Spring,Program_A,Transfer,4,105,2.56,0.23,0.862,0,0,18,4.73,1.0,0.139,73.4,3,0.0
Student_1221,T4_Spring,Program_D,First_Year,4,104,3.04,-0.03,1.0,0,0,12,5.09,0.85,0.108,99.3,0,0.0
Student_1223,T4_Spring,Program_B,First_Year,1,0,3.87,0.17,1.0,0,0,12,3.96,0.935,0.097,82.9,0,0.0
Student_1224,T4_Spring,Program_D,Transfer,3,70,2.34,0.22,0.874,0,0,15,4.94,0.998,0.064,67.8,2,0.0
Student_1225,T4_Spring,Program_A,First_Year,3,59,2.41,-0.31,0.952,0,1,12,3.26,1.0,0.004,58.6,3,0.0
Student_1226,T4_Spring,Program_C,First_Year,4,106,2.61,-0.43,0.766,1,0,15,6.32,1.0,0.025,70.2,2,0.0
Student_1227,T4_Spring,Program_A,First_Year,4,86,3.17,0.22,0.938,0,1,15,3.12,0.962,0.306,76.0,1,1.0
Student_1230,T4_Spring,Program_D,First_Year,1,8,2.73,0.15,0.804,0,0,12,4.37,0.9,0.134,68.2,0,1.0
Student_1232,T4_Spring,Program_B,First_Year,4,108,2.75,-0.37,0.81,1,0,15,4.51,0.873,0.167,67.6,1,0.0
Student_1233,T4_Spring,Program_A,Transfer,2,36,2.64,-0.17,0.63,2,1,12,4.42,0.918,0.23,84.5,3,0.0
Student_1234,T4_Spring,Program_C,First_Year,3,65,2.88,0.03,0.775,1,1,15,4.02,0.908,0.128,78.7,2,1.0
Student_1235,T4_Spring,Program_D,First_Year,4,87,1.96,-0.09,0.718,1,1,15,3.39,0.97,0.096,55.4,3,1.0
Student_1236,T4_Spring,Program_A,Transfer,2,52,2.58,-0.25,0.799,0,1,15,2.34,0.776,0.176,75.5,7,0.0
Student_1237,T4_Spring,Program_B,First_Year,3,72,2.68,0.05,0.738,1,1,12,2.9,0.769,0.191,85.8,3,0.0
Student_1238,T4_Spring,Program_D,Transfer,2,42,3.14,-0.14,0.807,1,0,15,3.87,0.854,0.148,85.0,0,0.0
Student_1239,T4_Spring,Program_C,Transfer,3,64,3.29,0.5,0.967,0,0,15,4.12,0.847,0.175,86.3,2,0.0
Student_1241,T4_Spring,Program_A,First_Year,1,6,2.88,0.94,0.961,0,0,15,5.75,1.0,0.007,91.1,0,0.0
Student_1242,T4_Spring,Program_D,Transfer,1,9,2.54,0.05,0.761,0,1,15,3.35,0.727,0.398,73.8,4,0.0
Student_1243,T4_Spring,Program_A,First_Year,4,98,3.2,-0.12,0.886,0,0,15,3.15,0.795,0.283,71.1,2,1.0
Student_1246,T4_Spring,Program_D,First_Year,2,27,3.2,0.2,0.965,0,0,9,3.55,0.93,0.022,92.7,0,1.0
Student_1247,T4_Spring,Program_D,First_Year,3,78,2.4,0.09,0.903,0,0,18,5.67,1.0,0.061,97.5,1,0.0
Student_1248,T4_Spring,Program_B,First_Year,1,12,2.28,0.03,0.721,1,0,12,2.05,0.876,0.31,65.7,3,0.0
Student_1249,T4_Spring,Program_A,First_Year,1,10,1.86,0.26,0.723,1,0,15,3.35,0.91,0.278,74.8,2,0.0
Student_1250,T4_Spring,Program_B,First_Year,4,85,2.86,-0.2,0.796,0,0,18,1.83,0.792,0.311,70.2,1,0.0
Student_1251,T4_Spring,Program_D,Transfer,2,46,3.07,0.06,0.88,0,2,12,2.71,0.729,0.192,92.8,3,1.0
Student_1252,T4_Spring,Program_B,First_Year,2,42,2.85,0.27,0.707,1,1,15,2.59,0.947,0.183,84.1,1,1.0
Student_1254,T4_Spring,Program_D,Transfer,4,102,2.89,-0.0,0.78,0,1,12,3.39,0.901,0.154,76.4,2,0.0
Student_1255,T4_Spring,Program_D,Transfer,3,81,3.1,0.34,0.975,0,0,15,4.99,0.825,0.194,94.6,1,0.0
Student_1256,T4_Spring,Program_A,Transfer,3,77,2.47,0.17,0.771,1,0,15,3.31,0.898,0.137,64.0,5,0.0
Student_1257,T4_Spring,Program_C,Transfer,2,46,2.99,0.25,0.838,0,1,15,6.37,0.853,0.12,83.6,1,0.0
Student_1258,T4_Spring,Program_A,Transfer,4,99,3.15,-0.07,0.902,0,0,12,3.98,0.714,0.228,72.1,2,0.0
Student_1259,T4_Spring,Program_A,First_Year,1,25,2.97,0.3,1.0,0,0,12,3.52,0.862,0.16,91.4,0,0.0
Student_1260,T4_Spring,Program_D,First_Year,3,58,2.86,-0.45,0.919,0,0,18,3.81,0.909,0.136,77.5,4,0.0
Student_1262,T4_Spring,Program_D,First_Year,4,98,1.94,-0.16,0.666,1,0,12,5.53,0.965,0.0,58.9,4,0.0
Student_1264,T4_Spring,Program_B,First_Year,4,87,3.0,-0.04,0.976,0,0,12,5.46,0.995,0.012,95.4,0,0.0
Student_1265,T4_Spring,Program_A,Transfer,1,21,3.1,-0.12,0.782,1,0,15,4.89,0.808,0.193,71.7,0,0.0
Student_1266,T4_Spring,Program_D,First_Year,2,29,2.21,-0.01,0.693,2,1,9,4.23,0.926,0.112,96.7,0,1.0
Student_1267,T4_Spring,Program_B,Transfer,3,58,3.49,0.21,1.0,0,0,12,5.87,1.0,0.0,79.3,2,0.0
Student_1268,T4_Spring,Program_B,First_Year,1,18,2.4,-0.07,0.7,1,1,18,3.13,1.0,0.15,77.1,1,0.0
Student_1269,T4_Spring,Program_A,First_Year,2,34,2.24,-0.22,0.704,1,0,15,3.12,0.85,0.224,50.0,0,1.0
Student_1270,T4_Spring,Program_B,Transfer,3,58,3.15,-0.42,0.895,0,1,15,3.96,0.885,0.215,77.5,3,0.0
Student_1271,T4_Spring,Program_D,First_Year,2,43,2.27,0.0,0.627,2,1,15,3.44,0.899,0.194,66.5,0,0.0
Student_1272,T4_Spring,Program_D,First_Year,2,46,3.17,-0.12,0.817,0,1,15,4.62,0.913,0.247,94.6,0,0.0
Student_1273,T4_Spring,Program_D,First_Year,4,102,2.8,0.19,0.81,1,0,15,5.87,0.939,0.177,76.4,0,0.0
Student_1274,T4_Spring,Program_C,First_Year,1,12,2.95,0.25,0.921,0,1,15,4.26,0.835,0.282,91.1,0,0.0
Student_1276,T4_Spring,Program_D,First_Year,4,81,2.71,0.15,0.804,1,0,15,4.55,0.864,0.228,100.0,0,0.0
Student_1278,T4_Spring,Program_B,First_Year,4,93,2.62,0.28,0.831,0,1,12,1.7,0.639,0.352,72.3,5,0.0
Student_1279,T4_Spring,Program_A,First_Year,2,40,2.52,-0.07,0.925,0,0,12,3.05,0.74,0.35,65.0,1,0.0
Student_1280,T4_Spring,Program_C,Transfer,4,108,2.63,-0.45,0.884,0,0,15,2.99,0.763,0.237,60.6,3,1.0
Student_1282,T4_Spring,Program_C,First_Year,2,28,3.57,-0.57,0.779,1,0,15,2.16,0.841,0.21,79.7,7,1.0
Student_1283,T4_Spring,Program_C,First_Year,3,67,1.75,-0.27,0.759,0,0,12,4.47,0.794,0.277,61.3,2,0.0
Student_1285,T4_Spring,Program_B,First_Year,1,7,2.98,-0.16,0.715,1,0,12,2.0,0.659,0.374,71.6,7,1.0
Student_1286,T4_Spring,Program_A,First_Year,1,27,3.11,0.12,0.803,0,0,15,4.89,0.913,0.163,64.4,1,0.0
Student_1287,T4_Spring,Program_D,First_Year,1,22,2.75,0.29,0.939,0,1,18,5.42,0.935,0.1,82.4,0,0.0
Student_1289,T4_Spring,Program_B,Transfer,1,3,3.6,0.05,0.9,0,0,12,5.4,0.997,0.0,79.2,4,0.0
Student_1290,T4_Spring,Program_A,First_Year,1,23,2.57,-0.24,0.851,0,0,15,3.37,0.8,0.288,77.5,5,0.0
Student_1291,T4_Spring,Program_C,First_Year,3,74,3.11,0.08,0.828,0,1,9,2.36,0.811,0.133,80.0,3,0.0
Student_1292,T4_Spring,Program_A,Transfer,4,99,3.46,0.98,0.871,0,0,15,5.43,0.996,0.05,87.9,1,0.0
Student_1293,T4_Spring,Program_C,First_Year,2,43,3.24,-0.02,0.922,0,0,15,1.71,0.665,0.253,87.6,3,1.0
Student_1294,T4_Spring,Program_C,Transfer,1,3,3.66,-0.34,0.996,0,0,12,3.06,0.854,0.113,86.9,1,0.0
Student_1295,T4_Spring,Program_B,First_Year,1,19,2.72,-0.22,0.874,0,0,15,5.58,1.0,0.0,77.7,0,0.0
Student_1296,T4_Spring,Program_B,First_Year,4,95,2.3,-0.0,0.856,0,0,12,4.13,0.822,0.228,87.9,0,0.0
Student_1297,T4_Spring,Program_C,Transfer,3,71,1.88,0.28,0.688,0,0,18,5.08,0.831,0.176,68.2,0,0.0
Student_1298,T4_Spring,Program_A,First_Year,3,62,2.55,-0.15,0.769,1,2,15,5.33,0.884,0.137,61.8,1,0.0
Student_1299,T4_Spring,Program_A,First_Year,4,88,2.78,0.03,0.864,0,0,12,2.65,0.917,0.254,75.7,2,0.0
Student_1301,T4_Spring,Program_C,Transfer,1,17,2.16,0.83,0.997,0,0,15,2.9,1.0,0.064,79.0,2,0.0
Student_1302,T4_Spring,Program_A,First_Year,4,83,2.99,0.52,0.981,0,0,15,4.17,1.0,0.062,89.1,0,0.0
Student_1303,T4_Spring,Program_B,First_Year,2,39,2.81,-0.12,0.765,1,0,15,2.04,0.895,0.207,65.4,5,0.0
Student_1305,T4_Spring,Program_B,Transfer,2,32,2.33,0.03,0.775,1,0,15,4.59,0.997,0.178,59.4,0,0.0
Student_1309,T4_Spring,Program_A,Transfer,3,58,2.85,-0.17,0.989,0,0,9,2.63,0.938,0.1,64.0,5,0.0
Student_1310,T4_Spring,Program_A,Transfer,2,47,2.91,-0.27,0.842,1,1,15,4.14,0.876,0.352,75.6,0,0.0
Student_1311,T4_Spring,Program_C,First_Year,1,1,3.25,-0.03,0.866,0,0,12,1.73,0.721,0.157,78.6,4,0.0
Student_1313,T4_Spring,Program_B,First_Year,1,8,2.05,-0.3,0.83,0,0,9,3.78,0.777,0.332,64.1,3,0.0
Student_1315,T4_Spring,Program_A,First_Year,2,37,2.17,0.74,0.906,0,0,12,2.9,0.848,0.209,73.1,4,0.0
Student_1316,T4_Spring,Program_C,First_Year,2,42,3.03,0.58,0.902,0,0,15,5.72,1.0,0.018,95.5,0,0.0
Student_1318,T4_Spring,Program_D,First_Year,2,53,2.54,-0.32,0.92,0,0,15,4.26,0.978,0.11,76.5,3,0.0
Student_1319,T4_Spring,Program_B,First_Year,2,43,3.09,0.19,0.987,0,0,12,5.32,0.851,0.106,83.3,1,0.0
Student_1320,T4_Spring,Program_B,First_Year,2,53,3.23,0.31,0.956,0,0,12,4.44,0.977,0.143,68.2,4,1.0
Student_1321,T4_Spring,Program_C,Transfer,2,37,3.31,-0.31,0.844,0,0,15,3.91,0.798,0.276,70.7,1,0.0
Student_1322,T4_Spring,Program_C,Transfer,2,44,1.64,0.03,0.845,0,0,15,1.69,0.66,0.272,78.5,2,0.0
Student_1323,T4_Spring,Program_A,Transfer,1,5,1.58,0.03,0.639,1,0,15,3.1,1.0,0.138,63.8,3,0.0
Student_1324,T4_Spring,Program_A,First_Year,3,68,2.87,-0.33,0.879,0,1,12,5.22,0.919,0.188,76.4,5,1.0
Student_1325,T4_Spring,Program_B,First_Year,3,55,3.26,0.23,0.883,1,0,15,5.21,1.0,0.05,85.4,0,0.0
Student_1326,T4_Spring,Program_A,First_Year,3,70,3.52,0.55,0.965,0,0,12,4.41,1.0,0.065,88.2,3,0.0
Student_1327,T4_Spring,Program_C,First_Year,1,7,3.09,0.25,0.745,1,0,9,3.73,0.963,0.174,82.0,6,1.0
Student_1328,T4_Spring,Program_B,First_Year,2,34,2.59,0.35,0.659,2,1,12,4.07,0.899,0.134,78.8,2,0.0
Student_1329,T4_Spring,Program_D,First_Year,1,14,3.99,0.71,1.0,0,0,9,4.05,1.0,0.0,85.9,0,0.0
Student_1331,T4_Spring,Program_B,First_Year,2,32,2.87,-0.32,0.733,1,1,18,4.59,0.82,0.228,81.8,1,0.0
Student_1333,T4_Spring,Program_A,First_Year,1,19,2.2,-0.51,0.875,0,1,15,3.88,0.826,0.105,72.6,0,0.0
Student_1334,T4_Spring,Program_B,First_Year,2,46,2.91,0.05,0.727,1,1,12,4.42,0.847,0.255,74.6,3,0.0
Student_1335,T4_Spring,Program_A,Transfer,1,22,2.26,-0.54,0.984,0,1,18,5.09,0.861,0.174,79.6,2,0.0
Student_1336,T4_Spring,Program_A,First_Year,2,29,2.3,0.51,0.893,0,0,18,3.92,0.99,0.182,83.8,3,0.0
Student_1337,T4_Spring,Program_A,First_Year,2,42,2.46,0.12,0.895,0,2,15,4.47,0.873,0.193,74.2,2,0.0
Student_1339,T4_Spring,Program_B,First_Year,3,62,2.33,0.01,0.67,1,0,15,2.21,0.807,0.32,65.2,5,0.0
Student_1340,T4_Spring,Program_D,First_Year,4,106,2.62,0.08,0.819,0,0,12,4.15,0.822,0.226,82.1,0,0.0
Student_1341,T4_Spring,Program_B,Transfer,1,10,2.49,0.22,0.795,0,2,18,1.96,0.828,0.298,77.1,4,0.0
Student_1342,T4_Spring,Program_C,First_Year,4,99,1.85,-0.3,0.742,0,0,12,3.01,0.722,0.392,52.2,4,0.0
Student_1344,T4_Spring,Program_A,First_Year,4,94,2.7,-0.15,0.793,0,0,18,4.48,0.889,0.249,60.5,2,0.0
Student_1345,T4_Spring,Program_C,First_Year,4,96,2.64,0.02,0.83,0,1,15,3.9,0.777,0.165,69.4,2,1.0
Student_1347,T4_Spring,Program_C,Transfer,1,24,2.91,-0.02,0.994,0,0,15,3.53,0.917,0.125,80.4,4,0.0
Student_1348,T4_Spring,Program_D,First_Year,2,33,3.14,-0.72,0.922,0,0,15,5.35,0.799,0.355,85.0,0,0.0
Student_1349,T4_Spring,Program_C,First_Year,1,21,2.07,-0.13,0.722,0,0,12,3.5,0.789,0.286,63.8,5,0.0
Student_1352,T4_Spring,Program_A,First_Year,3,60,2.37,1.0,0.783,0,0,15,4.92,0.815,0.123,73.6,2,0.0
Student_1353,T4_Spring,Program_A,First_Year,4,81,2.58,-0.29,0.851,0,0,18,2.48,0.773,0.2,74.8,0,0.0
Student_1354,T4_Spring,Program_D,First_Year,1,27,3.43,1.0,0.816,0,0,15,3.83,1.0,0.194,86.4,0,0.0
Student_1355,T4_Spring,Program_B,First_Year,4,97,3.27,0.02,1.0,0,0,12,4.54,0.992,0.215,69.3,0,0.0
Student_1356,T4_Spring,Program_C,Transfer,2,51,2.64,0.13,0.678,1,0,9,3.17,0.882,0.159,74.4,3,0.0
Student_1357,T4_Spring,Program_B,First_Year,3,78,2.51,0.23,0.803,0,1,15,3.1,0.914,0.287,81.1,3,0.0
Student_1359,T4_Spring,Program_A,First_Year,1,12,3.03,-0.25,0.816,0,0,15,3.7,0.853,0.207,65.2,4,0.0
Student_1360,T4_Spring,Program_B,First_Year,4,86,2.06,-0.1,0.837,0,1,15,3.04,0.86,0.112,72.3,1,0.0
Student_1362,T4_Spring,Program_A,First_Year,3,58,3.38,-0.01,0.83,0,0,18,5.21,0.994,0.08,67.3,0,0.0
Student_1363,T4_Spring,Program_C,First_Year,1,25,2.87,0.09,0.999,0,2,18,6.17,1.0,0.003,83.8,3,0.0
Student_1364,T4_Spring,Program_C,Transfer,1,10,3.01,-0.21,1.0,0,0,18,3.09,0.854,0.216,87.4,10,1.0
Student_1365,T4_Spring,Program_A,Transfer,4,107,2.77,-0.22,0.768,0,0,18,2.49,0.762,0.451,84.1,6,1.0
Student_1367,T4_Spring,Program_D,First_Year,2,39,2.41,-0.4,0.84,0,0,12,4.23,0.902,0.05,53.1,2,0.0
Student_1368,T4_Spring,Program_C,Transfer,3,66,2.6,0.1,0.766,0,0,15,5.63,1.0,0.072,67.0,0,0.0
Student_1369,T4_Spring,Program_A,First_Year,3,68,2.74,-0.4,0.641,1,0,15,1.71,0.85,0.358,77.0,2,0.0
Student_1370,T4_Spring,Program_B,First_Year,3,71,2.73,0.45,0.693,2,0,18,2.04,0.909,0.211,99.6,4,0.0
Student_1371,T4_Spring,Program_D,Transfer,3,68,2.63,-0.51,0.803,1,1,18,3.81,0.688,0.255,93.3,4,1.0
Student_1372,T4_Spring,Program_B,First_Year,1,18,3.46,0.46,0.895,0,1,15,4.92,0.793,0.278,95.4,4,0.0
Student_1373,T4_Spring,Program_A,First_Year,2,31,2.86,-0.19,0.837,1,0,15,4.29,0.798,0.126,86.8,3,0.0
Student_1374,T4_Spring,Program_A,Transfer,1,22,2.42,-0.05,0.881,1,0,15,5.29,1.0,0.127,81.4,4,0.0
Student_1375,T4_Spring,Program_D,Transfer,3,74,3.57,-0.13,0.812,0,0,12,4.16,0.949,0.165,69.8,5,0.0
Student_1376,T4_Spring,Program_B,First_Year,2,47,2.87,-0.35,0.888,0,0,15,4.44,0.763,0.291,76.0,2,0.0
Student_1377,T4_Spring,Program_B,Transfer,3,65,1.74,-0.06,0.691,1,0,15,4.14,0.999,0.139,69.2,1,0.0
Student_1378,T4_Spring,Program_D,First_Year,3,67,3.69,0.06,1.0,0,0,12,4.49,0.961,0.104,100.0,0,0.0
Student_1379,T4_Spring,Program_A,First_Year,2,33,3.31,0.17,0.899,0,0,12,4.54,0.845,0.237,92.6,0,0.0
Student_1380,T4_Spring,Program_C,Transfer,3,78,2.33,0.11,0.784,1,0,15,5.63,1.0,0.149,77.7,4,0.0
Student_1381,T4_Spring,Program_A,First_Year,4,108,3.25,0.07,0.969,1,0,12,5.86,1.0,0.011,76.5,0,0.0
Student_1384,T4_Spring,Program_B,First_Year,2,54,2.47,0.01,0.93,0,2,15,2.04,0.834,0.284,70.3,5,1.0
Student_1387,T4_Spring,Program_B,First_Year,4,92,2.8,0.53,0.788,1,0,12,5.96,1.0,0.052,81.3,2,0.0
Student_1390,T4_Spring,Program_C,First_Year,2,32,2.49,0.23,0.872,0,0,15,3.49,0.963,0.209,93.4,1,0.0
Student_1391,T4_Spring,Program_C,First_Year,4,104,2.65,-0.01,0.782,1,0,18,5.1,1.0,0.142,84.1,1,0.0
Student_1392,T4_Spring,Program_A,First_Year,2,50,2.48,0.18,0.954,0,0,12,3.64,0.802,0.179,89.5,2,0.0
Student_1393,T4_Spring,Program_A,First_Year,3,63,3.31,0.25,1.0,0,1,15,5.3,0.983,0.123,97.6,2,0.0
Student_1399,T4_Spring,Program_C,First_Year,4,95,2.55,-0.6,0.791,0,0,18,3.24,0.745,0.129,66.6,6,1.0
Student_1400,T4_Spring,Program_A,Transfer,1,4,2.59,0.03,0.97,0,0,18,2.78,0.835,0.277,69.7,4,0.0
Student_1401,T4_Spring,Program_D,First_Year,4,97,3.44,0.59,0.74,1,0,12,3.25,0.861,0.2,83.1,1,0.0
Student_1402,T4_Spring,Program_A,First_Year,1,12,3.45,-0.1,0.825,1,1,15,4.27,0.898,0.093,85.0,1,0.0
Student_1403,T4_Spring,Program_C,First_Year,1,20,3.94,0.3,1.0,0,0,18,4.65,0.951,0.075,100.0,1,1.0
Student_1404,T4_Spring,Program_C,Transfer,3,68,2.86,0.08,0.839,0,0,15,3.4,0.798,0.242,79.2,4,0.0
Student_1405,T4_Spring,Program_C,Transfer,2,33,2.76,-0.12,0.659,1,0,15,2.31,0.696,0.404,65.4,0,0.0
Student_1406,T4_Spring,Program_A,First_Year,3,76,2.8,-0.27,0.567,3,0,15,5.08,0.773,0.166,69.6,0,1.0
Student_1407,T4_Spring,Program_C,First_Year,2,36,2.25,0.1,0.888,0,2,15,5.4,0.887,0.045,67.2,3,0.0
Student_1408,T4_Spring,Program_B,Transfer,2,47,2.14,-0.35,0.666,1,0,12,3.9,0.809,0.182,71.0,0,0.0
Student_1411,T4_Spring,Program_C,First_Year,2,39,2.38,0.78,0.766,1,0,15,5.49,0.942,0.134,63.7,0,0.0
Student_1413,T4_Spring,Program_A,First_Year,4,95,3.26,0.19,0.774,2,0,15,4.63,1.0,0.0,85.1,0,1.0
Student_1415,T4_Spring,Program_D,First_Year,4,91,3.13,0.06,0.965,0,0,15,4.69,0.986,0.0,82.6,1,0.0
Student_1416,T4_Spring,Program_A,Transfer,1,23,3.77,0.87,1.0,0,0,12,3.18,0.906,0.152,91.3,5,0.0
Student_1417,T4_Spring,Program_A,Transfer,3,54,3.23,-0.29,0.939,0,0,15,4.33,0.846,0.173,79.8,0,0.0
Student_1418,T4_Spring,Program_B,Transfer,4,103,1.97,-0.82,0.703,1,0,15,0.77,0.618,0.456,49.3,6,0.0
Student_1419,T4_Spring,Program_A,Transfer,2,33,2.67,-0.42,0.773,1,0,12,4.89,1.0,0.033,70.4,0,0.0
Student_1420,T4_Spring,Program_A,Transfer,2,50,3.32,-0.23,0.984,0,1,15,4.03,0.886,0.223,87.8,5,1.0
Student_1421,T4_Spring,Program_A,First_Year,1,12,2.47,-0.22,0.842,0,0,12,3.81,0.739,0.264,58.2,7,0.0
Student_1422,T4_Spring,Program_B,First_Year,3,54,2.84,0.85,0.881,0,3,12,2.75,0.731,0.272,78.1,1,0.0
Student_1424,T4_Spring,Program_C,First_Year,3,74,2.15,-0.45,0.809,0,0,18,2.56,0.703,0.364,70.6,4,0.0
Student_1425,T4_Spring,Program_B,Transfer,2,34,3.79,0.11,0.867,0,2,18,4.16,0.741,0.233,72.5,3,1.0
Student_1426,T4_Spring,Program_C,First_Year,4,90,2.22,0.07,0.45,3,0,12,3.39,0.92,0.288,56.2,4,0.0
Student_1428,T4_Spring,Program_A,First_Year,3,76,2.75,0.24,0.936,0,1,9,4.14,1.0,0.123,71.5,0,0.0
Student_1429,T4_Spring,Program_C,First_Year,3,80,2.17,-0.13,0.843,1,0,15,3.57,0.832,0.134,64.5,2,0.0
Student_1431,T4_Spring,Program_C,First_Year,2,49,1.99,0.23,0.552,2,0,15,3.17,0.875,0.245,56.5,3,1.0
Student_1432,T4_Spring,Program_D,Transfer,2,28,2.32,-0.04,0.892,0,0,12,5.22,0.983,0.049,71.9,2,0.0
Student_1433,T4_Spring,Program_B,First_Year,3,64,2.74,0.06,0.904,0,0,18,3.5,0.894,0.092,75.8,1,0.0
Student_1434,T4_Spring,Program_B,Transfer,1,16,2.72,-0.1,0.815,0,0,18,2.26,0.821,0.27,80.2,8,0.0
Student_1435,T4_Spring,Program_B,First_Year,2,37,2.77,0.16,0.815,0,0,15,4.7,0.959,0.161,74.1,0,0.0
Student_1436,T4_Spring,Program_A,First_Year,4,104,2.73,0.24,0.767,1,0,12,3.65,0.846,0.18,80.2,4,0.0
Student_1438,T4_Spring,Program_D,First_Year,2,36,2.61,-0.03,0.665,0,0,12,2.18,0.735,0.189,65.9,3,0.0
Student_1439,T4_Spring,Program_C,Transfer,2,47,3.42,-0.25,0.735,1,0,15,3.17,0.844,0.293,92.4,3,1.0
Student_1440,T4_Spring,Program_A,First_Year,4,103,2.21,-0.67,0.596,2,0,18,5.73,0.889,0.176,71.6,0,0.0
Student_1441,T4_Spring,Program_D,First_Year,1,19,2.5,0.16,0.857,1,0,15,4.44,0.768,0.232,92.7,0,1.0
Student_1442,T4_Spring,Program_B,First_Year,2,29,2.37,-0.18,0.931,0,2,12,4.39,0.906,0.202,88.3,0,0.0
Student_1443,T4_Spring,Program_D,First_Year,4,93,3.31,0.3,0.936,0,1,15,3.15,0.79,0.275,86.5,5,0.0
Student_1444,T4_Spring,Program_B,First_Year,3,55,2.61,-0.29,0.932,0,0,15,3.3,0.81,0.235,84.3,1,0.0
Student_1446,T4_Spring,Program_B,Transfer,2,41,3.4,0.62,0.9,1,1,15,2.81,0.903,0.21,92.4,1,0.0
Student_1447,T4_Spring,Program_B,First_Year,3,64,2.77,-0.1,0.804,0,0,18,2.79,0.786,0.348,78.4,7,1.0
Student_1448,T4_Spring,Program_C,First_Year,2,35,2.61,0.29,0.785,1,1,18,5.42,1.0,0.127,84.8,0,1.0
Student_1449,T4_Spring,Program_B,First_Year,2,43,3.23,0.34,0.918,1,0,12,5.63,1.0,0.0,91.0,0,0.0
Student_1450,T4_Spring,Program_A,Transfer,3,67,2.52,0.25,0.854,0,1,12,6.06,1.0,0.098,92.0,0,0.0
Student_1451,T4_Spring,Program_A,First_Year,2,33,2.93,0.25,0.951,0,1,12,3.0,0.824,0.159,95.0,5,1.0
Student_1452,T4_Spring,Program_C,First_Year,4,93,2.4,0.48,0.841,0,0,12,5.79,0.853,0.25,82.8,0,0.0
Student_1453,T4_Spring,Program_C,First_Year,3,62,2.86,-0.68,0.801,1,0,18,3.89,0.769,0.129,82.2,5,0.0
Student_1454,T4_Spring,Program_D,First_Year,2,38,3.12,0.89,0.772,1,0,12,3.34,0.977,0.188,75.4,3,0.0
Student_1455,T4_Spring,Program_A,First_Year,4,91,2.56,0.13,0.853,0,1,12,2.31,0.782,0.201,82.8,4,0.0
Student_1456,T4_Spring,Program_D,Transfer,2,27,2.84,1.0,0.953,0,0,15,5.41,0.934,0.046,89.6,0,0.0
Student_1458,T4_Spring,Program_A,First_Year,3,72,1.91,-0.33,0.804,0,2,12,3.14,0.849,0.224,69.3,4,1.0
Student_1459,T4_Spring,Program_D,First_Year,1,5,3.05,0.3,0.955,0,1,15,3.17,0.764,0.193,93.7,5,1.0
Student_1460,T4_Spring,Program_A,First_Year,1,21,2.97,-0.19,0.847,1,0,9,2.33,0.979,0.062,76.3,4,1.0
Student_1461,T4_Spring,Program_A,First_Year,4,102,2.96,-0.12,0.769,1,0,15,5.39,0.907,0.092,87.5,0,0.0
Student_1462,T4_Spring,Program_C,First_Year,3,63,2.17,0.15,0.816,1,0,9,5.04,0.937,0.183,75.6,2,0.0
Student_1463,T4_Spring,Program_D,First_Year,4,99,2.61,-0.14,0.921,0,0,15,4.46,0.908,0.1,74.1,2,1.0
Student_1464,T4_Spring,Program_C,First_Year,4,102,2.95,-0.43,0.84,0,0,15,3.62,0.806,0.263,86.5,6,0.0
Student_1465,T4_Spring,Program_A,First_Year,1,21,2.67,0.08,0.899,0,0,12,4.88,0.951,0.066,75.2,0,0.0
Student_1466,T4_Spring,Program_C,First_Year,2,45,3.46,-0.38,0.869,0,1,12,3.56,0.728,0.276,85.4,4,0.0
Student_1467,T4_Spring,Program_A,First_Year,2,29,2.77,0.58,0.724,1,0,18,4.85,0.987,0.0,66.7,2,0.0
Student_1468,T4_Spring,Program_B,First_Year,4,94,2.93,0.43,0.888,0,0,9,4.55,0.922,0.133,81.5,2,0.0
Student_1469,T4_Spring,Program_B,First_Year,2,36,1.91,-0.45,0.777,1,1,15,5.04,1.0,0.234,64.3,0,0.0
Student_1470,T4_Spring,Program_B,First_Year,1,19,3.0,-0.01,0.995,0,0,18,4.74,0.904,0.112,98.8,1,0.0
Student_1471,T4_Spring,Program_C,Transfer,3,70,2.85,0.39,0.861,1,0,15,3.33,0.73,0.142,71.9,4,0.0
Student_1472,T4_Spring,Program_C,First_Year,3,67,3.0,0.17,0.899,0,0,18,4.17,0.913,0.16,84.5,3,0.0
Student_1473,T4_Spring,Program_A,First_Year,1,25,3.58,0.46,1.0,0,3,15,2.78,0.947,0.086,89.4,2,0.0
Student_1474,T4_Spring,Program_C,First_Year,1,11,2.56,-0.03,0.714,1,2,18,5.44,0.973,0.152,60.4,1,0.0
Student_1475,T4_Spring,Program_C,First_Year,4,97,3.17,0.09,0.783,0,0,12,2.83,0.71,0.372,75.4,0,0.0
Student_1476,T4_Spring,Program_B,Transfer,1,6,2.76,-0.48,0.851,0,0,15,3.15,0.805,0.288,70.3,6,0.0
Student_1477,T4_Spring,Program_D,First_Year,4,90,3.03,-0.12,0.893,0,0,15,2.33,0.931,0.148,74.4,6,0.0
Student_1478,T4_Spring,Program_B,First_Year,4,98,2.44,-0.25,0.784,0,0,12,2.0,0.933,0.279,79.2,7,0.0
Student_1479,T4_Spring,Program_D,First_Year,4,85,2.23,0.75,0.861,0,0,12,6.76,1.0,0.0,100.0,1,0.0
Student_1480,T4_Spring,Program_B,First_Year,1,25,2.63,-0.01,0.773,1,0,18,4.27,0.846,0.288,80.4,2,0.0
Student_1482,T4_Spring,Program_D,First_Year,2,51,2.8,0.33,0.933,1,0,18,6.32,1.0,0.108,73.9,2,1.0
Student_1483,T4_Spring,Program_A,First_Year,3,78,3.11,0.25,0.797,2,0,15,2.03,1.0,0.229,77.1,6,0.0
Student_1484,T4_Spring,Program_A,First_Year,2,34,2.08,0.22,0.736,0,0,15,3.82,0.893,0.231,65.1,0,0.0
Student_1485,T4_Spring,Program_A,Transfer,1,21,3.25,-0.17,0.863,0,0,18,3.62,0.853,0.146,82.5,3,0.0
Student_1487,T4_Spring,Program_C,Transfer,2,45,2.95,0.24,0.876,0,0,9,3.83,0.895,0.285,80.1,5,0.0
Student_1489,T4_Spring,Program_C,First_Year,3,55,2.47,0.02,0.872,0,1,15,3.11,1.0,0.003,65.0,4,1.0
Student_1490,T4_Spring,Program_A,First_Year,2,38,2.45,-0.52,0.743,1,0,15,0.75,0.728,0.42,76.2,2,0.0
Student_1491,T4_Spring,Program_D,First_Year,4,101,3.03,-0.38,0.871,1,0,15,3.63,0.86,0.287,78.8,2,0.0
Student_1493,T4_Spring,Program_C,Transfer,2,30,3.26,0.35,0.596,3,0,15,4.67,0.948,0.181,84.4,3,0.0
Student_1494,T4_Spring,Program_A,First_Year,3,75,3.5,0.51,0.936,0,0,15,6.25,1.0,0.178,100.0,0,0.0
Student_1495,T4_Spring,Program_C,First_Year,4,95,3.14,-0.68,0.802,0,0,9,2.54,0.705,0.283,89.9,0,0.0
Student_1496,T4_Spring,Program_C,Transfer,3,73,2.99,-0.5,1.0,0,1,15,3.83,0.871,0.255,100.0,2,0.0
Student_1497,T4_Spring,Program_C,First_Year,2,43,3.56,-0.24,0.952,0,0,18,4.65,0.86,0.231,98.7,0,0.0
Student_1498,T4_Spring,Program_D,Transfer,4,85,3.58,0.11,0.831,0,0,15,3.12,0.931,0.204,81.9,1,1.0
Student_1499,T4_Spring,Program_D,First_Year,2,46,3.11,-0.01,0.879,0,1,12,4.39,0.932,0.278,82.7,1,0.0
Student_1500,T4_Spring,Program_A,First_Year,3,81,3.04,-0.2,0.999,0,0,15,3.05,0.897,0.184,88.6,9,0.0
Student_1501,T4_Spring,Program_B,Transfer,3,65,2.32,0.15,0.758,1,1,12,4.41,0.818,0.186,76.6,5,0.0
Student_1502,T4_Spring,Program_B,First_Year,2,29,3.57,0.09,0.974,0,1,15,4.01,0.901,0.178,78.8,3,0.0
Student_1503,T4_Spring,Program_C,First_Year,1,26,3.27,0.44,0.944,0,0,15,3.41,0.948,0.082,88.3,3,0.0
Student_1504,T4_Spring,Program_A,First_Year,2,39,2.79,0.29,0.939,0,0,15,5.79,0.915,0.1,75.4,0,0.0
Student_1505,T4_Spring,Program_B,First_Year,1,23,3.28,0.4,0.801,0,1,15,3.01,0.92,0.221,100.0,7,0.0
Student_1506,T4_Spring,Program_A,First_Year,2,47,2.45,-0.07,0.722,1,0,9,5.45,1.0,0.0,85.1,3,0.0
Student_1507,T4_Spring,Program_C,First_Year,4,100,2.44,-0.43,0.798,1,0,18,2.86,0.759,0.342,83.8,6,0.0
Student_1508,T4_Spring,Program_B,First_Year,3,61,2.13,0.63,0.746,1,0,18,2.41,0.945,0.263,63.9,7,0.0
Student_1509,T4_Spring,Program_C,First_Year,3,70,2.67,0.01,0.882,0,0,12,5.17,1.0,0.108,80.3,1,0.0
Student_1510,T4_Spring,Program_D,First_Year,2,32,2.58,-0.06,0.602,2,0,15,5.13,0.895,0.143,86.7,1,0.0
Student_1512,T4_Spring,Program_A,First_Year,3,80,2.57,-0.13,0.901,0,0,15,5.74,0.847,0.071,77.4,1,0.0
Student_1513,T4_Spring,Program_D,Transfer,1,18,3.49,-0.21,0.883,0,0,12,4.15,0.892,0.195,80.4,5,0.0
Student_1514,T4_Spring,Program_A,Transfer,4,94,3.65,0.19,0.813,1,0,15,3.18,0.857,0.217,76.6,3,1.0
Student_1515,T4_Spring,Program_B,Transfer,4,107,2.8,0.01,0.806,0,1,15,4.42,0.98,0.188,72.7,4,0.0
Student_1516,T4_Spring,Program_B,First_Year,4,106,2.49,-0.28,0.97,0,0,12,3.98,0.838,0.173,76.1,0,0.0
Student_1517,T4_Spring,Program_A,First_Year,4,83,3.09,0.18,0.872,0,1,15,1.59,0.739,0.211,96.4,5,0.0
Student_1518,T4_Spring,Program_C,First_Year,1,2,2.25,0.14,0.742,1,0,15,3.31,0.794,0.224,64.3,0,1.0
Student_1520,T4_Spring,Program_D,Transfer,3,70,2.89,-0.11,0.946,0,2,15,3.37,0.875,0.102,85.4,0,0.0
Student_1521,T4_Spring,Program_A,First_Year,3,65,1.91,-0.07,0.841,0,0,15,4.93,0.791,0.204,67.1,0,0.0
Student_1522,T4_Spring,Program_B,First_Year,4,88,2.82,-0.31,0.834,0,1,15,4.09,0.827,0.104,80.2,3,0.0
Student_1523,T4_Spring,Program_C,First_Year,4,84,3.04,-0.46,0.811,0,2,9,3.61,0.956,0.297,71.0,4,1.0
Student_1524,T4_Spring,Program_A,Transfer,4,83,2.93,-0.52,0.874,0,0,12,2.63,0.825,0.23,70.1,4,0.0
Student_1525,T4_Spring,Program_D,First_Year,2,36,2.48,0.42,0.724,1,0,15,4.26,0.899,0.076,80.8,4,0.0
Student_1526,T4_Spring,Program_B,First_Year,4,99,2.92,-0.01,0.842,0,1,18,2.8,0.759,0.222,71.3,6,0.0
Student_1527,T4_Spring,Program_B,First_Year,1,16,3.85,-0.07,1.0,0,0,15,3.38,0.838,0.182,76.2,3,0.0
Student_1529,T4_Spring,Program_D,First_Year,3,75,2.88,0.21,0.77,1,0,15,4.59,0.976,0.19,91.4,3,0.0
Student_1531,T4_Spring,Program_A,Transfer,1,24,2.97,0.15,0.849,0,1,15,4.96,0.98,0.148,83.5,4,0.0
Student_1532,T4_Spring,Program_D,First_Year,2,48,3.45,-0.05,1.0,0,0,9,3.17,0.859,0.257,100.0,6,0.0
Student_1534,T4_Spring,Program_D,First_Year,4,90,3.2,0.06,0.794,1,0,12,6.03,0.935,0.028,96.5,0,0.0
Student_1535,T4_Spring,Program_C,First_Year,4,107,3.31,0.16,0.602,3,0,15,3.86,0.948,0.142,71.7,5,0.0
Student_1536,T4_Spring,Program_C,First_Year,1,22,2.5,-0.0,0.981,0,0,15,3.72,0.874,0.07,86.2,0,0.0
Student_1537,T4_Spring,Program_B,First_Year,4,104,2.97,0.42,0.886,1,0,12,3.61,0.985,0.122,88.9,5,0.0
Student_1538,T4_Spring,Program_A,Transfer,3,57,3.28,-0.19,0.867,0,1,15,2.05,0.775,0.323,76.6,3,1.0
Student_1539,T4_Spring,Program_C,First_Year,2,44,2.71,0.32,0.85,1,0,18,3.89,0.694,0.169,77.7,1,0.0
Student_1541,T4_Spring,Program_D,Transfer,4,85,2.7,-0.08,0.799,0,0,15,2.91,1.0,0.241,71.7,5,0.0
Student_1542,T4_Spring,Program_B,First_Year,1,23,2.05,-0.36,0.769,1,1,12,3.69,0.843,0.298,63.4,0,1.0
Student_1543,T4_Spring,Program_B,Transfer,2,51,2.56,-0.29,0.865,0,0,18,4.06,0.881,0.16,83.0,1,0.0
Student_1544,T4_Spring,Program_B,Transfer,2,31,1.96,0.35,0.956,0,0,15,5.54,1.0,0.102,76.1,2,0.0
Student_1545,T4_Spring,Program_A,Transfer,2,32,3.34,-0.06,0.798,1,2,15,4.92,0.811,0.184,84.8,2,0.0
Student_1546,T4_Spring,Program_C,First_Year,2,38,1.83,0.44,0.648,1,0,15,4.16,1.0,0.27,69.7,0,0.0
Student_1547,T4_Spring,Program_A,First_Year,4,84,3.25,0.26,0.909,0,0,15,4.36,0.902,0.159,79.0,4,0.0
Student_1551,T4_Spring,Program_A,First_Year,1,22,2.2,0.05,0.61,2,0,18,4.37,1.0,0.185,79.4,3,0.0
Student_1552,T4_Spring,Program_C,First_Year,2,52,2.93,0.02,0.605,2,0,18,5.77,0.744,0.257,90.3,0,0.0
Student_1553,T4_Spring,Program_B,First_Year,3,75,3.06,-0.09,0.806,1,1,12,2.52,0.765,0.219,80.4,5,1.0
Student_1554,T4_Spring,Program_D,First_Year,3,62,2.54,0.02,0.846,0,0,18,3.17,0.908,0.268,69.7,5,0.0
Student_1555,T4_Spring,Program_A,First_Year,2,40,3.56,-0.1,0.887,0,0,12,3.89,0.792,0.167,79.8,5,1.0
Student_1556,T4_Spring,Program_B,First_Year,4,83,2.0,0.03,0.73,1,2,18,3.14,0.863,0.248,64.3,0,1.0
Student_1557,T4_Spring,Program_B,First_Year,1,11,2.27,-0.17,0.72,1,0,18,3.99,1.0,0.221,57.6,0,1.0
Student_1558,T4_Spring,Program_D,First_Year,2,53,2.23,0.47,0.751,1,0,12,4.22,0.937,0.127,60.8,3,0.0
Student_1559,T4_Spring,Program_B,Transfer,4,86,2.87,0.05,0.823,0,0,18,6.8,0.78,0.149,84.6,0,0.0
Student_1560,T4_Spring,Program_C,First_Year,4,90,2.72,-0.54,0.842,0,0,15,5.03,0.734,0.274,74.1,1,0.0
Student_1561,T4_Spring,Program_B,First_Year,4,103,2.74,-0.29,0.902,0,0,9,4.11,0.952,0.165,71.3,1,0.0
Student_1562,T4_Spring,Program_B,First_Year,3,56,3.19,-0.05,0.933,0,1,12,4.85,0.985,0.11,61.6,0,0.0
Student_1563,T4_Spring,Program_D,Transfer,4,83,3.06,0.34,0.975,0,0,15,4.81,0.948,0.143,83.8,1,0.0
Student_1565,T4_Spring,Program_B,First_Year,1,9,2.98,-0.6,0.645,1,1,15,3.97,0.896,0.163,62.4,2,0.0
Student_1567,T4_Spring,Program_B,First_Year,1,15,3.21,-0.1,1.0,0,0,18,4.97,1.0,0.0,83.3,0,0.0
Student_1570,T4_Spring,Program_A,First_Year,4,99,3.19,-0.25,0.881,0,0,15,2.88,0.628,0.354,81.4,2,0.0
Student_1571,T4_Spring,Program_A,First_Year,4,90,3.44,0.17,0.951,0,0,12,2.6,1.0,0.112,91.7,6,0.0
Student_1573,T4_Spring,Program_D,First_Year,1,11,2.46,-0.24,0.807,0,0,15,4.32,0.663,0.4,73.5,1,0.0
Student_1574,T4_Spring,Program_C,First_Year,2,50,2.59,0.31,0.627,1,0,18,3.48,0.866,0.281,64.7,4,0.0
Student_1575,T4_Spring,Program_D,First_Year,1,0,3.37,0.27,0.789,1,0,12,3.17,0.966,0.109,99.0,0,0.0
Student_1576,T4_Spring,Program_B,First_Year,1,12,2.51,-0.3,0.595,1,1,15,3.32,0.671,0.345,60.9,7,0.0
Student_1577,T4_Spring,Program_C,Transfer,4,100,2.39,0.05,0.922,0,0,15,3.13,0.897,0.215,63.1,0,0.0
Student_1578,T4_Spring,Program_A,Transfer,4,90,2.39,-0.65,0.852,0,0,15,4.99,0.664,0.322,84.9,0,0.0
Student_1579,T4_Spring,Program_B,Transfer,3,65,2.52,0.15,0.851,1,0,15,2.67,0.8,0.241,70.4,8,0.0
Student_1580,T4_Spring,Program_A,Transfer,2,45,2.75,-0.08,0.674,1,0,12,4.44,0.956,0.242,94.6,2,0.0
Student_1581,T4_Spring,Program_B,First_Year,4,85,2.01,-0.11,0.808,1,0,15,4.43,0.895,0.145,82.4,0,0.0
Student_1583,T4_Spring,Program_B,Transfer,1,20,2.73,0.82,0.856,0,1,12,3.82,0.921,0.155,91.2,1,0.0
Student_1584,T4_Spring,Program_B,First_Year,2,42,2.41,0.09,0.83,0,0,15,4.56,0.802,0.252,75.1,5,0.0
Student_1585,T4_Spring,Program_A,First_Year,4,105,3.21,0.1,0.962,0,0,18,2.34,0.983,0.272,84.5,3,0.0
Student_1586,T4_Spring,Program_B,Transfer,2,32,3.1,0.26,0.902,0,0,12,3.87,0.829,0.363,96.1,3,0.0
Student_1588,T4_Spring,Program_D,Transfer,1,11,2.73,0.2,0.714,1,0,12,3.72,0.909,0.335,82.0,0,0.0
Student_1590,T4_Spring,Program_B,Transfer,3,64,3.42,0.65,0.895,0,0,12,4.03,1.0,0.087,84.7,0,0.0
Student_1591,T4_Spring,Program_A,Transfer,2,36,2.86,0.27,0.7,1,0,12,3.86,0.823,0.17,78.9,4,0.0
Student_1592,T4_Spring,Program_B,First_Year,3,66,3.21,0.09,0.736,1,1,15,2.56,0.82,0.281,69.7,7,0.0
Student_1593,T4_Spring,Program_B,First_Year,2,46,1.97,0.48,0.708,1,0,18,4.65,1.0,0.047,89.3,0,0.0
Student_1594,T4_Spring,Program_C,First_Year,3,66,3.53,-0.08,0.959,0,0,15,3.02,0.805,0.085,74.5,4,0.0
Student_1595,T4_Spring,Program_C,First_Year,1,18,2.77,-0.09,0.657,2,0,18,4.64,1.0,0.049,90.4,2,1.0
Student_1596,T4_Spring,Program_D,First_Year,3,71,2.52,-0.06,0.851,0,1,15,4.44,0.9,0.185,78.9,1,0.0
Student_1597,T4_Spring,Program_A,First_Year,1,27,2.71,0.16,0.842,0,0,18,4.84,1.0,0.011,70.9,2,1.0
Student_1598,T4_Spring,Program_C,First_Year,3,54,1.62,0.17,0.861,0,0,12,3.55,0.936,0.181,60.5,1,0.0
Student_1599,T4_Spring,Program_D,First_Year,2,50,2.44,0.66,0.979,0,0,15,6.33,0.931,0.141,83.7,0,0.0
Student_1600,T4_Spring,Program_C,Transfer,4,103,3.55,0.02,0.825,1,1,15,3.87,0.918,0.148,89.5,1,0.0
Student_1601,T4_Spring,Program_B,Transfer,2,34,2.38,-0.47,0.679,1,1,18,2.81,0.795,0.243,63.4,1,0.0
Student_1602,T4_Spring,Program_A,First_Year,3,54,3.45,0.27,0.918,0,1,15,4.99,1.0,0.136,100.0,3,0.0
Student_1605,T4_Spring,Program_D,First_Year,4,106,2.25,0.21,0.691,1,1,12,4.02,0.891,0.258,59.4,3,0.0
Student_1606,T4_Spring,Program_D,Transfer,3,73,2.74,-0.43,0.864,0,0,15,1.93,0.672,0.37,68.9,3,0.0
Student_1607,T4_Spring,Program_B,First_Year,3,66,2.74,-0.7,0.725,0,1,12,2.31,0.678,0.428,51.2,7,1.0
Student_1609,T4_Spring,Program_B,First_Year,3,66,2.16,0.07,0.791,0,0,15,5.02,0.853,0.255,72.3,2,1.0
Student_1610,T4_Spring,Program_D,First_Year,2,49,3.19,0.13,0.734,1,0,18,5.05,1.0,0.102,73.7,3,1.0
Student_1613,T4_Spring,Program_A,First_Year,2,47,2.93,0.01,0.908,0,0,15,3.97,0.886,0.112,84.6,2,1.0
Student_1614,T4_Spring,Program_A,First_Year,1,17,2.67,-0.08,0.844,0,0,12,4.08,0.904,0.229,55.1,4,0.0
Student_1615,T4_Spring,Program_D,First_Year,1,27,2.1,0.19,0.808,0,0,12,3.92,0.943,0.246,79.5,5,0.0
Student_1617,T4_Spring,Program_D,Transfer,2,30,2.56,-0.15,0.803,0,1,12,4.89,0.846,0.199,50.6,1,0.0
Student_1618,T4_Spring,Program_C,First_Year,3,65,3.28,-0.02,0.789,0,0,15,4.78,0.936,0.187,68.8,0,0.0
Student_1620,T4_Spring,Program_D,Transfer,3,81,2.9,0.43,0.851,0,0,12,5.04,0.935,0.124,98.5,4,0.0
Student_1621,T4_Spring,Program_B,Transfer,1,26,1.98,0.22,0.849,0,0,15,4.32,0.887,0.129,58.1,0,0.0
Student_1622,T4_Spring,Program_C,First_Year,3,77,2.68,-0.33,0.641,3,1,12,3.23,0.722,0.342,79.9,2,0.0
Student_1623,T4_Spring,Program_D,Transfer,1,16,2.23,-0.1,0.755,1,1,15,3.42,0.759,0.347,69.1,6,0.0
Student_1624,T4_Spring,Program_C,First_Year,1,26,3.49,0.31,1.0,0,0,9,3.98,1.0,0.166,85.1,0,0.0
Student_1626,T4_Spring,Program_C,First_Year,2,46,2.93,-0.29,0.88,0,1,12,3.19,0.815,0.353,82.1,6,0.0
Student_1628,T4_Spring,Program_D,First_Year,4,106,1.75,0.38,0.61,1,0,12,4.29,1.0,0.216,75.0,1,0.0
Student_1629,T4_Spring,Program_D,First_Year,1,26,3.03,0.18,0.825,1,0,12,3.82,0.923,0.161,89.2,3,0.0
Student_1630,T4_Spring,Program_C,First_Year,2,43,1.99,0.47,0.609,1,0,15,2.26,0.852,0.237,60.2,8,1.0
Student_1631,T4_Spring,Program_C,Transfer,4,87,2.7,-0.01,0.803,0,1,15,4.52,0.975,0.098,68.6,0,0.0
Student_1632,T4_Spring,Program_A,Transfer,2,46,3.07,0.04,0.843,0,1,12,5.37,1.0,0.112,81.2,0,0.0
Student_1633,T4_Spring,Program_B,Transfer,3,60,2.95,-0.02,0.922,0,0,15,2.87,0.766,0.196,72.9,6,1.0
Student_1634,T4_Spring,Program_D,First_Year,2,51,3.4,0.17,0.927,0,0,12,3.66,0.95,0.38,67.4,1,0.0
Student_1635,T4_Spring,Program_D,Transfer,1,7,2.3,0.6,0.865,0,0,12,3.21,0.854,0.208,62.3,3,1.0
Student_1637,T4_Spring,Program_A,Transfer,2,37,3.37,-0.13,0.909,1,0,15,3.74,1.0,0.202,83.6,3,1.0
Student_1638,T4_Spring,Program_C,Transfer,1,27,3.54,0.19,0.76,2,1,18,3.42,0.955,0.085,87.3,1,0.0
Student_1639,T4_Spring,Program_D,Transfer,3,64,2.55,-0.35,0.889,0,0,12,3.63,0.827,0.087,88.7,8,1.0
Student_1642,T4_Spring,Program_D,First_Year,4,86,2.47,-0.04,0.827,1,0,15,4.12,0.837,0.186,81.9,7,0.0
Student_1643,T4_Spring,Program_A,First_Year,3,80,2.99,0.47,0.976,0,0,15,5.66,0.994,0.217,81.0,0,0.0
Student_1644,T4_Spring,Program_B,First_Year,4,99,2.29,-0.3,0.675,1,1,15,2.47,0.716,0.302,70.9,1,1.0
Student_1645,T4_Spring,Program_A,Transfer,4,83,3.36,-0.01,0.661,2,0,9,5.66,0.879,0.097,96.3,1,1.0
Student_1646,T4_Spring,Program_B,Transfer,4,91,2.67,-0.08,0.623,2,0,15,3.55,0.878,0.165,71.8,1,1.0
Student_1647,T4_Spring,Program_C,Transfer,2,43,2.75,0.06,0.781,1,0,15,3.94,0.949,0.061,69.1,9,1.0
Student_1649,T4_Spring,Program_B,First_Year,2,36,2.75,-0.17,0.757,1,0,12,2.97,0.958,0.026,70.4,4,1.0
Student_1650,T4_Spring,Program_A,Transfer,4,87,2.32,0.55,0.753,1,0,12,3.55,1.0,0.226,69.0,5,0.0
Student_1651,T4_Spring,Program_A,First_Year,1,6,1.57,0.16,0.756,0,0,15,3.38,0.828,0.267,55.6,5,0.0
Student_1654,T4_Spring,Program_D,First_Year,2,54,2.4,-0.23,0.721,1,2,15,3.36,0.915,0.288,67.9,5,0.0
Student_1656,T4_Spring,Program_A,First_Year,1,18,3.06,0.25,0.942,0,0,15,5.09,0.897,0.133,85.5,0,0.0
Student_1657,T4_Spring,Program_D,First_Year,3,74,2.8,0.17,0.716,1,0,18,6.3,0.799,0.099,75.0,1,1.0
Student_1658,T4_Spring,Program_C,First_Year,2,30,2.39,-0.29,0.869,0,1,12,2.76,0.924,0.319,72.7,0,0.0
Student_1659,T4_Spring,Program_B,First_Year,3,74,2.0,-0.41,0.69,1,0,15,2.81,0.813,0.371,73.3,3,0.0
Student_1660,T4_Spring,Program_A,First_Year,2,27,2.15,-0.26,0.842,0,1,12,2.98,0.764,0.365,71.6,3,1.0
Student_1661,T4_Spring,Program_C,Transfer,3,62,2.32,-0.1,0.929,0,0,18,4.91,0.992,0.0,79.0,3,0.0
Student_1663,T4_Spring,Program_B,First_Year,2,40,3.35,-0.08,1.0,0,0,15,3.53,0.854,0.151,84.5,4,0.0
Student_1664,T4_Spring,Program_A,First_Year,4,98,2.09,-0.16,0.928,0,0,12,5.3,0.946,0.044,77.4,0,0.0
Student_1666,T4_Spring,Program_B,First_Year,2,45,2.38,-0.36,0.81,0,1,15,5.04,0.764,0.217,87.8,7,1.0
Student_1667,T4_Spring,Program_D,Transfer,2,31,2.48,0.01,0.871,0,1,15,4.35,0.861,0.095,68.3,0,1.0
Student_1669,T4_Spring,Program_B,First_Year,1,4,2.41,0.04,0.649,2,0,12,6.47,1.0,0.131,61.9,0,0.0
Student_1670,T4_Spring,Program_C,First_Year,4,100,2.22,0.25,0.826,1,1,18,3.24,0.774,0.168,74.3,1,0.0
Student_1671,T4_Spring,Program_C,First_Year,2,48,2.82,-0.09,0.989,0,0,15,3.83,0.902,0.004,95.4,0,0.0
Student_1673,T4_Spring,Program_D,First_Year,4,86,2.32,0.2,0.877,0,1,12,4.52,0.889,0.195,61.3,2,0.0
Student_1674,T4_Spring,Program_D,First_Year,2,45,2.33,0.07,0.872,0,0,18,4.1,0.971,0.145,54.2,0,0.0
Student_1677,T4_Spring,Program_A,First_Year,3,65,2.25,0.03,0.867,0,0,12,2.42,0.86,0.313,69.3,2,1.0
Student_1678,T4_Spring,Program_A,First_Year,3,71,2.65,0.5,0.981,0,0,15,4.36,0.878,0.281,85.6,2,0.0
Student_1679,T4_Spring,Program_A,Transfer,1,16,2.52,0.03,0.755,1,1,15,4.71,0.972,0.144,76.5,0,0.0
Student_1680,T4_Spring,Program_B,First_Year,2,35,2.5,0.28,0.921,0,2,15,4.25,1.0,0.07,78.3,6,0.0
Student_1681,T4_Spring,Program_B,First_Year,4,103,2.81,-0.2,0.978,0,0,15,3.44,1.0,0.089,92.7,2,0.0
Student_1682,T4_Spring,Program_A,First_Year,2,41,1.98,-0.42,0.896,0,0,18,2.16,0.856,0.127,78.2,4,0.0
Student_1684,T4_Spring,Program_B,Transfer,1,1,2.82,0.63,0.901,0,0,12,5.92,1.0,0.0,89.6,2,0.0
Student_1686,T4_Spring,Program_D,First_Year,4,90,3.39,-0.19,0.956,0,0,15,4.98,0.792,0.272,82.4,1,0.0
Student_1687,T4_Spring,Program_B,First_Year,4,81,3.02,0.06,0.884,0,1,18,3.35,0.933,0.042,74.8,0,0.0
Student_1688,T4_Spring,Program_C,Transfer,4,96,3.37,-0.07,0.825,0,0,15,3.36,0.858,0.098,86.7,1,0.0
Student_1689,T4_Spring,Program_B,Transfer,4,86,2.64,0.03,0.957,0,1,18,4.25,1.0,0.112,79.7,1,0.0
Student_1690,T4_Spring,Program_A,Transfer,3,65,2.75,-0.43,0.816,1,0,15,4.8,0.758,0.312,84.6,1,0.0
Student_1691,T4_Spring,Program_C,First_Year,1,16,3.16,0.17,1.0,0,0,12,4.38,0.867,0.083,90.2,3,0.0
Student_1693,T4_Spring,Program_B,Transfer,2,31,3.0,0.41,0.711,1,0,12,4.8,0.846,0.093,71.2,1,0.0
Student_1695,T4_Spring,Program_C,First_Year,4,107,3.27,-0.02,0.814,0,2,18,4.92,0.967,0.225,73.1,0,0.0
Student_1697,T4_Spring,Program_D,Transfer,1,25,3.4,-0.65,0.839,1,0,18,3.89,0.897,0.253,64.6,3,1.0
Student_1700,T4_Spring,Program_C,First_Year,1,27,2.27,0.58,0.727,1,0,15,2.65,0.816,0.222,62.2,8,0.0
Student_1701,T4_Spring,Program_D,Transfer,4,108,3.57,-0.13,0.977,0,0,15,4.58,0.885,0.304,80.8,3,0.0
Student_1703,T4_Spring,Program_D,First_Year,2,36,2.32,0.06,0.771,1,1,12,1.72,0.887,0.152,71.0,7,0.0
Student_1704,T4_Spring,Program_A,Transfer,1,25,2.19,-0.75,0.781,0,1,15,2.02,0.788,0.252,76.1,3,0.0
Student_1705,T4_Spring,Program_D,Transfer,3,80,2.68,-0.24,0.81,0,0,15,3.9,1.0,0.211,76.1,3,0.0
Student_1706,T4_Spring,Program_A,Transfer,3,75,2.92,-0.13,0.86,0,0,18,4.18,0.879,0.075,61.9,1,1.0
Student_1707,T4_Spring,Program_D,First_Year,2,41,2.91,0.01,1.0,0,1,12,2.25,0.89,0.203,76.4,3,0.0
Student_1710,T4_Spring,Program_D,First_Year,3,76,2.72,-0.44,0.82,1,2,9,4.06,0.866,0.294,72.5,5,0.0
Student_1712,T4_Spring,Program_B,First_Year,1,0,2.19,0.46,0.746,1,0,15,3.78,0.926,0.215,61.9,4,1.0
Student_1713,T4_Spring,Program_A,First_Year,3,70,2.44,-0.09,0.905,0,0,15,4.99,0.804,0.023,64.8,1,0.0
Student_1714,T4_Spring,Program_C,First_Year,1,7,2.68,-0.6,0.902,0,0,15,5.99,0.887,0.168,84.0,0,0.0
Student_1715,T4_Spring,Program_D,First_Year,4,103,2.78,0.43,0.926,0,0,15,5.89,0.964,0.005,79.3,1,0.0
Student_1717,T4_Spring,Program_D,Transfer,4,100,2.68,-0.05,0.839,0,0,12,5.05,1.0,0.123,72.2,0,0.0
Student_1718,T4_Spring,Program_C,First_Year,2,43,2.37,-0.15,0.88,0,0,9,4.12,0.9,0.309,75.9,1,1.0
Student_1720,T4_Spring,Program_B,First_Year,3,65,2.03,0.24,0.755,0,0,18,1.95,0.674,0.437,51.7,4,0.0
Student_1721,T4_Spring,Program_A,Transfer,3,78,1.99,-1.7,0.731,1,0,18,4.83,0.818,0.247,57.5,4,1.0
Student_1722,T4_Spring,Program_D,First_Year,1,18,2.65,0.1,0.787,1,0,9,5.89,1.0,0.11,69.7,2,0.0
Student_1723,T4_Spring,Program_B,Transfer,1,4,1.88,-0.01,0.681,1,0,12,2.72,0.807,0.246,81.6,1,1.0
Student_1725,T4_Spring,Program_A,First_Year,2,44,2.88,-0.52,0.728,1,0,18,3.07,0.706,0.169,76.0,3,0.0
Student_1726,T4_Spring,Program_B,Transfer,4,90,2.24,-0.29,0.809,0,0,15,4.19,0.758,0.364,54.1,2,0.0
Student_1727,T4_Spring,Program_A,Transfer,4,101,2.42,0.1,0.685,1,0,12,2.98,0.739,0.341,79.1,0,0.0
Student_1728,T4_Spring,Program_A,First_Year,4,84,2.58,-0.06,0.96,0,0,12,3.22,1.0,0.178,71.6,2,0.0
Student_1730,T4_Spring,Program_D,First_Year,1,1,2.37,-0.39,0.667,1,0,12,4.16,0.904,0.324,92.6,1,0.0
Student_1731,T4_Spring,Program_C,Transfer,2,46,3.1,0.39,0.962,0,0,15,4.65,1.0,0.145,97.7,3,0.0
Student_1732,T4_Spring,Program_B,First_Year,3,79,2.35,-0.99,0.633,1,1,18,2.25,0.742,0.331,66.6,0,1.0
Student_1733,T4_Spring,Program_B,First_Year,2,31,2.38,-0.35,0.643,1,0,12,1.09,0.719,0.389,58.2,6,1.0
Student_1734,T4_Spring,Program_C,First_Year,3,74,2.29,0.3,0.842,0,1,15,3.72,0.807,0.257,82.5,5,0.0
Student_1737,T4_Spring,Program_B,Transfer,3,57,2.56,-0.49,0.93,0,2,12,2.91,0.762,0.294,87.6,1,1.0
Student_1738,T4_Spring,Program_D,First_Year,2,36,2.96,0.71,0.834,0,0,15,2.26,0.848,0.151,84.1,4,0.0
Student_1739,T4_Spring,Program_A,Transfer,3,63,2.16,0.52,0.803,0,0,15,1.97,0.716,0.361,72.5,3,0.0
Student_1742,T4_Spring,Program_C,First_Year,3,69,2.98,-0.31,0.58,2,0,12,3.32,0.761,0.295,85.5,5,1.0
Student_1744,T4_Spring,Program_D,First_Year,1,26,2.35,0.52,0.929,0,0,12,4.9,1.0,0.021,78.2,0,0.0
Student_1746,T4_Spring,Program_C,Transfer,1,5,2.09,0.5,0.683,1,0,12,2.29,0.946,0.139,72.1,5,0.0
Student_1747,T4_Spring,Program_C,First_Year,3,81,2.42,0.18,0.622,2,1,15,4.9,0.86,0.145,83.4,0,1.0
Student_1748,T4_Spring,Program_D,First_Year,2,44,2.24,-0.14,0.765,0,1,12,4.67,0.833,0.119,86.3,1,0.0
Student_1749,T4_Spring,Program_B,Transfer,3,65,3.02,0.17,1.0,0,0,15,3.53,0.836,0.017,82.2,0,0.0
Student_1752,T4_Spring,Program_D,First_Year,3,75,2.87,-0.42,0.712,1,0,15,3.5,0.687,0.262,68.4,1,0.0
Student_1753,T4_Spring,Program_D,First_Year,4,106,2.84,0.01,0.747,1,0,12,5.21,0.96,0.142,80.5,2,0.0
Student_1755,T4_Spring,Program_B,First_Year,4,92,2.79,-0.46,0.913,0,0,15,3.83,0.778,0.26,64.5,0,0.0
Student_1756,T4_Spring,Program_A,First_Year,2,32,2.49,-0.41,0.901,0,1,15,4.56,0.921,0.085,70.7,2,0.0
Student_1757,T4_Spring,Program_D,First_Year,2,42,2.7,0.28,0.82,0,0,18,2.18,0.751,0.349,75.2,0,0.0
Student_1758,T4_Spring,Program_A,First_Year,3,56,2.21,-0.52,0.73,1,0,12,5.03,0.888,0.093,72.3,1,0.0
Student_1760,T4_Spring,Program_B,First_Year,4,105,2.87,-0.06,0.982,0,0,15,4.87,0.952,0.122,80.0,0,0.0
Student_1761,T4_Spring,Program_C,First_Year,2,33,1.1,0.05,0.634,1,1,12,2.41,0.741,0.293,51.9,4,1.0
Student_1762,T4_Spring,Program_D,First_Year,3,65,2.41,-0.3,0.837,0,0,15,3.58,0.829,0.232,64.5,5,1.0
Student_1764,T4_Spring,Program_D,First_Year,1,16,3.34,0.22,0.958,0,0,12,5.21,1.0,0.029,97.6,0,0.0
Student_1765,T4_Spring,Program_A,Transfer,2,28,2.4,-0.32,0.669,0,0,15,4.77,0.794,0.276,76.3,0,0.0
Student_1766,T4_Spring,Program_C,First_Year,4,82,2.66,-0.08,0.701,0,0,15,3.59,0.74,0.15,73.5,7,0.0
Student_1769,T4_Spring,Program_C,First_Year,1,8,2.96,-0.09,0.97,1,0,15,4.35,1.0,0.02,72.0,0,0.0
Student_1771,T4_Spring,Program_D,First_Year,1,2,2.99,0.31,1.0,0,0,15,4.76,1.0,0.119,78.8,3,0.0
Student_1772,T4_Spring,Program_A,First_Year,3,62,2.16,0.07,0.85,0,2,15,3.82,0.931,0.274,74.1,3,0.0
Student_1773,T4_Spring,Program_C,Transfer,1,3,2.63,-0.21,0.833,0,1,15,4.13,0.731,0.405,70.1,1,0.0
Student_1775,T4_Spring,Program_C,First_Year,3,69,3.63,-0.01,0.982,1,0,18,3.37,0.828,0.101,74.6,2,1.0
Student_1776,T4_Spring,Program_C,First_Year,4,93,2.38,-0.5,0.97,0,0,12,4.91,0.844,0.112,71.0,1,0.0
Student_1777,T4_Spring,Program_B,First_Year,4,87,2.21,-0.18,0.833,0,0,15,3.57,0.753,0.336,72.1,6,0.0
Student_1778,T4_Spring,Program_A,First_Year,2,29,3.11,0.36,0.943,0,0,15,3.7,0.887,0.21,73.0,1,0.0
Student_1779,T4_Spring,Program_A,First_Year,4,89,3.23,-0.22,0.947,0,0,12,2.54,0.812,0.21,92.8,7,0.0
Student_1780,T4_Spring,Program_D,First_Year,3,81,2.58,-0.21,0.887,0,2,12,4.44,0.685,0.171,74.4,2,0.0
Student_1781,T4_Spring,Program_A,First_Year,2,40,2.01,-0.24,0.738,1,0,15,2.9,0.762,0.181,74.6,1,0.0
Student_1783,T4_Spring,Program_B,First_Year,2,33,2.43,-0.22,0.743,1,1,12,4.04,1.0,0.105,67.9,6,1.0
Student_1784,T4_Spring,Program_B,First_Year,2,49,3.33,-0.69,0.837,0,0,15,2.57,0.539,0.423,91.6,6,0.0
Student_1787,T4_Spring,Program_A,First_Year,3,75,1.94,0.18,0.602,3,0,15,5.48,0.915,0.163,58.7,4,0.0
Student_1788,T4_Spring,Program_D,First_Year,1,4,2.97,-0.12,0.939,0,0,15,4.21,0.821,0.212,92.7,3,0.0
Student_1789,T4_Spring,Program_A,Transfer,3,61,3.16,0.46,0.848,2,0,15,5.26,0.952,0.0,99.1,0,0.0
Student_1790,T4_Spring,Program_C,Transfer,2,47,2.52,-0.15,0.786,1,0,15,4.26,0.698,0.344,89.5,1,1.0
Student_1791,T4_Spring,Program_C,Transfer,2,50,2.31,-0.14,0.904,0,1,18,2.47,0.83,0.305,75.1,2,0.0
Student_1792,T4_Spring,Program_C,Transfer,1,13,2.68,0.14,0.813,1,1,15,4.22,0.883,0.068,75.3,1,1.0
Student_1793,T4_Spring,Program_B,First_Year,4,102,3.58,-0.03,0.906,0,1,18,3.23,0.811,0.362,86.0,3,0.0
Student_1794,T4_Spring,Program_D,Transfer,2,48,2.48,-0.65,0.802,0,1,15,4.04,0.717,0.256,65.6,3,1.0
Student_1795,T4_Spring,Program_B,First_Year,3,73,3.63,1.0,0.877,1,0,9,5.27,1.0,0.059,100.0,4,1.0
Student_1796,T4_Spring,Program_C,First_Year,4,86,2.82,-0.24,0.842,0,0,15,5.04,0.922,0.097,80.6,1,0.0
Student_1798,T4_Spring,Program_A,Transfer,2,46,3.34,0.11,0.961,1,1,12,5.82,1.0,0.066,88.7,0,0.0
Student_1799,T4_Spring,Program_A,Transfer,2,47,2.29,0.13,0.648,1,0,12,4.11,0.979,0.345,66.3,1,0.0
Student_1800,T4_Spring,Program_B,Transfer,2,54,3.43,0.78,0.864,0,0,15,2.93,0.96,0.0,77.2,1,0.0
Student_1801,T4_Spring,Program_A,First_Year,4,89,3.58,0.18,0.832,1,0,12,5.33,0.892,0.122,85.1,6,0.0
Student_1802,T4_Spring,Program_D,First_Year,3,57,2.68,0.3,0.815,1,0,12,6.15,1.0,0.051,76.4,0,0.0
Student_1803,T4_Spring,Program_A,First_Year,1,23,2.11,-0.13,0.701,1,0,12,4.78,0.898,0.256,75.6,0,0.0
Student_1804,T4_Spring,Program_D,First_Year,4,88,2.63,-0.07,0.707,1,0,12,3.23,0.708,0.237,66.4,9,0.0
Student_1805,T4_Spring,Program_B,First_Year,3,71,2.33,-0.08,0.717,1,0,18,3.97,0.944,0.149,79.2,2,1.0
Student_1806,T4_Spring,Program_B,Transfer,4,92,2.39,0.03,0.834,0,2,15,2.21,0.79,0.271,83.4,5,0.0
Student_1808,T4_Spring,Program_D,First_Year,1,6,3.69,0.1,0.932,0,0,12,4.35,0.913,0.117,95.5,2,0.0
Student_1809,T4_Spring,Program_A,First_Year,2,40,2.65,0.34,0.88,0,1,18,5.62,1.0,0.033,85.7,0,0.0
Student_1810,T4_Spring,Program_D,Transfer,1,13,3.17,-0.51,0.928,0,0,12,3.32,0.77,0.172,80.5,4,0.0
Student_1811,T4_Spring,Program_B,First_Year,3,70,1.96,-0.3,0.632,2,1,15,1.96,0.788,0.284,70.8,2,1.0
Student_1812,T4_Spring,Program_C,First_Year,2,45,3.8,-0.13,0.919,0,0,15,4.6,0.78,0.021,90.0,2,1.0
Student_1813,T4_Spring,Program_A,First_Year,3,76,2.57,0.32,0.92,0,0,12,2.0,0.924,0.134,83.0,7,0.0
Student_1814,T4_Spring,Program_A,Transfer,2,49,3.13,-0.16,0.948,0,1,15,4.2,0.947,0.29,94.2,1,0.0
Student_1815,T4_Spring,Program_C,First_Year,1,21,2.86,0.05,0.734,1,0,15,1.76,0.923,0.286,78.8,6,0.0
Student_1816,T4_Spring,Program_D,Transfer,1,13,2.4,-0.47,0.709,2,0,15,5.1,0.958,0.289,71.0,0,0.0
Student_1817,T4_Spring,Program_C,First_Year,1,8,2.67,0.2,0.786,1,0,9,4.36,0.908,0.206,86.2,3,1.0
Student_1818,T4_Spring,Program_D,First_Year,4,95,3.17,-0.06,0.906,1,1,15,3.56,0.901,0.11,76.5,3,1.0
Student_1819,T4_Spring,Program_A,Transfer,3,57,3.28,0.16,0.942,0,0,12,4.66,0.894,0.112,71.6,0,0.0
Student_1820,T4_Spring,Program_A,First_Year,1,27,2.12,0.22,0.872,0,0,18,4.39,1.0,0.044,75.9,5,0.0
Student_1822,T4_Spring,Program_A,Transfer,1,17,2.55,1.0,0.822,0,1,15,5.0,1.0,0.031,84.6,5,0.0
Student_1823,T4_Spring,Program_B,First_Year,4,81,3.3,0.14,0.941,0,0,15,1.98,0.982,0.096,75.3,4,0.0
Student_1824,T4_Spring,Program_C,First_Year,2,34,2.77,-0.03,0.918,0,1,15,4.25,0.934,0.066,91.4,3,0.0
Student_1825,T4_Spring,Program_C,First_Year,4,94,2.74,-0.91,0.746,1,0,15,2.23,0.549,0.29,73.5,7,0.0
Student_1826,T4_Spring,Program_D,First_Year,4,82,2.81,0.26,0.789,1,0,15,2.9,0.966,0.176,99.0,4,0.0
Student_1827,T4_Spring,Program_D,First_Year,2,42,3.26,0.14,0.926,0,0,15,5.37,1.0,0.0,85.4,2,0.0
Student_1830,T4_Spring,Program_A,First_Year,2,32,2.91,0.26,0.769,1,0,12,2.24,0.866,0.176,79.0,3,0.0
Student_1831,T4_Spring,Program_D,Transfer,1,10,2.67,0.01,0.853,0,0,15,3.76,0.813,0.193,78.6,1,0.0
Student_1832,T4_Spring,Program_A,Transfer,1,8,2.86,-0.07,0.823,0,1,12,1.89,0.797,0.296,72.8,4,0.0
Student_1833,T4_Spring,Program_B,First_Year,1,27,3.71,-0.26,1.0,0,0,18,2.99,0.713,0.274,87.9,3,0.0
Student_1834,T4_Spring,Program_C,Transfer,1,18,2.2,1.0,0.738,0,0,12,5.28,1.0,0.041,66.4,0,0.0
Student_1835,T4_Spring,Program_D,First_Year,2,38,2.43,-0.06,0.83,0,0,12,3.15,0.722,0.235,59.9,4,0.0
Student_1836,T4_Spring,Program_A,Transfer,3,59,3.29,-0.76,0.93,0,0,12,5.35,0.782,0.142,66.8,3,1.0
Student_1837,T4_Spring,Program_B,Transfer,3,80,1.8,0.12,0.91,0,2,15,2.74,0.85,0.285,64.2,4,1.0
Student_1838,T4_Spring,Program_A,Transfer,2,46,3.08,-0.21,0.938,0,0,18,4.37,0.833,0.249,78.4,1,0.0
Student_1839,T4_Spring,Program_C,First_Year,2,33,3.03,-0.02,0.972,0,1,15,3.71,0.839,0.327,89.6,5,0.0
Student_1840,T4_Spring,Program_D,First_Year,3,70,3.12,-0.02,1.0,0,1,12,5.14,0.836,0.109,99.9,1,1.0
Student_1841,T4_Spring,Program_A,Transfer,3,65,2.93,0.0,0.874,0,0,9,2.58,0.815,0.052,77.3,1,0.0
Student_1842,T4_Spring,Program_D,First_Year,2,35,3.59,-1.7,0.887,0,0,15,1.63,0.793,0.322,73.0,3,0.0
Student_1843,T4_Spring,Program_A,First_Year,2,29,3.35,0.09,0.898,0,1,15,5.57,1.0,0.135,88.0,1,0.0
Student_1847,T4_Spring,Program_C,First_Year,3,62,2.83,-0.1,0.721,1,0,12,2.65,0.716,0.196,80.1,6,0.0
Student_1848,T4_Spring,Program_A,First_Year,3,74,2.37,-0.46,0.789,0,0,15,1.89,0.978,0.217,84.2,6,0.0
Student_1849,T4_Spring,Program_A,First_Year,2,46,3.15,-0.6,0.753,0,0,15,2.5,0.739,0.239,72.7,6,1.0
Student_1850,T4_Spring,Program_B,First_Year,3,78,1.99,0.21,0.755,0,1,15,3.8,0.709,0.326,70.6,2,0.0
Student_1851,T4_Spring,Program_B,Transfer,4,88,3.17,0.26,0.768,2,0,15,5.76,0.986,0.148,83.3,2,0.0
Student_1852,T4_Spring,Program_D,Transfer,1,27,2.96,0.46,0.907,0,0,15,4.21,0.99,0.205,72.8,6,0.0
Student_1853,T4_Spring,Program_A,Transfer,3,63,3.36,-0.24,0.781,2,1,9,4.14,0.897,0.228,86.7,3,0.0
Student_1854,T4_Spring,Program_D,First_Year,4,103,2.99,-0.06,0.823,1,0,18,3.68,0.691,0.493,76.4,1,0.0
Student_1855,T4_Spring,Program_B,First_Year,4,99,2.43,-0.13,0.802,0,0,15,1.51,0.799,0.2,55.8,5,0.0
Student_1856,T4_Spring,Program_B,First_Year,1,16,2.68,0.06,0.877,1,0,15,4.07,1.0,0.105,76.6,5,0.0
Student_1858,T4_Spring,Program_D,First_Year,2,41,2.39,0.09,0.644,3,0,9,4.96,0.819,0.116,76.6,0,0.0
Student_1859,T4_Spring,Program_A,First_Year,1,6,2.57,0.34,0.787,0,0,15,4.97,1.0,0.045,85.9,0,0.0
Student_1860,T4_Spring,Program_A,Transfer,2,32,3.56,0.22,0.985,0,0,18,5.37,0.907,0.174,88.5,4,1.0
Student_1861,T4_Spring,Program_D,Transfer,3,69,2.58,0.41,0.915,0,0,15,1.69,1.0,0.234,62.6,4,0.0
Student_1862,T4_Spring,Program_A,First_Year,3,71,2.85,-0.29,0.923,0,0,15,2.56,0.858,0.201,65.0,2,0.0
Student_1863,T4_Spring,Program_C,Transfer,4,98,2.97,0.06,0.884,0,0,15,4.19,0.88,0.119,84.9,3,0.0
Student_1864,T4_Spring,Program_B,First_Year,1,9,2.7,0.23,0.957,0,1,15,3.8,0.912,0.276,83.4,4,1.0
Student_1865,T4_Spring,Program_C,First_Year,3,77,3.15,-0.07,0.987,0,0,15,3.46,0.894,0.163,75.4,2,0.0
Student_1866,T4_Spring,Program_B,Transfer,2,31,3.11,0.16,0.883,1,0,15,4.66,1.0,0.009,72.6,2,0.0
Student_1867,T4_Spring,Program_A,Transfer,2,45,2.64,-0.46,0.817,0,0,15,3.14,0.71,0.165,68.1,4,0.0
Student_1868,T4_Spring,Program_D,First_Year,3,68,3.21,-0.41,0.885,0,0,15,3.42,0.984,0.13,75.8,4,0.0
Student_1869,T4_Spring,Program_C,First_Year,1,1,2.3,0.24,0.631,1,1,12,2.89,0.739,0.302,65.2,3,1.0
Student_1870,T4_Spring,Program_D,Transfer,2,41,2.57,-0.34,0.87,0,0,12,3.98,0.825,0.284,66.9,3,0.0
Student_1872,T4_Spring,Program_A,Transfer,4,95,2.25,0.34,0.557,2,1,15,3.35,0.874,0.262,48.3,2,0.0
Student_1873,T4_Spring,Program_C,Transfer,2,53,3.1,-0.23,0.83,0,0,18,4.32,0.894,0.315,82.0,0,0.0
Student_1874,T4_Spring,Program_A,First_Year,1,17,2.96,0.33,0.843,0,1,15,4.57,0.821,0.308,73.1,0,0.0
Student_1876,T4_Spring,Program_C,First_Year,1,10,2.42,-0.14,0.877,0,1,18,4.86,1.0,0.06,81.2,0,0.0
Student_1877,T4_Spring,Program_B,First_Year,3,80,3.59,0.19,0.943,0,1,15,3.13,0.931,0.213,87.2,2,0.0
Student_1878,T4_Spring,Program_D,First_Year,2,32,2.75,0.74,0.86,0,0,15,5.01,1.0,0.116,90.3,0,0.0
Student_1879,T4_Spring,Program_D,Transfer,1,7,2.77,0.28,0.893,0,0,15,4.7,1.0,0.039,80.2,3,0.0
Student_1880,T4_Spring,Program_A,First_Year,4,99,2.93,-0.09,0.677,1,0,9,2.13,0.885,0.283,71.4,4,1.0
Student_1881,T4_Spring,Program_A,First_Year,4,99,2.94,0.33,0.754,1,0,15,3.1,0.751,0.162,85.2,3,0.0
Student_1882,T4_Spring,Program_A,First_Year,2,54,3.0,0.03,0.901,0,1,18,3.63,0.796,0.182,79.3,0,0.0
Student_1883,T4_Spring,Program_A,Transfer,3,54,1.87,-0.54,0.563,2,0,12,3.03,0.764,0.232,54.5,4,0.0
Student_1885,T4_Spring,Program_A,Transfer,2,36,3.01,0.03,1.0,0,0,12,3.36,0.88,0.072,89.9,0,0.0
Student_1886,T4_Spring,Program_D,First_Year,1,13,2.43,-0.11,0.858,0,0,12,3.81,0.837,0.176,81.0,1,0.0
Student_1887,T4_Spring,Program_D,Transfer,2,33,3.04,0.3,0.953,0,0,15,3.99,0.876,0.264,97.4,6,0.0
Student_1889,T4_Spring,Program_B,Transfer,3,74,2.55,0.02,0.835,0,0,9,4.58,0.849,0.195,76.5,4,0.0
Student_1890,T4_Spring,Program_C,First_Year,1,10,2.46,0.51,0.894,0,1,15,3.12,0.832,0.186,61.6,2,0.0
Student_1891,T4_Spring,Program_A,First_Year,2,47,2.75,0.07,0.519,3,0,15,3.32,0.935,0.12,76.5,1,1.0
Student_1892,T4_Spring,Program_A,Transfer,1,10,3.07,-0.17,1.0,0,0,18,3.52,0.784,0.321,92.2,5,1.0
Student_1893,T4_Spring,Program_A,First_Year,3,60,2.53,0.03,0.898,0,0,18,4.32,1.0,0.043,79.5,0,0.0
Student_1894,T4_Spring,Program_A,First_Year,2,54,2.04,0.06,0.79,1,0,9,4.99,1.0,0.081,88.1,0,1.0
Student_1895,T4_Spring,Program_B,Transfer,2,53,2.61,-0.09,0.883,0,0,15,2.73,0.915,0.208,74.1,4,0.0
Student_1896,T4_Spring,Program_D,First_Year,1,14,2.71,-0.61,0.672,1,0,15,3.35,0.824,0.301,75.5,2,0.0
Student_1897,T4_Spring,Program_D,Transfer,1,8,2.1,-0.28,0.521,3,1,12,3.44,0.728,0.366,75.7,2,0.0
Student_1898,T4_Spring,Program_A,Transfer,4,102,3.8,0.38,0.955,0,0,15,4.71,0.933,0.048,98.7,3,0.0
Student_1899,T4_Spring,Program_D,First_Year,3,60,2.19,-0.04,0.658,2,0,18,5.25,1.0,0.088,75.2,0,0.0
Student_1900,T4_Spring,Program_C,First_Year,3,54,2.05,-0.37,0.767,0,1,15,3.61,0.823,0.085,52.2,1,0.0
Student_1901,T4_Spring,Program_B,First_Year,1,18,3.08,-0.24,0.942,0,1,15,3.84,0.776,0.193,72.1,0,0.0
Student_1902,T4_Spring,Program_B,Transfer,2,50,2.28,-0.22,0.762,0,0,15,4.39,0.763,0.349,66.4,3,0.0
Student_1903,T4_Spring,Program_C,First_Year,1,14,3.41,0.05,0.959,0,0,12,3.08,0.715,0.129,94.0,2,0.0
Student_1904,T4_Spring,Program_A,Transfer,4,106,3.13,-0.7,0.772,1,0,12,5.29,0.912,0.159,86.9,4,1.0
Student_1905,T4_Spring,Program_D,First_Year,2,36,2.67,-0.1,0.851,1,0,15,1.69,1.0,0.123,87.5,3,0.0
Student_1906,T4_Spring,Program_C,Transfer,2,50,2.17,0.14,0.782,0,0,12,4.07,0.773,0.221,71.8,3,1.0
Student_1907,T4_Spring,Program_D,First_Year,1,8,2.16,0.27,0.77,0,0,12,4.1,0.836,0.053,50.0,7,0.0
Student_1908,T4_Spring,Program_A,Transfer,4,102,2.78,0.05,0.868,0,0,15,3.37,0.888,0.172,65.5,3,0.0
Student_1909,T4_Spring,Program_C,First_Year,3,75,2.01,-0.31,0.713,0,1,12,2.6,0.668,0.353,67.6,2,0.0
Student_1910,T4_Spring,Program_A,First_Year,3,64,3.44,-0.56,0.755,1,0,9,5.32,0.846,0.171,100.0,3,0.0
Student_1911,T4_Spring,Program_B,Transfer,2,35,2.79,-0.4,0.808,0,0,15,2.97,0.715,0.248,72.3,5,0.0
Student_1912,T4_Spring,Program_B,First_Year,1,19,2.13,-0.12,0.62,1,0,15,2.49,0.705,0.335,62.5,3,0.0
Student_1913,T4_Spring,Program_A,First_Year,3,78,1.93,0.21,0.829,0,0,15,3.33,0.888,0.234,69.7,3,0.0
Student_1914,T4_Spring,Program_C,First_Year,1,13,2.95,-0.28,0.907,0,0,15,2.18,0.791,0.324,77.1,2,1.0
Student_1916,T4_Spring,Program_C,Transfer,2,51,2.88,-0.01,0.832,1,1,18,5.15,0.915,0.22,67.1,3,0.0
Student_1918,T4_Spring,Program_A,First_Year,2,54,2.58,-0.05,0.991,0,1,15,5.2,0.891,0.057,95.3,2,1.0
Student_1919,T4_Spring,Program_A,First_Year,3,65,2.3,0.36,0.712,1,1,18,2.86,0.711,0.112,71.2,3,0.0
Student_1921,T4_Spring,Program_C,First_Year,2,38,2.57,0.39,0.787,1,1,12,3.66,0.815,0.292,69.0,3,0.0
Student_1922,T4_Spring,Program_D,Transfer,3,58,2.35,-0.25,0.905,0,0,15,1.86,0.904,0.242,53.9,3,0.0
Student_1923,T4_Spring,Program_D,Transfer,1,23,2.18,-0.2,0.945,0,0,12,3.36,0.976,0.172,73.0,4,0.0
Student_1924,T4_Spring,Program_A,First_Year,2,37,3.18,0.54,0.949,0,0,12,6.26,0.835,0.137,84.3,4,0.0
Student_1925,T4_Spring,Program_A,Transfer,4,81,2.5,-0.07,0.83,0,0,15,3.0,0.889,0.303,67.0,1,1.0
Student_1928,T4_Spring,Program_D,First_Year,1,27,2.54,0.16,1.0,0,1,15,6.27,0.924,0.092,69.2,0,0.0
Student_1929,T4_Spring,Program_C,First_Year,1,6,2.56,-0.04,0.635,1,1,12,4.39,0.795,0.239,65.0,4,0.0
Student_1930,T4_Spring,Program_B,First_Year,4,105,2.37,-0.06,0.882,0,0,9,3.86,0.995,0.207,76.6,2,0.0
Student_1932,T4_Spring,Program_D,Transfer,3,66,2.57,-0.67,0.948,0,0,12,3.39,0.85,0.234,64.0,1,1.0
Student_1936,T4_Spring,Program_C,First_Year,1,7,2.66,0.13,0.849,1,0,15,4.49,0.903,0.133,76.3,2,0.0
Student_1937,T4_Spring,Program_D,Transfer,4,94,2.33,0.31,0.8,0,0,15,4.79,0.884,0.188,60.0,0,0.0
Student_1938,T4_Spring,Program_D,Transfer,2,50,3.11,-0.22,0.94,0,0,15,4.95,0.934,0.287,69.7,2,0.0
Student_1939,T4_Spring,Program_D,First_Year,1,24,3.03,-0.69,0.77,0,0,12,4.67,0.802,0.324,84.6,5,0.0
Student_1940,T4_Spring,Program_D,First_Year,2,33,3.22,-0.07,0.9,0,0,18,3.01,0.798,0.317,82.3,2,0.0
Student_1941,T4_Spring,Program_B,Transfer,1,7,2.44,-0.12,0.783,0,1,15,3.57,0.873,0.213,53.2,0,0.0
Student_1942,T4_Spring,Program_A,Transfer,4,90,2.89,0.1,0.891,0,0,15,2.06,0.846,0.255,67.5,7,0.0
Student_1943,T4_Spring,Program_A,First_Year,2,29,2.43,-0.03,0.933,0,1,9,1.81,0.9,0.176,73.5,4,0.0
Student_1944,T4_Spring,Program_A,Transfer,2,34,2.19,-0.04,0.486,3,0,12,5.65,1.0,0.0,48.3,0,0.0
Student_1945,T4_Spring,Program_D,Transfer,2,36,3.46,0.1,1.0,0,0,15,4.85,0.924,0.011,78.2,4,0.0
Student_1946,T4_Spring,Program_C,First_Year,1,15,3.3,-0.54,0.709,1,0,18,3.67,0.831,0.187,65.4,1,0.0
Student_1947,T4_Spring,Program_B,First_Year,2,37,1.93,0.31,0.84,0,0,9,4.94,0.819,0.155,88.7,0,0.0
Student_1948,T4_Spring,Program_C,First_Year,4,106,2.55,1.0,0.805,0,0,9,5.1,0.915,0.08,78.4,0,0.0
Student_1950,T4_Spring,Program_B,First_Year,2,47,2.45,-1.24,0.784,0,0,15,3.78,0.763,0.346,63.2,5,1.0
Student_1951,T4_Spring,Program_A,First_Year,2,36,1.98,-0.41,0.635,1,0,15,1.98,0.705,0.268,74.1,8,0.0
Student_1952,T4_Spring,Program_D,First_Year,4,102,2.7,-0.2,0.879,1,0,12,3.73,0.86,0.28,97.2,0,0.0
Student_1953,T4_Spring,Program_B,First_Year,4,96,3.07,0.18,0.856,0,0,12,4.21,0.837,0.209,63.7,1,0.0
Student_1954,T4_Spring,Program_C,Transfer,4,107,2.55,-0.21,0.816,0,0,15,3.42,0.69,0.314,69.0,1,0.0
Student_1957,T4_Spring,Program_D,First_Year,3,68,2.95,0.12,0.962,0,0,15,4.16,0.893,0.138,95.4,0,0.0
Student_1958,T4_Spring,Program_D,Transfer,4,104,2.91,-0.28,0.935,0,0,9,3.57,0.868,0.25,76.6,3,0.0
Student_1959,T4_Spring,Program_D,First_Year,3,55,1.84,-0.12,0.842,0,0,15,4.27,0.998,0.227,56.2,4,0.0
Student_1960,T4_Spring,Program_D,First_Year,4,87,3.75,0.21,0.868,1,0,15,3.88,0.911,0.079,91.7,0,0.0
Student_1961,T4_Spring,Program_A,Transfer,3,61,2.94,-0.19,0.963,0,0,9,3.37,0.879,0.152,91.0,2,0.0
Student_1962,T4_Spring,Program_B,First_Year,3,75,2.55,-0.31,0.859,1,0,15,5.28,1.0,0.102,82.1,0,0.0
Student_1963,T4_Spring,Program_C,First_Year,3,55,3.15,0.14,0.94,0,0,9,5.55,0.938,0.174,97.9,0,0.0
Student_1964,T4_Spring,Program_C,Transfer,3,81,2.91,-0.24,0.811,1,1,9,2.63,0.896,0.224,79.1,4,0.0
Student_1965,T4_Spring,Program_A,Transfer,1,7,2.54,0.14,0.724,1,0,18,5.48,0.944,0.034,74.5,2,0.0
Student_1966,T4_Spring,Program_C,First_Year,2,37,2.92,-0.33,0.667,2,0,18,2.8,0.719,0.259,78.4,2,1.0
Student_1967,T4_Spring,Program_B,First_Year,4,95,2.1,0.06,0.584,2,0,15,2.04,0.778,0.386,85.3,6,1.0
Student_1968,T4_Spring,Program_C,Transfer,1,17,3.42,0.19,0.899,0,0,15,3.91,0.975,0.13,88.1,0,0.0
Student_1970,T4_Spring,Program_B,Transfer,4,89,2.47,-0.0,0.925,0,0,15,3.77,0.793,0.295,59.1,5,0.0
Student_1971,T4_Spring,Program_C,Transfer,2,45,2.49,-0.07,0.819,1,0,15,4.53,0.847,0.075,75.8,0,0.0
Student_1972,T4_Spring,Program_B,First_Year,2,29,2.17,-0.28,0.793,0,0,15,3.84,0.777,0.229,56.7,1,0.0
Student_1973,T4_Spring,Program_C,Transfer,2,30,2.84,0.13,0.955,0,0,18,6.59,1.0,0.089,79.8,0,0.0
Student_1974,T4_Spring,Program_C,First_Year,2,43,2.16,0.39,0.695,1,0,15,5.1,0.962,0.059,74.6,2,0.0
Student_1975,T4_Spring,Program_A,Transfer,2,43,3.46,-0.06,0.953,0,1,15,5.22,0.892,0.255,85.4,4,0.0
Student_1976,T4_Spring,Program_A,Transfer,4,91,3.15,-0.18,0.979,0,0,12,4.87,0.781,0.223,72.1,0,0.0
Student_1977,T4_Spring,Program_A,Transfer,1,18,3.4,0.1,1.0,0,0,12,5.21,0.989,0.081,80.3,0,0.0
Student_1978,T4_Spring,Program_D,Transfer,4,90,3.61,0.14,1.0,0,0,18,4.09,0.906,0.008,82.5,0,0.0
Student_1979,T4_Spring,Program_D,First_Year,4,83,3.29,-0.31,0.94,0,0,12,2.69,0.95,0.275,81.1,0,0.0
Student_1980,T4_Spring,Program_A,First_Year,4,103,3.23,-0.27,0.841,1,1,12,2.67,0.826,0.217,92.3,0,1.0
Student_1983,T4_Spring,Program_B,First_Year,2,47,3.29,0.19,0.886,1,1,18,4.14,0.877,0.241,86.1,4,1.0
Student_1984,T4_Spring,Program_B,Transfer,1,13,3.15,-0.06,0.928,0,0,15,2.99,0.85,0.215,70.0,5,0.0
Student_1985,T4_Spring,Program_C,First_Year,3,78,3.95,0.54,1.0,0,0,12,3.82,0.81,0.111,90.1,1,0.0
Student_1987,T4_Spring,Program_B,Transfer,3,63,3.51,0.39,0.993,0,0,15,4.86,1.0,0.045,100.0,0,0.0
Student_1988,T4_Spring,Program_A,Transfer,1,14,2.17,-0.01,0.717,2,1,18,2.57,0.673,0.419,80.5,2,0.0
Student_1989,T4_Spring,Program_A,First_Year,3,69,3.56,0.27,0.906,0,0,15,5.6,1.0,0.0,91.1,1,0.0
Student_1990,T4_Spring,Program_D,Transfer,4,93,3.66,0.12,1.0,0,0,12,3.52,0.874,0.151,82.4,0,1.0
Student_1991,T4_Spring,Program_D,First_Year,3,59,3.71,-0.23,0.966,0,0,18,3.74,0.993,0.166,85.8,0,0.0
Student_1992,T4_Spring,Program_B,First_Year,3,78,3.0,-0.28,1.0,0,0,12,4.34,0.86,0.079,94.2,0,0.0
Student_1993,T4_Spring,Program_B,First_Year,2,42,3.34,-0.18,0.96,0,1,12,4.8,0.956,0.211,95.0,0,0.0
Student_1995,T4_Spring,Program_B,Transfer,2,46,2.28,-0.5,0.831,0,0,12,2.51,0.824,0.175,73.4,2,0.0
Student_1996,T4_Spring,Program_A,First_Year,1,5,1.58,0.18,0.45,2,0,15,4.41,0.803,0.252,66.5,0,1.0
Student_1998,T4_Spring,Program_C,Transfer,2,44,3.28,-0.24,0.833,0,1,12,3.69,0.829,0.261,90.7,0,0.0
Student_2000,T4_Spring,Program_A,First_Year,4,81,3.79,-0.12,0.976,0,1,9,4.88,0.931,0.092,78.5,3,0.0
Student_2001,T4_Spring,Program_D,Transfer,1,24,2.4,-1.19,0.747,0,0,15,1.79,0.69,0.398,81.1,6,0.0
Student_2002,T4_Spring,Program_C,First_Year,1,0,2.96,0.3,0.966,0,0,18,6.28,0.857,0.134,84.0,1,1.0
Student_2003,T4_Spring,Program_D,First_Year,1,26,2.92,0.07,0.83,0,2,15,3.78,0.724,0.352,83.3,0,1.0
Student_2004,T4_Spring,Program_C,First_Year,1,16,3.56,-0.38,1.0,0,0,9,4.12,0.765,0.119,86.8,1,0.0
Student_2005,T4_Spring,Program_C,First_Year,4,81,2.4,0.01,0.88,0,0,12,4.4,1.0,0.049,81.2,7,0.0
Student_2006,T4_Spring,Program_C,Transfer,2,35,4.0,-0.28,0.912,0,0,18,2.97,0.833,0.278,72.4,5,0.0
Student_2007,T4_Spring,Program_B,Transfer,2,35,2.93,-0.5,0.786,2,0,18,3.61,0.94,0.332,87.5,4,0.0
Student_2011,T4_Spring,Program_B,First_Year,2,51,1.76,-0.12,0.543,2,1,15,3.94,0.756,0.237,56.5,2,1.0
Student_2013,T4_Spring,Program_D,First_Year,4,89,2.82,0.16,0.818,0,0,15,5.44,0.875,0.198,89.1,2,1.0
Student_2015,T4_Spring,Program_C,Transfer,4,87,2.84,-0.28,0.809,1,2,12,4.73,0.714,0.297,81.0,0,1.0
Student_2016,T4_Spring,Program_D,Transfer,1,16,2.12,-0.08,0.8,0,0,15,3.61,0.723,0.316,65.0,2,0.0
Student_2017,T4_Spring,Program_A,First_Year,1,22,2.24,-0.06,0.955,0,1,12,3.78,0.89,0.17,86.6,1,0.0
Student_2018,T4_Spring,Program_D,First_Year,3,69,2.18,-0.14,0.76,0,0,12,4.29,0.945,0.28,72.4,0,1.0
Student_2019,T4_Spring,Program_A,First_Year,2,41,2.01,0.11,0.763,0,0,18,3.9,0.633,0.334,66.6,3,0.0
Student_2020,T4_Spring,Program_A,First_Year,4,90,2.84,0.25,0.849,0,0,15,4.76,0.883,0.131,77.0,2,0.0
Student_2021,T4_Spring,Program_D,Transfer,2,45,2.91,0.52,0.933,0,0,15,3.95,1.0,0.019,82.1,0,0.0
Student_2022,T4_Spring,Program_B,Transfer,3,54,3.08,0.34,0.885,0,0,15,5.78,1.0,0.048,100.0,0,0.0
Student_2023,T4_Spring,Program_D,Transfer,4,97,3.1,-0.31,0.814,0,0,18,3.86,0.773,0.179,65.0,3,1.0
Student_2024,T4_Spring,Program_B,First_Year,1,19,3.08,0.37,0.927,0,0,18,4.52,0.943,0.0,82.8,5,0.0
Student_2025,T4_Spring,Program_C,First_Year,3,75,3.33,-0.07,0.956,0,1,12,3.62,1.0,0.098,96.7,3,0.0
Student_2026,T4_Spring,Program_A,First_Year,2,42,2.12,-0.25,0.548,3,0,18,3.89,0.8,0.184,62.0,0,0.0
Student_2027,T4_Spring,Program_A,First_Year,4,85,2.33,-0.1,0.978,0,0,12,2.99,0.765,0.234,81.6,5,0.0
Student_2028,T4_Spring,Program_C,Transfer,2,43,1.94,-0.14,0.894,0,0,15,4.59,1.0,0.172,61.9,0,0.0
Student_2029,T4_Spring,Program_C,Transfer,2,38,3.4,-0.25,0.999,0,0,12,4.24,0.739,0.294,100.0,0,0.0
Student_2031,T4_Spring,Program_D,First_Year,2,50,2.06,1.0,0.707,1,0,12,6.19,1.0,0.039,74.2,2,0.0
Student_2032,T4_Spring,Program_B,First_Year,4,106,2.59,-0.08,0.851,0,0,15,3.7,0.71,0.223,71.5,1,0.0
Student_2033,T4_Spring,Program_C,Transfer,3,79,2.84,0.32,0.72,1,0,15,4.71,1.0,0.0,85.4,2,1.0
Student_2034,T4_Spring,Program_A,First_Year,3,72,3.36,-0.1,0.856,1,1,15,2.95,0.913,0.162,82.3,6,0.0
Student_2037,T4_Spring,Program_D,First_Year,1,18,2.73,-0.11,0.838,0,0,12,4.02,0.907,0.12,67.5,1,0.0
Student_2038,T4_Spring,Program_B,First_Year,4,85,2.1,-0.04,0.863,0,0,15,3.91,0.916,0.235,72.2,3,1.0
Student_2039,T4_Spring,Program_A,First_Year,1,6,2.82,0.18,0.696,2,1,9,5.62,0.978,0.015,66.6,2,0.0
Student_2041,T4_Spring,Program_B,First_Year,1,15,3.4,0.23,0.862,0,0,15,5.27,0.992,0.052,90.9,0,0.0
Student_2042,T4_Spring,Program_B,First_Year,2,28,2.37,0.61,0.79,1,1,12,3.01,0.641,0.253,83.5,2,0.0
Student_2043,T4_Spring,Program_C,First_Year,4,104,1.95,-0.04,0.653,2,0,12,1.99,0.714,0.332,59.1,2,0.0
Student_2044,T4_Spring,Program_A,Transfer,2,28,1.75,-0.41,0.736,1,0,15,4.69,0.855,0.312,65.7,3,1.0
Student_2045,T4_Spring,Program_D,Transfer,1,23,2.6,-0.25,0.829,1,1,15,2.25,0.892,0.24,66.9,0,1.0
Student_2046,T4_Spring,Program_C,Transfer,1,6,2.78,0.38,0.943,0,3,18,4.43,1.0,0.082,79.3,0,0.0
Student_2047,T4_Spring,Program_A,First_Year,3,54,2.57,0.2,0.839,0,0,12,4.87,0.976,0.154,81.0,4,0.0
Student_2048,T4_Spring,Program_C,First_Year,2,31,2.61,-0.25,0.903,0,0,9,3.49,0.88,0.036,84.0,6,0.0
Student_2050,T4_Spring,Program_A,First_Year,3,60,2.1,-0.0,0.826,1,0,15,1.78,0.905,0.368,75.3,2,0.0
Student_2051,T4_Spring,Program_A,Transfer,2,35,1.96,-0.35,0.777,0,0,18,3.21,0.815,0.197,79.3,0,0.0
Student_2052,T4_Spring,Program_C,Transfer,2,46,3.15,0.34,0.893,0,0,9,5.59,1.0,0.0,100.0,0,0.0
Student_2053,T4_Spring,Program_C,First_Year,4,108,2.43,0.37,0.824,1,0,15,5.57,0.939,0.003,71.7,0,0.0
Student_2054,T4_Spring,Program_B,First_Year,3,59,1.94,0.04,0.813,0,1,15,3.6,0.71,0.261,71.4,1,0.0
Student_2055,T4_Spring,Program_A,First_Year,1,18,3.07,-0.31,0.963,0,0,12,2.13,0.811,0.212,92.7,4,0.0
Student_2056,T4_Spring,Program_C,First_Year,3,64,2.62,-0.1,0.781,1,0,15,4.18,0.818,0.073,73.5,3,0.0
Student_2058,T4_Spring,Program_C,First_Year,3,55,2.08,-0.22,0.879,0,0,12,3.22,0.812,0.149,59.2,0,0.0
Student_2059,T4_Spring,Program_B,First_Year,1,3,3.1,-0.08,0.851,0,0,15,5.15,0.836,0.205,90.1,0,0.0
Student_2060,T4_Spring,Program_C,First_Year,1,12,3.37,0.46,0.887,0,0,12,6.05,1.0,0.0,94.0,1,0.0
Student_2061,T4_Spring,Program_D,Transfer,3,78,2.99,0.29,0.915,0,1,12,3.14,0.916,0.167,100.0,0,0.0
Student_2062,T4_Spring,Program_C,First_Year,4,96,3.21,0.09,0.877,0,1,12,2.55,0.936,0.167,71.5,7,1.0
Student_2063,T4_Spring,Program_D,Transfer,2,38,2.34,-0.41,0.706,0,1,12,3.79,0.715,0.212,71.1,0,1.0
Student_2064,T4_Spring,Program_B,First_Year,4,100,2.27,0.11,0.925,0,0,15,3.04,1.0,0.073,73.6,0,0.0
Student_2065,T4_Spring,Program_A,First_Year,3,72,3.01,0.24,0.661,2,0,15,4.59,0.953,0.11,84.5,4,0.0
Student_2066,T4_Spring,Program_A,First_Year,3,74,2.18,-0.07,0.812,0,1,9,3.6,0.73,0.159,72.3,4,1.0
Student_2067,T4_Spring,Program_A,First_Year,2,48,2.37,0.27,0.921,0,0,15,5.61,1.0,0.052,100.0,0,0.0
Student_2068,T4_Spring,Program_D,First_Year,3,64,2.92,0.11,0.757,2,0,15,3.98,0.995,0.042,84.5,0,0.0
Student_2069,T4_Spring,Program_D,First_Year,3,78,1.88,0.46,0.714,0,0,15,4.46,0.901,0.208,77.3,4,0.0
Student_2071,T4_Spring,Program_C,First_Year,2,49,2.86,-0.37,1.0,0,1,15,4.03,0.936,0.04,92.5,3,0.0
Student_2072,T4_Spring,Program_A,Transfer,1,5,2.15,-0.41,0.815,0,0,12,4.23,0.74,0.297,67.9,4,0.0
Student_2073,T4_Spring,Program_B,First_Year,3,70,3.01,-1.7,0.749,2,1,18,3.86,0.675,0.385,70.7,1,0.0
Student_2074,T4_Spring,Program_B,First_Year,3,79,3.43,-0.4,0.798,0,0,12,2.65,0.801,0.217,85.7,2,0.0
Student_2075,T4_Spring,Program_B,First_Year,4,108,1.54,-0.22,0.773,0,1,15,3.18,0.94,0.087,47.8,4,0.0
Student_2076,T4_Spring,Program_A,First_Year,3,75,3.28,0.16,0.868,0,1,15,4.27,0.942,0.226,95.3,0,0.0
Student_2077,T4_Spring,Program_B,First_Year,2,30,2.98,-0.13,0.89,0,1,15,3.09,0.875,0.168,80.9,4,0.0
Student_2078,T4_Spring,Program_B,First_Year,2,48,1.77,0.23,0.98,0,0,12,3.63,1.0,0.097,75.3,1,0.0
Student_2080,T4_Spring,Program_C,First_Year,2,36,2.09,-0.24,0.457,3,1,12,3.86,0.99,0.035,53.3,3,1.0
Student_2081,T4_Spring,Program_D,First_Year,4,96,3.46,-0.23,0.97,0,0,9,6.28,0.943,0.054,78.6,0,0.0
Student_2082,T4_Spring,Program_C,First_Year,1,24,3.12,-0.34,0.866,0,0,15,3.86,0.885,0.22,72.8,4,1.0
Student_2083,T4_Spring,Program_A,Transfer,4,94,2.71,-0.18,0.662,1,0,12,4.13,0.881,0.062,78.2,4,0.0
Student_2086,T4_Spring,Program_A,First_Year,3,74,2.48,0.23,0.825,1,0,15,3.45,0.823,0.246,72.9,2,0.0
Student_2089,T4_Spring,Program_A,First_Year,1,1,2.31,-0.06,0.832,0,1,12,3.61,0.842,0.226,75.2,6,0.0
Student_2092,T4_Spring,Program_A,Transfer,2,49,3.11,0.34,0.918,0,0,12,5.69,0.89,0.162,81.9,0,1.0
Student_2095,T4_Spring,Program_C,Transfer,4,100,2.87,-0.06,0.908,0,0,18,5.1,0.932,0.112,77.5,0,0.0
Student_2096,T4_Spring,Program_B,First_Year,1,27,2.66,0.08,0.889,0,0,18,3.69,0.806,0.13,75.7,1,0.0
Student_2097,T4_Spring,Program_B,First_Year,3,72,2.28,-0.29,0.831,0,1,15,3.45,0.7,0.33,69.4,7,0.0
Student_2098,T4_Spring,Program_B,Transfer,4,102,2.99,-0.24,1.0,0,1,15,1.9,0.866,0.224,73.0,4,0.0
Student_2099,T4_Spring,Program_B,Transfer,1,7,2.73,-0.64,0.825,0,1,12,4.19,0.939,0.106,71.6,2,0.0
Student_2100,T4_Spring,Program_A,First_Year,3,77,3.3,0.38,1.0,0,0,15,3.16,0.914,0.18,95.4,1,0.0
Student_2105,T4_Spring,Program_B,First_Year,3,56,2.65,0.82,0.815,0,1,12,3.01,0.961,0.085,73.8,2,1.0
Student_2106,T4_Spring,Program_A,First_Year,3,68,2.91,-0.33,0.873,0,0,9,4.16,0.82,0.27,83.3,4,0.0
Student_2107,T4_Spring,Program_C,First_Year,2,27,3.11,0.4,0.969,0,0,12,2.6,0.803,0.259,71.8,0,0.0
Student_2108,T4_Spring,Program_C,First_Year,3,69,2.02,0.45,0.659,1,0,12,3.12,0.883,0.195,72.4,2,0.0
Student_2109,T4_Spring,Program_B,First_Year,2,27,3.03,0.03,0.85,0,0,15,2.42,0.773,0.306,88.1,0,0.0
Student_2110,T4_Spring,Program_A,Transfer,3,60,3.08,-0.09,0.864,0,0,12,3.12,0.931,0.162,80.7,0,0.0
Student_2112,T4_Spring,Program_B,First_Year,4,91,2.89,0.18,0.764,1,0,9,4.37,0.996,0.064,77.5,0,0.0
Student_2115,T4_Spring,Program_A,First_Year,3,60,2.49,0.58,0.964,0,0,12,5.2,1.0,0.005,58.5,4,0.0
Student_2117,T4_Spring,Program_C,Transfer,3,79,3.29,0.13,0.975,0,0,15,7.0,1.0,0.081,89.1,1,1.0
Student_2118,T4_Spring,Program_A,First_Year,1,5,2.44,0.49,0.837,0,2,15,5.54,1.0,0.128,77.8,0,0.0
Student_2120,T4_Spring,Program_B,First_Year,4,104,2.29,-0.07,0.882,0,0,12,4.54,0.805,0.125,78.1,3,0.0
Student_2121,T4_Spring,Program_D,Transfer,2,36,2.47,-0.16,0.969,0,0,18,4.54,0.871,0.091,71.6,1,0.0
Student_2122,T4_Spring,Program_B,Transfer,4,93,2.36,0.23,0.82,1,1,15,3.82,0.891,0.255,81.9,1,1.0
Student_2124,T4_Spring,Program_C,Transfer,4,93,2.18,-0.38,0.719,0,1,15,5.11,0.895,0.199,57.6,0,0.0
Student_2125,T4_Spring,Program_B,First_Year,3,69,2.63,1.0,0.747,0,0,18,3.12,0.986,0.135,74.3,0,0.0
Student_2126,T4_Spring,Program_B,First_Year,1,14,2.43,-0.68,0.727,0,1,15,1.99,0.777,0.31,63.9,6,0.0
Student_2127,T4_Spring,Program_C,Transfer,1,3,1.87,0.37,0.61,1,0,12,3.06,0.896,0.232,52.4,3,0.0
Student_2129,T4_Spring,Program_C,Transfer,1,7,3.41,0.06,0.851,0,0,12,2.28,1.0,0.164,88.2,8,0.0
Student_2130,T4_Spring,Program_A,First_Year,4,92,3.26,-1.04,0.871,0,0,15,4.77,0.861,0.122,74.4,3,0.0
Student_2131,T4_Spring,Program_A,First_Year,1,7,2.14,0.4,0.624,2,0,15,5.0,1.0,0.071,68.0,0,0.0
Student_2132,T4_Spring,Program_C,Transfer,4,99,2.59,-0.18,0.817,1,0,18,4.66,0.809,0.205,84.8,1,0.0
Student_2133,T4_Spring,Program_D,Transfer,2,30,2.61,0.08,0.982,0,0,18,4.51,0.927,0.25,93.3,0,0.0
Student_2134,T4_Spring,Program_B,First_Year,1,26,2.03,0.24,0.665,1,0,12,5.42,0.874,0.295,83.6,3,0.0
Student_2136,T4_Spring,Program_D,Transfer,4,106,2.55,-0.0,0.734,0,0,12,2.8,0.788,0.28,60.5,2,0.0
Student_2137,T4_Spring,Program_D,First_Year,1,4,2.42,-0.22,0.766,1,1,9,3.73,0.802,0.201,64.7,5,1.0
Student_2138,T4_Spring,Program_A,First_Year,3,58,2.7,-0.21,0.805,1,0,15,3.25,0.834,0.268,95.0,4,1.0
Student_2139,T4_Spring,Program_C,First_Year,3,58,4.0,0.05,0.988,0,0,15,2.94,1.0,0.087,85.8,2,1.0
Student_2140,T4_Spring,Program_C,Transfer,1,2,1.74,-0.14,0.569,2,0,18,4.29,0.911,0.29,72.8,0,0.0
Student_2142,T4_Spring,Program_C,Transfer,4,96,3.05,0.26,0.921,0,0,9,3.72,0.99,0.116,81.0,2,0.0
Student_2143,T4_Spring,Program_D,First_Year,2,43,2.58,0.34,0.741,2,0,18,5.56,0.96,0.102,79.7,2,1.0
Student_2144,T4_Spring,Program_D,First_Year,1,27,2.68,-0.21,0.94,0,0,15,2.75,0.863,0.197,83.1,2,0.0
Student_2145,T4_Spring,Program_B,First_Year,3,77,2.05,-0.05,0.795,1,0,15,3.94,0.801,0.212,85.5,7,0.0
Student_2146,T4_Spring,Program_C,Transfer,3,73,2.3,0.16,0.728,2,0,15,4.16,0.882,0.184,78.4,1,0.0
Student_2147,T4_Spring,Program_D,First_Year,3,59,2.73,0.06,0.884,0,0,15,4.65,0.905,0.109,62.5,4,0.0
Student_2148,T4_Spring,Program_A,First_Year,2,34,2.26,-0.0,0.538,2,0,9,2.9,0.832,0.35,74.7,6,0.0
Student_2149,T4_Spring,Program_A,First_Year,4,97,2.22,-0.32,0.9,1,0,18,2.7,0.839,0.206,82.7,2,0.0
Student_2150,T4_Spring,Program_B,Transfer,1,16,2.74,-0.59,0.624,2,0,15,4.93,1.0,0.193,63.6,5,0.0
Student_2151,T4_Spring,Program_A,First_Year,1,26,2.16,-0.02,0.885,0,0,15,3.8,0.932,0.215,40.5,0,1.0
Student_2152,T4_Spring,Program_A,Transfer,4,108,2.45,-0.23,0.913,0,0,15,3.5,0.971,0.26,77.0,3,0.0
Student_2153,T4_Spring,Program_B,First_Year,1,20,2.48,1.0,0.74,2,0,15,3.64,0.992,0.233,87.6,5,0.0
Student_2154,T4_Spring,Program_A,First_Year,3,59,2.66,0.74,0.849,0,0,15,5.13,1.0,0.158,57.7,0,0.0
Student_2155,T4_Spring,Program_A,First_Year,2,42,2.68,-0.02,0.719,0,0,12,4.85,0.888,0.119,76.0,0,1.0
Student_2156,T4_Spring,Program_A,Transfer,1,24,2.93,-0.22,0.882,0,1,15,4.67,0.924,0.091,72.1,4,1.0
Student_2157,T4_Spring,Program_D,Transfer,2,51,2.6,-0.09,0.794,0,1,9,3.04,0.886,0.152,67.6,3,0.0
Student_2158,T4_Spring,Program_B,First_Year,2,40,1.42,-0.56,0.467,2,1,15,3.85,0.749,0.405,63.0,0,1.0
Student_2159,T4_Spring,Program_B,Transfer,2,50,3.3,0.31,0.798,0,0,15,4.78,0.864,0.165,67.4,3,0.0
Student_2160,T4_Spring,Program_B,First_Year,3,77,2.79,0.55,1.0,0,0,15,4.53,1.0,0.023,96.3,1,0.0
Student_2161,T4_Spring,Program_A,First_Year,4,88,2.29,0.61,0.613,1,0,15,3.88,1.0,0.114,78.2,3,0.0
Student_2162,T4_Spring,Program_A,First_Year,2,37,2.96,0.08,0.894,0,3,15,1.9,0.857,0.346,95.2,8,0.0
Student_2163,T4_Spring,Program_A,First_Year,1,12,2.89,0.05,0.77,1,0,15,2.54,0.721,0.236,82.6,4,0.0
Student_2164,T4_Spring,Program_A,First_Year,3,60,3.33,-0.03,1.0,0,0,18,4.08,0.998,0.212,86.5,2,0.0
Student_2166,T4_Spring,Program_A,Transfer,3,77,1.64,-0.82,0.707,0,1,15,2.71,0.601,0.221,44.3,3,1.0
Student_2167,T4_Spring,Program_C,First_Year,2,45,2.01,0.09,0.865,0,0,15,4.21,0.968,0.226,76.1,0,0.0
Student_2168,T4_Spring,Program_D,First_Year,3,64,3.17,-0.38,0.814,0,0,15,3.13,0.682,0.155,65.1,6,1.0
Student_2169,T4_Spring,Program_C,First_Year,4,103,2.46,-0.18,0.81,0,0,15,3.91,0.717,0.27,72.0,6,0.0
Student_2170,T4_Spring,Program_A,First_Year,2,28,3.65,0.38,1.0,0,0,18,4.53,0.863,0.167,93.8,0,0.0
Student_2171,T4_Spring,Program_B,First_Year,2,52,2.77,-0.13,0.621,2,0,15,4.5,0.747,0.249,69.4,0,1.0
Student_2172,T4_Spring,Program_A,First_Year,2,32,2.61,-0.3,0.906,0,0,18,4.62,0.832,0.223,67.8,3,1.0
Student_2173,T4_Spring,Program_D,First_Year,4,91,2.67,-0.03,0.908,0,0,12,3.93,0.944,0.115,86.7,0,0.0
Student_2174,T4_Spring,Program_A,First_Year,4,106,2.72,0.18,0.904,0,1,15,4.19,0.985,0.291,85.3,4,0.0
Student_2175,T4_Spring,Program_C,First_Year,1,23,2.03,-0.77,0.613,1,1,9,1.5,0.794,0.241,70.7,9,1.0
Student_2176,T4_Spring,Program_C,Transfer,2,47,2.07,-0.41,0.715,1,0,12,0.63,0.7,0.417,61.5,6,1.0
Student_2177,T4_Spring,Program_C,Transfer,3,67,2.84,0.09,0.806,1,0,12,3.88,0.973,0.229,75.4,3,0.0
Student_2178,T4_Spring,Program_D,First_Year,1,15,2.6,0.51,0.781,1,1,9,6.16,0.955,0.266,91.4,4,0.0
Student_2179,T4_Spring,Program_A,First_Year,4,85,3.06,-0.87,0.793,1,1,12,4.22,0.919,0.143,73.2,4,1.0
Student_2180,T4_Spring,Program_C,First_Year,1,21,2.62,0.14,0.744,1,0,15,1.58,0.815,0.114,69.5,3,0.0
Student_2181,T4_Spring,Program_B,First_Year,1,1,2.88,-0.07,0.877,0,1,15,4.6,0.82,0.096,75.8,1,0.0
Student_2183,T4_Spring,Program_C,First_Year,3,74,2.49,-0.16,0.912,0,0,18,4.57,1.0,0.136,87.9,4,0.0
Student_2184,T4_Spring,Program_B,First_Year,2,52,2.81,-0.73,0.834,1,0,18,5.94,0.966,0.084,74.1,0,0.0
Student_2185,T4_Spring,Program_B,First_Year,1,2,2.5,0.16,0.812,0,0,18,3.93,0.809,0.123,72.2,5,0.0
Student_2186,T4_Spring,Program_D,First_Year,1,3,2.66,0.14,0.889,0,0,15,6.3,0.974,0.103,75.5,0,0.0
Student_2188,T4_Spring,Program_A,First_Year,3,73,2.91,-0.09,0.903,0,0,12,2.46,0.68,0.188,81.7,0,0.0
Student_2189,T4_Spring,Program_B,First_Year,1,16,2.59,0.2,0.811,0,0,18,6.24,0.986,0.064,78.5,0,0.0
Student_2190,T4_Spring,Program_D,Transfer,1,3,2.21,-0.02,0.84,0,0,18,2.08,0.835,0.161,67.7,4,0.0
Student_2191,T4_Spring,Program_D,Transfer,1,20,3.11,0.1,0.721,1,1,12,2.37,0.881,0.127,70.3,2,0.0
Student_2193,T4_Spring,Program_A,First_Year,3,63,2.99,-0.4,0.789,1,0,18,5.31,0.751,0.133,81.3,2,1.0
Student_2194,T4_Spring,Program_A,First_Year,3,57,2.85,0.2,0.84,0,1,12,2.78,0.949,0.246,71.1,3,0.0
Student_2200,T4_Spring,Program_A,First_Year,4,82,2.91,-0.01,0.753,2,0,15,3.56,0.91,0.142,78.0,2,0.0
