Student_ID,Term_ID,Course_ID,Credits,Final_Grade,Passed,Withdrawn
Student_0001,T1_Fall,Program_C_C01,3,W,0,1
Student_0001,T2_Spring,Program_C_C01,3,C,1,0
Student_0001,T1_Fall,Program_C_C02,3,C,1,0
Student_0001,T1_Fall,Program_C_C03,3,F,0,0
Student_0001,T2_Spring,Program_C_C03,3,F,0,0
Student_0001,T1_Fall,Program_C_C04,4,C,1,0
Student_0002,T1_Fall,Program_B_C01,3,W,0,1
Student_0002,T2_Spring,Program_B_C01,3,F,0,0
Student_0002,T1_Fall,Program_B_C02,3,F,0,0
Student_0002,T2_Spring,Program_B_C02,3,F,0,0
Student_0003,T1_Fall,Program_B_C01,3,C,1,0
Student_0003,T1_Fall,Program_B_C02,3,F,0,0
Student_0003,T1_Fall,Program_B_C03,3,D,1,0
Student_0003,T1_Fall,Program_B_C06,3,F,0,0
Student_0003,T2_Spring,Program_B_C06,3,C,1,0
Student_0003,T2_Spring,Program_B_C07,3,B,1,0
Student_0003,T2_Spring,Program_B_C10,3,C,1,0
Student_0003,T2_Spring,Program_B_C11,3,F,0,0
Student_0003,T2_Spring,Program_B_C14,3,F,0,0
Student_0003,T3_Fall,Program_B_C14,3,C,1,0
Student_0004,T1_Fall,Program_C_C01,3,F,0,0
Student_0004,T1_Fall,Program_C_C02,3,B,1,0
Student_0004,T1_Fall,Program_C_C04,4,C,1,0
Student_0004,T1_Fall,Program_C_C05,3,C,1,0
Student_0004,T2_Spring,Program_C_C08,4,B,1,0
Student_0004,T2_Spring,Program_C_C09,3,C,1,0
Student_0004,T2_Spring,Program_C_C12,4,B,1,0
Student_0004,T2_Spring,Program_C_C13,3,W,0,1
Student_0004,T3_Fall,Program_C_C13,3,C,1,0
Student_0004,T3_Fall,Program_C_C16,3,C,1,0
Student_0005,T1_Fall,Program_C_C01,3,B,1,0
Student_0005,T1_Fall,Program_C_C02,3,F,0,0
Student_0005,T2_Spring,Program_C_C02,3,C,1,0
Student_0005,T1_Fall,Program_C_C03,3,B,1,0
Student_0005,T1_Fall,Program_C_C04,4,C,1,0
Student_0006,T1_Fall,Program_B_C01,3,F,0,0
Student_0006,T1_Fall,Program_B_C02,3,C,1,0
Student_0006,T1_Fall,Program_B_C04,4,F,0,0
Student_0006,T2_Spring,Program_B_C04,4,C,1,0
Student_0006,T1_Fall,Program_B_C05,3,C,1,0
Student_0006,T2_Spring,Program_B_C08,4,F,0,0
Student_0006,T3_Fall,Program_B_C08,4,C,1,0
Student_0006,T2_Spring,Program_B_C09,3,B,1,0
Student_0006,T2_Spring,Program_B_C12,4,C,1,0
Student_0006,T2_Spring,Program_B_C13,3,C,1,0
Student_0006,T3_Fall,Program_B_C16,3,C,1,0
Student_0007,T1_Fall,Program_D_C01,3,C,1,0
Student_0007,T1_Fall,Program_D_C02,3,C,1,0
Student_0007,T1_Fall,Program_D_C03,3,B,1,0
Student_0007,T1_Fall,Program_D_C04,4,C,1,0
Student_0007,T2_Spring,Program_D_C05,3,C,1,0
Student_0008,T1_Fall,Program_D_C01,3,B,1,0
Student_0008,T1_Fall,Program_D_C02,3,B,1,0
Student_0008,T1_Fall,Program_D_C03,3,B,1,0
Student_0009,T1_Fall,Program_B_C01,3,B,1,0
Student_0009,T1_Fall,Program_B_C02,3,B,1,0
Student_0009,T1_Fall,Program_B_C03,3,B,1,0
Student_0009,T1_Fall,Program_B_C04,4,B,1,0
Student_0009,T2_Spring,Program_B_C05,3,B,1,0
Student_0010,T1_Fall,Program_D_C01,3,C,1,0
Student_0010,T1_Fall,Program_D_C02,3,W,0,1
Student_0010,T2_Spring,Program_D_C02,3,C,1,0
Student_0010,T1_Fall,Program_D_C03,3,C,1,0
Student_0010,T1_Fall,Program_D_C04,4,F,0,0
Student_0010,T2_Spring,Program_D_C04,4,C,1,0
Student_0010,T2_Spring,Program_D_C05,3,C,1,0
Student_0011,T1_Fall,Program_A_C01,3,A,1,0
Student_0011,T1_Fall,Program_A_C02,3,A,1,0
Student_0011,T1_Fall,Program_A_C03,3,B,1,0
Student_0011,T1_Fall,Program_A_C04,4,B,1,0
Student_0012,T1_Fall,Program_D_C01,3,C,1,0
Student_0012,T1_Fall,Program_D_C02,3,B,1,0
Student_0012,T1_Fall,Program_D_C03,3,C,1,0
Student_0012,T1_Fall,Program_D_C04,4,B,1,0
Student_0012,T2_Spring,Program_D_C05,3,C,1,0
Student_0012,T2_Spring,Program_D_C06,3,B,1,0
Student_0012,T2_Spring,Program_D_C07,3,C,1,0
Student_0013,T1_Fall,Program_B_C01,3,B,1,0
Student_0013,T1_Fall,Program_B_C02,3,D,1,0
Student_0013,T1_Fall,Program_B_C03,3,C,1,0
Student_0013,T1_Fall,Program_B_C04,4,F,0,0
Student_0013,T2_Spring,Program_B_C04,4,C,1,0
Student_0013,T2_Spring,Program_B_C05,3,C,1,0
Student_0013,T2_Spring,Program_B_C06,3,W,0,1
Student_0013,T3_Fall,Program_B_C06,3,C,1,0
Student_0013,T2_Spring,Program_B_C07,3,C,1,0
Student_0013,T2_Spring,Program_B_C08,4,C,1,0
Student_0013,T3_Fall,Program_B_C09,3,C,1,0
Student_0014,T1_Fall,Program_D_C01,3,W,0,1
Student_0014,T2_Spring,Program_D_C01,3,C,1,0
Student_0014,T1_Fall,Program_D_C02,3,F,0,0
Student_0014,T1_Fall,Program_D_C03,3,B,1,0
Student_0014,T1_Fall,Program_D_C06,3,C,1,0
Student_0015,T1_Fall,Program_A_C01,3,B,1,0
Student_0015,T1_Fall,Program_A_C02,3,B,1,0
Student_0015,T1_Fall,Program_A_C03,3,F,0,0
Student_0015,T2_Spring,Program_A_C03,3,F,0,0
Student_0015,T1_Fall,Program_A_C04,4,F,0,0
Student_0015,T2_Spring,Program_A_C05,3,W,0,1
Student_0016,T1_Fall,Program_B_C01,3,B,1,0
Student_0016,T1_Fall,Program_B_C02,3,F,0,0
Student_0016,T2_Spring,Program_B_C02,3,C,1,0
Student_0016,T1_Fall,Program_B_C03,3,B,1,0
Student_0016,T1_Fall,Program_B_C04,4,B,1,0
Student_0016,T2_Spring,Program_B_C05,3,B,1,0
Student_0016,T2_Spring,Program_B_C06,3,B,1,0
Student_0016,T2_Spring,Program_B_C07,3,F,0,0
Student_0016,T3_Fall,Program_B_C07,3,C,1,0
Student_0016,T2_Spring,Program_B_C08,4,B,1,0
Student_0017,T1_Fall,Program_D_C01,3,B,1,0
Student_0017,T1_Fall,Program_D_C02,3,C,1,0
Student_0017,T1_Fall,Program_D_C03,3,B,1,0
Student_0017,T1_Fall,Program_D_C04,4,C,1,0
Student_0017,T2_Spring,Program_D_C05,3,B,1,0
Student_0017,T2_Spring,Program_D_C06,3,C,1,0
Student_0018,T1_Fall,Program_B_C01,3,W,0,1
Student_0018,T2_Spring,Program_B_C01,3,F,0,0
Student_0018,T1_Fall,Program_B_C02,3,F,0,0
Student_0019,T1_Fall,Program_D_C01,3,W,0,1
Student_0019,T2_Spring,Program_D_C01,3,F,0,0
Student_0019,T1_Fall,Program_D_C02,3,F,0,0
Student_0020,T1_Fall,Program_B_C01,3,B,1,0
Student_0021,T1_Fall,Program_B_C01,3,C,1,0
Student_0021,T1_Fall,Program_B_C02,3,B,1,0
Student_0021,T1_Fall,Program_B_C03,3,C,1,0
Student_0021,T1_Fall,Program_B_C04,4,W,0,1
Student_0021,T2_Spring,Program_B_C04,4,C,1,0
Student_0021,T2_Spring,Program_B_C05,3,F,0,0
Student_0021,T3_Fall,Program_B_C05,3,F,0,0
Student_0021,T2_Spring,Program_B_C06,3,C,1,0
Student_0021,T2_Spring,Program_B_C07,3,B,1,0
Student_0021,T2_Spring,Program_B_C08,4,C,1,0
Student_0021,T3_Fall,Program_B_C10,3,D,1,0
Student_0021,T3_Fall,Program_B_C11,3,C,1,0
Student_0022,T1_Fall,Program_D_C01,3,B,1,0
Student_0022,T1_Fall,Program_D_C02,3,B,1,0
Student_0022,T1_Fall,Program_D_C03,3,A,1,0
Student_0022,T1_Fall,Program_D_C04,4,B,1,0
Student_0022,T2_Spring,Program_D_C05,3,A,1,0
Student_0022,T2_Spring,Program_D_C06,3,B,1,0
Student_0022,T2_Spring,Program_D_C07,3,B,1,0
Student_0022,T2_Spring,Program_D_C08,4,B,1,0
Student_0022,T3_Fall,Program_D_C09,3,A,1,0
Student_0022,T3_Fall,Program_D_C10,3,B,1,0
Student_0023,T1_Fall,Program_C_C01,3,C,1,0
Student_0023,T1_Fall,Program_C_C02,3,C,1,0
Student_0023,T1_Fall,Program_C_C03,3,W,0,1
Student_0023,T1_Fall,Program_C_C04,4,F,0,0
Student_0023,T2_Spring,Program_C_C05,3,F,0,0
Student_0024,T1_Fall,Program_D_C01,3,F,0,0
Student_0024,T1_Fall,Program_D_C02,3,C,1,0
Student_0024,T1_Fall,Program_D_C04,4,B,1,0
Student_0024,T1_Fall,Program_D_C05,3,C,1,0
Student_0024,T2_Spring,Program_D_C08,4,C,1,0
Student_0024,T2_Spring,Program_D_C09,3,D,1,0
Student_0024,T2_Spring,Program_D_C12,4,C,1,0
Student_0024,T2_Spring,Program_D_C13,3,B,1,0
Student_0024,T3_Fall,Program_D_C16,3,W,0,1
Student_0024,T4_Spring,Program_D_C16,3,C,1,0
Student_0025,T1_Fall,Program_C_C01,3,B,1,0
Student_0025,T1_Fall,Program_C_C02,3,W,0,1
Student_0025,T2_Spring,Program_C_C02,3,C,1,0
Student_0025,T1_Fall,Program_C_C03,3,B,1,0
Student_0025,T1_Fall,Program_C_C04,4,B,1,0
Student_0025,T2_Spring,Program_C_C05,3,C,1,0
Student_0025,T2_Spring,Program_C_C06,3,B,1,0
Student_0025,T2_Spring,Program_C_C07,3,B,1,0
Student_0026,T1_Fall,Program_C_C01,3,C,1,0
Student_0026,T1_Fall,Program_C_C02,3,B,1,0
Student_0026,T1_Fall,Program_C_C03,3,A,1,0
Student_0026,T1_Fall,Program_C_C04,4,B,1,0
Student_0026,T2_Spring,Program_C_C05,3,B,1,0
Student_0027,T1_Fall,Program_D_C01,3,C,1,0
Student_0027,T1_Fall,Program_D_C02,3,C,1,0
Student_0027,T1_Fall,Program_D_C03,3,B,1,0
Student_0027,T1_Fall,Program_D_C04,4,F,0,0
Student_0027,T2_Spring,Program_D_C05,3,B,1,0
Student_0027,T2_Spring,Program_D_C06,3,B,1,0
Student_0027,T2_Spring,Program_D_C07,3,W,0,1
Student_0027,T2_Spring,Program_D_C09,3,B,1,0
Student_0028,T1_Fall,Program_C_C01,3,C,1,0
Student_0028,T1_Fall,Program_C_C02,3,C,1,0
Student_0029,T1_Fall,Program_A_C01,3,B,1,0
Student_0029,T1_Fall,Program_A_C02,3,W,0,1
Student_0029,T2_Spring,Program_A_C02,3,C,1,0
Student_0029,T1_Fall,Program_A_C03,3,C,1,0
Student_0030,T1_Fall,Program_D_C01,3,W,0,1
Student_0030,T2_Spring,Program_D_C01,3,C,1,0
Student_0030,T1_Fall,Program_D_C02,3,C,1,0
Student_0030,T1_Fall,Program_D_C03,3,B,1,0
Student_0030,T1_Fall,Program_D_C04,4,W,0,1
Student_0030,T2_Spring,Program_D_C04,4,F,0,0
Student_0030,T2_Spring,Program_D_C05,3,F,0,0
Student_0030,T3_Fall,Program_D_C05,3,C,1,0
Student_0030,T2_Spring,Program_D_C06,3,W,0,1
Student_0030,T3_Fall,Program_D_C06,3,F,0,0
Student_0030,T2_Spring,Program_D_C07,3,C,1,0
Student_0031,T1_Fall,Program_D_C01,3,B,1,0
Student_0031,T1_Fall,Program_D_C02,3,A,1,0
Student_0031,T1_Fall,Program_D_C03,3,B,1,0
Student_0031,T1_Fall,Program_D_C04,4,B,1,0
Student_0032,T1_Fall,Program_A_C01,3,C,1,0
Student_0032,T1_Fall,Program_A_C02,3,F,0,0
Student_0032,T2_Spring,Program_A_C02,3,F,0,0
Student_0032,T1_Fall,Program_A_C03,3,B,1,0
Student_0032,T1_Fall,Program_A_C06,3,W,0,1
Student_0032,T2_Spring,Program_A_C06,3,F,0,0
Student_0032,T2_Spring,Program_A_C07,3,F,0,0
Student_0032,T3_Fall,Program_A_C07,3,C,1,0
Student_0032,T2_Spring,Program_A_C11,3,F,0,0
Student_0032,T3_Fall,Program_A_C11,3,C,1,0
Student_0032,T2_Spring,Program_A_C15,3,F,0,0
Student_0033,T1_Fall,Program_D_C01,3,C,1,0
Student_0033,T1_Fall,Program_D_C02,3,B,1,0
Student_0033,T1_Fall,Program_D_C03,3,C,1,0
Student_0034,T1_Fall,Program_B_C01,3,B,1,0
Student_0034,T1_Fall,Program_B_C02,3,B,1,0
Student_0034,T1_Fall,Program_B_C03,3,F,0,0
Student_0034,T1_Fall,Program_B_C04,4,B,1,0
Student_0035,T1_Fall,Program_A_C01,3,F,0,0
Student_0035,T2_Spring,Program_A_C01,3,F,0,0
Student_0035,T1_Fall,Program_A_C02,3,C,1,0
Student_0035,T1_Fall,Program_A_C04,4,F,0,0
Student_0035,T1_Fall,Program_A_C05,3,F,0,0
Student_0035,T2_Spring,Program_A_C05,3,C,1,0
Student_0035,T2_Spring,Program_A_C09,3,C,1,0
Student_0035,T2_Spring,Program_A_C13,3,B,1,0
Student_0036,T1_Fall,Program_A_C01,3,C,1,0
Student_0036,T1_Fall,Program_A_C02,3,B,1,0
Student_0036,T1_Fall,Program_A_C03,3,C,1,0
Student_0036,T1_Fall,Program_A_C04,4,B,1,0
Student_0037,T1_Fall,Program_C_C01,3,B,1,0
Student_0037,T1_Fall,Program_C_C02,3,B,1,0
Student_0037,T1_Fall,Program_C_C03,3,C,1,0
Student_0038,T1_Fall,Program_B_C01,3,B,1,0
Student_0038,T1_Fall,Program_B_C02,3,B,1,0
Student_0038,T1_Fall,Program_B_C03,3,C,1,0
Student_0038,T1_Fall,Program_B_C04,4,B,1,0
Student_0038,T2_Spring,Program_B_C05,3,B,1,0
Student_0039,T1_Fall,Program_B_C01,3,C,1,0
Student_0039,T1_Fall,Program_B_C02,3,F,0,0
Student_0039,T2_Spring,Program_B_C02,3,C,1,0
Student_0039,T1_Fall,Program_B_C03,3,F,0,0
Student_0039,T1_Fall,Program_B_C04,4,F,0,0
Student_0039,T2_Spring,Program_B_C05,3,C,1,0
Student_0039,T2_Spring,Program_B_C09,3,W,0,1
Student_0039,T3_Fall,Program_B_C09,3,C,1,0
Student_0039,T2_Spring,Program_B_C13,3,C,1,0
Student_0040,T1_Fall,Program_B_C01,3,B,1,0
Student_0040,T1_Fall,Program_B_C02,3,B,1,0
Student_0041,T1_Fall,Program_A_C01,3,C,1,0
Student_0041,T1_Fall,Program_A_C02,3,C,1,0
Student_0041,T1_Fall,Program_A_C03,3,D,1,0
Student_0041,T1_Fall,Program_A_C04,4,C,1,0
Student_0041,T2_Spring,Program_A_C05,3,F,0,0
Student_0041,T3_Fall,Program_A_C05,3,F,0,0
Student_0041,T2_Spring,Program_A_C06,3,C,1,0
Student_0041,T2_Spring,Program_A_C07,3,F,0,0
Student_0041,T3_Fall,Program_A_C07,3,C,1,0
Student_0042,T1_Fall,Program_C_C01,3,B,1,0
Student_0042,T1_Fall,Program_C_C02,3,C,1,0
Student_0042,T1_Fall,Program_C_C03,3,B,1,0
Student_0042,T1_Fall,Program_C_C04,4,B,1,0
Student_0042,T2_Spring,Program_C_C05,3,B,1,0
Student_0042,T2_Spring,Program_C_C06,3,W,0,1
Student_0042,T2_Spring,Program_C_C07,3,B,1,0
Student_0043,T1_Fall,Program_C_C01,3,W,0,1
Student_0043,T2_Spring,Program_C_C01,3,C,1,0
Student_0043,T1_Fall,Program_C_C02,3,C,1,0
Student_0043,T1_Fall,Program_C_C03,3,F,0,0
Student_0043,T2_Spring,Program_C_C03,3,F,0,0
Student_0043,T1_Fall,Program_C_C04,4,C,1,0
Student_0044,T1_Fall,Program_D_C01,3,C,1,0
Student_0044,T1_Fall,Program_D_C02,3,B,1,0
Student_0044,T1_Fall,Program_D_C03,3,C,1,0
Student_0044,T1_Fall,Program_D_C04,4,B,1,0
Student_0044,T2_Spring,Program_D_C05,3,B,1,0
Student_0044,T2_Spring,Program_D_C06,3,B,1,0
Student_0045,T1_Fall,Program_A_C01,3,B,1,0
Student_0045,T1_Fall,Program_A_C02,3,C,1,0
Student_0045,T1_Fall,Program_A_C03,3,C,1,0
Student_0045,T1_Fall,Program_A_C04,4,W,0,1
Student_0045,T2_Spring,Program_A_C05,3,B,1,0
Student_0045,T2_Spring,Program_A_C06,3,C,1,0
Student_0046,T1_Fall,Program_C_C01,3,A,1,0
Student_0046,T1_Fall,Program_C_C02,3,B,1,0
Student_0047,T1_Fall,Program_B_C01,3,W,0,1
Student_0047,T1_Fall,Program_B_C02,3,B,1,0
Student_0047,T1_Fall,Program_B_C04,4,F,0,0
Student_0047,T2_Spring,Program_B_C04,4,C,1,0
Student_0047,T1_Fall,Program_B_C05,3,F,0,0
Student_0047,T2_Spring,Program_B_C05,3,C,1,0
Student_0047,T2_Spring,Program_B_C08,4,W,0,1
Student_0047,T3_Fall,Program_B_C08,4,C,1,0
Student_0047,T2_Spring,Program_B_C09,3,C,1,0
Student_0047,T2_Spring,Program_B_C12,4,W,0,1
Student_0047,T3_Fall,Program_B_C12,4,C,1,0
Student_0047,T2_Spring,Program_B_C13,3,F,0,0
Student_0047,T3_Fall,Program_B_C13,3,C,1,0
Student_0047,T3_Fall,Program_B_C16,3,F,0,0
Student_0047,T4_Spring,Program_B_C16,3,F,0,0
Student_0048,T1_Fall,Program_A_C01,3,B,1,0
Student_0048,T1_Fall,Program_A_C02,3,C,1,0
Student_0048,T1_Fall,Program_A_C03,3,B,1,0
Student_0048,T1_Fall,Program_A_C04,4,D,1,0
Student_0048,T2_Spring,Program_A_C05,3,C,1,0
Student_0048,T2_Spring,Program_A_C06,3,C,1,0
Student_0049,T1_Fall,Program_D_C01,3,A,1,0
Student_0049,T1_Fall,Program_D_C02,3,B,1,0
Student_0049,T1_Fall,Program_D_C03,3,B,1,0
Student_0049,T1_Fall,Program_D_C04,4,B,1,0
Student_0050,T1_Fall,Program_D_C01,3,B,1,0
Student_0050,T1_Fall,Program_D_C02,3,C,1,0
Student_0050,T1_Fall,Program_D_C03,3,F,0,0
Student_0050,T2_Spring,Program_D_C03,3,C,1,0
Student_0050,T1_Fall,Program_D_C04,4,F,0,0
Student_0050,T2_Spring,Program_D_C05,3,C,1,0
Student_0050,T2_Spring,Program_D_C06,3,F,0,0
Student_0050,T2_Spring,Program_D_C07,3,C,1,0
Student_0050,T2_Spring,Program_D_C09,3,C,1,0
Student_0050,T3_Fall,Program_D_C11,3,C,1,0
Student_0050,T3_Fall,Program_D_C13,3,C,1,0
Student_0050,T3_Fall,Program_D_C15,3,W,0,1
Student_0050,T4_Spring,Program_D_C15,3,F,0,0
Student_0051,T1_Fall,Program_B_C01,3,B,1,0
Student_0052,T1_Fall,Program_A_C01,3,B,1,0
Student_0052,T1_Fall,Program_A_C02,3,B,1,0
Student_0052,T1_Fall,Program_A_C03,3,B,1,0
Student_0053,T1_Fall,Program_B_C01,3,F,0,0
Student_0053,T1_Fall,Program_B_C02,3,C,1,0
Student_0054,T1_Fall,Program_C_C01,3,B,1,0
Student_0054,T1_Fall,Program_C_C02,3,C,1,0
Student_0054,T1_Fall,Program_C_C03,3,C,1,0
Student_0054,T1_Fall,Program_C_C04,4,C,1,0
Student_0054,T2_Spring,Program_C_C05,3,C,1,0
Student_0054,T2_Spring,Program_C_C06,3,F,0,0
Student_0054,T2_Spring,Program_C_C07,3,B,1,0
Student_0054,T2_Spring,Program_C_C08,4,C,1,0
Student_0054,T3_Fall,Program_C_C09,3,C,1,0
Student_0054,T3_Fall,Program_C_C11,3,C,1,0
Student_0054,T3_Fall,Program_C_C12,4,C,1,0
Student_0054,T3_Fall,Program_C_C13,3,F,0,0
Student_0054,T4_Spring,Program_C_C13,3,C,1,0
Student_0055,T1_Fall,Program_B_C01,3,C,1,0
Student_0055,T1_Fall,Program_B_C02,3,B,1,0
Student_0055,T1_Fall,Program_B_C03,3,B,1,0
Student_0055,T1_Fall,Program_B_C04,4,W,0,1
Student_0055,T2_Spring,Program_B_C05,3,B,1,0
Student_0055,T2_Spring,Program_B_C06,3,B,1,0
Student_0055,T2_Spring,Program_B_C07,3,B,1,0
Student_0055,T2_Spring,Program_B_C09,3,B,1,0
Student_0055,T3_Fall,Program_B_C10,3,F,0,0
Student_0055,T3_Fall,Program_B_C11,3,F,0,0
Student_0055,T4_Spring,Program_B_C11,3,C,1,0
Student_0055,T3_Fall,Program_B_C13,3,C,1,0
Student_0055,T3_Fall,Program_B_C15,3,F,0,0
Student_0056,T1_Fall,Program_B_C01,3,B,1,0
Student_0056,T1_Fall,Program_B_C02,3,F,0,0
Student_0056,T1_Fall,Program_B_C03,3,F,0,0
Student_0057,T1_Fall,Program_A_C01,3,C,1,0
Student_0057,T1_Fall,Program_A_C02,3,C,1,0
Student_0057,T1_Fall,Program_A_C03,3,B,1,0
Student_0057,T1_Fall,Program_A_C04,4,B,1,0
Student_0057,T2_Spring,Program_A_C05,3,W,0,1
Student_0057,T3_Fall,Program_A_C05,3,C,1,0
Student_0057,T2_Spring,Program_A_C06,3,B,1,0
Student_0057,T2_Spring,Program_A_C07,3,B,1,0
Student_0057,T2_Spring,Program_A_C08,4,C,1,0
Student_0057,T3_Fall,Program_A_C09,3,C,1,0
Student_0057,T3_Fall,Program_A_C10,3,B,1,0
Student_0058,T1_Fall,Program_A_C01,3,F,0,0
Student_0058,T1_Fall,Program_A_C02,3,C,1,0
Student_0058,T1_Fall,Program_A_C04,4,W,0,1
Student_0058,T2_Spring,Program_A_C04,4,C,1,0
Student_0058,T1_Fall,Program_A_C05,3,F,0,0
Student_0058,T2_Spring,Program_A_C08,4,B,1,0
Student_0058,T2_Spring,Program_A_C12,4,F,0,0
Student_0059,T1_Fall,Program_C_C01,3,C,1,0
Student_0060,T1_Fall,Program_A_C01,3,B,1,0
Student_0060,T1_Fall,Program_A_C02,3,F,0,0
Student_0060,T2_Spring,Program_A_C02,3,C,1,0
Student_0060,T1_Fall,Program_A_C03,3,A,1,0
Student_0060,T1_Fall,Program_A_C04,4,B,1,0
Student_0060,T2_Spring,Program_A_C05,3,B,1,0
Student_0061,T1_Fall,Program_D_C01,3,B,1,0
Student_0061,T1_Fall,Program_D_C02,3,C,1,0
Student_0061,T1_Fall,Program_D_C03,3,B,1,0
Student_0061,T1_Fall,Program_D_C04,4,C,1,0
Student_0061,T2_Spring,Program_D_C05,3,B,1,0
Student_0061,T2_Spring,Program_D_C06,3,B,1,0
Student_0062,T1_Fall,Program_C_C01,3,W,0,1
Student_0062,T2_Spring,Program_C_C01,3,C,1,0
Student_0062,T1_Fall,Program_C_C02,3,C,1,0
Student_0062,T1_Fall,Program_C_C03,3,W,0,1
Student_0062,T2_Spring,Program_C_C03,3,F,0,0
Student_0062,T1_Fall,Program_C_C04,4,D,1,0
Student_0062,T2_Spring,Program_C_C05,3,C,1,0
Student_0062,T2_Spring,Program_C_C08,4,C,1,0
Student_0062,T2_Spring,Program_C_C09,3,F,0,0
Student_0062,T2_Spring,Program_C_C12,4,F,0,0
Student_0063,T1_Fall,Program_B_C01,3,B,1,0
Student_0063,T1_Fall,Program_B_C02,3,F,0,0
Student_0063,T2_Spring,Program_B_C02,3,C,1,0
Student_0063,T1_Fall,Program_B_C03,3,B,1,0
Student_0063,T1_Fall,Program_B_C04,4,A,1,0
Student_0063,T2_Spring,Program_B_C05,3,B,1,0
Student_0064,T1_Fall,Program_A_C01,3,F,0,0
Student_0064,T2_Spring,Program_A_C01,3,C,1,0
Student_0064,T1_Fall,Program_A_C02,3,B,1,0
Student_0064,T1_Fall,Program_A_C03,3,W,0,1
Student_0064,T1_Fall,Program_A_C04,4,C,1,0
Student_0064,T2_Spring,Program_A_C05,3,C,1,0
Student_0064,T2_Spring,Program_A_C08,4,C,1,0
Student_0064,T2_Spring,Program_A_C09,3,F,0,0
Student_0064,T2_Spring,Program_A_C12,4,B,1,0
Student_0064,T3_Fall,Program_A_C16,3,F,0,0
Student_0065,T1_Fall,Program_A_C01,3,B,1,0
Student_0065,T1_Fall,Program_A_C02,3,A,1,0
Student_0065,T1_Fall,Program_A_C03,3,B,1,0
Student_0065,T1_Fall,Program_A_C04,4,W,0,1
Student_0065,T2_Spring,Program_A_C05,3,B,1,0
Student_0065,T2_Spring,Program_A_C06,3,C,1,0
Student_0065,T2_Spring,Program_A_C07,3,B,1,0
Student_0065,T2_Spring,Program_A_C09,3,A,1,0
Student_0066,T1_Fall,Program_D_C01,3,B,1,0
Student_0066,T1_Fall,Program_D_C02,3,B,1,0
Student_0066,T1_Fall,Program_D_C03,3,C,1,0
Student_0066,T1_Fall,Program_D_C04,4,C,1,0
Student_0066,T2_Spring,Program_D_C05,3,B,1,0
Student_0066,T2_Spring,Program_D_C06,3,W,0,1
Student_0066,T3_Fall,Program_D_C06,3,C,1,0
Student_0067,T1_Fall,Program_D_C01,3,B,1,0
Student_0067,T1_Fall,Program_D_C02,3,B,1,0
Student_0067,T1_Fall,Program_D_C03,3,A,1,0
Student_0068,T1_Fall,Program_C_C01,3,B,1,0
Student_0068,T1_Fall,Program_C_C02,3,B,1,0
Student_0068,T1_Fall,Program_C_C03,3,C,1,0
Student_0068,T1_Fall,Program_C_C04,4,C,1,0
Student_0068,T2_Spring,Program_C_C05,3,C,1,0
Student_0068,T2_Spring,Program_C_C06,3,W,0,1
Student_0068,T2_Spring,Program_C_C07,3,F,0,0
Student_0068,T3_Fall,Program_C_C07,3,C,1,0
Student_0068,T2_Spring,Program_C_C08,4,B,1,0
Student_0068,T3_Fall,Program_C_C09,3,B,1,0
Student_0069,T1_Fall,Program_D_C01,3,B,1,0
Student_0069,T1_Fall,Program_D_C02,3,C,1,0
Student_0069,T1_Fall,Program_D_C03,3,B,1,0
Student_0069,T1_Fall,Program_D_C04,4,B,1,0
Student_0070,T1_Fall,Program_C_C01,3,B,1,0
Student_0070,T1_Fall,Program_C_C02,3,W,0,1
Student_0070,T1_Fall,Program_C_C03,3,W,0,1
Student_0070,T2_Spring,Program_C_C03,3,C,1,0
Student_0070,T1_Fall,Program_C_C06,3,D,1,0
Student_0071,T1_Fall,Program_A_C01,3,B,1,0
Student_0071,T1_Fall,Program_A_C02,3,A,1,0
Student_0071,T1_Fall,Program_A_C03,3,C,1,0
Student_0071,T1_Fall,Program_A_C04,4,B,1,0
Student_0071,T2_Spring,Program_A_C05,3,W,0,1
Student_0071,T3_Fall,Program_A_C05,3,C,1,0
Student_0071,T2_Spring,Program_A_C06,3,C,1,0
Student_0072,T1_Fall,Program_D_C01,3,F,0,0
Student_0072,T1_Fall,Program_D_C02,3,W,0,1
Student_0073,T1_Fall,Program_D_C01,3,B,1,0
Student_0073,T1_Fall,Program_D_C02,3,B,1,0
Student_0073,T1_Fall,Program_D_C03,3,B,1,0
Student_0073,T1_Fall,Program_D_C04,4,A,1,0
Student_0073,T2_Spring,Program_D_C05,3,B,1,0
Student_0073,T2_Spring,Program_D_C06,3,B,1,0
Student_0073,T2_Spring,Program_D_C07,3,B,1,0
Student_0073,T2_Spring,Program_D_C08,4,B,1,0
Student_0073,T3_Fall,Program_D_C09,3,F,0,0
Student_0073,T4_Spring,Program_D_C09,3,C,1,0
Student_0073,T3_Fall,Program_D_C10,3,C,1,0
Student_0073,T3_Fall,Program_D_C11,3,B,1,0
Student_0074,T1_Fall,Program_D_C01,3,C,1,0
Student_0074,T1_Fall,Program_D_C02,3,C,1,0
Student_0074,T1_Fall,Program_D_C03,3,C,1,0
Student_0074,T1_Fall,Program_D_C04,4,F,0,0
Student_0074,T2_Spring,Program_D_C04,4,C,1,0
Student_0074,T2_Spring,Program_D_C05,3,C,1,0
Student_0074,T2_Spring,Program_D_C06,3,F,0,0
Student_0074,T3_Fall,Program_D_C06,3,C,1,0
Student_0075,T1_Fall,Program_B_C01,3,F,0,0
Student_0075,T2_Spring,Program_B_C01,3,C,1,0
Student_0075,T1_Fall,Program_B_C02,3,C,1,0
Student_0075,T1_Fall,Program_B_C03,3,F,0,0
Student_0075,T2_Spring,Program_B_C03,3,F,0,0
Student_0075,T1_Fall,Program_B_C04,4,F,0,0
Student_0075,T2_Spring,Program_B_C04,4,C,1,0
Student_0075,T2_Spring,Program_B_C05,3,F,0,0
Student_0075,T3_Fall,Program_B_C05,3,C,1,0
Student_0075,T2_Spring,Program_B_C08,4,W,0,1
Student_0075,T2_Spring,Program_B_C09,3,F,0,0
Student_0076,T1_Fall,Program_C_C01,3,F,0,0
Student_0076,T1_Fall,Program_C_C02,3,C,1,0
Student_0076,T1_Fall,Program_C_C04,4,B,1,0
Student_0076,T1_Fall,Program_C_C05,3,C,1,0
Student_0077,T1_Fall,Program_D_C01,3,B,1,0
Student_0077,T1_Fall,Program_D_C02,3,B,1,0
Student_0077,T1_Fall,Program_D_C03,3,C,1,0
Student_0077,T1_Fall,Program_D_C04,4,B,1,0
Student_0077,T2_Spring,Program_D_C05,3,B,1,0
Student_0077,T2_Spring,Program_D_C06,3,C,1,0
Student_0077,T2_Spring,Program_D_C07,3,F,0,0
Student_0077,T3_Fall,Program_D_C07,3,C,1,0
Student_0077,T2_Spring,Program_D_C08,4,C,1,0
Student_0077,T3_Fall,Program_D_C09,3,B,1,0
Student_0078,T1_Fall,Program_D_C01,3,A,1,0
Student_0078,T1_Fall,Program_D_C02,3,B,1,0
Student_0078,T1_Fall,Program_D_C03,3,B,1,0
Student_0078,T1_Fall,Program_D_C04,4,B,1,0
Student_0079,T1_Fall,Program_A_C01,3,F,0,0
Student_0079,T2_Spring,Program_A_C01,3,C,1,0
Student_0079,T1_Fall,Program_A_C02,3,W,0,1
Student_0079,T1_Fall,Program_A_C03,3,W,0,1
Student_0079,T2_Spring,Program_A_C03,3,C,1,0
Student_0079,T1_Fall,Program_A_C06,3,C,1,0
Student_0079,T2_Spring,Program_A_C07,3,F,0,0
Student_0079,T3_Fall,Program_A_C07,3,C,1,0
Student_0079,T2_Spring,Program_A_C10,3,B,1,0
Student_0079,T2_Spring,Program_A_C11,3,F,0,0
Student_0079,T2_Spring,Program_A_C14,3,B,1,0
Student_0080,T1_Fall,Program_C_C01,3,A,1,0
Student_0080,T1_Fall,Program_C_C02,3,B,1,0
Student_0080,T1_Fall,Program_C_C03,3,B,1,0
Student_0081,T1_Fall,Program_B_C01,3,A,1,0
Student_0082,T1_Fall,Program_B_C01,3,B,1,0
Student_0082,T1_Fall,Program_B_C02,3,B,1,0
Student_0082,T1_Fall,Program_B_C03,3,B,1,0
Student_0082,T1_Fall,Program_B_C04,4,B,1,0
Student_0083,T1_Fall,Program_B_C01,3,A,1,0
Student_0083,T1_Fall,Program_B_C02,3,B,1,0
Student_0083,T1_Fall,Program_B_C03,3,B,1,0
Student_0083,T1_Fall,Program_B_C04,4,B,1,0
Student_0083,T2_Spring,Program_B_C05,3,B,1,0
Student_0083,T2_Spring,Program_B_C06,3,B,1,0
Student_0083,T2_Spring,Program_B_C07,3,C,1,0
Student_0083,T2_Spring,Program_B_C08,4,B,1,0
Student_0083,T3_Fall,Program_B_C09,3,F,0,0
Student_0083,T3_Fall,Program_B_C10,3,B,1,0
Student_0083,T3_Fall,Program_B_C11,3,C,1,0
Student_0084,T1_Fall,Program_A_C01,3,C,1,0
Student_0084,T1_Fall,Program_A_C02,3,F,0,0
Student_0084,T2_Spring,Program_A_C02,3,F,0,0
Student_0084,T1_Fall,Program_A_C03,3,C,1,0
Student_0084,T1_Fall,Program_A_C06,3,W,0,1
Student_0084,T2_Spring,Program_A_C07,3,D,1,0
Student_0084,T2_Spring,Program_A_C11,3,F,0,0
Student_0084,T3_Fall,Program_A_C11,3,C,1,0
Student_0085,T1_Fall,Program_A_C01,3,F,0,0
Student_0085,T1_Fall,Program_A_C02,3,F,0,0
Student_0085,T2_Spring,Program_A_C02,3,F,0,0
Student_0086,T1_Fall,Program_A_C01,3,C,1,0
Student_0086,T1_Fall,Program_A_C02,3,B,1,0
Student_0086,T1_Fall,Program_A_C03,3,B,1,0
Student_0086,T1_Fall,Program_A_C04,4,B,1,0
Student_0086,T2_Spring,Program_A_C05,3,F,0,0
Student_0086,T2_Spring,Program_A_C06,3,B,1,0
Student_0086,T2_Spring,Program_A_C07,3,C,1,0
Student_0086,T2_Spring,Program_A_C08,4,C,1,0
Student_0086,T3_Fall,Program_A_C10,3,B,1,0
Student_0086,T3_Fall,Program_A_C11,3,C,1,0
Student_0086,T3_Fall,Program_A_C12,4,B,1,0
Student_0086,T3_Fall,Program_A_C14,3,B,1,0
Student_0086,T4_Spring,Program_A_C15,3,C,1,0
Student_0087,T1_Fall,Program_C_C01,3,F,0,0
Student_0087,T1_Fall,Program_C_C02,3,B,1,0
Student_0087,T1_Fall,Program_C_C04,4,B,1,0
Student_0087,T1_Fall,Program_C_C05,3,C,1,0
Student_0088,T1_Fall,Program_D_C01,3,C,1,0
Student_0088,T1_Fall,Program_D_C02,3,B,1,0
Student_0088,T1_Fall,Program_D_C03,3,C,1,0
Student_0088,T1_Fall,Program_D_C04,4,C,1,0
Student_0088,T2_Spring,Program_D_C05,3,B,1,0
Student_0088,T2_Spring,Program_D_C06,3,B,1,0
Student_0088,T2_Spring,Program_D_C07,3,F,0,0
Student_0088,T3_Fall,Program_D_C07,3,C,1,0
Student_0088,T2_Spring,Program_D_C08,4,B,1,0
Student_0088,T3_Fall,Program_D_C09,3,B,1,0
Student_0089,T1_Fall,Program_D_C01,3,C,1,0
Student_0089,T1_Fall,Program_D_C02,3,W,0,1
Student_0089,T1_Fall,Program_D_C03,3,F,0,0
Student_0089,T2_Spring,Program_D_C03,3,F,0,0
Student_0090,T1_Fall,Program_C_C01,3,C,1,0
Student_0090,T1_Fall,Program_C_C02,3,B,1,0
Student_0090,T1_Fall,Program_C_C03,3,F,0,0
Student_0090,T1_Fall,Program_C_C04,4,C,1,0
Student_0090,T2_Spring,Program_C_C05,3,W,0,1
Student_0090,T2_Spring,Program_C_C08,4,B,1,0
Student_0090,T2_Spring,Program_C_C12,4,B,1,0
Student_0090,T2_Spring,Program_C_C16,3,B,1,0
Student_0091,T1_Fall,Program_C_C01,3,A,1,0
Student_0091,T1_Fall,Program_C_C02,3,B,1,0
Student_0091,T1_Fall,Program_C_C03,3,B,1,0
Student_0091,T1_Fall,Program_C_C04,4,B,1,0
Student_0091,T2_Spring,Program_C_C05,3,B,1,0
Student_0091,T2_Spring,Program_C_C06,3,A,1,0
Student_0091,T2_Spring,Program_C_C07,3,B,1,0
Student_0091,T2_Spring,Program_C_C08,4,A,1,0
Student_0091,T3_Fall,Program_C_C09,3,B,1,0
Student_0091,T3_Fall,Program_C_C10,3,A,1,0
Student_0091,T3_Fall,Program_C_C11,3,B,1,0
Student_0091,T3_Fall,Program_C_C12,4,A,1,0
Student_0092,T1_Fall,Program_A_C01,3,F,0,0
Student_0092,T1_Fall,Program_A_C02,3,B,1,0
Student_0092,T1_Fall,Program_A_C04,4,B,1,0
Student_0092,T1_Fall,Program_A_C05,3,B,1,0
Student_0092,T2_Spring,Program_A_C08,4,W,0,1
Student_0092,T2_Spring,Program_A_C09,3,B,1,0
Student_0093,T1_Fall,Program_C_C01,3,C,1,0
Student_0093,T1_Fall,Program_C_C02,3,W,0,1
Student_0093,T2_Spring,Program_C_C02,3,C,1,0
Student_0093,T1_Fall,Program_C_C03,3,W,0,1
Student_0093,T2_Spring,Program_C_C03,3,C,1,0
Student_0093,T1_Fall,Program_C_C04,4,F,0,0
Student_0093,T2_Spring,Program_C_C04,4,F,0,0
Student_0093,T2_Spring,Program_C_C05,3,F,0,0
Student_0093,T3_Fall,Program_C_C05,3,C,1,0
Student_0093,T2_Spring,Program_C_C06,3,F,0,0
Student_0093,T3_Fall,Program_C_C06,3,F,0,0
Student_0093,T2_Spring,Program_C_C07,3,F,0,0
Student_0093,T3_Fall,Program_C_C07,3,F,0,0
Student_0093,T2_Spring,Program_C_C09,3,F,0,0
Student_0094,T1_Fall,Program_B_C01,3,B,1,0
Student_0094,T1_Fall,Program_B_C02,3,C,1,0
Student_0094,T1_Fall,Program_B_C03,3,F,0,0
Student_0094,T2_Spring,Program_B_C03,3,C,1,0
Student_0094,T1_Fall,Program_B_C04,4,F,0,0
Student_0094,T2_Spring,Program_B_C04,4,F,0,0
Student_0094,T2_Spring,Program_B_C05,3,B,1,0
Student_0094,T2_Spring,Program_B_C06,3,B,1,0
Student_0094,T2_Spring,Program_B_C07,3,C,1,0
Student_0094,T2_Spring,Program_B_C09,3,C,1,0
Student_0095,T1_Fall,Program_B_C01,3,B,1,0
Student_0095,T1_Fall,Program_B_C02,3,A,1,0
Student_0095,T1_Fall,Program_B_C03,3,B,1,0
Student_0095,T1_Fall,Program_B_C04,4,A,1,0
Student_0095,T2_Spring,Program_B_C05,3,A,1,0
Student_0095,T2_Spring,Program_B_C06,3,B,1,0
Student_0095,T2_Spring,Program_B_C07,3,B,1,0
Student_0095,T2_Spring,Program_B_C08,4,B,1,0
Student_0095,T3_Fall,Program_B_C09,3,C,1,0
Student_0095,T3_Fall,Program_B_C10,3,B,1,0
Student_0095,T3_Fall,Program_B_C11,3,B,1,0
Student_0096,T1_Fall,Program_B_C01,3,B,1,0
Student_0096,T1_Fall,Program_B_C02,3,W,0,1
Student_0096,T1_Fall,Program_B_C03,3,C,1,0
Student_0097,T1_Fall,Program_A_C01,3,F,0,0
Student_0097,T2_Spring,Program_A_C01,3,F,0,0
Student_0097,T1_Fall,Program_A_C02,3,D,1,0
Student_0097,T1_Fall,Program_A_C04,4,F,0,0
Student_0097,T2_Spring,Program_A_C04,4,F,0,0
Student_0097,T1_Fall,Program_A_C05,3,F,0,0
Student_0097,T2_Spring,Program_A_C05,3,F,0,0
Student_0098,T1_Fall,Program_D_C01,3,F,0,0
Student_0098,T2_Spring,Program_D_C01,3,C,1,0
Student_0098,T1_Fall,Program_D_C02,3,F,0,0
Student_0098,T2_Spring,Program_D_C02,3,F,0,0
Student_0098,T1_Fall,Program_D_C03,3,C,1,0
Student_0098,T1_Fall,Program_D_C06,3,W,0,1
Student_0098,T2_Spring,Program_D_C07,3,W,0,1
Student_0099,T1_Fall,Program_D_C01,3,B,1,0
Student_0099,T1_Fall,Program_D_C02,3,B,1,0
Student_0099,T1_Fall,Program_D_C03,3,A,1,0
Student_0099,T1_Fall,Program_D_C04,4,B,1,0
Student_0099,T2_Spring,Program_D_C05,3,B,1,0
Student_0099,T2_Spring,Program_D_C06,3,A,1,0
Student_0099,T2_Spring,Program_D_C07,3,B,1,0
Student_0099,T2_Spring,Program_D_C08,4,B,1,0
Student_0099,T3_Fall,Program_D_C09,3,B,1,0
Student_0100,T1_Fall,Program_A_C01,3,B,1,0
Student_0100,T1_Fall,Program_A_C02,3,F,0,0
Student_0100,T1_Fall,Program_A_C03,3,B,1,0
Student_0101,T1_Fall,Program_B_C01,3,C,1,0
Student_0101,T1_Fall,Program_B_C02,3,C,1,0
Student_0101,T1_Fall,Program_B_C03,3,B,1,0
Student_0101,T1_Fall,Program_B_C04,4,D,1,0
Student_0101,T2_Spring,Program_B_C05,3,D,1,0
Student_0101,T2_Spring,Program_B_C06,3,C,1,0
Student_0101,T2_Spring,Program_B_C07,3,W,0,1
Student_0101,T2_Spring,Program_B_C08,4,C,1,0
Student_0101,T3_Fall,Program_B_C09,3,W,0,1
Student_0101,T3_Fall,Program_B_C10,3,B,1,0
Student_0101,T3_Fall,Program_B_C12,4,F,0,0
Student_0101,T4_Spring,Program_B_C12,4,C,1,0
Student_0102,T1_Fall,Program_B_C01,3,F,0,0
Student_0102,T2_Spring,Program_B_C01,3,C,1,0
Student_0102,T1_Fall,Program_B_C02,3,C,1,0
Student_0102,T1_Fall,Program_B_C03,3,B,1,0
Student_0102,T1_Fall,Program_B_C04,4,C,1,0
Student_0102,T2_Spring,Program_B_C05,3,C,1,0
Student_0102,T2_Spring,Program_B_C06,3,F,0,0
Student_0102,T2_Spring,Program_B_C07,3,B,1,0
Student_0102,T2_Spring,Program_B_C08,4,C,1,0
Student_0102,T3_Fall,Program_B_C09,3,F,0,0
Student_0102,T3_Fall,Program_B_C11,3,F,0,0
Student_0102,T3_Fall,Program_B_C12,4,B,1,0
Student_0103,T1_Fall,Program_D_C01,3,B,1,0
Student_0103,T1_Fall,Program_D_C02,3,B,1,0
Student_0103,T1_Fall,Program_D_C03,3,C,1,0
Student_0103,T1_Fall,Program_D_C04,4,B,1,0
Student_0103,T2_Spring,Program_D_C05,3,B,1,0
Student_0103,T2_Spring,Program_D_C06,3,B,1,0
Student_0103,T2_Spring,Program_D_C07,3,B,1,0
Student_0103,T2_Spring,Program_D_C08,4,B,1,0
Student_0104,T1_Fall,Program_B_C01,3,B,1,0
Student_0104,T1_Fall,Program_B_C02,3,B,1,0
Student_0104,T1_Fall,Program_B_C03,3,B,1,0
Student_0104,T1_Fall,Program_B_C04,4,A,1,0
Student_0105,T1_Fall,Program_A_C01,3,C,1,0
Student_0106,T1_Fall,Program_C_C01,3,A,1,0
Student_0106,T1_Fall,Program_C_C02,3,A,1,0
Student_0106,T1_Fall,Program_C_C03,3,A,1,0
Student_0107,T1_Fall,Program_D_C01,3,B,1,0
Student_0108,T1_Fall,Program_C_C01,3,C,1,0
Student_0108,T1_Fall,Program_C_C02,3,C,1,0
Student_0108,T1_Fall,Program_C_C03,3,C,1,0
Student_0108,T1_Fall,Program_C_C04,4,C,1,0
Student_0108,T2_Spring,Program_C_C05,3,W,0,1
Student_0108,T3_Fall,Program_C_C05,3,C,1,0
Student_0108,T2_Spring,Program_C_C06,3,W,0,1
Student_0108,T3_Fall,Program_C_C06,3,C,1,0
Student_0108,T2_Spring,Program_C_C07,3,C,1,0
Student_0108,T2_Spring,Program_C_C08,4,C,1,0
Student_0108,T3_Fall,Program_C_C09,3,C,1,0
Student_0109,T1_Fall,Program_A_C01,3,A,1,0
Student_0109,T1_Fall,Program_A_C02,3,B,1,0
Student_0109,T1_Fall,Program_A_C03,3,B,1,0
Student_0109,T1_Fall,Program_A_C04,4,W,0,1
Student_0109,T2_Spring,Program_A_C05,3,A,1,0
Student_0109,T2_Spring,Program_A_C06,3,B,1,0
Student_0109,T2_Spring,Program_A_C07,3,B,1,0
Student_0109,T2_Spring,Program_A_C09,3,B,1,0
Student_0110,T1_Fall,Program_D_C01,3,F,0,0
Student_0110,T2_Spring,Program_D_C01,3,C,1,0
Student_0111,T1_Fall,Program_C_C01,3,C,1,0
Student_0111,T1_Fall,Program_C_C02,3,W,0,1
Student_0111,T1_Fall,Program_C_C03,3,C,1,0
Student_0111,T1_Fall,Program_C_C06,3,A,1,0
Student_0111,T2_Spring,Program_C_C07,3,C,1,0
Student_0111,T2_Spring,Program_C_C10,3,D,1,0
Student_0111,T2_Spring,Program_C_C11,3,C,1,0
Student_0111,T2_Spring,Program_C_C14,3,B,1,0
Student_0111,T3_Fall,Program_C_C15,3,C,1,0
Student_0112,T1_Fall,Program_B_C01,3,W,0,1
Student_0112,T1_Fall,Program_B_C02,3,F,0,0
Student_0113,T1_Fall,Program_D_C01,3,C,1,0
Student_0114,T1_Fall,Program_B_C01,3,C,1,0
Student_0114,T1_Fall,Program_B_C02,3,C,1,0
Student_0114,T1_Fall,Program_B_C03,3,F,0,0
Student_0114,T1_Fall,Program_B_C04,4,F,0,0
Student_0114,T2_Spring,Program_B_C04,4,C,1,0
Student_0114,T2_Spring,Program_B_C05,3,F,0,0
Student_0114,T2_Spring,Program_B_C08,4,C,1,0
Student_0115,T1_Fall,Program_A_C01,3,W,0,1
Student_0115,T2_Spring,Program_A_C01,3,C,1,0
Student_0115,T1_Fall,Program_A_C02,3,W,0,1
Student_0115,T1_Fall,Program_A_C03,3,W,0,1
Student_0115,T2_Spring,Program_A_C03,3,F,0,0
Student_0116,T1_Fall,Program_C_C01,3,F,0,0
Student_0116,T2_Spring,Program_C_C01,3,F,0,0
Student_0116,T1_Fall,Program_C_C02,3,B,1,0
Student_0116,T1_Fall,Program_C_C04,4,F,0,0
Student_0116,T1_Fall,Program_C_C05,3,W,0,1
Student_0116,T2_Spring,Program_C_C05,3,C,1,0
Student_0116,T2_Spring,Program_C_C09,3,F,0,0
Student_0116,T3_Fall,Program_C_C09,3,C,1,0
Student_0116,T2_Spring,Program_C_C13,3,F,0,0
Student_0117,T1_Fall,Program_A_C01,3,W,0,1
Student_0117,T1_Fall,Program_A_C02,3,C,1,0
Student_0117,T1_Fall,Program_A_C04,4,A,1,0
Student_0117,T1_Fall,Program_A_C05,3,B,1,0
Student_0117,T2_Spring,Program_A_C08,4,B,1,0
Student_0117,T2_Spring,Program_A_C09,3,W,0,1
Student_0117,T3_Fall,Program_A_C09,3,C,1,0
Student_0117,T2_Spring,Program_A_C12,4,A,1,0
Student_0118,T1_Fall,Program_A_C01,3,B,1,0
Student_0118,T1_Fall,Program_A_C02,3,A,1,0
Student_0118,T1_Fall,Program_A_C03,3,B,1,0
Student_0118,T1_Fall,Program_A_C04,4,B,1,0
Student_0118,T2_Spring,Program_A_C05,3,A,1,0
Student_0118,T2_Spring,Program_A_C06,3,A,1,0
Student_0118,T2_Spring,Program_A_C07,3,B,1,0
Student_0118,T2_Spring,Program_A_C08,4,B,1,0
Student_0118,T3_Fall,Program_A_C09,3,B,1,0
Student_0119,T1_Fall,Program_C_C01,3,W,0,1
Student_0119,T1_Fall,Program_C_C02,3,F,0,0
Student_0119,T2_Spring,Program_C_C02,3,F,0,0
Student_0120,T1_Fall,Program_D_C01,3,C,1,0
Student_0120,T1_Fall,Program_D_C02,3,B,1,0
Student_0120,T1_Fall,Program_D_C03,3,C,1,0
Student_0120,T1_Fall,Program_D_C04,4,C,1,0
Student_0120,T2_Spring,Program_D_C05,3,W,0,1
Student_0120,T2_Spring,Program_D_C06,3,B,1,0
Student_0120,T2_Spring,Program_D_C07,3,F,0,0
Student_0120,T3_Fall,Program_D_C07,3,C,1,0
Student_0120,T2_Spring,Program_D_C08,4,C,1,0
Student_0121,T1_Fall,Program_C_C01,3,C,1,0
Student_0121,T1_Fall,Program_C_C02,3,F,0,0
Student_0121,T2_Spring,Program_C_C02,3,C,1,0
Student_0121,T1_Fall,Program_C_C03,3,C,1,0
Student_0121,T1_Fall,Program_C_C04,4,F,0,0
Student_0121,T2_Spring,Program_C_C05,3,F,0,0
Student_0121,T3_Fall,Program_C_C05,3,F,0,0
Student_0121,T2_Spring,Program_C_C06,3,W,0,1
Student_0121,T2_Spring,Program_C_C07,3,F,0,0
Student_0122,T1_Fall,Program_A_C01,3,F,0,0
Student_0122,T1_Fall,Program_A_C02,3,F,0,0
Student_0123,T1_Fall,Program_D_C01,3,C,1,0
Student_0123,T1_Fall,Program_D_C02,3,B,1,0
Student_0123,T1_Fall,Program_D_C03,3,F,0,0
Student_0123,T2_Spring,Program_D_C03,3,C,1,0
Student_0123,T1_Fall,Program_D_C04,4,F,0,0
Student_0123,T2_Spring,Program_D_C05,3,B,1,0
Student_0123,T2_Spring,Program_D_C06,3,C,1,0
Student_0123,T2_Spring,Program_D_C07,3,B,1,0
Student_0123,T2_Spring,Program_D_C09,3,B,1,0
Student_0123,T3_Fall,Program_D_C10,3,B,1,0
Student_0123,T3_Fall,Program_D_C11,3,C,1,0
Student_0123,T3_Fall,Program_D_C13,3,A,1,0
Student_0123,T3_Fall,Program_D_C14,3,B,1,0
Student_0123,T4_Spring,Program_D_C15,3,B,1,0
Student_0124,T1_Fall,Program_B_C01,3,A,1,0
Student_0124,T1_Fall,Program_B_C02,3,B,1,0
Student_0124,T1_Fall,Program_B_C03,3,B,1,0
Student_0124,T1_Fall,Program_B_C04,4,B,1,0
Student_0124,T2_Spring,Program_B_C05,3,C,1,0
Student_0124,T2_Spring,Program_B_C06,3,B,1,0
Student_0125,T1_Fall,Program_A_C01,3,W,0,1
Student_0125,T2_Spring,Program_A_C01,3,C,1,0
Student_0125,T1_Fall,Program_A_C02,3,C,1,0
Student_0125,T1_Fall,Program_A_C03,3,B,1,0
Student_0125,T1_Fall,Program_A_C04,4,F,0,0
Student_0125,T2_Spring,Program_A_C04,4,C,1,0
Student_0125,T2_Spring,Program_A_C05,3,C,1,0
Student_0125,T2_Spring,Program_A_C06,3,B,1,0
Student_0125,T2_Spring,Program_A_C07,3,B,1,0
Student_0125,T2_Spring,Program_A_C08,4,C,1,0
Student_0125,T3_Fall,Program_A_C09,3,F,0,0
Student_0125,T4_Spring,Program_A_C09,3,C,1,0
Student_0126,T1_Fall,Program_D_C01,3,F,0,0
Student_0126,T2_Spring,Program_D_C01,3,C,1,0
Student_0126,T1_Fall,Program_D_C02,3,F,0,0
Student_0126,T2_Spring,Program_D_C02,3,F,0,0
Student_0126,T1_Fall,Program_D_C03,3,F,0,0
Student_0126,T2_Spring,Program_D_C03,3,F,0,0
Student_0127,T1_Fall,Program_C_C01,3,F,0,0
Student_0127,T2_Spring,Program_C_C01,3,C,1,0
Student_0127,T1_Fall,Program_C_C02,3,C,1,0
Student_0128,T1_Fall,Program_B_C01,3,B,1,0
Student_0128,T1_Fall,Program_B_C02,3,C,1,0
Student_0128,T1_Fall,Program_B_C03,3,F,0,0
Student_0128,T1_Fall,Program_B_C04,4,F,0,0
Student_0128,T2_Spring,Program_B_C04,4,C,1,0
Student_0128,T2_Spring,Program_B_C05,3,F,0,0
Student_0128,T3_Fall,Program_B_C05,3,C,1,0
Student_0128,T2_Spring,Program_B_C08,4,B,1,0
Student_0128,T2_Spring,Program_B_C09,3,B,1,0
Student_0129,T1_Fall,Program_C_C01,3,C,1,0
Student_0129,T1_Fall,Program_C_C02,3,W,0,1
Student_0129,T1_Fall,Program_C_C03,3,D,1,0
Student_0129,T1_Fall,Program_C_C06,3,F,0,0
Student_0129,T2_Spring,Program_C_C07,3,F,0,0
Student_0130,T1_Fall,Program_B_C01,3,C,1,0
Student_0130,T1_Fall,Program_B_C02,3,F,0,0
Student_0130,T2_Spring,Program_B_C02,3,C,1,0
Student_0130,T1_Fall,Program_B_C03,3,B,1,0
Student_0131,T1_Fall,Program_B_C01,3,C,1,0
Student_0131,T1_Fall,Program_B_C02,3,C,1,0
Student_0131,T1_Fall,Program_B_C03,3,C,1,0
Student_0131,T1_Fall,Program_B_C04,4,F,0,0
Student_0131,T2_Spring,Program_B_C04,4,C,1,0
Student_0131,T2_Spring,Program_B_C05,3,W,0,1
Student_0131,T2_Spring,Program_B_C06,3,D,1,0
Student_0131,T2_Spring,Program_B_C07,3,C,1,0
Student_0132,T1_Fall,Program_C_C01,3,F,0,0
Student_0132,T2_Spring,Program_C_C01,3,C,1,0
Student_0132,T1_Fall,Program_C_C02,3,F,0,0
Student_0132,T1_Fall,Program_C_C03,3,F,0,0
Student_0132,T2_Spring,Program_C_C03,3,F,0,0
Student_0133,T1_Fall,Program_A_C01,3,B,1,0
Student_0133,T1_Fall,Program_A_C02,3,B,1,0
Student_0133,T1_Fall,Program_A_C03,3,C,1,0
Student_0133,T1_Fall,Program_A_C04,4,B,1,0
Student_0133,T2_Spring,Program_A_C05,3,C,1,0
Student_0133,T2_Spring,Program_A_C06,3,B,1,0
Student_0133,T2_Spring,Program_A_C07,3,B,1,0
Student_0134,T1_Fall,Program_C_C01,3,B,1,0
Student_0134,T1_Fall,Program_C_C02,3,B,1,0
Student_0134,T1_Fall,Program_C_C03,3,F,0,0
Student_0134,T2_Spring,Program_C_C03,3,C,1,0
Student_0134,T1_Fall,Program_C_C04,4,F,0,0
Student_0134,T2_Spring,Program_C_C04,4,C,1,0
Student_0135,T1_Fall,Program_A_C01,3,W,0,1
Student_0135,T1_Fall,Program_A_C02,3,C,1,0
Student_0135,T1_Fall,Program_A_C04,4,C,1,0
Student_0135,T1_Fall,Program_A_C05,3,C,1,0
Student_0135,T2_Spring,Program_A_C08,4,B,1,0
Student_0135,T2_Spring,Program_A_C09,3,F,0,0
Student_0135,T2_Spring,Program_A_C12,4,C,1,0
Student_0135,T2_Spring,Program_A_C16,3,C,1,0
Student_0136,T1_Fall,Program_D_C01,3,W,0,1
Student_0136,T1_Fall,Program_D_C02,3,F,0,0
Student_0137,T1_Fall,Program_A_C01,3,C,1,0
Student_0137,T1_Fall,Program_A_C02,3,C,1,0
Student_0137,T1_Fall,Program_A_C03,3,B,1,0
Student_0137,T1_Fall,Program_A_C04,4,B,1,0
Student_0137,T2_Spring,Program_A_C05,3,B,1,0
Student_0137,T2_Spring,Program_A_C06,3,B,1,0
Student_0137,T2_Spring,Program_A_C07,3,C,1,0
Student_0137,T2_Spring,Program_A_C08,4,F,0,0
Student_0137,T3_Fall,Program_A_C08,4,C,1,0
Student_0137,T3_Fall,Program_A_C09,3,C,1,0
Student_0138,T1_Fall,Program_A_C01,3,F,0,0
Student_0138,T2_Spring,Program_A_C01,3,C,1,0
Student_0138,T1_Fall,Program_A_C02,3,A,1,0
Student_0138,T1_Fall,Program_A_C03,3,C,1,0
Student_0138,T1_Fall,Program_A_C04,4,C,1,0
Student_0138,T2_Spring,Program_A_C05,3,F,0,0
Student_0138,T2_Spring,Program_A_C06,3,F,0,0
Student_0138,T3_Fall,Program_A_C06,3,C,1,0
Student_0138,T2_Spring,Program_A_C07,3,C,1,0
Student_0139,T1_Fall,Program_C_C01,3,F,0,0
Student_0139,T2_Spring,Program_C_C01,3,C,1,0
Student_0139,T1_Fall,Program_C_C02,3,C,1,0
Student_0139,T1_Fall,Program_C_C03,3,F,0,0
Student_0139,T2_Spring,Program_C_C03,3,C,1,0
Student_0139,T1_Fall,Program_C_C04,4,C,1,0
Student_0139,T2_Spring,Program_C_C05,3,F,0,0
Student_0139,T3_Fall,Program_C_C05,3,F,0,0
Student_0139,T2_Spring,Program_C_C06,3,F,0,0
Student_0139,T3_Fall,Program_C_C06,3,F,0,0
Student_0139,T2_Spring,Program_C_C07,3,D,1,0
Student_0139,T2_Spring,Program_C_C08,4,B,1,0
Student_0140,T1_Fall,Program_A_C01,3,C,1,0
Student_0140,T1_Fall,Program_A_C02,3,C,1,0
Student_0140,T1_Fall,Program_A_C03,3,C,1,0
Student_0141,T1_Fall,Program_B_C01,3,B,1,0
Student_0141,T1_Fall,Program_B_C02,3,A,1,0
Student_0141,T1_Fall,Program_B_C03,3,B,1,0
Student_0141,T1_Fall,Program_B_C04,4,B,1,0
Student_0142,T1_Fall,Program_D_C01,3,B,1,0
Student_0142,T1_Fall,Program_D_C02,3,C,1,0
Student_0142,T1_Fall,Program_D_C03,3,W,0,1
Student_0142,T1_Fall,Program_D_C04,4,C,1,0
Student_0142,T2_Spring,Program_D_C05,3,C,1,0
Student_0142,T2_Spring,Program_D_C08,4,W,0,1
Student_0142,T3_Fall,Program_D_C08,4,C,1,0
Student_0142,T2_Spring,Program_D_C09,3,C,1,0
Student_0142,T2_Spring,Program_D_C12,4,B,1,0
Student_0142,T3_Fall,Program_D_C13,3,B,1,0
Student_0142,T3_Fall,Program_D_C16,3,F,0,0
Student_0143,T1_Fall,Program_D_C01,3,B,1,0
Student_0143,T1_Fall,Program_D_C02,3,B,1,0
Student_0143,T1_Fall,Program_D_C03,3,B,1,0
Student_0144,T1_Fall,Program_D_C01,3,B,1,0
Student_0144,T1_Fall,Program_D_C02,3,B,1,0
Student_0144,T1_Fall,Program_D_C03,3,A,1,0
Student_0144,T1_Fall,Program_D_C04,4,B,1,0
Student_0144,T2_Spring,Program_D_C05,3,B,1,0
Student_0145,T1_Fall,Program_A_C01,3,F,0,0
Student_0145,T1_Fall,Program_A_C02,3,B,1,0
Student_0145,T1_Fall,Program_A_C04,4,A,1,0
Student_0145,T1_Fall,Program_A_C05,3,C,1,0
Student_0145,T2_Spring,Program_A_C08,4,F,0,0
Student_0145,T2_Spring,Program_A_C09,3,B,1,0
Student_0145,T2_Spring,Program_A_C13,3,B,1,0
Student_0146,T1_Fall,Program_B_C01,3,B,1,0
Student_0146,T1_Fall,Program_B_C02,3,B,1,0
Student_0146,T1_Fall,Program_B_C03,3,C,1,0
Student_0146,T1_Fall,Program_B_C04,4,B,1,0
Student_0146,T2_Spring,Program_B_C05,3,B,1,0
Student_0146,T2_Spring,Program_B_C06,3,W,0,1
Student_0146,T3_Fall,Program_B_C06,3,C,1,0
Student_0147,T1_Fall,Program_D_C01,3,B,1,0
Student_0148,T1_Fall,Program_D_C01,3,W,0,1
Student_0148,T2_Spring,Program_D_C01,3,C,1,0
Student_0148,T1_Fall,Program_D_C02,3,F,0,0
Student_0148,T1_Fall,Program_D_C03,3,F,0,0
Student_0149,T1_Fall,Program_A_C01,3,C,1,0
Student_0149,T1_Fall,Program_A_C02,3,F,0,0
Student_0149,T1_Fall,Program_A_C03,3,F,0,0
Student_0150,T1_Fall,Program_C_C01,3,W,0,1
Student_0150,T2_Spring,Program_C_C01,3,C,1,0
Student_0150,T1_Fall,Program_C_C02,3,C,1,0
Student_0150,T1_Fall,Program_C_C03,3,F,0,0
Student_0150,T2_Spring,Program_C_C03,3,C,1,0
Student_0150,T1_Fall,Program_C_C04,4,W,0,1
Student_0150,T2_Spring,Program_C_C04,4,C,1,0
Student_0150,T2_Spring,Program_C_C05,3,W,0,1
Student_0150,T3_Fall,Program_C_C05,3,C,1,0
Student_0150,T2_Spring,Program_C_C06,3,F,0,0
Student_0150,T2_Spring,Program_C_C07,3,D,1,0
Student_0150,T2_Spring,Program_C_C08,4,F,0,0
Student_0150,T3_Fall,Program_C_C09,3,D,1,0
Student_0150,T3_Fall,Program_C_C11,3,C,1,0
Student_0151,T1_Fall,Program_B_C01,3,F,0,0
Student_0151,T2_Spring,Program_B_C01,3,C,1,0
Student_0151,T1_Fall,Program_B_C02,3,C,1,0
Student_0151,T1_Fall,Program_B_C03,3,B,1,0
Student_0151,T1_Fall,Program_B_C04,4,C,1,0
Student_0151,T2_Spring,Program_B_C05,3,C,1,0
Student_0151,T2_Spring,Program_B_C06,3,C,1,0
Student_0151,T2_Spring,Program_B_C07,3,C,1,0
Student_0151,T2_Spring,Program_B_C08,4,B,1,0
Student_0152,T1_Fall,Program_D_C01,3,B,1,0
Student_0152,T1_Fall,Program_D_C02,3,C,1,0
Student_0152,T1_Fall,Program_D_C03,3,F,0,0
Student_0152,T2_Spring,Program_D_C03,3,F,0,0
Student_0152,T1_Fall,Program_D_C04,4,C,1,0
Student_0152,T2_Spring,Program_D_C05,3,B,1,0
Student_0152,T2_Spring,Program_D_C08,4,B,1,0
Student_0152,T2_Spring,Program_D_C09,3,W,0,1
Student_0152,T2_Spring,Program_D_C12,4,F,0,0
Student_0153,T1_Fall,Program_C_C01,3,F,0,0
Student_0153,T2_Spring,Program_C_C01,3,C,1,0
Student_0153,T1_Fall,Program_C_C02,3,B,1,0
Student_0153,T1_Fall,Program_C_C03,3,B,1,0
Student_0153,T1_Fall,Program_C_C04,4,F,0,0
Student_0153,T2_Spring,Program_C_C04,4,C,1,0
Student_0153,T2_Spring,Program_C_C05,3,F,0,0
Student_0153,T3_Fall,Program_C_C05,3,C,1,0
Student_0153,T2_Spring,Program_C_C06,3,F,0,0
Student_0153,T3_Fall,Program_C_C06,3,C,1,0
Student_0153,T2_Spring,Program_C_C07,3,B,1,0
Student_0153,T2_Spring,Program_C_C08,4,F,0,0
Student_0153,T3_Fall,Program_C_C09,3,C,1,0
Student_0153,T3_Fall,Program_C_C10,3,W,0,1
Student_0153,T3_Fall,Program_C_C11,3,C,1,0
Student_0153,T3_Fall,Program_C_C13,3,C,1,0
Student_0153,T4_Spring,Program_C_C15,3,B,1,0
Student_0154,T1_Fall,Program_D_C01,3,B,1,0
Student_0154,T1_Fall,Program_D_C02,3,B,1,0
Student_0154,T1_Fall,Program_D_C03,3,B,1,0
Student_0154,T1_Fall,Program_D_C04,4,C,1,0
Student_0154,T2_Spring,Program_D_C05,3,C,1,0
Student_0154,T2_Spring,Program_D_C06,3,B,1,0
Student_0154,T2_Spring,Program_D_C07,3,B,1,0
Student_0155,T1_Fall,Program_D_C01,3,A,1,0
Student_0155,T1_Fall,Program_D_C02,3,A,1,0
Student_0155,T1_Fall,Program_D_C03,3,A,1,0
Student_0155,T1_Fall,Program_D_C04,4,A,1,0
Student_0155,T2_Spring,Program_D_C05,3,B,1,0
Student_0156,T1_Fall,Program_A_C01,3,F,0,0
Student_0156,T1_Fall,Program_A_C02,3,C,1,0
Student_0156,T1_Fall,Program_A_C04,4,F,0,0
Student_0156,T2_Spring,Program_A_C04,4,C,1,0
Student_0157,T1_Fall,Program_C_C01,3,B,1,0
Student_0157,T1_Fall,Program_C_C02,3,W,0,1
Student_0157,T2_Spring,Program_C_C02,3,C,1,0
Student_0157,T1_Fall,Program_C_C03,3,F,0,0
Student_0157,T1_Fall,Program_C_C04,4,C,1,0
Student_0158,T1_Fall,Program_A_C01,3,B,1,0
Student_0158,T1_Fall,Program_A_C02,3,C,1,0
Student_0158,T1_Fall,Program_A_C03,3,B,1,0
Student_0158,T1_Fall,Program_A_C04,4,C,1,0
Student_0158,T2_Spring,Program_A_C05,3,B,1,0
Student_0159,T1_Fall,Program_B_C01,3,C,1,0
Student_0159,T1_Fall,Program_B_C02,3,C,1,0
Student_0160,T1_Fall,Program_D_C01,3,C,1,0
Student_0161,T1_Fall,Program_A_C01,3,D,1,0
Student_0161,T1_Fall,Program_A_C02,3,B,1,0
Student_0161,T1_Fall,Program_A_C03,3,C,1,0
Student_0162,T1_Fall,Program_C_C01,3,B,1,0
Student_0162,T1_Fall,Program_C_C02,3,B,1,0
Student_0162,T1_Fall,Program_C_C03,3,B,1,0
Student_0162,T1_Fall,Program_C_C04,4,B,1,0
Student_0162,T2_Spring,Program_C_C05,3,B,1,0
Student_0162,T2_Spring,Program_C_C06,3,W,0,1
Student_0162,T2_Spring,Program_C_C07,3,B,1,0
Student_0162,T2_Spring,Program_C_C08,4,C,1,0
Student_0163,T1_Fall,Program_C_C01,3,C,1,0
Student_0163,T1_Fall,Program_C_C02,3,C,1,0
Student_0163,T1_Fall,Program_C_C03,3,F,0,0
Student_0163,T1_Fall,Program_C_C04,4,F,0,0
Student_0163,T2_Spring,Program_C_C05,3,F,0,0
Student_0164,T1_Fall,Program_C_C01,3,B,1,0
Student_0164,T1_Fall,Program_C_C02,3,B,1,0
Student_0164,T1_Fall,Program_C_C03,3,B,1,0
Student_0164,T1_Fall,Program_C_C04,4,F,0,0
Student_0164,T2_Spring,Program_C_C04,4,C,1,0
Student_0164,T2_Spring,Program_C_C05,3,B,1,0
Student_0164,T2_Spring,Program_C_C06,3,B,1,0
Student_0165,T1_Fall,Program_A_C01,3,C,1,0
Student_0165,T1_Fall,Program_A_C02,3,C,1,0
Student_0165,T1_Fall,Program_A_C03,3,W,0,1
Student_0165,T2_Spring,Program_A_C03,3,C,1,0
Student_0165,T1_Fall,Program_A_C04,4,D,1,0
Student_0165,T2_Spring,Program_A_C05,3,F,0,0
Student_0165,T3_Fall,Program_A_C05,3,F,0,0
Student_0165,T2_Spring,Program_A_C06,3,C,1,0
Student_0165,T2_Spring,Program_A_C07,3,C,1,0
Student_0165,T2_Spring,Program_A_C08,4,F,0,0
Student_0165,T3_Fall,Program_A_C10,3,F,0,0
Student_0165,T4_Spring,Program_A_C10,3,C,1,0
Student_0165,T3_Fall,Program_A_C11,3,F,0,0
Student_0165,T4_Spring,Program_A_C11,3,F,0,0
Student_0165,T3_Fall,Program_A_C14,3,W,0,1
Student_0166,T1_Fall,Program_C_C01,3,C,1,0
Student_0167,T1_Fall,Program_C_C01,3,A,1,0
Student_0167,T1_Fall,Program_C_C02,3,B,1,0
Student_0167,T1_Fall,Program_C_C03,3,C,1,0
Student_0167,T1_Fall,Program_C_C04,4,A,1,0
Student_0167,T2_Spring,Program_C_C05,3,C,1,0
Student_0168,T1_Fall,Program_D_C01,3,B,1,0
Student_0168,T1_Fall,Program_D_C02,3,B,1,0
Student_0168,T1_Fall,Program_D_C03,3,B,1,0
Student_0168,T1_Fall,Program_D_C04,4,B,1,0
Student_0168,T2_Spring,Program_D_C05,3,B,1,0
Student_0168,T2_Spring,Program_D_C06,3,B,1,0
Student_0168,T2_Spring,Program_D_C07,3,B,1,0
Student_0168,T2_Spring,Program_D_C08,4,B,1,0
Student_0169,T1_Fall,Program_B_C01,3,B,1,0
Student_0169,T1_Fall,Program_B_C02,3,B,1,0
Student_0169,T1_Fall,Program_B_C03,3,C,1,0
Student_0169,T1_Fall,Program_B_C04,4,B,1,0
Student_0169,T2_Spring,Program_B_C05,3,C,1,0
Student_0169,T2_Spring,Program_B_C06,3,C,1,0
Student_0169,T2_Spring,Program_B_C07,3,B,1,0
Student_0170,T1_Fall,Program_C_C01,3,B,1,0
Student_0171,T1_Fall,Program_C_C01,3,B,1,0
Student_0171,T1_Fall,Program_C_C02,3,B,1,0
Student_0171,T1_Fall,Program_C_C03,3,B,1,0
Student_0172,T1_Fall,Program_A_C01,3,W,0,1
Student_0172,T1_Fall,Program_A_C02,3,B,1,0
Student_0172,T1_Fall,Program_A_C04,4,A,1,0
Student_0172,T1_Fall,Program_A_C05,3,B,1,0
Student_0173,T1_Fall,Program_B_C01,3,F,0,0
Student_0173,T1_Fall,Program_B_C02,3,W,0,1
Student_0174,T1_Fall,Program_A_C01,3,F,0,0
Student_0174,T1_Fall,Program_A_C02,3,C,1,0
Student_0174,T1_Fall,Program_A_C04,4,B,1,0
Student_0174,T1_Fall,Program_A_C05,3,B,1,0
Student_0174,T2_Spring,Program_A_C08,4,F,0,0
Student_0174,T3_Fall,Program_A_C08,4,F,0,0
Student_0174,T2_Spring,Program_A_C09,3,F,0,0
Student_0175,T1_Fall,Program_C_C01,3,B,1,0
Student_0175,T1_Fall,Program_C_C02,3,B,1,0
Student_0175,T1_Fall,Program_C_C03,3,C,1,0
Student_0176,T1_Fall,Program_D_C01,3,C,1,0
Student_0176,T1_Fall,Program_D_C02,3,B,1,0
Student_0176,T1_Fall,Program_D_C03,3,C,1,0
Student_0176,T1_Fall,Program_D_C04,4,C,1,0
Student_0176,T2_Spring,Program_D_C05,3,F,0,0
Student_0176,T3_Fall,Program_D_C05,3,C,1,0
Student_0176,T2_Spring,Program_D_C06,3,C,1,0
Student_0176,T2_Spring,Program_D_C07,3,B,1,0
Student_0176,T2_Spring,Program_D_C08,4,C,1,0
Student_0176,T3_Fall,Program_D_C09,3,F,0,0
Student_0176,T4_Spring,Program_D_C09,3,C,1,0
Student_0176,T3_Fall,Program_D_C10,3,W,0,1
Student_0176,T3_Fall,Program_D_C11,3,C,1,0
Student_0177,T1_Fall,Program_D_C01,3,W,0,1
Student_0177,T2_Spring,Program_D_C01,3,C,1,0
Student_0177,T1_Fall,Program_D_C02,3,C,1,0
Student_0177,T1_Fall,Program_D_C03,3,W,0,1
Student_0177,T2_Spring,Program_D_C03,3,C,1,0
Student_0177,T1_Fall,Program_D_C04,4,C,1,0
Student_0177,T2_Spring,Program_D_C05,3,C,1,0
Student_0177,T2_Spring,Program_D_C06,3,W,0,1
Student_0177,T2_Spring,Program_D_C07,3,C,1,0
Student_0178,T1_Fall,Program_B_C01,3,B,1,0
Student_0178,T1_Fall,Program_B_C02,3,B,1,0
Student_0178,T1_Fall,Program_B_C03,3,F,0,0
Student_0178,T1_Fall,Program_B_C04,4,W,0,1
Student_0178,T2_Spring,Program_B_C04,4,C,1,0
Student_0179,T1_Fall,Program_C_C01,3,B,1,0
Student_0179,T1_Fall,Program_C_C02,3,B,1,0
Student_0180,T1_Fall,Program_A_C01,3,B,1,0
Student_0180,T1_Fall,Program_A_C02,3,B,1,0
Student_0180,T1_Fall,Program_A_C03,3,A,1,0
Student_0180,T1_Fall,Program_A_C04,4,B,1,0
Student_0181,T1_Fall,Program_C_C01,3,B,1,0
Student_0181,T1_Fall,Program_C_C02,3,W,0,1
Student_0181,T1_Fall,Program_C_C03,3,F,0,0
Student_0182,T1_Fall,Program_A_C01,3,B,1,0
Student_0182,T1_Fall,Program_A_C02,3,W,0,1
Student_0182,T2_Spring,Program_A_C02,3,C,1,0
Student_0182,T1_Fall,Program_A_C03,3,F,0,0
Student_0182,T2_Spring,Program_A_C03,3,C,1,0
Student_0182,T1_Fall,Program_A_C04,4,C,1,0
Student_0182,T2_Spring,Program_A_C05,3,B,1,0
Student_0183,T1_Fall,Program_D_C01,3,C,1,0
Student_0183,T1_Fall,Program_D_C02,3,F,0,0
Student_0183,T1_Fall,Program_D_C03,3,C,1,0
Student_0183,T1_Fall,Program_D_C06,3,D,1,0
Student_0184,T1_Fall,Program_B_C01,3,W,0,1
Student_0184,T1_Fall,Program_B_C02,3,F,0,0
Student_0185,T1_Fall,Program_B_C01,3,C,1,0
Student_0185,T1_Fall,Program_B_C02,3,C,1,0
Student_0185,T1_Fall,Program_B_C03,3,B,1,0
Student_0185,T1_Fall,Program_B_C04,4,C,1,0
Student_0185,T2_Spring,Program_B_C05,3,F,0,0
Student_0185,T3_Fall,Program_B_C05,3,C,1,0
Student_0185,T2_Spring,Program_B_C06,3,C,1,0
Student_0186,T1_Fall,Program_A_C01,3,W,0,1
Student_0186,T1_Fall,Program_A_C02,3,F,0,0
Student_0186,T2_Spring,Program_A_C02,3,C,1,0
Student_0187,T1_Fall,Program_D_C01,3,C,1,0
Student_0187,T1_Fall,Program_D_C02,3,F,0,0
Student_0187,T2_Spring,Program_D_C02,3,C,1,0
Student_0187,T1_Fall,Program_D_C03,3,B,1,0
Student_0188,T1_Fall,Program_D_C01,3,B,1,0
Student_0188,T1_Fall,Program_D_C02,3,A,1,0
Student_0188,T1_Fall,Program_D_C03,3,B,1,0
Student_0188,T1_Fall,Program_D_C04,4,B,1,0
Student_0188,T2_Spring,Program_D_C05,3,B,1,0
Student_0188,T2_Spring,Program_D_C06,3,B,1,0
Student_0188,T2_Spring,Program_D_C07,3,B,1,0
Student_0189,T1_Fall,Program_C_C01,3,B,1,0
Student_0189,T1_Fall,Program_C_C02,3,B,1,0
Student_0189,T1_Fall,Program_C_C03,3,C,1,0
Student_0189,T1_Fall,Program_C_C04,4,C,1,0
Student_0189,T2_Spring,Program_C_C05,3,W,0,1
Student_0189,T2_Spring,Program_C_C06,3,C,1,0
Student_0189,T2_Spring,Program_C_C07,3,C,1,0
Student_0189,T2_Spring,Program_C_C08,4,C,1,0
Student_0190,T1_Fall,Program_D_C01,3,F,0,0
Student_0190,T1_Fall,Program_D_C02,3,C,1,0
Student_0190,T1_Fall,Program_D_C04,4,W,0,1
Student_0190,T1_Fall,Program_D_C05,3,C,1,0
Student_0190,T2_Spring,Program_D_C09,3,F,0,0
Student_0190,T3_Fall,Program_D_C09,3,C,1,0
Student_0190,T2_Spring,Program_D_C13,3,C,1,0
Student_0191,T1_Fall,Program_C_C01,3,C,1,0
Student_0191,T1_Fall,Program_C_C02,3,C,1,0
Student_0191,T1_Fall,Program_C_C03,3,F,0,0
Student_0191,T2_Spring,Program_C_C03,3,C,1,0
Student_0191,T1_Fall,Program_C_C04,4,F,0,0
Student_0191,T2_Spring,Program_C_C04,4,C,1,0
Student_0191,T2_Spring,Program_C_C05,3,C,1,0
Student_0191,T2_Spring,Program_C_C06,3,C,1,0
Student_0191,T2_Spring,Program_C_C07,3,B,1,0
Student_0191,T2_Spring,Program_C_C08,4,C,1,0
Student_0191,T3_Fall,Program_C_C09,3,B,1,0
Student_0192,T1_Fall,Program_B_C01,3,W,0,1
Student_0192,T1_Fall,Program_B_C02,3,B,1,0
Student_0192,T1_Fall,Program_B_C04,4,B,1,0
Student_0192,T1_Fall,Program_B_C05,3,C,1,0
Student_0192,T2_Spring,Program_B_C08,4,F,0,0
Student_0192,T3_Fall,Program_B_C08,4,C,1,0
Student_0192,T2_Spring,Program_B_C09,3,B,1,0
Student_0193,T1_Fall,Program_C_C01,3,W,0,1
Student_0193,T2_Spring,Program_C_C01,3,C,1,0
Student_0193,T1_Fall,Program_C_C02,3,B,1,0
Student_0193,T1_Fall,Program_C_C03,3,B,1,0
Student_0193,T1_Fall,Program_C_C04,4,B,1,0
Student_0193,T2_Spring,Program_C_C05,3,B,1,0
Student_0193,T2_Spring,Program_C_C06,3,B,1,0
Student_0193,T2_Spring,Program_C_C07,3,C,1,0
Student_0193,T2_Spring,Program_C_C08,4,B,1,0
Student_0193,T3_Fall,Program_C_C09,3,C,1,0
Student_0194,T1_Fall,Program_A_C01,3,F,0,0
Student_0194,T1_Fall,Program_A_C02,3,B,1,0
Student_0194,T1_Fall,Program_A_C04,4,C,1,0
Student_0194,T1_Fall,Program_A_C05,3,F,0,0
Student_0194,T2_Spring,Program_A_C05,3,C,1,0
Student_0194,T2_Spring,Program_A_C08,4,B,1,0
Student_0194,T2_Spring,Program_A_C09,3,C,1,0
Student_0194,T2_Spring,Program_A_C12,4,C,1,0
Student_0194,T2_Spring,Program_A_C13,3,C,1,0
Student_0194,T3_Fall,Program_A_C16,3,D,1,0
Student_0195,T1_Fall,Program_D_C01,3,B,1,0
Student_0195,T1_Fall,Program_D_C02,3,B,1,0
Student_0195,T1_Fall,Program_D_C03,3,B,1,0
Student_0195,T1_Fall,Program_D_C04,4,F,0,0
Student_0195,T2_Spring,Program_D_C04,4,C,1,0
Student_0195,T2_Spring,Program_D_C05,3,B,1,0
Student_0195,T2_Spring,Program_D_C06,3,A,1,0
Student_0195,T2_Spring,Program_D_C07,3,C,1,0
Student_0195,T2_Spring,Program_D_C08,4,B,1,0
Student_0195,T3_Fall,Program_D_C09,3,B,1,0
Student_0196,T1_Fall,Program_B_C01,3,B,1,0
Student_0196,T1_Fall,Program_B_C02,3,C,1,0
Student_0197,T1_Fall,Program_B_C01,3,B,1,0
Student_0198,T1_Fall,Program_B_C01,3,B,1,0
Student_0199,T1_Fall,Program_A_C01,3,W,0,1
Student_0199,T2_Spring,Program_A_C01,3,C,1,0
Student_0199,T1_Fall,Program_A_C02,3,C,1,0
Student_0199,T1_Fall,Program_A_C03,3,F,0,0
Student_0199,T1_Fall,Program_A_C04,4,F,0,0
Student_0199,T2_Spring,Program_A_C04,4,F,0,0
Student_0199,T2_Spring,Program_A_C05,3,F,0,0
Student_0200,T1_Fall,Program_B_C01,3,W,0,1
Student_0200,T1_Fall,Program_B_C02,3,W,0,1
Student_0200,T2_Spring,Program_B_C02,3,C,1,0
Student_0201,T1_Fall,Program_A_C01,3,W,0,1
Student_0201,T1_Fall,Program_A_C02,3,F,0,0
Student_0202,T1_Fall,Program_A_C01,3,B,1,0
Student_0202,T1_Fall,Program_A_C02,3,D,1,0
Student_0203,T1_Fall,Program_D_C01,3,A,1,0
Student_0203,T1_Fall,Program_D_C02,3,A,1,0
Student_0204,T1_Fall,Program_B_C01,3,W,0,1
Student_0204,T2_Spring,Program_B_C01,3,C,1,0
Student_0204,T1_Fall,Program_B_C02,3,C,1,0
Student_0204,T1_Fall,Program_B_C03,3,B,1,0
Student_0204,T1_Fall,Program_B_C04,4,F,0,0
Student_0204,T2_Spring,Program_B_C05,3,F,0,0
Student_0204,T3_Fall,Program_B_C05,3,C,1,0
Student_0204,T2_Spring,Program_B_C06,3,C,1,0
Student_0205,T1_Fall,Program_D_C01,3,B,1,0
Student_0206,T1_Fall,Program_C_C01,3,W,0,1
Student_0206,T2_Spring,Program_C_C01,3,F,0,0
Student_0206,T1_Fall,Program_C_C02,3,D,1,0
Student_0206,T1_Fall,Program_C_C04,4,W,0,1
Student_0206,T1_Fall,Program_C_C05,3,F,0,0
Student_0206,T2_Spring,Program_C_C05,3,C,1,0
Student_0206,T2_Spring,Program_C_C09,3,F,0,0
Student_0206,T3_Fall,Program_C_C09,3,C,1,0
Student_0207,T1_Fall,Program_D_C01,3,W,0,1
Student_0207,T1_Fall,Program_D_C02,3,C,1,0
Student_0207,T1_Fall,Program_D_C04,4,F,0,0
Student_0207,T2_Spring,Program_D_C04,4,C,1,0
Student_0207,T1_Fall,Program_D_C05,3,F,0,0
Student_0207,T2_Spring,Program_D_C05,3,C,1,0
Student_0208,T1_Fall,Program_A_C01,3,B,1,0
Student_0208,T1_Fall,Program_A_C02,3,B,1,0
Student_0208,T1_Fall,Program_A_C03,3,B,1,0
Student_0208,T1_Fall,Program_A_C04,4,B,1,0
Student_0208,T2_Spring,Program_A_C05,3,B,1,0
Student_0209,T1_Fall,Program_B_C01,3,B,1,0
Student_0209,T1_Fall,Program_B_C02,3,B,1,0
Student_0209,T1_Fall,Program_B_C03,3,B,1,0
Student_0209,T1_Fall,Program_B_C04,4,A,1,0
Student_0209,T2_Spring,Program_B_C05,3,B,1,0
Student_0209,T2_Spring,Program_B_C06,3,B,1,0
Student_0209,T2_Spring,Program_B_C07,3,B,1,0
Student_0210,T1_Fall,Program_A_C01,3,C,1,0
Student_0210,T1_Fall,Program_A_C02,3,C,1,0
Student_0210,T1_Fall,Program_A_C03,3,B,1,0
Student_0211,T1_Fall,Program_B_C01,3,W,0,1
Student_0211,T2_Spring,Program_B_C01,3,C,1,0
Student_0212,T1_Fall,Program_A_C01,3,F,0,0
Student_0212,T1_Fall,Program_A_C02,3,A,1,0
Student_0212,T1_Fall,Program_A_C04,4,B,1,0
Student_0212,T1_Fall,Program_A_C05,3,A,1,0
Student_0212,T2_Spring,Program_A_C08,4,B,1,0
Student_0213,T1_Fall,Program_B_C01,3,B,1,0
Student_0213,T1_Fall,Program_B_C02,3,B,1,0
Student_0213,T1_Fall,Program_B_C03,3,C,1,0
Student_0213,T1_Fall,Program_B_C04,4,C,1,0
Student_0213,T2_Spring,Program_B_C05,3,B,1,0
Student_0214,T1_Fall,Program_D_C01,3,F,0,0
Student_0214,T2_Spring,Program_D_C01,3,C,1,0
Student_0215,T1_Fall,Program_D_C01,3,D,1,0
Student_0215,T1_Fall,Program_D_C02,3,F,0,0
Student_0215,T2_Spring,Program_D_C02,3,C,1,0
Student_0215,T1_Fall,Program_D_C03,3,W,0,1
Student_0215,T2_Spring,Program_D_C03,3,F,0,0
Student_0215,T1_Fall,Program_D_C04,4,C,1,0
Student_0215,T2_Spring,Program_D_C05,3,C,1,0
Student_0215,T2_Spring,Program_D_C08,4,B,1,0
Student_0215,T2_Spring,Program_D_C09,3,F,0,0
Student_0215,T3_Fall,Program_D_C09,3,F,0,0
Student_0215,T2_Spring,Program_D_C12,4,F,0,0
Student_0216,T1_Fall,Program_D_C01,3,B,1,0
Student_0216,T1_Fall,Program_D_C02,3,A,1,0
Student_0216,T1_Fall,Program_D_C03,3,B,1,0
Student_0216,T1_Fall,Program_D_C04,4,A,1,0
Student_0216,T2_Spring,Program_D_C05,3,A,1,0
Student_0216,T2_Spring,Program_D_C06,3,A,1,0
Student_0216,T2_Spring,Program_D_C07,3,A,1,0
Student_0216,T2_Spring,Program_D_C08,4,B,1,0
Student_0216,T3_Fall,Program_D_C09,3,A,1,0
Student_0217,T1_Fall,Program_D_C01,3,B,1,0
Student_0217,T1_Fall,Program_D_C02,3,B,1,0
Student_0217,T1_Fall,Program_D_C03,3,B,1,0
Student_0218,T1_Fall,Program_C_C01,3,C,1,0
Student_0218,T1_Fall,Program_C_C02,3,B,1,0
Student_0218,T1_Fall,Program_C_C03,3,C,1,0
Student_0218,T1_Fall,Program_C_C04,4,C,1,0
Student_0218,T2_Spring,Program_C_C05,3,B,1,0
Student_0218,T2_Spring,Program_C_C06,3,B,1,0
Student_0218,T2_Spring,Program_C_C07,3,B,1,0
Student_0218,T2_Spring,Program_C_C08,4,B,1,0
Student_0218,T3_Fall,Program_C_C09,3,B,1,0
Student_0219,T1_Fall,Program_B_C01,3,B,1,0
Student_0219,T1_Fall,Program_B_C02,3,A,1,0
Student_0219,T1_Fall,Program_B_C03,3,A,1,0
Student_0219,T1_Fall,Program_B_C04,4,A,1,0
Student_0220,T1_Fall,Program_A_C01,3,C,1,0
Student_0220,T1_Fall,Program_A_C02,3,F,0,0
Student_0220,T1_Fall,Program_A_C03,3,W,0,1
Student_0221,T1_Fall,Program_C_C01,3,C,1,0
Student_0221,T1_Fall,Program_C_C02,3,F,0,0
Student_0221,T2_Spring,Program_C_C02,3,C,1,0
Student_0221,T1_Fall,Program_C_C03,3,B,1,0
Student_0221,T1_Fall,Program_C_C04,4,B,1,0
Student_0221,T2_Spring,Program_C_C05,3,C,1,0
Student_0222,T1_Fall,Program_A_C01,3,F,0,0
Student_0222,T1_Fall,Program_A_C02,3,B,1,0
Student_0223,T1_Fall,Program_C_C01,3,B,1,0
Student_0224,T1_Fall,Program_A_C01,3,B,1,0
Student_0224,T1_Fall,Program_A_C02,3,B,1,0
Student_0225,T1_Fall,Program_D_C01,3,W,0,1
Student_0225,T2_Spring,Program_D_C01,3,F,0,0
Student_0225,T1_Fall,Program_D_C02,3,B,1,0
Student_0225,T1_Fall,Program_D_C04,4,B,1,0
Student_0225,T1_Fall,Program_D_C05,3,C,1,0
Student_0225,T2_Spring,Program_D_C08,4,B,1,0
Student_0225,T2_Spring,Program_D_C09,3,W,0,1
Student_0225,T3_Fall,Program_D_C09,3,C,1,0
Student_0225,T2_Spring,Program_D_C12,4,C,1,0
Student_0226,T1_Fall,Program_C_C01,3,B,1,0
Student_0226,T1_Fall,Program_C_C02,3,B,1,0
Student_0226,T1_Fall,Program_C_C03,3,A,1,0
Student_0226,T1_Fall,Program_C_C04,4,B,1,0
Student_0226,T2_Spring,Program_C_C05,3,A,1,0
Student_0226,T2_Spring,Program_C_C06,3,B,1,0
Student_0226,T2_Spring,Program_C_C07,3,B,1,0
Student_0226,T2_Spring,Program_C_C08,4,B,1,0
Student_0226,T3_Fall,Program_C_C09,3,B,1,0
Student_0226,T3_Fall,Program_C_C10,3,B,1,0
Student_0227,T1_Fall,Program_A_C01,3,C,1,0
Student_0228,T1_Fall,Program_A_C01,3,C,1,0
Student_0228,T1_Fall,Program_A_C02,3,W,0,1
Student_0228,T2_Spring,Program_A_C02,3,C,1,0
Student_0228,T1_Fall,Program_A_C03,3,B,1,0
Student_0228,T1_Fall,Program_A_C04,4,B,1,0
Student_0228,T2_Spring,Program_A_C05,3,W,0,1
Student_0228,T2_Spring,Program_A_C06,3,C,1,0
Student_0228,T2_Spring,Program_A_C07,3,F,0,0
Student_0228,T3_Fall,Program_A_C07,3,C,1,0
Student_0228,T2_Spring,Program_A_C08,4,W,0,1
Student_0228,T3_Fall,Program_A_C08,4,C,1,0
Student_0228,T3_Fall,Program_A_C10,3,C,1,0
Student_0228,T3_Fall,Program_A_C11,3,B,1,0
Student_0228,T3_Fall,Program_A_C12,4,B,1,0
Student_0228,T3_Fall,Program_A_C14,3,F,0,0
Student_0228,T4_Spring,Program_A_C15,3,B,1,0
Student_0228,T4_Spring,Program_A_C16,3,B,1,0
Student_0229,T1_Fall,Program_A_C01,3,B,1,0
Student_0229,T1_Fall,Program_A_C02,3,B,1,0
Student_0229,T1_Fall,Program_A_C03,3,F,0,0
Student_0229,T1_Fall,Program_A_C04,4,C,1,0
Student_0229,T2_Spring,Program_A_C05,3,B,1,0
Student_0229,T2_Spring,Program_A_C08,4,C,1,0
Student_0229,T2_Spring,Program_A_C09,3,B,1,0
Student_0229,T2_Spring,Program_A_C12,4,C,1,0
Student_0229,T3_Fall,Program_A_C13,3,C,1,0
Student_0229,T3_Fall,Program_A_C16,3,C,1,0
Student_0230,T1_Fall,Program_A_C01,3,W,0,1
Student_0230,T1_Fall,Program_A_C02,3,B,1,0
Student_0230,T1_Fall,Program_A_C04,4,B,1,0
Student_0230,T1_Fall,Program_A_C05,3,C,1,0
Student_0231,T1_Fall,Program_C_C01,3,C,1,0
Student_0231,T1_Fall,Program_C_C02,3,C,1,0
Student_0231,T1_Fall,Program_C_C03,3,B,1,0
Student_0231,T1_Fall,Program_C_C04,4,B,1,0
Student_0231,T2_Spring,Program_C_C05,3,B,1,0
Student_0231,T2_Spring,Program_C_C06,3,B,1,0
Student_0231,T2_Spring,Program_C_C07,3,B,1,0
Student_0231,T2_Spring,Program_C_C08,4,B,1,0
Student_0231,T3_Fall,Program_C_C09,3,C,1,0
Student_0231,T3_Fall,Program_C_C10,3,C,1,0
Student_0231,T3_Fall,Program_C_C11,3,B,1,0
Student_0232,T1_Fall,Program_D_C01,3,B,1,0
Student_0232,T1_Fall,Program_D_C02,3,C,1,0
Student_0232,T1_Fall,Program_D_C03,3,B,1,0
Student_0232,T1_Fall,Program_D_C04,4,F,0,0
Student_0232,T2_Spring,Program_D_C04,4,C,1,0
Student_0232,T2_Spring,Program_D_C05,3,B,1,0
Student_0232,T2_Spring,Program_D_C06,3,F,0,0
Student_0232,T2_Spring,Program_D_C07,3,A,1,0
Student_0232,T2_Spring,Program_D_C08,4,B,1,0
Student_0232,T3_Fall,Program_D_C09,3,B,1,0
Student_0232,T3_Fall,Program_D_C11,3,W,0,1
Student_0232,T3_Fall,Program_D_C12,4,B,1,0
Student_0233,T1_Fall,Program_D_C01,3,B,1,0
Student_0234,T1_Fall,Program_D_C01,3,F,0,0
Student_0234,T1_Fall,Program_D_C02,3,A,1,0
Student_0235,T1_Fall,Program_A_C01,3,C,1,0
Student_0235,T1_Fall,Program_A_C02,3,D,1,0
Student_0235,T1_Fall,Program_A_C03,3,F,0,0
Student_0235,T1_Fall,Program_A_C04,4,W,0,1
Student_0235,T2_Spring,Program_A_C04,4,C,1,0
Student_0236,T1_Fall,Program_C_C01,3,B,1,0
Student_0236,T1_Fall,Program_C_C02,3,W,0,1
Student_0236,T2_Spring,Program_C_C02,3,C,1,0
Student_0236,T1_Fall,Program_C_C03,3,B,1,0
Student_0236,T1_Fall,Program_C_C04,4,W,0,1
Student_0236,T2_Spring,Program_C_C05,3,C,1,0
Student_0236,T2_Spring,Program_C_C06,3,B,1,0
Student_0236,T2_Spring,Program_C_C07,3,B,1,0
Student_0236,T2_Spring,Program_C_C09,3,B,1,0
Student_0236,T3_Fall,Program_C_C10,3,C,1,0
Student_0236,T3_Fall,Program_C_C11,3,F,0,0
Student_0236,T4_Spring,Program_C_C11,3,C,1,0
Student_0236,T3_Fall,Program_C_C13,3,B,1,0
Student_0236,T3_Fall,Program_C_C14,3,B,1,0
Student_0236,T4_Spring,Program_C_C15,3,F,0,0
Student_0236,T4_Spring,Program_C_C15,3,C,1,0
Student_0237,T1_Fall,Program_B_C01,3,F,0,0
Student_0237,T1_Fall,Program_B_C02,3,F,0,0
Student_0237,T2_Spring,Program_B_C02,3,C,1,0
Student_0237,T1_Fall,Program_B_C04,4,F,0,0
Student_0237,T2_Spring,Program_B_C04,4,F,0,0
Student_0237,T1_Fall,Program_B_C05,3,F,0,0
Student_0238,T1_Fall,Program_A_C01,3,C,1,0
Student_0238,T1_Fall,Program_A_C02,3,F,0,0
Student_0238,T2_Spring,Program_A_C02,3,F,0,0
Student_0238,T1_Fall,Program_A_C03,3,D,1,0
Student_0239,T1_Fall,Program_C_C01,3,B,1,0
Student_0239,T1_Fall,Program_C_C02,3,B,1,0
Student_0239,T1_Fall,Program_C_C03,3,B,1,0
Student_0239,T1_Fall,Program_C_C04,4,B,1,0
Student_0239,T2_Spring,Program_C_C05,3,C,1,0
Student_0239,T2_Spring,Program_C_C06,3,B,1,0
Student_0239,T2_Spring,Program_C_C07,3,C,1,0
Student_0239,T2_Spring,Program_C_C08,4,C,1,0
Student_0239,T3_Fall,Program_C_C09,3,W,0,1
Student_0239,T4_Spring,Program_C_C09,3,C,1,0
Student_0240,T1_Fall,Program_B_C01,3,F,0,0
Student_0240,T2_Spring,Program_B_C01,3,C,1,0
Student_0241,T1_Fall,Program_A_C01,3,B,1,0
Student_0241,T1_Fall,Program_A_C02,3,B,1,0
Student_0241,T1_Fall,Program_A_C03,3,C,1,0
Student_0241,T1_Fall,Program_A_C04,4,C,1,0
Student_0241,T2_Spring,Program_A_C05,3,F,0,0
Student_0241,T2_Spring,Program_A_C06,3,B,1,0
Student_0241,T2_Spring,Program_A_C07,3,B,1,0
Student_0241,T2_Spring,Program_A_C08,4,B,1,0
Student_0241,T3_Fall,Program_A_C10,3,C,1,0
Student_0241,T3_Fall,Program_A_C11,3,B,1,0
Student_0242,T1_Fall,Program_A_C01,3,D,1,0
Student_0242,T1_Fall,Program_A_C02,3,W,0,1
Student_0242,T2_Spring,Program_A_C02,3,F,0,0
Student_0242,T1_Fall,Program_A_C03,3,F,0,0
Student_0243,T1_Fall,Program_D_C01,3,B,1,0
Student_0244,T1_Fall,Program_A_C01,3,C,1,0
Student_0244,T1_Fall,Program_A_C02,3,C,1,0
Student_0244,T1_Fall,Program_A_C03,3,B,1,0
Student_0244,T1_Fall,Program_A_C04,4,W,0,1
Student_0244,T2_Spring,Program_A_C04,4,C,1,0
Student_0244,T2_Spring,Program_A_C05,3,F,0,0
Student_0244,T3_Fall,Program_A_C05,3,C,1,0
Student_0244,T2_Spring,Program_A_C06,3,F,0,0
Student_0244,T2_Spring,Program_A_C07,3,C,1,0
Student_0244,T2_Spring,Program_A_C08,4,W,0,1
Student_0244,T3_Fall,Program_A_C08,4,C,1,0
Student_0244,T3_Fall,Program_A_C09,3,F,0,0
Student_0244,T4_Spring,Program_A_C09,3,C,1,0
Student_0244,T3_Fall,Program_A_C11,3,C,1,0
Student_0245,T1_Fall,Program_C_C01,3,F,0,0
Student_0245,T1_Fall,Program_C_C02,3,F,0,0
Student_0246,T1_Fall,Program_B_C01,3,F,0,0
Student_0246,T1_Fall,Program_B_C02,3,W,0,1
Student_0246,T2_Spring,Program_B_C02,3,F,0,0
Student_0247,T1_Fall,Program_D_C01,3,D,1,0
Student_0247,T1_Fall,Program_D_C02,3,C,1,0
Student_0247,T1_Fall,Program_D_C03,3,A,1,0
Student_0247,T1_Fall,Program_D_C04,4,B,1,0
Student_0247,T2_Spring,Program_D_C05,3,C,1,0
Student_0247,T2_Spring,Program_D_C06,3,B,1,0
Student_0247,T2_Spring,Program_D_C07,3,B,1,0
Student_0247,T2_Spring,Program_D_C08,4,C,1,0
Student_0247,T3_Fall,Program_D_C09,3,B,1,0
Student_0247,T3_Fall,Program_D_C10,3,B,1,0
Student_0247,T3_Fall,Program_D_C11,3,F,0,0
Student_0247,T4_Spring,Program_D_C11,3,C,1,0
Student_0248,T1_Fall,Program_A_C01,3,A,1,0
Student_0248,T1_Fall,Program_A_C02,3,B,1,0
Student_0248,T1_Fall,Program_A_C03,3,B,1,0
Student_0248,T1_Fall,Program_A_C04,4,A,1,0
Student_0248,T2_Spring,Program_A_C05,3,B,1,0
Student_0248,T2_Spring,Program_A_C06,3,A,1,0
Student_0248,T2_Spring,Program_A_C07,3,A,1,0
Student_0248,T2_Spring,Program_A_C08,4,C,1,0
Student_0248,T3_Fall,Program_A_C09,3,A,1,0
Student_0248,T3_Fall,Program_A_C10,3,B,1,0
Student_0249,T1_Fall,Program_C_C01,3,A,1,0
Student_0249,T1_Fall,Program_C_C02,3,A,1,0
Student_0249,T1_Fall,Program_C_C03,3,A,1,0
Student_0250,T1_Fall,Program_C_C01,3,C,1,0
Student_0250,T1_Fall,Program_C_C02,3,F,0,0
Student_0250,T2_Spring,Program_C_C02,3,C,1,0
Student_0250,T1_Fall,Program_C_C03,3,B,1,0
Student_0250,T1_Fall,Program_C_C04,4,F,0,0
Student_0250,T2_Spring,Program_C_C04,4,C,1,0
Student_0250,T2_Spring,Program_C_C05,3,C,1,0
Student_0251,T1_Fall,Program_B_C01,3,B,1,0
Student_0251,T1_Fall,Program_B_C02,3,B,1,0
Student_0251,T1_Fall,Program_B_C03,3,B,1,0
Student_0251,T1_Fall,Program_B_C04,4,B,1,0
Student_0251,T2_Spring,Program_B_C05,3,B,1,0
Student_0251,T2_Spring,Program_B_C06,3,F,0,0
Student_0251,T2_Spring,Program_B_C07,3,B,1,0
Student_0251,T2_Spring,Program_B_C08,4,C,1,0
Student_0251,T3_Fall,Program_B_C09,3,B,1,0
Student_0252,T1_Fall,Program_B_C01,3,W,0,1
Student_0252,T1_Fall,Program_B_C02,3,C,1,0
Student_0252,T1_Fall,Program_B_C04,4,W,0,1
Student_0252,T2_Spring,Program_B_C04,4,C,1,0
Student_0252,T1_Fall,Program_B_C05,3,F,0,0
Student_0252,T2_Spring,Program_B_C08,4,W,0,1
Student_0252,T3_Fall,Program_B_C08,4,F,0,0
Student_0253,T1_Fall,Program_D_C01,3,B,1,0
Student_0253,T1_Fall,Program_D_C02,3,B,1,0
Student_0253,T1_Fall,Program_D_C03,3,B,1,0
Student_0253,T1_Fall,Program_D_C04,4,W,0,1
Student_0253,T2_Spring,Program_D_C05,3,B,1,0
Student_0253,T2_Spring,Program_D_C06,3,B,1,0
Student_0253,T2_Spring,Program_D_C07,3,F,0,0
Student_0253,T2_Spring,Program_D_C09,3,B,1,0
Student_0253,T3_Fall,Program_D_C10,3,B,1,0
Student_0253,T3_Fall,Program_D_C13,3,C,1,0
Student_0253,T3_Fall,Program_D_C14,3,B,1,0
Student_0254,T1_Fall,Program_B_C01,3,C,1,0
Student_0254,T1_Fall,Program_B_C02,3,B,1,0
Student_0254,T1_Fall,Program_B_C03,3,B,1,0
Student_0254,T1_Fall,Program_B_C04,4,C,1,0
Student_0254,T2_Spring,Program_B_C05,3,F,0,0
Student_0254,T2_Spring,Program_B_C06,3,C,1,0
Student_0255,T1_Fall,Program_A_C01,3,D,1,0
Student_0255,T1_Fall,Program_A_C02,3,C,1,0
Student_0255,T1_Fall,Program_A_C03,3,F,0,0
Student_0255,T1_Fall,Program_A_C04,4,C,1,0
Student_0255,T2_Spring,Program_A_C05,3,B,1,0
Student_0255,T2_Spring,Program_A_C08,4,C,1,0
Student_0255,T2_Spring,Program_A_C09,3,B,1,0
Student_0255,T2_Spring,Program_A_C12,4,F,0,0
Student_0255,T3_Fall,Program_A_C12,4,C,1,0
Student_0255,T3_Fall,Program_A_C13,3,F,0,0
Student_0255,T4_Spring,Program_A_C13,3,F,0,0
Student_0255,T3_Fall,Program_A_C16,3,F,0,0
Student_0256,T1_Fall,Program_B_C01,3,C,1,0
Student_0256,T1_Fall,Program_B_C02,3,C,1,0
Student_0256,T1_Fall,Program_B_C03,3,F,0,0
Student_0256,T1_Fall,Program_B_C04,4,B,1,0
Student_0256,T2_Spring,Program_B_C05,3,B,1,0
Student_0256,T2_Spring,Program_B_C08,4,C,1,0
Student_0256,T2_Spring,Program_B_C09,3,C,1,0
Student_0256,T2_Spring,Program_B_C12,4,F,0,0
Student_0256,T3_Fall,Program_B_C13,3,W,0,1
Student_0256,T4_Spring,Program_B_C13,3,C,1,0
Student_0257,T1_Fall,Program_B_C01,3,F,0,0
Student_0257,T2_Spring,Program_B_C01,3,F,0,0
Student_0257,T1_Fall,Program_B_C02,3,F,0,0
Student_0257,T2_Spring,Program_B_C02,3,C,1,0
Student_0257,T1_Fall,Program_B_C04,4,B,1,0
Student_0257,T1_Fall,Program_B_C05,3,F,0,0
Student_0257,T2_Spring,Program_B_C08,4,W,0,1
Student_0258,T1_Fall,Program_D_C01,3,F,0,0
Student_0258,T1_Fall,Program_D_C02,3,B,1,0
Student_0258,T1_Fall,Program_D_C04,4,B,1,0
Student_0259,T1_Fall,Program_C_C01,3,B,1,0
Student_0259,T1_Fall,Program_C_C02,3,B,1,0
Student_0259,T1_Fall,Program_C_C03,3,B,1,0
Student_0259,T1_Fall,Program_C_C04,4,C,1,0
Student_0259,T2_Spring,Program_C_C05,3,F,0,0
Student_0259,T2_Spring,Program_C_C06,3,W,0,1
Student_0259,T2_Spring,Program_C_C07,3,B,1,0
Student_0259,T2_Spring,Program_C_C08,4,C,1,0
Student_0259,T3_Fall,Program_C_C11,3,B,1,0
Student_0259,T3_Fall,Program_C_C12,4,C,1,0
Student_0260,T1_Fall,Program_C_C01,3,B,1,0
Student_0260,T1_Fall,Program_C_C02,3,A,1,0
Student_0261,T1_Fall,Program_A_C01,3,C,1,0
Student_0261,T1_Fall,Program_A_C02,3,C,1,0
Student_0261,T1_Fall,Program_A_C03,3,W,0,1
Student_0261,T1_Fall,Program_A_C04,4,W,0,1
Student_0261,T2_Spring,Program_A_C04,4,C,1,0
Student_0261,T2_Spring,Program_A_C05,3,W,0,1
Student_0261,T2_Spring,Program_A_C08,4,B,1,0
Student_0261,T2_Spring,Program_A_C12,4,C,1,0
Student_0261,T2_Spring,Program_A_C16,3,B,1,0
Student_0262,T1_Fall,Program_A_C01,3,B,1,0
Student_0262,T1_Fall,Program_A_C02,3,B,1,0
Student_0262,T1_Fall,Program_A_C03,3,B,1,0
Student_0263,T1_Fall,Program_A_C01,3,C,1,0
Student_0263,T1_Fall,Program_A_C02,3,C,1,0
Student_0263,T1_Fall,Program_A_C03,3,C,1,0
Student_0264,T1_Fall,Program_D_C01,3,F,0,0
Student_0264,T1_Fall,Program_D_C02,3,B,1,0
Student_0265,T1_Fall,Program_C_C01,3,B,1,0
Student_0265,T1_Fall,Program_C_C02,3,B,1,0
Student_0265,T1_Fall,Program_C_C03,3,C,1,0
Student_0265,T1_Fall,Program_C_C04,4,F,0,0
Student_0265,T2_Spring,Program_C_C05,3,C,1,0
Student_0265,T2_Spring,Program_C_C06,3,B,1,0
Student_0265,T2_Spring,Program_C_C07,3,B,1,0
Student_0266,T1_Fall,Program_B_C01,3,B,1,0
Student_0267,T1_Fall,Program_A_C01,3,F,0,0
Student_0267,T2_Spring,Program_A_C01,3,C,1,0
Student_0267,T1_Fall,Program_A_C02,3,C,1,0
Student_0267,T1_Fall,Program_A_C03,3,A,1,0
Student_0268,T1_Fall,Program_B_C01,3,F,0,0
Student_0268,T2_Spring,Program_B_C01,3,C,1,0
Student_0268,T1_Fall,Program_B_C02,3,C,1,0
Student_0268,T1_Fall,Program_B_C03,3,C,1,0
Student_0268,T1_Fall,Program_B_C04,4,B,1,0
Student_0269,T1_Fall,Program_A_C01,3,F,0,0
Student_0269,T2_Spring,Program_A_C01,3,C,1,0
Student_0269,T1_Fall,Program_A_C02,3,F,0,0
Student_0269,T2_Spring,Program_A_C02,3,C,1,0
Student_0269,T1_Fall,Program_A_C03,3,W,0,1
Student_0269,T2_Spring,Program_A_C03,3,F,0,0
Student_0269,T1_Fall,Program_A_C04,4,D,1,0
Student_0269,T2_Spring,Program_A_C05,3,C,1,0
Student_0269,T2_Spring,Program_A_C08,4,W,0,1
Student_0269,T3_Fall,Program_A_C08,4,C,1,0
Student_0269,T2_Spring,Program_A_C09,3,C,1,0
Student_0270,T1_Fall,Program_B_C01,3,W,0,1
Student_0270,T2_Spring,Program_B_C01,3,C,1,0
Student_0270,T1_Fall,Program_B_C02,3,C,1,0
Student_0270,T1_Fall,Program_B_C03,3,C,1,0
Student_0270,T1_Fall,Program_B_C04,4,W,0,1
Student_0270,T2_Spring,Program_B_C04,4,C,1,0
Student_0270,T2_Spring,Program_B_C05,3,D,1,0
Student_0270,T2_Spring,Program_B_C06,3,C,1,0
Student_0270,T2_Spring,Program_B_C07,3,F,0,0
Student_0270,T3_Fall,Program_B_C07,3,F,0,0
Student_0270,T2_Spring,Program_B_C08,4,W,0,1
Student_0270,T3_Fall,Program_B_C08,4,F,0,0
Student_0270,T3_Fall,Program_B_C09,3,F,0,0
Student_0270,T4_Spring,Program_B_C09,3,C,1,0
Student_0270,T3_Fall,Program_B_C10,3,C,1,0
Student_0271,T1_Fall,Program_A_C01,3,B,1,0
Student_0271,T1_Fall,Program_A_C02,3,F,0,0
Student_0271,T1_Fall,Program_A_C03,3,W,0,1
Student_0272,T1_Fall,Program_C_C01,3,C,1,0
Student_0272,T1_Fall,Program_C_C02,3,C,1,0
Student_0272,T1_Fall,Program_C_C03,3,W,0,1
Student_0272,T1_Fall,Program_C_C04,4,W,0,1
Student_0272,T2_Spring,Program_C_C05,3,W,0,1
Student_0273,T1_Fall,Program_D_C01,3,B,1,0
Student_0273,T1_Fall,Program_D_C02,3,B,1,0
Student_0273,T1_Fall,Program_D_C03,3,A,1,0
Student_0273,T1_Fall,Program_D_C04,4,A,1,0
Student_0273,T2_Spring,Program_D_C05,3,B,1,0
Student_0274,T1_Fall,Program_C_C01,3,C,1,0
Student_0274,T1_Fall,Program_C_C02,3,B,1,0
Student_0274,T1_Fall,Program_C_C03,3,B,1,0
Student_0274,T1_Fall,Program_C_C04,4,C,1,0
Student_0274,T2_Spring,Program_C_C05,3,W,0,1
Student_0274,T2_Spring,Program_C_C06,3,B,1,0
Student_0274,T2_Spring,Program_C_C07,3,B,1,0
Student_0274,T2_Spring,Program_C_C08,4,B,1,0
Student_0274,T3_Fall,Program_C_C10,3,C,1,0
Student_0274,T3_Fall,Program_C_C11,3,B,1,0
Student_0274,T3_Fall,Program_C_C12,4,B,1,0
Student_0275,T1_Fall,Program_C_C01,3,B,1,0
Student_0275,T1_Fall,Program_C_C02,3,B,1,0
Student_0275,T1_Fall,Program_C_C03,3,B,1,0
Student_0275,T1_Fall,Program_C_C04,4,C,1,0
Student_0275,T2_Spring,Program_C_C05,3,B,1,0
Student_0275,T2_Spring,Program_C_C06,3,C,1,0
Student_0276,T1_Fall,Program_C_C01,3,C,1,0
Student_0276,T1_Fall,Program_C_C02,3,C,1,0
Student_0276,T1_Fall,Program_C_C03,3,A,1,0
Student_0276,T1_Fall,Program_C_C04,4,A,1,0
Student_0276,T2_Spring,Program_C_C05,3,A,1,0
Student_0277,T1_Fall,Program_C_C01,3,F,0,0
Student_0277,T2_Spring,Program_C_C01,3,C,1,0
Student_0277,T1_Fall,Program_C_C02,3,F,0,0
Student_0277,T2_Spring,Program_C_C02,3,C,1,0
Student_0277,T1_Fall,Program_C_C03,3,D,1,0
Student_0277,T1_Fall,Program_C_C04,4,W,0,1
Student_0277,T2_Spring,Program_C_C04,4,C,1,0
Student_0277,T2_Spring,Program_C_C05,3,F,0,0
Student_0277,T3_Fall,Program_C_C05,3,F,0,0
Student_0277,T2_Spring,Program_C_C06,3,W,0,1
Student_0277,T3_Fall,Program_C_C06,3,C,1,0
Student_0277,T2_Spring,Program_C_C07,3,F,0,0
Student_0277,T2_Spring,Program_C_C08,4,C,1,0
Student_0277,T3_Fall,Program_C_C10,3,W,0,1
Student_0277,T3_Fall,Program_C_C12,4,W,0,1
Student_0277,T4_Spring,Program_C_C12,4,C,1,0
Student_0277,T3_Fall,Program_C_C16,3,F,0,0
Student_0278,T1_Fall,Program_A_C01,3,B,1,0
Student_0278,T1_Fall,Program_A_C02,3,B,1,0
Student_0278,T1_Fall,Program_A_C03,3,F,0,0
Student_0278,T2_Spring,Program_A_C03,3,C,1,0
Student_0279,T1_Fall,Program_C_C01,3,B,1,0
Student_0279,T1_Fall,Program_C_C02,3,B,1,0
Student_0279,T1_Fall,Program_C_C03,3,B,1,0
Student_0279,T1_Fall,Program_C_C04,4,C,1,0
Student_0279,T2_Spring,Program_C_C05,3,B,1,0
Student_0279,T2_Spring,Program_C_C06,3,F,0,0
Student_0279,T2_Spring,Program_C_C07,3,A,1,0
Student_0279,T2_Spring,Program_C_C08,4,C,1,0
Student_0279,T3_Fall,Program_C_C09,3,W,0,1
Student_0279,T4_Spring,Program_C_C09,3,C,1,0
Student_0279,T3_Fall,Program_C_C11,3,B,1,0
Student_0280,T1_Fall,Program_A_C01,3,C,1,0
Student_0280,T1_Fall,Program_A_C02,3,F,0,0
Student_0280,T1_Fall,Program_A_C03,3,C,1,0
Student_0280,T1_Fall,Program_A_C06,3,F,0,0
Student_0280,T2_Spring,Program_A_C06,3,C,1,0
Student_0281,T1_Fall,Program_B_C01,3,C,1,0
Student_0281,T1_Fall,Program_B_C02,3,B,1,0
Student_0281,T1_Fall,Program_B_C03,3,C,1,0
Student_0281,T1_Fall,Program_B_C04,4,C,1,0
Student_0281,T2_Spring,Program_B_C05,3,C,1,0
Student_0281,T2_Spring,Program_B_C06,3,C,1,0
Student_0281,T2_Spring,Program_B_C07,3,F,0,0
Student_0281,T2_Spring,Program_B_C08,4,C,1,0
Student_0281,T3_Fall,Program_B_C09,3,F,0,0
Student_0281,T4_Spring,Program_B_C09,3,C,1,0
Student_0281,T3_Fall,Program_B_C10,3,B,1,0
Student_0282,T1_Fall,Program_C_C01,3,B,1,0
Student_0282,T1_Fall,Program_C_C02,3,B,1,0
Student_0282,T1_Fall,Program_C_C03,3,B,1,0
Student_0282,T1_Fall,Program_C_C04,4,C,1,0
Student_0282,T2_Spring,Program_C_C05,3,A,1,0
Student_0282,T2_Spring,Program_C_C06,3,C,1,0
Student_0282,T2_Spring,Program_C_C07,3,C,1,0
Student_0283,T1_Fall,Program_C_C01,3,B,1,0
Student_0283,T1_Fall,Program_C_C02,3,C,1,0
Student_0283,T1_Fall,Program_C_C03,3,C,1,0
Student_0283,T1_Fall,Program_C_C04,4,F,0,0
Student_0283,T2_Spring,Program_C_C04,4,C,1,0
Student_0283,T2_Spring,Program_C_C05,3,W,0,1
Student_0283,T3_Fall,Program_C_C05,3,C,1,0
Student_0283,T2_Spring,Program_C_C06,3,F,0,0
Student_0283,T3_Fall,Program_C_C06,3,C,1,0
Student_0284,T1_Fall,Program_D_C01,3,W,0,1
Student_0284,T2_Spring,Program_D_C01,3,C,1,0
Student_0284,T1_Fall,Program_D_C02,3,W,0,1
Student_0284,T1_Fall,Program_D_C03,3,F,0,0
Student_0285,T1_Fall,Program_C_C01,3,F,0,0
Student_0285,T2_Spring,Program_C_C01,3,C,1,0
Student_0285,T1_Fall,Program_C_C02,3,W,0,1
Student_0285,T2_Spring,Program_C_C02,3,C,1,0
Student_0285,T1_Fall,Program_C_C03,3,C,1,0
Student_0285,T1_Fall,Program_C_C04,4,C,1,0
Student_0285,T2_Spring,Program_C_C05,3,W,0,1
Student_0285,T3_Fall,Program_C_C05,3,C,1,0
Student_0285,T2_Spring,Program_C_C06,3,B,1,0
Student_0285,T2_Spring,Program_C_C07,3,F,0,0
Student_0285,T3_Fall,Program_C_C07,3,C,1,0
Student_0285,T2_Spring,Program_C_C08,4,W,0,1
Student_0285,T3_Fall,Program_C_C08,4,C,1,0
Student_0285,T3_Fall,Program_C_C09,3,B,1,0
Student_0285,T3_Fall,Program_C_C10,3,C,1,0
Student_0285,T3_Fall,Program_C_C11,3,W,0,1
Student_0285,T3_Fall,Program_C_C12,4,D,1,0
Student_0285,T4_Spring,Program_C_C13,3,C,1,0
Student_0286,T1_Fall,Program_D_C01,3,W,0,1
Student_0286,T1_Fall,Program_D_C02,3,A,1,0
Student_0286,T1_Fall,Program_D_C04,4,B,1,0
Student_0286,T1_Fall,Program_D_C05,3,C,1,0
Student_0286,T2_Spring,Program_D_C08,4,F,0,0
Student_0286,T2_Spring,Program_D_C09,3,B,1,0
Student_0286,T2_Spring,Program_D_C13,3,C,1,0
Student_0287,T1_Fall,Program_C_C01,3,F,0,0
Student_0287,T2_Spring,Program_C_C01,3,C,1,0
Student_0287,T1_Fall,Program_C_C02,3,F,0,0
Student_0287,T2_Spring,Program_C_C02,3,C,1,0
Student_0287,T1_Fall,Program_C_C03,3,C,1,0
Student_0288,T1_Fall,Program_A_C01,3,B,1,0
Student_0288,T1_Fall,Program_A_C02,3,B,1,0
Student_0288,T1_Fall,Program_A_C03,3,B,1,0
Student_0288,T1_Fall,Program_A_C04,4,W,0,1
Student_0288,T2_Spring,Program_A_C05,3,A,1,0
Student_0288,T2_Spring,Program_A_C06,3,C,1,0
Student_0288,T2_Spring,Program_A_C07,3,F,0,0
Student_0288,T2_Spring,Program_A_C09,3,F,0,0
Student_0288,T3_Fall,Program_A_C10,3,C,1,0
Student_0288,T3_Fall,Program_A_C14,3,B,1,0
Student_0289,T1_Fall,Program_D_C01,3,F,0,0
Student_0289,T1_Fall,Program_D_C02,3,C,1,0
Student_0289,T1_Fall,Program_D_C04,4,C,1,0
Student_0289,T1_Fall,Program_D_C05,3,C,1,0
Student_0289,T2_Spring,Program_D_C08,4,W,0,1
Student_0289,T3_Fall,Program_D_C08,4,C,1,0
Student_0289,T2_Spring,Program_D_C09,3,F,0,0
Student_0289,T3_Fall,Program_D_C09,3,C,1,0
Student_0289,T2_Spring,Program_D_C12,4,C,1,0
Student_0289,T2_Spring,Program_D_C13,3,W,0,1
Student_0289,T3_Fall,Program_D_C13,3,C,1,0
Student_0289,T3_Fall,Program_D_C16,3,C,1,0
Student_0290,T1_Fall,Program_A_C01,3,C,1,0
Student_0291,T1_Fall,Program_B_C01,3,C,1,0
Student_0291,T1_Fall,Program_B_C02,3,C,1,0
Student_0291,T1_Fall,Program_B_C03,3,C,1,0
Student_0291,T1_Fall,Program_B_C04,4,F,0,0
Student_0291,T2_Spring,Program_B_C05,3,C,1,0
Student_0291,T2_Spring,Program_B_C06,3,F,0,0
Student_0291,T2_Spring,Program_B_C07,3,W,0,1
Student_0291,T3_Fall,Program_B_C07,3,C,1,0
Student_0291,T2_Spring,Program_B_C09,3,C,1,0
Student_0291,T3_Fall,Program_B_C11,3,C,1,0
Student_0291,T3_Fall,Program_B_C13,3,C,1,0
Student_0291,T3_Fall,Program_B_C15,3,W,0,1
Student_0291,T4_Spring,Program_B_C15,3,C,1,0
Student_0292,T1_Fall,Program_C_C01,3,B,1,0
Student_0292,T1_Fall,Program_C_C02,3,B,1,0
Student_0293,T1_Fall,Program_C_C01,3,D,1,0
Student_0293,T1_Fall,Program_C_C02,3,F,0,0
Student_0293,T2_Spring,Program_C_C02,3,C,1,0
Student_0293,T1_Fall,Program_C_C03,3,W,0,1
Student_0293,T2_Spring,Program_C_C03,3,F,0,0
Student_0293,T1_Fall,Program_C_C04,4,F,0,0
Student_0293,T2_Spring,Program_C_C05,3,W,0,1
Student_0294,T1_Fall,Program_C_C01,3,F,0,0
Student_0294,T2_Spring,Program_C_C01,3,F,0,0
Student_0294,T1_Fall,Program_C_C02,3,C,1,0
Student_0294,T1_Fall,Program_C_C04,4,B,1,0
Student_0294,T1_Fall,Program_C_C05,3,B,1,0
Student_0294,T2_Spring,Program_C_C08,4,B,1,0
Student_0294,T2_Spring,Program_C_C09,3,B,1,0
Student_0294,T2_Spring,Program_C_C12,4,F,0,0
Student_0294,T2_Spring,Program_C_C13,3,C,1,0
Student_0295,T1_Fall,Program_B_C01,3,F,0,0
Student_0295,T1_Fall,Program_B_C02,3,C,1,0
Student_0295,T1_Fall,Program_B_C04,4,F,0,0
Student_0295,T1_Fall,Program_B_C05,3,C,1,0
Student_0295,T2_Spring,Program_B_C09,3,C,1,0
Student_0295,T2_Spring,Program_B_C13,3,F,0,0
Student_0296,T1_Fall,Program_C_C01,3,B,1,0
Student_0296,T1_Fall,Program_C_C02,3,W,0,1
Student_0296,T1_Fall,Program_C_C03,3,B,1,0
Student_0296,T1_Fall,Program_C_C06,3,C,1,0
Student_0297,T1_Fall,Program_C_C01,3,B,1,0
Student_0297,T1_Fall,Program_C_C02,3,F,0,0
Student_0297,T1_Fall,Program_C_C03,3,F,0,0
Student_0298,T1_Fall,Program_D_C01,3,B,1,0
Student_0299,T1_Fall,Program_A_C01,3,B,1,0
Student_0299,T1_Fall,Program_A_C02,3,B,1,0
Student_0299,T1_Fall,Program_A_C03,3,W,0,1
Student_0299,T1_Fall,Program_A_C04,4,B,1,0
Student_0299,T2_Spring,Program_A_C05,3,C,1,0
Student_0299,T2_Spring,Program_A_C08,4,C,1,0
Student_0300,T1_Fall,Program_A_C01,3,W,0,1
Student_0300,T1_Fall,Program_A_C02,3,W,0,1
Student_0300,T2_Spring,Program_A_C02,3,C,1,0
Student_0300,T1_Fall,Program_A_C04,4,C,1,0
Student_0300,T1_Fall,Program_A_C05,3,C,1,0
Student_0300,T2_Spring,Program_A_C08,4,C,1,0
Student_0300,T2_Spring,Program_A_C09,3,F,0,0
Student_0300,T2_Spring,Program_A_C12,4,F,0,0
Student_0300,T3_Fall,Program_A_C12,4,C,1,0
Student_0300,T2_Spring,Program_A_C16,3,C,1,0
Student_0301,T1_Fall,Program_A_C01,3,B,1,0
Student_0301,T1_Fall,Program_A_C02,3,C,1,0
Student_0301,T1_Fall,Program_A_C03,3,C,1,0
Student_0301,T1_Fall,Program_A_C04,4,B,1,0
Student_0301,T2_Spring,Program_A_C05,3,C,1,0
Student_0301,T2_Spring,Program_A_C06,3,W,0,1
Student_0301,T3_Fall,Program_A_C06,3,C,1,0
Student_0301,T2_Spring,Program_A_C07,3,C,1,0
Student_0302,T1_Fall,Program_B_C01,3,B,1,0
Student_0302,T1_Fall,Program_B_C02,3,A,1,0
Student_0302,T1_Fall,Program_B_C03,3,B,1,0
Student_0302,T1_Fall,Program_B_C04,4,B,1,0
Student_0302,T2_Spring,Program_B_C05,3,B,1,0
Student_0302,T2_Spring,Program_B_C06,3,B,1,0
Student_0302,T2_Spring,Program_B_C07,3,B,1,0
Student_0302,T2_Spring,Program_B_C08,4,B,1,0
Student_0302,T3_Fall,Program_B_C09,3,C,1,0
Student_0303,T1_Fall,Program_A_C01,3,C,1,0
Student_0303,T1_Fall,Program_A_C02,3,C,1,0
Student_0303,T1_Fall,Program_A_C03,3,B,1,0
Student_0303,T1_Fall,Program_A_C04,4,B,1,0
Student_0303,T2_Spring,Program_A_C05,3,B,1,0
Student_0303,T2_Spring,Program_A_C06,3,C,1,0
Student_0303,T2_Spring,Program_A_C07,3,C,1,0
Student_0303,T2_Spring,Program_A_C08,4,F,0,0
Student_0303,T3_Fall,Program_A_C08,4,C,1,0
Student_0303,T3_Fall,Program_A_C09,3,B,1,0
Student_0303,T3_Fall,Program_A_C10,3,C,1,0
Student_0303,T3_Fall,Program_A_C11,3,F,0,0
Student_0303,T3_Fall,Program_A_C12,4,C,1,0
Student_0303,T4_Spring,Program_A_C13,3,C,1,0
Student_0304,T1_Fall,Program_B_C01,3,W,0,1
Student_0304,T1_Fall,Program_B_C02,3,W,0,1
Student_0305,T1_Fall,Program_D_C01,3,B,1,0
Student_0305,T1_Fall,Program_D_C02,3,B,1,0
Student_0305,T1_Fall,Program_D_C03,3,B,1,0
Student_0305,T1_Fall,Program_D_C04,4,F,0,0
Student_0305,T2_Spring,Program_D_C04,4,C,1,0
Student_0305,T2_Spring,Program_D_C05,3,B,1,0
Student_0305,T2_Spring,Program_D_C06,3,B,1,0
Student_0306,T1_Fall,Program_B_C01,3,W,0,1
Student_0306,T1_Fall,Program_B_C02,3,F,0,0
Student_0307,T1_Fall,Program_C_C01,3,A,1,0
Student_0307,T1_Fall,Program_C_C02,3,B,1,0
Student_0307,T1_Fall,Program_C_C03,3,B,1,0
Student_0307,T1_Fall,Program_C_C04,4,B,1,0
Student_0307,T2_Spring,Program_C_C05,3,B,1,0
Student_0307,T2_Spring,Program_C_C06,3,B,1,0
Student_0307,T2_Spring,Program_C_C07,3,A,1,0
Student_0307,T2_Spring,Program_C_C08,4,B,1,0
Student_0308,T1_Fall,Program_D_C01,3,C,1,0
Student_0308,T1_Fall,Program_D_C02,3,C,1,0
Student_0309,T1_Fall,Program_D_C01,3,B,1,0
Student_0310,T1_Fall,Program_D_C01,3,B,1,0
Student_0310,T1_Fall,Program_D_C02,3,B,1,0
Student_0310,T1_Fall,Program_D_C03,3,A,1,0
Student_0310,T1_Fall,Program_D_C04,4,A,1,0
Student_0310,T2_Spring,Program_D_C05,3,A,1,0
Student_0310,T2_Spring,Program_D_C06,3,B,1,0
Student_0311,T1_Fall,Program_B_C01,3,B,1,0
Student_0311,T1_Fall,Program_B_C02,3,B,1,0
Student_0311,T1_Fall,Program_B_C03,3,B,1,0
Student_0311,T1_Fall,Program_B_C04,4,C,1,0
Student_0311,T2_Spring,Program_B_C05,3,C,1,0
Student_0311,T2_Spring,Program_B_C06,3,W,0,1
Student_0311,T2_Spring,Program_B_C07,3,B,1,0
Student_0311,T2_Spring,Program_B_C08,4,B,1,0
Student_0312,T1_Fall,Program_C_C01,3,C,1,0
Student_0312,T1_Fall,Program_C_C02,3,B,1,0
Student_0312,T1_Fall,Program_C_C03,3,F,0,0
Student_0312,T2_Spring,Program_C_C03,3,F,0,0
Student_0312,T1_Fall,Program_C_C04,4,B,1,0
Student_0312,T2_Spring,Program_C_C05,3,F,0,0
Student_0312,T3_Fall,Program_C_C05,3,C,1,0
Student_0313,T1_Fall,Program_C_C01,3,F,0,0
Student_0313,T1_Fall,Program_C_C02,3,F,0,0
Student_0313,T2_Spring,Program_C_C02,3,C,1,0
Student_0313,T1_Fall,Program_C_C04,4,F,0,0
Student_0313,T2_Spring,Program_C_C04,4,C,1,0
Student_0313,T1_Fall,Program_C_C05,3,F,0,0
Student_0313,T2_Spring,Program_C_C08,4,F,0,0
Student_0314,T1_Fall,Program_A_C01,3,C,1,0
Student_0314,T1_Fall,Program_A_C02,3,W,0,1
Student_0314,T2_Spring,Program_A_C02,3,C,1,0
Student_0314,T1_Fall,Program_A_C03,3,B,1,0
Student_0314,T1_Fall,Program_A_C04,4,B,1,0
Student_0314,T2_Spring,Program_A_C05,3,W,0,1
Student_0314,T3_Fall,Program_A_C05,3,F,0,0
Student_0314,T2_Spring,Program_A_C06,3,B,1,0
Student_0314,T2_Spring,Program_A_C07,3,B,1,0
Student_0314,T2_Spring,Program_A_C08,4,C,1,0
Student_0314,T3_Fall,Program_A_C10,3,W,0,1
Student_0314,T3_Fall,Program_A_C11,3,C,1,0
Student_0314,T3_Fall,Program_A_C12,4,C,1,0
Student_0315,T1_Fall,Program_A_C01,3,C,1,0
Student_0315,T1_Fall,Program_A_C02,3,B,1,0
Student_0315,T1_Fall,Program_A_C03,3,A,1,0
Student_0316,T1_Fall,Program_A_C01,3,D,1,0
Student_0316,T1_Fall,Program_A_C02,3,C,1,0
Student_0316,T1_Fall,Program_A_C03,3,F,0,0
Student_0316,T2_Spring,Program_A_C03,3,C,1,0
Student_0316,T1_Fall,Program_A_C04,4,C,1,0
Student_0316,T2_Spring,Program_A_C05,3,C,1,0
Student_0316,T2_Spring,Program_A_C06,3,F,0,0
Student_0316,T2_Spring,Program_A_C07,3,C,1,0
Student_0316,T2_Spring,Program_A_C08,4,F,0,0
Student_0316,T3_Fall,Program_A_C09,3,C,1,0
Student_0316,T3_Fall,Program_A_C11,3,W,0,1
Student_0316,T3_Fall,Program_A_C13,3,C,1,0
Student_0317,T1_Fall,Program_B_C01,3,C,1,0
Student_0317,T1_Fall,Program_B_C02,3,B,1,0
Student_0317,T1_Fall,Program_B_C03,3,F,0,0
Student_0317,T1_Fall,Program_B_C04,4,W,0,1
Student_0317,T2_Spring,Program_B_C04,4,C,1,0
Student_0317,T2_Spring,Program_B_C05,3,C,1,0
Student_0317,T2_Spring,Program_B_C08,4,F,0,0
Student_0317,T2_Spring,Program_B_C09,3,W,0,1
Student_0317,T3_Fall,Program_B_C09,3,F,0,0
Student_0318,T1_Fall,Program_B_C01,3,C,1,0
Student_0318,T1_Fall,Program_B_C02,3,C,1,0
Student_0318,T1_Fall,Program_B_C03,3,C,1,0
Student_0318,T1_Fall,Program_B_C04,4,C,1,0
Student_0318,T2_Spring,Program_B_C05,3,F,0,0
Student_0318,T3_Fall,Program_B_C05,3,F,0,0
Student_0318,T2_Spring,Program_B_C06,3,C,1,0
Student_0318,T2_Spring,Program_B_C07,3,W,0,1
Student_0318,T2_Spring,Program_B_C08,4,F,0,0
Student_0318,T3_Fall,Program_B_C08,4,C,1,0
Student_0318,T3_Fall,Program_B_C10,3,C,1,0
Student_0318,T3_Fall,Program_B_C12,4,F,0,0
Student_0318,T3_Fall,Program_B_C14,3,C,1,0
Student_0319,T1_Fall,Program_A_C01,3,C,1,0
Student_0319,T1_Fall,Program_A_C02,3,F,0,0
Student_0319,T2_Spring,Program_A_C02,3,C,1,0
Student_0319,T1_Fall,Program_A_C03,3,C,1,0
Student_0320,T1_Fall,Program_B_C01,3,B,1,0
Student_0320,T1_Fall,Program_B_C02,3,B,1,0
Student_0320,T1_Fall,Program_B_C03,3,B,1,0
Student_0320,T1_Fall,Program_B_C04,4,B,1,0
Student_0320,T2_Spring,Program_B_C05,3,B,1,0
Student_0320,T2_Spring,Program_B_C06,3,B,1,0
Student_0320,T2_Spring,Program_B_C07,3,B,1,0
Student_0320,T2_Spring,Program_B_C08,4,B,1,0
Student_0320,T3_Fall,Program_B_C09,3,B,1,0
Student_0320,T3_Fall,Program_B_C10,3,B,1,0
Student_0320,T3_Fall,Program_B_C11,3,B,1,0
Student_0321,T1_Fall,Program_D_C01,3,C,1,0
Student_0321,T1_Fall,Program_D_C02,3,B,1,0
Student_0321,T1_Fall,Program_D_C03,3,F,0,0
Student_0321,T1_Fall,Program_D_C04,4,W,0,1
Student_0321,T2_Spring,Program_D_C05,3,B,1,0
Student_0321,T2_Spring,Program_D_C09,3,W,0,1
Student_0321,T3_Fall,Program_D_C09,3,C,1,0
Student_0321,T2_Spring,Program_D_C13,3,C,1,0
Student_0322,T1_Fall,Program_B_C01,3,F,0,0
Student_0322,T2_Spring,Program_B_C01,3,C,1,0
Student_0322,T1_Fall,Program_B_C02,3,C,1,0
Student_0322,T1_Fall,Program_B_C03,3,C,1,0
Student_0323,T1_Fall,Program_B_C01,3,B,1,0
Student_0323,T1_Fall,Program_B_C02,3,B,1,0
Student_0324,T1_Fall,Program_C_C01,3,A,1,0
Student_0325,T1_Fall,Program_C_C01,3,F,0,0
Student_0325,T1_Fall,Program_C_C02,3,W,0,1
Student_0326,T1_Fall,Program_B_C01,3,W,0,1
Student_0326,T2_Spring,Program_B_C01,3,C,1,0
Student_0326,T1_Fall,Program_B_C02,3,B,1,0
Student_0326,T1_Fall,Program_B_C03,3,B,1,0
Student_0326,T1_Fall,Program_B_C04,4,B,1,0
Student_0326,T2_Spring,Program_B_C05,3,B,1,0
Student_0326,T2_Spring,Program_B_C06,3,B,1,0
Student_0326,T2_Spring,Program_B_C07,3,B,1,0
Student_0326,T2_Spring,Program_B_C08,4,W,0,1
Student_0326,T3_Fall,Program_B_C08,4,C,1,0
Student_0326,T3_Fall,Program_B_C09,3,C,1,0
Student_0327,T1_Fall,Program_A_C01,3,B,1,0
Student_0327,T1_Fall,Program_A_C02,3,F,0,0
Student_0327,T1_Fall,Program_A_C03,3,C,1,0
Student_0327,T1_Fall,Program_A_C06,3,B,1,0
Student_0327,T2_Spring,Program_A_C07,3,F,0,0
Student_0327,T2_Spring,Program_A_C10,3,B,1,0
Student_0327,T2_Spring,Program_A_C14,3,C,1,0
Student_0328,T1_Fall,Program_A_C01,3,A,1,0
Student_0328,T1_Fall,Program_A_C02,3,A,1,0
Student_0328,T1_Fall,Program_A_C03,3,A,1,0
Student_0328,T1_Fall,Program_A_C04,4,A,1,0
Student_0329,T1_Fall,Program_A_C01,3,F,0,0
Student_0329,T2_Spring,Program_A_C01,3,C,1,0
Student_0329,T1_Fall,Program_A_C02,3,W,0,1
Student_0329,T2_Spring,Program_A_C02,3,F,0,0
Student_0329,T1_Fall,Program_A_C03,3,F,0,0
Student_0329,T2_Spring,Program_A_C03,3,C,1,0
Student_0329,T1_Fall,Program_A_C06,3,F,0,0
Student_0329,T2_Spring,Program_A_C06,3,C,1,0
Student_0329,T2_Spring,Program_A_C07,3,C,1,0
Student_0330,T1_Fall,Program_A_C01,3,C,1,0
Student_0331,T1_Fall,Program_A_C01,3,F,0,0
Student_0331,T2_Spring,Program_A_C01,3,C,1,0
Student_0331,T1_Fall,Program_A_C02,3,B,1,0
Student_0331,T1_Fall,Program_A_C03,3,C,1,0
Student_0331,T1_Fall,Program_A_C04,4,B,1,0
Student_0331,T2_Spring,Program_A_C05,3,W,0,1
Student_0331,T2_Spring,Program_A_C06,3,F,0,0
Student_0331,T3_Fall,Program_A_C06,3,C,1,0
Student_0331,T2_Spring,Program_A_C07,3,W,0,1
Student_0331,T2_Spring,Program_A_C08,4,B,1,0
Student_0331,T3_Fall,Program_A_C10,3,B,1,0
Student_0331,T3_Fall,Program_A_C12,4,C,1,0
Student_0331,T3_Fall,Program_A_C14,3,C,1,0
Student_0331,T3_Fall,Program_A_C16,3,W,0,1
Student_0332,T1_Fall,Program_D_C01,3,B,1,0
Student_0333,T1_Fall,Program_A_C01,3,F,0,0
Student_0333,T2_Spring,Program_A_C01,3,C,1,0
Student_0333,T1_Fall,Program_A_C02,3,F,0,0
Student_0333,T2_Spring,Program_A_C02,3,F,0,0
Student_0333,T1_Fall,Program_A_C03,3,C,1,0
Student_0334,T1_Fall,Program_A_C01,3,B,1,0
Student_0334,T1_Fall,Program_A_C02,3,B,1,0
Student_0334,T1_Fall,Program_A_C03,3,B,1,0
Student_0334,T1_Fall,Program_A_C04,4,B,1,0
Student_0334,T2_Spring,Program_A_C05,3,B,1,0
Student_0335,T1_Fall,Program_D_C01,3,B,1,0
Student_0335,T1_Fall,Program_D_C02,3,F,0,0
Student_0335,T2_Spring,Program_D_C02,3,C,1,0
Student_0335,T1_Fall,Program_D_C03,3,F,0,0
Student_0335,T1_Fall,Program_D_C04,4,C,1,0
Student_0335,T2_Spring,Program_D_C05,3,B,1,0
Student_0335,T2_Spring,Program_D_C08,4,F,0,0
Student_0335,T2_Spring,Program_D_C09,3,C,1,0
Student_0335,T2_Spring,Program_D_C13,3,B,1,0
Student_0336,T1_Fall,Program_A_C01,3,B,1,0
Student_0336,T1_Fall,Program_A_C02,3,B,1,0
Student_0336,T1_Fall,Program_A_C03,3,B,1,0
Student_0336,T1_Fall,Program_A_C04,4,A,1,0
Student_0336,T2_Spring,Program_A_C05,3,A,1,0
Student_0336,T2_Spring,Program_A_C06,3,B,1,0
Student_0337,T1_Fall,Program_A_C01,3,C,1,0
Student_0337,T1_Fall,Program_A_C02,3,C,1,0
Student_0337,T1_Fall,Program_A_C03,3,C,1,0
Student_0337,T1_Fall,Program_A_C04,4,W,0,1
Student_0337,T2_Spring,Program_A_C04,4,C,1,0
Student_0338,T1_Fall,Program_B_C01,3,B,1,0
Student_0338,T1_Fall,Program_B_C02,3,C,1,0
Student_0338,T1_Fall,Program_B_C03,3,F,0,0
Student_0338,T2_Spring,Program_B_C03,3,C,1,0
Student_0338,T1_Fall,Program_B_C04,4,B,1,0
Student_0338,T2_Spring,Program_B_C05,3,C,1,0
Student_0338,T2_Spring,Program_B_C06,3,C,1,0
Student_0338,T2_Spring,Program_B_C07,3,F,0,0
Student_0338,T3_Fall,Program_B_C07,3,C,1,0
Student_0338,T2_Spring,Program_B_C08,4,W,0,1
Student_0338,T3_Fall,Program_B_C08,4,C,1,0
Student_0338,T3_Fall,Program_B_C09,3,C,1,0
Student_0338,T3_Fall,Program_B_C10,3,F,0,0
Student_0338,T4_Spring,Program_B_C10,3,F,0,0
Student_0338,T3_Fall,Program_B_C11,3,F,0,0
Student_0338,T3_Fall,Program_B_C12,4,C,1,0
Student_0339,T1_Fall,Program_B_C01,3,A,1,0
Student_0339,T1_Fall,Program_B_C02,3,B,1,0
Student_0339,T1_Fall,Program_B_C03,3,A,1,0
Student_0339,T1_Fall,Program_B_C04,4,F,0,0
Student_0339,T2_Spring,Program_B_C04,4,C,1,0
Student_0339,T2_Spring,Program_B_C05,3,C,1,0
Student_0339,T2_Spring,Program_B_C06,3,C,1,0
Student_0339,T2_Spring,Program_B_C07,3,B,1,0
Student_0339,T2_Spring,Program_B_C08,4,B,1,0
Student_0339,T3_Fall,Program_B_C09,3,B,1,0
Student_0339,T3_Fall,Program_B_C10,3,C,1,0
Student_0340,T1_Fall,Program_D_C01,3,F,0,0
Student_0340,T2_Spring,Program_D_C01,3,F,0,0
Student_0340,T1_Fall,Program_D_C02,3,F,0,0
Student_0340,T2_Spring,Program_D_C02,3,F,0,0
Student_0341,T1_Fall,Program_A_C01,3,A,1,0
Student_0341,T1_Fall,Program_A_C02,3,A,1,0
Student_0341,T1_Fall,Program_A_C03,3,A,1,0
Student_0341,T1_Fall,Program_A_C04,4,A,1,0
Student_0341,T2_Spring,Program_A_C05,3,A,1,0
Student_0341,T2_Spring,Program_A_C06,3,A,1,0
Student_0341,T2_Spring,Program_A_C07,3,B,1,0
Student_0341,T2_Spring,Program_A_C08,4,B,1,0
Student_0341,T3_Fall,Program_A_C09,3,B,1,0
Student_0342,T1_Fall,Program_D_C01,3,B,1,0
Student_0342,T1_Fall,Program_D_C02,3,C,1,0
Student_0342,T1_Fall,Program_D_C03,3,F,0,0
Student_0342,T2_Spring,Program_D_C03,3,C,1,0
Student_0342,T1_Fall,Program_D_C04,4,B,1,0
Student_0343,T1_Fall,Program_B_C01,3,B,1,0
Student_0343,T1_Fall,Program_B_C02,3,W,0,1
Student_0343,T1_Fall,Program_B_C03,3,F,0,0
Student_0343,T2_Spring,Program_B_C03,3,C,1,0
Student_0343,T1_Fall,Program_B_C06,3,B,1,0
Student_0343,T2_Spring,Program_B_C07,3,B,1,0
Student_0343,T2_Spring,Program_B_C10,3,B,1,0
Student_0343,T2_Spring,Program_B_C11,3,B,1,0
Student_0344,T1_Fall,Program_A_C01,3,B,1,0
Student_0345,T1_Fall,Program_B_C01,3,C,1,0
Student_0345,T1_Fall,Program_B_C02,3,C,1,0
Student_0345,T1_Fall,Program_B_C03,3,D,1,0
Student_0345,T1_Fall,Program_B_C04,4,C,1,0
Student_0345,T2_Spring,Program_B_C05,3,C,1,0
Student_0345,T2_Spring,Program_B_C06,3,W,0,1
Student_0345,T3_Fall,Program_B_C06,3,F,0,0
Student_0345,T2_Spring,Program_B_C07,3,W,0,1
Student_0345,T3_Fall,Program_B_C07,3,F,0,0
Student_0345,T2_Spring,Program_B_C08,4,C,1,0
Student_0345,T3_Fall,Program_B_C09,3,W,0,1
Student_0345,T4_Spring,Program_B_C09,3,C,1,0
Student_0345,T3_Fall,Program_B_C12,4,C,1,0
Student_0346,T1_Fall,Program_A_C01,3,B,1,0
Student_0346,T1_Fall,Program_A_C02,3,B,1,0
Student_0347,T1_Fall,Program_C_C01,3,W,0,1
Student_0347,T2_Spring,Program_C_C01,3,C,1,0
Student_0347,T1_Fall,Program_C_C02,3,F,0,0
Student_0347,T1_Fall,Program_C_C03,3,C,1,0
Student_0347,T1_Fall,Program_C_C06,3,F,0,0
Student_0347,T2_Spring,Program_C_C06,3,C,1,0
Student_0347,T2_Spring,Program_C_C07,3,C,1,0
Student_0347,T2_Spring,Program_C_C10,3,C,1,0
Student_0347,T2_Spring,Program_C_C11,3,W,0,1
Student_0347,T3_Fall,Program_C_C11,3,F,0,0
Student_0347,T2_Spring,Program_C_C14,3,F,0,0
Student_0347,T3_Fall,Program_C_C14,3,C,1,0
Student_0348,T1_Fall,Program_B_C01,3,C,1,0
Student_0348,T1_Fall,Program_B_C02,3,B,1,0
Student_0348,T1_Fall,Program_B_C03,3,F,0,0
Student_0348,T2_Spring,Program_B_C03,3,C,1,0
Student_0348,T1_Fall,Program_B_C04,4,B,1,0
Student_0348,T2_Spring,Program_B_C05,3,C,1,0
Student_0348,T2_Spring,Program_B_C06,3,F,0,0
Student_0348,T2_Spring,Program_B_C07,3,C,1,0
Student_0348,T2_Spring,Program_B_C08,4,C,1,0
Student_0348,T3_Fall,Program_B_C09,3,B,1,0
Student_0349,T1_Fall,Program_D_C01,3,W,0,1
Student_0349,T2_Spring,Program_D_C01,3,C,1,0
Student_0349,T1_Fall,Program_D_C02,3,F,0,0
Student_0349,T1_Fall,Program_D_C03,3,C,1,0
Student_0349,T1_Fall,Program_D_C06,3,C,1,0
Student_0349,T2_Spring,Program_D_C07,3,D,1,0
Student_0350,T1_Fall,Program_A_C01,3,C,1,0
Student_0350,T1_Fall,Program_A_C02,3,F,0,0
Student_0350,T1_Fall,Program_A_C03,3,B,1,0
Student_0350,T1_Fall,Program_A_C06,3,F,0,0
Student_0350,T2_Spring,Program_A_C06,3,C,1,0
Student_0350,T2_Spring,Program_A_C07,3,C,1,0
Student_0350,T2_Spring,Program_A_C10,3,C,1,0
Student_0351,T1_Fall,Program_A_C01,3,B,1,0
Student_0351,T1_Fall,Program_A_C02,3,F,0,0
Student_0351,T2_Spring,Program_A_C02,3,C,1,0
Student_0351,T1_Fall,Program_A_C03,3,B,1,0
Student_0351,T1_Fall,Program_A_C04,4,B,1,0
Student_0351,T2_Spring,Program_A_C05,3,C,1,0
Student_0351,T2_Spring,Program_A_C06,3,C,1,0
Student_0351,T2_Spring,Program_A_C07,3,D,1,0
Student_0351,T2_Spring,Program_A_C08,4,W,0,1
Student_0351,T3_Fall,Program_A_C08,4,C,1,0
Student_0352,T1_Fall,Program_B_C01,3,D,1,0
Student_0352,T1_Fall,Program_B_C02,3,C,1,0
Student_0353,T1_Fall,Program_D_C01,3,B,1,0
Student_0353,T1_Fall,Program_D_C02,3,A,1,0
Student_0354,T1_Fall,Program_D_C01,3,B,1,0
Student_0354,T1_Fall,Program_D_C02,3,B,1,0
Student_0354,T1_Fall,Program_D_C03,3,B,1,0
Student_0354,T1_Fall,Program_D_C04,4,B,1,0
Student_0354,T2_Spring,Program_D_C05,3,B,1,0
Student_0354,T2_Spring,Program_D_C06,3,B,1,0
Student_0355,T1_Fall,Program_D_C01,3,C,1,0
Student_0355,T1_Fall,Program_D_C02,3,B,1,0
Student_0355,T1_Fall,Program_D_C03,3,A,1,0
Student_0355,T1_Fall,Program_D_C04,4,B,1,0
Student_0355,T2_Spring,Program_D_C05,3,C,1,0
Student_0355,T2_Spring,Program_D_C06,3,C,1,0
Student_0355,T2_Spring,Program_D_C07,3,B,1,0
Student_0355,T2_Spring,Program_D_C08,4,C,1,0
Student_0355,T3_Fall,Program_D_C09,3,B,1,0
Student_0355,T3_Fall,Program_D_C10,3,B,1,0
Student_0355,T3_Fall,Program_D_C11,3,C,1,0
Student_0355,T3_Fall,Program_D_C12,4,B,1,0
Student_0356,T1_Fall,Program_D_C01,3,F,0,0
Student_0356,T1_Fall,Program_D_C02,3,C,1,0
Student_0356,T1_Fall,Program_D_C04,4,B,1,0
Student_0356,T1_Fall,Program_D_C05,3,C,1,0
Student_0356,T2_Spring,Program_D_C08,4,C,1,0
Student_0357,T1_Fall,Program_A_C01,3,C,1,0
Student_0358,T1_Fall,Program_D_C01,3,F,0,0
Student_0358,T2_Spring,Program_D_C01,3,C,1,0
Student_0358,T1_Fall,Program_D_C02,3,B,1,0
Student_0358,T1_Fall,Program_D_C03,3,B,1,0
Student_0359,T1_Fall,Program_A_C01,3,B,1,0
Student_0359,T1_Fall,Program_A_C02,3,F,0,0
Student_0359,T1_Fall,Program_A_C03,3,B,1,0
Student_0359,T1_Fall,Program_A_C06,3,B,1,0
Student_0359,T2_Spring,Program_A_C07,3,W,0,1
Student_0359,T3_Fall,Program_A_C07,3,C,1,0
Student_0359,T2_Spring,Program_A_C10,3,B,1,0
Student_0359,T2_Spring,Program_A_C11,3,F,0,0
Student_0359,T3_Fall,Program_A_C11,3,C,1,0
Student_0359,T2_Spring,Program_A_C14,3,F,0,0
Student_0359,T3_Fall,Program_A_C14,3,C,1,0
Student_0360,T1_Fall,Program_A_C01,3,B,1,0
Student_0360,T1_Fall,Program_A_C02,3,B,1,0
Student_0360,T1_Fall,Program_A_C03,3,C,1,0
Student_0360,T1_Fall,Program_A_C04,4,C,1,0
Student_0360,T2_Spring,Program_A_C05,3,C,1,0
Student_0360,T2_Spring,Program_A_C06,3,B,1,0
Student_0360,T2_Spring,Program_A_C07,3,B,1,0
Student_0360,T2_Spring,Program_A_C08,4,B,1,0
Student_0360,T3_Fall,Program_A_C09,3,C,1,0
Student_0360,T3_Fall,Program_A_C10,3,W,0,1
Student_0360,T3_Fall,Program_A_C11,3,W,0,1
Student_0360,T4_Spring,Program_A_C11,3,C,1,0
Student_0360,T3_Fall,Program_A_C12,4,C,1,0
Student_0360,T4_Spring,Program_A_C13,3,B,1,0
Student_0361,T1_Fall,Program_A_C01,3,B,1,0
Student_0361,T1_Fall,Program_A_C02,3,B,1,0
Student_0362,T1_Fall,Program_C_C01,3,D,1,0
Student_0362,T1_Fall,Program_C_C02,3,F,0,0
Student_0362,T2_Spring,Program_C_C02,3,F,0,0
Student_0362,T1_Fall,Program_C_C03,3,F,0,0
Student_0363,T1_Fall,Program_B_C01,3,C,1,0
Student_0363,T1_Fall,Program_B_C02,3,C,1,0
Student_0363,T1_Fall,Program_B_C03,3,B,1,0
Student_0364,T1_Fall,Program_B_C01,3,F,0,0
Student_0364,T1_Fall,Program_B_C02,3,C,1,0
Student_0364,T1_Fall,Program_B_C04,4,C,1,0
Student_0365,T1_Fall,Program_A_C01,3,W,0,1
Student_0365,T1_Fall,Program_A_C02,3,W,0,1
Student_0365,T2_Spring,Program_A_C02,3,C,1,0
Student_0365,T1_Fall,Program_A_C04,4,C,1,0
Student_0365,T1_Fall,Program_A_C05,3,D,1,0
Student_0366,T1_Fall,Program_B_C01,3,W,0,1
Student_0366,T1_Fall,Program_B_C02,3,F,0,0
Student_0366,T2_Spring,Program_B_C02,3,F,0,0
Student_0367,T1_Fall,Program_A_C01,3,B,1,0
Student_0367,T1_Fall,Program_A_C02,3,A,1,0
Student_0367,T1_Fall,Program_A_C03,3,B,1,0
Student_0368,T1_Fall,Program_B_C01,3,C,1,0
Student_0368,T1_Fall,Program_B_C02,3,C,1,0
Student_0368,T1_Fall,Program_B_C03,3,F,0,0
Student_0368,T2_Spring,Program_B_C03,3,F,0,0
Student_0368,T1_Fall,Program_B_C04,4,W,0,1
Student_0368,T2_Spring,Program_B_C04,4,C,1,0
Student_0368,T2_Spring,Program_B_C05,3,F,0,0
Student_0368,T2_Spring,Program_B_C08,4,W,0,1
Student_0368,T3_Fall,Program_B_C08,4,C,1,0
Student_0368,T2_Spring,Program_B_C12,4,B,1,0
Student_0368,T2_Spring,Program_B_C16,3,B,1,0
Student_0369,T1_Fall,Program_A_C01,3,F,0,0
Student_0369,T1_Fall,Program_A_C02,3,F,0,0
Student_0369,T2_Spring,Program_A_C02,3,C,1,0
Student_0369,T1_Fall,Program_A_C04,4,C,1,0
Student_0369,T1_Fall,Program_A_C05,3,C,1,0
Student_0369,T2_Spring,Program_A_C08,4,C,1,0
Student_0369,T2_Spring,Program_A_C09,3,D,1,0
Student_0369,T2_Spring,Program_A_C12,4,C,1,0
Student_0370,T1_Fall,Program_D_C01,3,B,1,0
Student_0370,T1_Fall,Program_D_C02,3,B,1,0
Student_0370,T1_Fall,Program_D_C03,3,C,1,0
Student_0370,T1_Fall,Program_D_C04,4,F,0,0
Student_0370,T2_Spring,Program_D_C04,4,C,1,0
Student_0370,T2_Spring,Program_D_C05,3,C,1,0
Student_0370,T2_Spring,Program_D_C06,3,C,1,0
Student_0371,T1_Fall,Program_C_C01,3,F,0,0
Student_0371,T1_Fall,Program_C_C02,3,C,1,0
Student_0371,T1_Fall,Program_C_C04,4,W,0,1
Student_0371,T1_Fall,Program_C_C05,3,W,0,1
Student_0372,T1_Fall,Program_D_C01,3,W,0,1
Student_0372,T2_Spring,Program_D_C01,3,C,1,0
Student_0372,T1_Fall,Program_D_C02,3,C,1,0
Student_0372,T1_Fall,Program_D_C03,3,B,1,0
Student_0372,T1_Fall,Program_D_C04,4,F,0,0
Student_0372,T2_Spring,Program_D_C05,3,F,0,0
Student_0372,T3_Fall,Program_D_C05,3,C,1,0
Student_0372,T2_Spring,Program_D_C06,3,F,0,0
Student_0372,T3_Fall,Program_D_C06,3,F,0,0
Student_0372,T2_Spring,Program_D_C07,3,C,1,0
Student_0372,T2_Spring,Program_D_C09,3,F,0,0
Student_0372,T3_Fall,Program_D_C09,3,C,1,0
Student_0373,T1_Fall,Program_A_C01,3,C,1,0
Student_0373,T1_Fall,Program_A_C02,3,F,0,0
Student_0373,T1_Fall,Program_A_C03,3,F,0,0
Student_0373,T2_Spring,Program_A_C03,3,F,0,0
Student_0374,T1_Fall,Program_D_C01,3,F,0,0
Student_0374,T2_Spring,Program_D_C01,3,F,0,0
Student_0374,T1_Fall,Program_D_C02,3,F,0,0
Student_0374,T2_Spring,Program_D_C02,3,F,0,0
Student_0375,T1_Fall,Program_C_C01,3,C,1,0
Student_0375,T1_Fall,Program_C_C02,3,F,0,0
Student_0375,T2_Spring,Program_C_C02,3,C,1,0
Student_0375,T1_Fall,Program_C_C03,3,C,1,0
Student_0376,T1_Fall,Program_A_C01,3,B,1,0
Student_0376,T1_Fall,Program_A_C02,3,B,1,0
Student_0376,T1_Fall,Program_A_C03,3,F,0,0
Student_0376,T2_Spring,Program_A_C03,3,C,1,0
Student_0376,T1_Fall,Program_A_C04,4,B,1,0
Student_0377,T1_Fall,Program_A_C01,3,B,1,0
Student_0377,T1_Fall,Program_A_C02,3,C,1,0
Student_0377,T1_Fall,Program_A_C03,3,A,1,0
Student_0377,T1_Fall,Program_A_C04,4,B,1,0
Student_0377,T2_Spring,Program_A_C05,3,B,1,0
Student_0377,T2_Spring,Program_A_C06,3,A,1,0
Student_0377,T2_Spring,Program_A_C07,3,A,1,0
Student_0377,T2_Spring,Program_A_C08,4,B,1,0
Student_0377,T3_Fall,Program_A_C09,3,B,1,0
Student_0378,T1_Fall,Program_A_C01,3,F,0,0
Student_0378,T2_Spring,Program_A_C01,3,F,0,0
Student_0378,T1_Fall,Program_A_C02,3,C,1,0
Student_0378,T1_Fall,Program_A_C04,4,B,1,0
Student_0378,T1_Fall,Program_A_C05,3,C,1,0
Student_0378,T2_Spring,Program_A_C08,4,B,1,0
Student_0378,T2_Spring,Program_A_C09,3,F,0,0
Student_0378,T3_Fall,Program_A_C09,3,C,1,0
Student_0378,T2_Spring,Program_A_C12,4,F,0,0
Student_0378,T3_Fall,Program_A_C12,4,C,1,0
Student_0378,T2_Spring,Program_A_C13,3,F,0,0
Student_0378,T3_Fall,Program_A_C16,3,C,1,0
Student_0379,T1_Fall,Program_B_C01,3,B,1,0
Student_0379,T1_Fall,Program_B_C02,3,D,1,0
Student_0379,T1_Fall,Program_B_C03,3,C,1,0
Student_0379,T1_Fall,Program_B_C04,4,W,0,1
Student_0379,T2_Spring,Program_B_C05,3,C,1,0
Student_0379,T2_Spring,Program_B_C06,3,W,0,1
Student_0379,T3_Fall,Program_B_C06,3,F,0,0
Student_0379,T2_Spring,Program_B_C07,3,D,1,0
Student_0379,T2_Spring,Program_B_C09,3,C,1,0
Student_0379,T3_Fall,Program_B_C11,3,C,1,0
Student_0380,T1_Fall,Program_B_C01,3,F,0,0
Student_0380,T2_Spring,Program_B_C01,3,C,1,0
Student_0380,T1_Fall,Program_B_C02,3,F,0,0
Student_0380,T1_Fall,Program_B_C03,3,F,0,0
Student_0380,T2_Spring,Program_B_C03,3,C,1,0
Student_0380,T1_Fall,Program_B_C06,3,B,1,0
Student_0380,T2_Spring,Program_B_C07,3,C,1,0
Student_0380,T2_Spring,Program_B_C10,3,F,0,0
Student_0380,T2_Spring,Program_B_C11,3,F,0,0
Student_0381,T1_Fall,Program_C_C01,3,W,0,1
Student_0381,T1_Fall,Program_C_C02,3,C,1,0
Student_0381,T1_Fall,Program_C_C04,4,F,0,0
Student_0381,T2_Spring,Program_C_C04,4,C,1,0
Student_0381,T1_Fall,Program_C_C05,3,W,0,1
Student_0381,T2_Spring,Program_C_C08,4,C,1,0
Student_0382,T1_Fall,Program_B_C01,3,B,1,0
Student_0382,T1_Fall,Program_B_C02,3,B,1,0
Student_0382,T1_Fall,Program_B_C03,3,B,1,0
Student_0382,T1_Fall,Program_B_C04,4,W,0,1
Student_0382,T2_Spring,Program_B_C04,4,C,1,0
Student_0382,T2_Spring,Program_B_C05,3,B,1,0
Student_0382,T2_Spring,Program_B_C06,3,B,1,0
Student_0382,T2_Spring,Program_B_C07,3,C,1,0
Student_0382,T2_Spring,Program_B_C08,4,B,1,0
Student_0382,T3_Fall,Program_B_C09,3,B,1,0
Student_0383,T1_Fall,Program_C_C01,3,F,0,0
Student_0383,T1_Fall,Program_C_C02,3,C,1,0
Student_0383,T1_Fall,Program_C_C04,4,F,0,0
Student_0383,T2_Spring,Program_C_C04,4,F,0,0
Student_0383,T1_Fall,Program_C_C05,3,F,0,0
Student_0384,T1_Fall,Program_D_C01,3,C,1,0
Student_0384,T1_Fall,Program_D_C02,3,B,1,0
Student_0384,T1_Fall,Program_D_C03,3,B,1,0
Student_0384,T1_Fall,Program_D_C04,4,B,1,0
Student_0384,T2_Spring,Program_D_C05,3,B,1,0
Student_0384,T2_Spring,Program_D_C06,3,F,0,0
Student_0384,T3_Fall,Program_D_C06,3,C,1,0
Student_0384,T2_Spring,Program_D_C07,3,C,1,0
Student_0384,T2_Spring,Program_D_C08,4,B,1,0
Student_0384,T3_Fall,Program_D_C09,3,C,1,0
Student_0385,T1_Fall,Program_A_C01,3,B,1,0
Student_0385,T1_Fall,Program_A_C02,3,C,1,0
Student_0385,T1_Fall,Program_A_C03,3,A,1,0
Student_0385,T1_Fall,Program_A_C04,4,B,1,0
Student_0385,T2_Spring,Program_A_C05,3,C,1,0
Student_0385,T2_Spring,Program_A_C06,3,B,1,0
Student_0385,T2_Spring,Program_A_C07,3,B,1,0
Student_0385,T2_Spring,Program_A_C08,4,B,1,0
Student_0385,T3_Fall,Program_A_C09,3,B,1,0
Student_0385,T3_Fall,Program_A_C10,3,B,1,0
Student_0385,T3_Fall,Program_A_C11,3,W,0,1
Student_0385,T4_Spring,Program_A_C11,3,C,1,0
Student_0385,T3_Fall,Program_A_C12,4,B,1,0
Student_0386,T1_Fall,Program_C_C01,3,B,1,0
Student_0386,T1_Fall,Program_C_C02,3,B,1,0
Student_0386,T1_Fall,Program_C_C03,3,B,1,0
Student_0386,T1_Fall,Program_C_C04,4,B,1,0
Student_0386,T2_Spring,Program_C_C05,3,B,1,0
Student_0386,T2_Spring,Program_C_C06,3,C,1,0
Student_0386,T2_Spring,Program_C_C07,3,F,0,0
Student_0386,T2_Spring,Program_C_C08,4,B,1,0
Student_0386,T3_Fall,Program_C_C09,3,B,1,0
Student_0387,T1_Fall,Program_D_C01,3,B,1,0
Student_0387,T1_Fall,Program_D_C02,3,B,1,0
Student_0387,T1_Fall,Program_D_C03,3,A,1,0
Student_0387,T1_Fall,Program_D_C04,4,B,1,0
Student_0387,T2_Spring,Program_D_C05,3,B,1,0
Student_0387,T2_Spring,Program_D_C06,3,B,1,0
Student_0388,T1_Fall,Program_C_C01,3,A,1,0
Student_0388,T1_Fall,Program_C_C02,3,F,0,0
Student_0388,T2_Spring,Program_C_C02,3,C,1,0
Student_0388,T1_Fall,Program_C_C03,3,A,1,0
Student_0388,T1_Fall,Program_C_C04,4,B,1,0
Student_0388,T2_Spring,Program_C_C05,3,A,1,0
Student_0388,T2_Spring,Program_C_C06,3,B,1,0
Student_0389,T1_Fall,Program_D_C01,3,B,1,0
Student_0390,T1_Fall,Program_B_C01,3,F,0,0
Student_0390,T2_Spring,Program_B_C01,3,C,1,0
Student_0390,T1_Fall,Program_B_C02,3,B,1,0
Student_0390,T1_Fall,Program_B_C03,3,C,1,0
Student_0390,T1_Fall,Program_B_C04,4,C,1,0
Student_0390,T2_Spring,Program_B_C05,3,D,1,0
Student_0390,T2_Spring,Program_B_C06,3,B,1,0
Student_0390,T2_Spring,Program_B_C07,3,C,1,0
Student_0390,T2_Spring,Program_B_C08,4,C,1,0
Student_0390,T3_Fall,Program_B_C09,3,D,1,0
Student_0391,T1_Fall,Program_B_C01,3,W,0,1
Student_0391,T2_Spring,Program_B_C01,3,C,1,0
Student_0392,T1_Fall,Program_B_C01,3,C,1,0
Student_0392,T1_Fall,Program_B_C02,3,B,1,0
Student_0392,T1_Fall,Program_B_C03,3,B,1,0
Student_0392,T1_Fall,Program_B_C04,4,F,0,0
Student_0392,T2_Spring,Program_B_C05,3,W,0,1
Student_0392,T3_Fall,Program_B_C05,3,C,1,0
Student_0392,T2_Spring,Program_B_C06,3,B,1,0
Student_0392,T2_Spring,Program_B_C07,3,D,1,0
Student_0392,T2_Spring,Program_B_C09,3,C,1,0
Student_0393,T1_Fall,Program_C_C01,3,F,0,0
Student_0393,T2_Spring,Program_C_C01,3,C,1,0
Student_0393,T1_Fall,Program_C_C02,3,C,1,0
Student_0393,T1_Fall,Program_C_C03,3,B,1,0
Student_0393,T1_Fall,Program_C_C04,4,C,1,0
Student_0393,T2_Spring,Program_C_C05,3,B,1,0
Student_0393,T2_Spring,Program_C_C06,3,F,0,0
Student_0393,T3_Fall,Program_C_C06,3,F,0,0
Student_0393,T2_Spring,Program_C_C07,3,F,0,0
Student_0393,T3_Fall,Program_C_C07,3,C,1,0
Student_0394,T1_Fall,Program_C_C01,3,B,1,0
Student_0394,T1_Fall,Program_C_C02,3,B,1,0
Student_0394,T1_Fall,Program_C_C03,3,F,0,0
Student_0394,T2_Spring,Program_C_C03,3,C,1,0
Student_0394,T1_Fall,Program_C_C04,4,B,1,0
Student_0394,T2_Spring,Program_C_C05,3,C,1,0
Student_0394,T2_Spring,Program_C_C06,3,B,1,0
Student_0395,T1_Fall,Program_A_C01,3,C,1,0
Student_0396,T1_Fall,Program_D_C01,3,C,1,0
Student_0396,T1_Fall,Program_D_C02,3,C,1,0
Student_0396,T1_Fall,Program_D_C03,3,W,0,1
Student_0396,T2_Spring,Program_D_C03,3,C,1,0
Student_0396,T1_Fall,Program_D_C04,4,W,0,1
Student_0396,T2_Spring,Program_D_C05,3,F,0,0
Student_0396,T3_Fall,Program_D_C05,3,F,0,0
Student_0396,T2_Spring,Program_D_C06,3,C,1,0
Student_0396,T2_Spring,Program_D_C07,3,C,1,0
Student_0396,T2_Spring,Program_D_C10,3,C,1,0
Student_0396,T3_Fall,Program_D_C11,3,D,1,0
Student_0396,T3_Fall,Program_D_C14,3,W,0,1
Student_0396,T4_Spring,Program_D_C14,3,F,0,0
Student_0396,T3_Fall,Program_D_C15,3,F,0,0
Student_0396,T4_Spring,Program_D_C15,3,F,0,0
Student_0397,T1_Fall,Program_D_C01,3,C,1,0
Student_0397,T1_Fall,Program_D_C02,3,W,0,1
Student_0397,T1_Fall,Program_D_C03,3,W,0,1
Student_0397,T2_Spring,Program_D_C03,3,C,1,0
Student_0397,T1_Fall,Program_D_C06,3,W,0,1
Student_0397,T2_Spring,Program_D_C06,3,F,0,0
Student_0397,T2_Spring,Program_D_C07,3,F,0,0
Student_0397,T3_Fall,Program_D_C07,3,F,0,0
Student_0398,T1_Fall,Program_A_C01,3,C,1,0
Student_0399,T1_Fall,Program_A_C01,3,B,1,0
Student_0399,T1_Fall,Program_A_C02,3,B,1,0
Student_0399,T1_Fall,Program_A_C03,3,B,1,0
Student_0399,T1_Fall,Program_A_C04,4,A,1,0
Student_0400,T1_Fall,Program_D_C01,3,F,0,0
Student_0400,T2_Spring,Program_D_C01,3,C,1,0
Student_0400,T1_Fall,Program_D_C02,3,F,0,0
Student_0400,T1_Fall,Program_D_C03,3,F,0,0
Student_0401,T1_Fall,Program_B_C01,3,C,1,0
Student_0402,T1_Fall,Program_A_C01,3,B,1,0
Student_0402,T1_Fall,Program_A_C02,3,B,1,0
Student_0402,T1_Fall,Program_A_C03,3,C,1,0
Student_0402,T1_Fall,Program_A_C04,4,A,1,0
Student_0402,T2_Spring,Program_A_C05,3,F,0,0
Student_0402,T3_Fall,Program_A_C05,3,C,1,0
Student_0402,T2_Spring,Program_A_C06,3,B,1,0
Student_0403,T1_Fall,Program_B_C01,3,A,1,0
Student_0403,T1_Fall,Program_B_C02,3,B,1,0
Student_0403,T1_Fall,Program_B_C03,3,C,1,0
Student_0403,T1_Fall,Program_B_C04,4,B,1,0
Student_0403,T2_Spring,Program_B_C05,3,C,1,0
Student_0403,T2_Spring,Program_B_C06,3,C,1,0
Student_0403,T2_Spring,Program_B_C07,3,B,1,0
Student_0403,T2_Spring,Program_B_C08,4,B,1,0
Student_0403,T3_Fall,Program_B_C09,3,B,1,0
Student_0404,T1_Fall,Program_B_C01,3,C,1,0
Student_0404,T1_Fall,Program_B_C02,3,B,1,0
Student_0404,T1_Fall,Program_B_C03,3,B,1,0
Student_0404,T1_Fall,Program_B_C04,4,C,1,0
Student_0404,T2_Spring,Program_B_C05,3,F,0,0
Student_0404,T3_Fall,Program_B_C05,3,C,1,0
Student_0404,T2_Spring,Program_B_C06,3,F,0,0
Student_0404,T2_Spring,Program_B_C07,3,C,1,0
Student_0404,T2_Spring,Program_B_C08,4,C,1,0
Student_0404,T3_Fall,Program_B_C09,3,C,1,0
Student_0404,T3_Fall,Program_B_C11,3,C,1,0
Student_0404,T3_Fall,Program_B_C12,4,F,0,0
Student_0404,T3_Fall,Program_B_C13,3,C,1,0
Student_0404,T4_Spring,Program_B_C15,3,W,0,1
Student_0404,T4_Spring,Program_B_C15,3,C,1,0
Student_0405,T1_Fall,Program_B_C01,3,B,1,0
Student_0405,T1_Fall,Program_B_C02,3,B,1,0
Student_0405,T1_Fall,Program_B_C03,3,B,1,0
Student_0405,T1_Fall,Program_B_C04,4,F,0,0
Student_0405,T2_Spring,Program_B_C04,4,C,1,0
Student_0405,T2_Spring,Program_B_C05,3,C,1,0
Student_0405,T2_Spring,Program_B_C06,3,B,1,0
Student_0405,T2_Spring,Program_B_C07,3,F,0,0
Student_0405,T2_Spring,Program_B_C08,4,C,1,0
Student_0405,T3_Fall,Program_B_C09,3,B,1,0
Student_0406,T1_Fall,Program_A_C01,3,F,0,0
Student_0406,T1_Fall,Program_A_C02,3,F,0,0
Student_0407,T1_Fall,Program_A_C01,3,F,0,0
Student_0407,T2_Spring,Program_A_C01,3,C,1,0
Student_0407,T1_Fall,Program_A_C02,3,F,0,0
Student_0407,T2_Spring,Program_A_C02,3,C,1,0
Student_0407,T1_Fall,Program_A_C03,3,C,1,0
Student_0407,T1_Fall,Program_A_C04,4,W,0,1
Student_0407,T2_Spring,Program_A_C05,3,C,1,0
Student_0407,T2_Spring,Program_A_C06,3,W,0,1
Student_0407,T3_Fall,Program_A_C06,3,C,1,0
Student_0407,T2_Spring,Program_A_C07,3,F,0,0
Student_0407,T3_Fall,Program_A_C07,3,C,1,0
Student_0407,T2_Spring,Program_A_C09,3,B,1,0
Student_0407,T3_Fall,Program_A_C10,3,F,0,0
Student_0407,T4_Spring,Program_A_C10,3,C,1,0
Student_0407,T3_Fall,Program_A_C11,3,C,1,0
Student_0407,T3_Fall,Program_A_C13,3,W,0,1
Student_0407,T4_Spring,Program_A_C13,3,C,1,0
Student_0407,T3_Fall,Program_A_C14,3,C,1,0
Student_0408,T1_Fall,Program_B_C01,3,B,1,0
Student_0408,T1_Fall,Program_B_C02,3,C,1,0
Student_0408,T1_Fall,Program_B_C03,3,C,1,0
Student_0409,T1_Fall,Program_B_C01,3,B,1,0
Student_0409,T1_Fall,Program_B_C02,3,A,1,0
Student_0409,T1_Fall,Program_B_C03,3,B,1,0
Student_0409,T1_Fall,Program_B_C04,4,B,1,0
Student_0409,T2_Spring,Program_B_C05,3,B,1,0
Student_0409,T2_Spring,Program_B_C06,3,C,1,0
Student_0409,T2_Spring,Program_B_C07,3,B,1,0
Student_0409,T2_Spring,Program_B_C08,4,B,1,0
Student_0409,T3_Fall,Program_B_C09,3,B,1,0
Student_0409,T3_Fall,Program_B_C10,3,B,1,0
Student_0409,T3_Fall,Program_B_C11,3,A,1,0
Student_0409,T3_Fall,Program_B_C12,4,B,1,0
Student_0410,T1_Fall,Program_C_C01,3,D,1,0
Student_0410,T1_Fall,Program_C_C02,3,D,1,0
Student_0410,T1_Fall,Program_C_C03,3,W,0,1
Student_0410,T1_Fall,Program_C_C04,4,C,1,0
Student_0410,T2_Spring,Program_C_C05,3,W,0,1
Student_0410,T2_Spring,Program_C_C08,4,F,0,0
Student_0410,T3_Fall,Program_C_C08,4,C,1,0
Student_0410,T2_Spring,Program_C_C12,4,C,1,0
Student_0410,T2_Spring,Program_C_C16,3,F,0,0
Student_0411,T1_Fall,Program_D_C01,3,B,1,0
Student_0411,T1_Fall,Program_D_C02,3,B,1,0
Student_0411,T1_Fall,Program_D_C03,3,W,0,1
Student_0411,T1_Fall,Program_D_C04,4,B,1,0
Student_0412,T1_Fall,Program_B_C01,3,B,1,0
Student_0412,T1_Fall,Program_B_C02,3,C,1,0
Student_0412,T1_Fall,Program_B_C03,3,C,1,0
Student_0412,T1_Fall,Program_B_C04,4,C,1,0
Student_0412,T2_Spring,Program_B_C05,3,W,0,1
Student_0412,T2_Spring,Program_B_C06,3,F,0,0
Student_0412,T2_Spring,Program_B_C07,3,W,0,1
Student_0412,T2_Spring,Program_B_C08,4,C,1,0
Student_0412,T3_Fall,Program_B_C12,4,F,0,0
Student_0413,T1_Fall,Program_D_C01,3,F,0,0
Student_0413,T2_Spring,Program_D_C01,3,C,1,0
Student_0413,T1_Fall,Program_D_C02,3,B,1,0
Student_0413,T1_Fall,Program_D_C03,3,B,1,0
Student_0413,T1_Fall,Program_D_C04,4,C,1,0
Student_0413,T2_Spring,Program_D_C05,3,B,1,0
Student_0413,T2_Spring,Program_D_C06,3,W,0,1
Student_0413,T3_Fall,Program_D_C06,3,C,1,0
Student_0413,T2_Spring,Program_D_C07,3,W,0,1
Student_0413,T2_Spring,Program_D_C08,4,A,1,0
Student_0413,T3_Fall,Program_D_C09,3,C,1,0
Student_0413,T3_Fall,Program_D_C10,3,B,1,0
Student_0413,T3_Fall,Program_D_C12,4,B,1,0
Student_0413,T3_Fall,Program_D_C13,3,B,1,0
Student_0413,T4_Spring,Program_D_C14,3,A,1,0
Student_0414,T1_Fall,Program_C_C01,3,B,1,0
Student_0414,T1_Fall,Program_C_C02,3,B,1,0
Student_0414,T1_Fall,Program_C_C03,3,C,1,0
Student_0414,T1_Fall,Program_C_C04,4,B,1,0
Student_0414,T2_Spring,Program_C_C05,3,B,1,0
Student_0414,T2_Spring,Program_C_C06,3,B,1,0
Student_0414,T2_Spring,Program_C_C07,3,A,1,0
Student_0414,T2_Spring,Program_C_C08,4,B,1,0
Student_0414,T3_Fall,Program_C_C09,3,A,1,0
Student_0414,T3_Fall,Program_C_C10,3,B,1,0
Student_0414,T3_Fall,Program_C_C11,3,B,1,0
Student_0415,T1_Fall,Program_A_C01,3,F,0,0
Student_0415,T1_Fall,Program_A_C02,3,F,0,0
Student_0416,T1_Fall,Program_C_C01,3,C,1,0
Student_0417,T1_Fall,Program_C_C01,3,D,1,0
Student_0417,T1_Fall,Program_C_C02,3,B,1,0
Student_0417,T1_Fall,Program_C_C03,3,C,1,0
Student_0417,T1_Fall,Program_C_C04,4,F,0,0
Student_0417,T2_Spring,Program_C_C04,4,C,1,0
Student_0417,T2_Spring,Program_C_C05,3,C,1,0
Student_0417,T2_Spring,Program_C_C06,3,W,0,1
Student_0417,T3_Fall,Program_C_C06,3,F,0,0
Student_0417,T2_Spring,Program_C_C07,3,C,1,0
Student_0417,T2_Spring,Program_C_C08,4,F,0,0
Student_0417,T3_Fall,Program_C_C08,4,C,1,0
Student_0417,T3_Fall,Program_C_C09,3,C,1,0
Student_0418,T1_Fall,Program_D_C01,3,F,0,0
Student_0418,T2_Spring,Program_D_C01,3,C,1,0
Student_0418,T1_Fall,Program_D_C02,3,W,0,1
Student_0418,T1_Fall,Program_D_C03,3,F,0,0
Student_0419,T1_Fall,Program_D_C01,3,C,1,0
Student_0419,T1_Fall,Program_D_C02,3,W,0,1
Student_0419,T2_Spring,Program_D_C02,3,C,1,0
Student_0420,T1_Fall,Program_D_C01,3,F,0,0
Student_0420,T2_Spring,Program_D_C01,3,C,1,0
Student_0420,T1_Fall,Program_D_C02,3,B,1,0
Student_0420,T1_Fall,Program_D_C03,3,W,0,1
Student_0420,T2_Spring,Program_D_C03,3,F,0,0
Student_0420,T1_Fall,Program_D_C04,4,F,0,0
Student_0420,T2_Spring,Program_D_C05,3,B,1,0
Student_0420,T2_Spring,Program_D_C09,3,F,0,0
Student_0421,T1_Fall,Program_B_C01,3,B,1,0
Student_0421,T1_Fall,Program_B_C02,3,C,1,0
Student_0421,T1_Fall,Program_B_C03,3,C,1,0
Student_0421,T1_Fall,Program_B_C04,4,F,0,0
Student_0421,T2_Spring,Program_B_C05,3,F,0,0
Student_0421,T2_Spring,Program_B_C06,3,B,1,0
Student_0422,T1_Fall,Program_C_C01,3,C,1,0
Student_0422,T1_Fall,Program_C_C02,3,C,1,0
Student_0422,T1_Fall,Program_C_C03,3,B,1,0
Student_0422,T1_Fall,Program_C_C04,4,C,1,0
Student_0422,T2_Spring,Program_C_C05,3,C,1,0
Student_0422,T2_Spring,Program_C_C06,3,W,0,1
Student_0422,T3_Fall,Program_C_C06,3,C,1,0
Student_0422,T2_Spring,Program_C_C07,3,C,1,0
Student_0422,T2_Spring,Program_C_C08,4,W,0,1
Student_0422,T3_Fall,Program_C_C09,3,F,0,0
Student_0422,T4_Spring,Program_C_C09,3,C,1,0
Student_0422,T3_Fall,Program_C_C10,3,B,1,0
Student_0423,T1_Fall,Program_C_C01,3,B,1,0
Student_0423,T1_Fall,Program_C_C02,3,F,0,0
Student_0423,T2_Spring,Program_C_C02,3,C,1,0
Student_0423,T1_Fall,Program_C_C03,3,B,1,0
Student_0423,T1_Fall,Program_C_C04,4,B,1,0
Student_0424,T1_Fall,Program_D_C01,3,W,0,1
Student_0424,T2_Spring,Program_D_C01,3,C,1,0
Student_0424,T1_Fall,Program_D_C02,3,C,1,0
Student_0424,T1_Fall,Program_D_C03,3,C,1,0
Student_0424,T1_Fall,Program_D_C04,4,C,1,0
Student_0424,T2_Spring,Program_D_C05,3,W,0,1
Student_0424,T2_Spring,Program_D_C06,3,B,1,0
Student_0424,T2_Spring,Program_D_C07,3,F,0,0
Student_0424,T2_Spring,Program_D_C08,4,B,1,0
Student_0424,T3_Fall,Program_D_C10,3,C,1,0
Student_0424,T3_Fall,Program_D_C12,4,C,1,0
Student_0424,T3_Fall,Program_D_C14,3,F,0,0
Student_0424,T4_Spring,Program_D_C14,3,F,0,0
Student_0424,T3_Fall,Program_D_C16,3,C,1,0
Student_0425,T1_Fall,Program_D_C01,3,W,0,1
Student_0425,T1_Fall,Program_D_C02,3,C,1,0
Student_0425,T1_Fall,Program_D_C04,4,C,1,0
Student_0425,T1_Fall,Program_D_C05,3,D,1,0
Student_0425,T2_Spring,Program_D_C08,4,W,0,1
Student_0425,T3_Fall,Program_D_C08,4,C,1,0
Student_0425,T2_Spring,Program_D_C09,3,F,0,0
Student_0425,T2_Spring,Program_D_C12,4,W,0,1
Student_0425,T3_Fall,Program_D_C12,4,C,1,0
Student_0426,T1_Fall,Program_A_C01,3,F,0,0
Student_0426,T2_Spring,Program_A_C01,3,C,1,0
Student_0427,T1_Fall,Program_C_C01,3,W,0,1
Student_0427,T1_Fall,Program_C_C02,3,B,1,0
Student_0428,T1_Fall,Program_A_C01,3,C,1,0
Student_0428,T1_Fall,Program_A_C02,3,B,1,0
Student_0428,T1_Fall,Program_A_C03,3,C,1,0
Student_0428,T1_Fall,Program_A_C04,4,F,0,0
Student_0428,T2_Spring,Program_A_C04,4,C,1,0
Student_0428,T2_Spring,Program_A_C05,3,F,0,0
Student_0428,T3_Fall,Program_A_C05,3,C,1,0
Student_0428,T2_Spring,Program_A_C06,3,C,1,0
Student_0428,T2_Spring,Program_A_C07,3,C,1,0
Student_0428,T2_Spring,Program_A_C08,4,F,0,0
Student_0428,T3_Fall,Program_A_C08,4,C,1,0
Student_0428,T3_Fall,Program_A_C09,3,B,1,0
Student_0428,T3_Fall,Program_A_C10,3,F,0,0
Student_0428,T3_Fall,Program_A_C11,3,W,0,1
Student_0428,T4_Spring,Program_A_C11,3,C,1,0
Student_0428,T3_Fall,Program_A_C12,4,W,0,1
Student_0428,T4_Spring,Program_A_C13,3,B,1,0
Student_0429,T1_Fall,Program_A_C01,3,C,1,0
Student_0430,T1_Fall,Program_D_C01,3,W,0,1
Student_0430,T1_Fall,Program_D_C02,3,C,1,0
Student_0430,T1_Fall,Program_D_C04,4,F,0,0
Student_0430,T1_Fall,Program_D_C05,3,C,1,0
Student_0430,T2_Spring,Program_D_C09,3,C,1,0
Student_0431,T1_Fall,Program_A_C01,3,F,0,0
Student_0431,T2_Spring,Program_A_C01,3,F,0,0
Student_0431,T1_Fall,Program_A_C02,3,C,1,0
Student_0431,T1_Fall,Program_A_C04,4,W,0,1
Student_0431,T1_Fall,Program_A_C05,3,C,1,0
Student_0431,T2_Spring,Program_A_C09,3,C,1,0
Student_0432,T1_Fall,Program_B_C01,3,F,0,0
Student_0432,T2_Spring,Program_B_C01,3,C,1,0
Student_0432,T1_Fall,Program_B_C02,3,C,1,0
Student_0432,T1_Fall,Program_B_C03,3,F,0,0
Student_0432,T1_Fall,Program_B_C04,4,C,1,0
Student_0432,T2_Spring,Program_B_C05,3,D,1,0
Student_0432,T2_Spring,Program_B_C08,4,F,0,0
Student_0432,T3_Fall,Program_B_C08,4,C,1,0
Student_0432,T2_Spring,Program_B_C09,3,C,1,0
Student_0433,T1_Fall,Program_C_C01,3,F,0,0
Student_0433,T2_Spring,Program_C_C01,3,C,1,0
Student_0433,T1_Fall,Program_C_C02,3,W,0,1
Student_0433,T1_Fall,Program_C_C03,3,C,1,0
Student_0433,T1_Fall,Program_C_C06,3,F,0,0
Student_0433,T2_Spring,Program_C_C06,3,C,1,0
Student_0433,T2_Spring,Program_C_C07,3,C,1,0
Student_0433,T2_Spring,Program_C_C10,3,C,1,0
Student_0433,T2_Spring,Program_C_C11,3,C,1,0
Student_0434,T1_Fall,Program_A_C01,3,B,1,0
Student_0434,T1_Fall,Program_A_C02,3,C,1,0
Student_0434,T1_Fall,Program_A_C03,3,B,1,0
Student_0434,T1_Fall,Program_A_C04,4,C,1,0
Student_0434,T2_Spring,Program_A_C05,3,W,0,1
Student_0434,T2_Spring,Program_A_C06,3,C,1,0
Student_0435,T1_Fall,Program_A_C01,3,B,1,0
Student_0435,T1_Fall,Program_A_C02,3,B,1,0
Student_0435,T1_Fall,Program_A_C03,3,C,1,0
Student_0435,T1_Fall,Program_A_C04,4,B,1,0
Student_0435,T2_Spring,Program_A_C05,3,B,1,0
Student_0435,T2_Spring,Program_A_C06,3,C,1,0
Student_0435,T2_Spring,Program_A_C07,3,F,0,0
Student_0435,T3_Fall,Program_A_C07,3,C,1,0
Student_0435,T2_Spring,Program_A_C08,4,W,0,1
Student_0435,T3_Fall,Program_A_C09,3,F,0,0
Student_0435,T4_Spring,Program_A_C09,3,C,1,0
Student_0435,T3_Fall,Program_A_C10,3,F,0,0
Student_0435,T3_Fall,Program_A_C11,3,W,0,1
Student_0435,T3_Fall,Program_A_C13,3,C,1,0
Student_0436,T1_Fall,Program_D_C01,3,F,0,0
Student_0436,T1_Fall,Program_D_C02,3,F,0,0
Student_0436,T2_Spring,Program_D_C02,3,C,1,0
Student_0436,T1_Fall,Program_D_C04,4,B,1,0
Student_0436,T1_Fall,Program_D_C05,3,B,1,0
Student_0436,T2_Spring,Program_D_C08,4,C,1,0
Student_0436,T2_Spring,Program_D_C09,3,C,1,0
Student_0436,T2_Spring,Program_D_C12,4,F,0,0
Student_0436,T2_Spring,Program_D_C13,3,F,0,0
Student_0436,T3_Fall,Program_D_C13,3,C,1,0
Student_0437,T1_Fall,Program_B_C01,3,A,1,0
Student_0437,T1_Fall,Program_B_C02,3,B,1,0
Student_0437,T1_Fall,Program_B_C03,3,B,1,0
Student_0438,T1_Fall,Program_D_C01,3,B,1,0
Student_0438,T1_Fall,Program_D_C02,3,B,1,0
Student_0438,T1_Fall,Program_D_C03,3,C,1,0
Student_0438,T1_Fall,Program_D_C04,4,C,1,0
Student_0438,T2_Spring,Program_D_C05,3,B,1,0
Student_0438,T2_Spring,Program_D_C06,3,C,1,0
Student_0438,T2_Spring,Program_D_C07,3,C,1,0
Student_0438,T2_Spring,Program_D_C08,4,W,0,1
Student_0438,T3_Fall,Program_D_C08,4,C,1,0
Student_0439,T1_Fall,Program_B_C01,3,B,1,0
Student_0439,T1_Fall,Program_B_C02,3,B,1,0
Student_0439,T1_Fall,Program_B_C03,3,B,1,0
Student_0439,T1_Fall,Program_B_C04,4,B,1,0
Student_0439,T2_Spring,Program_B_C05,3,B,1,0
Student_0439,T2_Spring,Program_B_C06,3,B,1,0
Student_0439,T2_Spring,Program_B_C07,3,B,1,0
Student_0439,T2_Spring,Program_B_C08,4,B,1,0
Student_0439,T3_Fall,Program_B_C09,3,C,1,0
Student_0439,T3_Fall,Program_B_C10,3,B,1,0
Student_0439,T3_Fall,Program_B_C11,3,B,1,0
Student_0439,T3_Fall,Program_B_C12,4,F,0,0
Student_0439,T4_Spring,Program_B_C12,4,C,1,0
Student_0440,T1_Fall,Program_A_C01,3,C,1,0
Student_0440,T1_Fall,Program_A_C02,3,B,1,0
Student_0440,T1_Fall,Program_A_C03,3,B,1,0
Student_0440,T1_Fall,Program_A_C04,4,C,1,0
Student_0440,T2_Spring,Program_A_C05,3,C,1,0
Student_0440,T2_Spring,Program_A_C06,3,F,0,0
Student_0440,T3_Fall,Program_A_C06,3,C,1,0
Student_0440,T2_Spring,Program_A_C07,3,C,1,0
Student_0440,T2_Spring,Program_A_C08,4,B,1,0
Student_0441,T1_Fall,Program_B_C01,3,B,1,0
Student_0442,T1_Fall,Program_A_C01,3,F,0,0
Student_0442,T1_Fall,Program_A_C02,3,C,1,0
Student_0442,T1_Fall,Program_A_C04,4,C,1,0
Student_0442,T1_Fall,Program_A_C05,3,C,1,0
Student_0442,T2_Spring,Program_A_C08,4,F,0,0
Student_0442,T2_Spring,Program_A_C09,3,C,1,0
Student_0442,T2_Spring,Program_A_C13,3,B,1,0
Student_0443,T1_Fall,Program_B_C01,3,F,0,0
Student_0443,T2_Spring,Program_B_C01,3,F,0,0
Student_0443,T1_Fall,Program_B_C02,3,C,1,0
Student_0444,T1_Fall,Program_C_C01,3,C,1,0
Student_0444,T1_Fall,Program_C_C02,3,C,1,0
Student_0444,T1_Fall,Program_C_C03,3,B,1,0
Student_0444,T1_Fall,Program_C_C04,4,B,1,0
Student_0444,T2_Spring,Program_C_C05,3,B,1,0
Student_0444,T2_Spring,Program_C_C06,3,C,1,0
Student_0444,T2_Spring,Program_C_C07,3,B,1,0
Student_0444,T2_Spring,Program_C_C08,4,F,0,0
Student_0444,T3_Fall,Program_C_C08,4,C,1,0
Student_0444,T3_Fall,Program_C_C09,3,C,1,0
Student_0444,T3_Fall,Program_C_C10,3,B,1,0
Student_0445,T1_Fall,Program_B_C01,3,B,1,0
Student_0445,T1_Fall,Program_B_C02,3,B,1,0
Student_0445,T1_Fall,Program_B_C03,3,A,1,0
Student_0445,T1_Fall,Program_B_C04,4,A,1,0
Student_0445,T2_Spring,Program_B_C05,3,B,1,0
Student_0445,T2_Spring,Program_B_C06,3,A,1,0
Student_0446,T1_Fall,Program_C_C01,3,C,1,0
Student_0446,T1_Fall,Program_C_C02,3,D,1,0
Student_0446,T1_Fall,Program_C_C03,3,C,1,0
Student_0446,T1_Fall,Program_C_C04,4,C,1,0
Student_0446,T2_Spring,Program_C_C05,3,F,0,0
Student_0446,T3_Fall,Program_C_C05,3,F,0,0
Student_0446,T2_Spring,Program_C_C06,3,D,1,0
Student_0446,T2_Spring,Program_C_C07,3,C,1,0
Student_0446,T2_Spring,Program_C_C08,4,C,1,0
Student_0446,T3_Fall,Program_C_C10,3,C,1,0
Student_0446,T3_Fall,Program_C_C11,3,D,1,0
Student_0447,T1_Fall,Program_B_C01,3,F,0,0
Student_0447,T2_Spring,Program_B_C01,3,C,1,0
Student_0447,T1_Fall,Program_B_C02,3,F,0,0
Student_0447,T2_Spring,Program_B_C02,3,C,1,0
Student_0447,T1_Fall,Program_B_C03,3,D,1,0
Student_0447,T1_Fall,Program_B_C04,4,F,0,0
Student_0447,T2_Spring,Program_B_C05,3,W,0,1
Student_0447,T2_Spring,Program_B_C06,3,B,1,0
Student_0447,T2_Spring,Program_B_C07,3,B,1,0
Student_0447,T2_Spring,Program_B_C10,3,W,0,1
Student_0447,T3_Fall,Program_B_C10,3,C,1,0
Student_0447,T3_Fall,Program_B_C11,3,F,0,0
Student_0447,T3_Fall,Program_B_C14,3,C,1,0
Student_0448,T1_Fall,Program_D_C01,3,F,0,0
Student_0448,T1_Fall,Program_D_C02,3,W,0,1
Student_0448,T2_Spring,Program_D_C02,3,F,0,0
Student_0449,T1_Fall,Program_A_C01,3,C,1,0
Student_0449,T1_Fall,Program_A_C02,3,B,1,0
Student_0449,T1_Fall,Program_A_C03,3,B,1,0
Student_0449,T1_Fall,Program_A_C04,4,W,0,1
Student_0449,T2_Spring,Program_A_C04,4,C,1,0
Student_0449,T2_Spring,Program_A_C05,3,W,0,1
Student_0449,T2_Spring,Program_A_C06,3,C,1,0
Student_0449,T2_Spring,Program_A_C07,3,C,1,0
Student_0449,T2_Spring,Program_A_C08,4,F,0,0
Student_0449,T3_Fall,Program_A_C08,4,C,1,0
Student_0449,T3_Fall,Program_A_C10,3,W,0,1
Student_0449,T3_Fall,Program_A_C11,3,C,1,0
Student_0449,T3_Fall,Program_A_C12,4,C,1,0
Student_0449,T3_Fall,Program_A_C15,3,B,1,0
Student_0449,T4_Spring,Program_A_C16,3,W,0,1
Student_0449,T4_Spring,Program_A_C16,3,C,1,0
Student_0450,T1_Fall,Program_A_C01,3,A,1,0
Student_0450,T1_Fall,Program_A_C02,3,A,1,0
Student_0450,T1_Fall,Program_A_C03,3,A,1,0
Student_0450,T1_Fall,Program_A_C04,4,B,1,0
Student_0450,T2_Spring,Program_A_C05,3,A,1,0
Student_0450,T2_Spring,Program_A_C06,3,B,1,0
Student_0450,T2_Spring,Program_A_C07,3,B,1,0
Student_0450,T2_Spring,Program_A_C08,4,B,1,0
Student_0450,T3_Fall,Program_A_C09,3,A,1,0
Student_0450,T3_Fall,Program_A_C10,3,B,1,0
Student_0450,T3_Fall,Program_A_C11,3,B,1,0
Student_0450,T3_Fall,Program_A_C12,4,B,1,0
Student_0451,T1_Fall,Program_B_C01,3,D,1,0
Student_0451,T1_Fall,Program_B_C02,3,F,0,0
Student_0451,T2_Spring,Program_B_C02,3,C,1,0
Student_0451,T1_Fall,Program_B_C03,3,C,1,0
Student_0451,T1_Fall,Program_B_C04,4,B,1,0
Student_0451,T2_Spring,Program_B_C05,3,C,1,0
Student_0452,T1_Fall,Program_B_C01,3,W,0,1
Student_0452,T2_Spring,Program_B_C01,3,F,0,0
Student_0452,T1_Fall,Program_B_C02,3,F,0,0
Student_0452,T2_Spring,Program_B_C02,3,C,1,0
Student_0453,T1_Fall,Program_B_C01,3,F,0,0
Student_0453,T2_Spring,Program_B_C01,3,F,0,0
Student_0453,T1_Fall,Program_B_C02,3,B,1,0
Student_0453,T1_Fall,Program_B_C04,4,F,0,0
Student_0453,T1_Fall,Program_B_C05,3,W,0,1
Student_0454,T1_Fall,Program_D_C01,3,F,0,0
Student_0454,T2_Spring,Program_D_C01,3,C,1,0
Student_0455,T1_Fall,Program_D_C01,3,F,0,0
Student_0455,T2_Spring,Program_D_C01,3,C,1,0
Student_0456,T1_Fall,Program_C_C01,3,C,1,0
Student_0456,T1_Fall,Program_C_C02,3,W,0,1
Student_0456,T1_Fall,Program_C_C03,3,W,0,1
Student_0456,T2_Spring,Program_C_C03,3,F,0,0
Student_0457,T1_Fall,Program_D_C01,3,A,1,0
Student_0457,T1_Fall,Program_D_C02,3,A,1,0
Student_0457,T1_Fall,Program_D_C03,3,B,1,0
Student_0457,T1_Fall,Program_D_C04,4,A,1,0
Student_0458,T1_Fall,Program_A_C01,3,C,1,0
Student_0458,T1_Fall,Program_A_C02,3,B,1,0
Student_0458,T1_Fall,Program_A_C03,3,C,1,0
Student_0458,T1_Fall,Program_A_C04,4,W,0,1
Student_0458,T2_Spring,Program_A_C04,4,C,1,0
Student_0458,T2_Spring,Program_A_C05,3,C,1,0
Student_0458,T2_Spring,Program_A_C06,3,C,1,0
Student_0459,T1_Fall,Program_C_C01,3,A,1,0
Student_0459,T1_Fall,Program_C_C02,3,W,0,1
Student_0459,T2_Spring,Program_C_C02,3,C,1,0
Student_0459,T1_Fall,Program_C_C03,3,B,1,0
Student_0459,T1_Fall,Program_C_C04,4,B,1,0
Student_0459,T2_Spring,Program_C_C05,3,B,1,0
Student_0459,T2_Spring,Program_C_C06,3,B,1,0
Student_0459,T2_Spring,Program_C_C07,3,B,1,0
Student_0459,T2_Spring,Program_C_C08,4,B,1,0
Student_0459,T3_Fall,Program_C_C09,3,B,1,0
Student_0459,T3_Fall,Program_C_C10,3,F,0,0
Student_0459,T3_Fall,Program_C_C11,3,B,1,0
Student_0460,T1_Fall,Program_C_C01,3,C,1,0
Student_0460,T1_Fall,Program_C_C02,3,C,1,0
Student_0460,T1_Fall,Program_C_C03,3,A,1,0
Student_0460,T1_Fall,Program_C_C04,4,C,1,0
Student_0460,T2_Spring,Program_C_C05,3,C,1,0
Student_0460,T2_Spring,Program_C_C06,3,B,1,0
Student_0460,T2_Spring,Program_C_C07,3,B,1,0
Student_0461,T1_Fall,Program_D_C01,3,F,0,0
Student_0461,T1_Fall,Program_D_C02,3,B,1,0
Student_0461,T1_Fall,Program_D_C04,4,B,1,0
Student_0461,T1_Fall,Program_D_C05,3,B,1,0
Student_0461,T2_Spring,Program_D_C08,4,B,1,0
Student_0461,T2_Spring,Program_D_C09,3,B,1,0
Student_0461,T2_Spring,Program_D_C12,4,B,1,0
Student_0461,T2_Spring,Program_D_C13,3,B,1,0
Student_0461,T3_Fall,Program_D_C16,3,B,1,0
Student_0462,T1_Fall,Program_B_C01,3,C,1,0
Student_0462,T1_Fall,Program_B_C02,3,W,0,1
Student_0462,T2_Spring,Program_B_C02,3,C,1,0
Student_0462,T1_Fall,Program_B_C03,3,C,1,0
Student_0462,T1_Fall,Program_B_C04,4,B,1,0
Student_0462,T2_Spring,Program_B_C05,3,B,1,0
Student_0462,T2_Spring,Program_B_C06,3,B,1,0
Student_0463,T1_Fall,Program_B_C01,3,F,0,0
Student_0463,T2_Spring,Program_B_C01,3,F,0,0
Student_0463,T1_Fall,Program_B_C02,3,C,1,0
Student_0463,T1_Fall,Program_B_C04,4,F,0,0
Student_0463,T1_Fall,Program_B_C05,3,C,1,0
Student_0463,T2_Spring,Program_B_C09,3,F,0,0
Student_0464,T1_Fall,Program_A_C01,3,F,0,0
Student_0464,T1_Fall,Program_A_C02,3,C,1,0
Student_0464,T1_Fall,Program_A_C04,4,B,1,0
Student_0464,T1_Fall,Program_A_C05,3,C,1,0
Student_0464,T2_Spring,Program_A_C08,4,F,0,0
Student_0464,T3_Fall,Program_A_C08,4,C,1,0
Student_0464,T2_Spring,Program_A_C09,3,B,1,0
Student_0464,T2_Spring,Program_A_C12,4,C,1,0
Student_0464,T2_Spring,Program_A_C13,3,C,1,0
Student_0464,T3_Fall,Program_A_C16,3,W,0,1
Student_0464,T4_Spring,Program_A_C16,3,C,1,0
Student_0465,T1_Fall,Program_B_C01,3,B,1,0
Student_0465,T1_Fall,Program_B_C02,3,B,1,0
Student_0465,T1_Fall,Program_B_C03,3,B,1,0
Student_0466,T1_Fall,Program_C_C01,3,W,0,1
Student_0466,T2_Spring,Program_C_C01,3,C,1,0
Student_0466,T1_Fall,Program_C_C02,3,B,1,0
Student_0466,T1_Fall,Program_C_C03,3,A,1,0
Student_0466,T1_Fall,Program_C_C04,4,W,0,1
Student_0466,T2_Spring,Program_C_C04,4,C,1,0
Student_0466,T2_Spring,Program_C_C05,3,A,1,0
Student_0467,T1_Fall,Program_A_C01,3,F,0,0
Student_0467,T1_Fall,Program_A_C02,3,B,1,0
Student_0467,T1_Fall,Program_A_C04,4,B,1,0
Student_0467,T1_Fall,Program_A_C05,3,C,1,0
Student_0467,T2_Spring,Program_A_C08,4,C,1,0
Student_0467,T2_Spring,Program_A_C09,3,B,1,0
Student_0467,T2_Spring,Program_A_C12,4,B,1,0
Student_0467,T2_Spring,Program_A_C13,3,D,1,0
Student_0467,T3_Fall,Program_A_C16,3,C,1,0
Student_0468,T1_Fall,Program_B_C01,3,B,1,0
Student_0468,T1_Fall,Program_B_C02,3,C,1,0
Student_0468,T1_Fall,Program_B_C03,3,C,1,0
Student_0468,T1_Fall,Program_B_C04,4,B,1,0
Student_0468,T2_Spring,Program_B_C05,3,B,1,0
Student_0468,T2_Spring,Program_B_C06,3,C,1,0
Student_0469,T1_Fall,Program_D_C01,3,F,0,0
Student_0469,T2_Spring,Program_D_C01,3,C,1,0
Student_0469,T1_Fall,Program_D_C02,3,C,1,0
Student_0469,T1_Fall,Program_D_C03,3,F,0,0
Student_0469,T2_Spring,Program_D_C03,3,C,1,0
Student_0469,T1_Fall,Program_D_C04,4,C,1,0
Student_0469,T2_Spring,Program_D_C05,3,C,1,0
Student_0469,T2_Spring,Program_D_C06,3,W,0,1
Student_0469,T2_Spring,Program_D_C07,3,C,1,0
Student_0469,T2_Spring,Program_D_C08,4,B,1,0
Student_0470,T1_Fall,Program_B_C01,3,F,0,0
Student_0470,T2_Spring,Program_B_C01,3,C,1,0
Student_0470,T1_Fall,Program_B_C02,3,F,0,0
Student_0470,T2_Spring,Program_B_C02,3,C,1,0
Student_0470,T1_Fall,Program_B_C03,3,W,0,1
Student_0470,T1_Fall,Program_B_C04,4,B,1,0
Student_0470,T2_Spring,Program_B_C05,3,F,0,0
Student_0470,T2_Spring,Program_B_C08,4,C,1,0
Student_0470,T2_Spring,Program_B_C12,4,F,0,0
Student_0471,T1_Fall,Program_D_C01,3,B,1,0
Student_0471,T1_Fall,Program_D_C02,3,F,0,0
Student_0471,T1_Fall,Program_D_C03,3,C,1,0
Student_0471,T1_Fall,Program_D_C06,3,B,1,0
Student_0471,T2_Spring,Program_D_C07,3,C,1,0
Student_0471,T2_Spring,Program_D_C10,3,F,0,0
Student_0471,T2_Spring,Program_D_C11,3,W,0,1
Student_0471,T3_Fall,Program_D_C11,3,F,0,0
Student_0472,T1_Fall,Program_B_C01,3,C,1,0
Student_0472,T1_Fall,Program_B_C02,3,A,1,0
Student_0472,T1_Fall,Program_B_C03,3,B,1,0
Student_0472,T1_Fall,Program_B_C04,4,F,0,0
Student_0472,T2_Spring,Program_B_C05,3,C,1,0
Student_0472,T2_Spring,Program_B_C06,3,B,1,0
Student_0472,T2_Spring,Program_B_C07,3,C,1,0
Student_0472,T2_Spring,Program_B_C09,3,C,1,0
Student_0472,T3_Fall,Program_B_C10,3,C,1,0
Student_0473,T1_Fall,Program_A_C01,3,C,1,0
Student_0473,T1_Fall,Program_A_C02,3,W,0,1
Student_0473,T1_Fall,Program_A_C03,3,W,0,1
Student_0473,T2_Spring,Program_A_C03,3,C,1,0
Student_0473,T1_Fall,Program_A_C06,3,F,0,0
Student_0473,T2_Spring,Program_A_C07,3,B,1,0
Student_0473,T2_Spring,Program_A_C11,3,W,0,1
Student_0473,T3_Fall,Program_A_C11,3,C,1,0
Student_0474,T1_Fall,Program_C_C01,3,B,1,0
Student_0474,T1_Fall,Program_C_C02,3,C,1,0
Student_0475,T1_Fall,Program_C_C01,3,F,0,0
Student_0475,T1_Fall,Program_C_C02,3,C,1,0
Student_0475,T1_Fall,Program_C_C04,4,B,1,0
Student_0475,T1_Fall,Program_C_C05,3,C,1,0
Student_0475,T2_Spring,Program_C_C08,4,C,1,0
Student_0475,T2_Spring,Program_C_C09,3,F,0,0
Student_0475,T3_Fall,Program_C_C09,3,C,1,0
Student_0475,T2_Spring,Program_C_C12,4,C,1,0
Student_0475,T2_Spring,Program_C_C13,3,C,1,0
Student_0475,T3_Fall,Program_C_C16,3,F,0,0
Student_0476,T1_Fall,Program_A_C01,3,C,1,0
Student_0476,T1_Fall,Program_A_C02,3,W,0,1
Student_0476,T2_Spring,Program_A_C02,3,C,1,0
Student_0476,T1_Fall,Program_A_C03,3,C,1,0
Student_0476,T1_Fall,Program_A_C04,4,W,0,1
Student_0476,T2_Spring,Program_A_C05,3,C,1,0
Student_0476,T2_Spring,Program_A_C06,3,C,1,0
Student_0476,T2_Spring,Program_A_C07,3,C,1,0
Student_0477,T1_Fall,Program_A_C01,3,B,1,0
Student_0477,T1_Fall,Program_A_C02,3,C,1,0
Student_0477,T1_Fall,Program_A_C03,3,B,1,0
Student_0477,T1_Fall,Program_A_C04,4,F,0,0
Student_0477,T2_Spring,Program_A_C05,3,C,1,0
Student_0477,T2_Spring,Program_A_C06,3,B,1,0
Student_0477,T2_Spring,Program_A_C07,3,W,0,1
Student_0477,T2_Spring,Program_A_C09,3,F,0,0
Student_0477,T3_Fall,Program_A_C09,3,C,1,0
Student_0477,T3_Fall,Program_A_C10,3,F,0,0
Student_0477,T4_Spring,Program_A_C10,3,F,0,0
Student_0477,T3_Fall,Program_A_C13,3,C,1,0
Student_0478,T1_Fall,Program_D_C01,3,F,0,0
Student_0478,T2_Spring,Program_D_C01,3,C,1,0
Student_0479,T1_Fall,Program_D_C01,3,B,1,0
Student_0479,T1_Fall,Program_D_C02,3,F,0,0
Student_0479,T2_Spring,Program_D_C02,3,C,1,0
Student_0479,T1_Fall,Program_D_C03,3,C,1,0
Student_0479,T1_Fall,Program_D_C04,4,W,0,1
Student_0479,T2_Spring,Program_D_C04,4,C,1,0
Student_0480,T1_Fall,Program_A_C01,3,C,1,0
Student_0481,T1_Fall,Program_C_C01,3,F,0,0
Student_0481,T2_Spring,Program_C_C01,3,C,1,0
Student_0481,T1_Fall,Program_C_C02,3,W,0,1
Student_0481,T1_Fall,Program_C_C03,3,W,0,1
Student_0482,T1_Fall,Program_D_C01,3,F,0,0
Student_0482,T1_Fall,Program_D_C02,3,C,1,0
Student_0483,T1_Fall,Program_C_C01,3,B,1,0
Student_0483,T1_Fall,Program_C_C02,3,B,1,0
Student_0483,T1_Fall,Program_C_C03,3,B,1,0
Student_0483,T1_Fall,Program_C_C04,4,C,1,0
Student_0483,T2_Spring,Program_C_C05,3,B,1,0
Student_0483,T2_Spring,Program_C_C06,3,B,1,0
Student_0484,T1_Fall,Program_B_C01,3,B,1,0
Student_0484,T1_Fall,Program_B_C02,3,W,0,1
Student_0484,T2_Spring,Program_B_C02,3,C,1,0
Student_0485,T1_Fall,Program_B_C01,3,C,1,0
Student_0486,T1_Fall,Program_A_C01,3,B,1,0
Student_0486,T1_Fall,Program_A_C02,3,W,0,1
Student_0486,T2_Spring,Program_A_C02,3,F,0,0
Student_0486,T1_Fall,Program_A_C03,3,F,0,0
Student_0486,T2_Spring,Program_A_C03,3,C,1,0
Student_0487,T1_Fall,Program_B_C01,3,W,0,1
Student_0487,T1_Fall,Program_B_C02,3,B,1,0
Student_0487,T1_Fall,Program_B_C04,4,B,1,0
Student_0487,T1_Fall,Program_B_C05,3,B,1,0
Student_0487,T2_Spring,Program_B_C08,4,C,1,0
Student_0487,T2_Spring,Program_B_C09,3,C,1,0
Student_0487,T2_Spring,Program_B_C12,4,C,1,0
Student_0487,T2_Spring,Program_B_C13,3,C,1,0
Student_0487,T3_Fall,Program_B_C16,3,B,1,0
Student_0488,T1_Fall,Program_C_C01,3,F,0,0
Student_0488,T2_Spring,Program_C_C01,3,C,1,0
Student_0488,T1_Fall,Program_C_C02,3,B,1,0
Student_0488,T1_Fall,Program_C_C03,3,B,1,0
Student_0488,T1_Fall,Program_C_C04,4,C,1,0
Student_0489,T1_Fall,Program_A_C01,3,A,1,0
Student_0489,T1_Fall,Program_A_C02,3,B,1,0
Student_0489,T1_Fall,Program_A_C03,3,B,1,0
Student_0490,T1_Fall,Program_A_C01,3,W,0,1
Student_0490,T2_Spring,Program_A_C01,3,C,1,0
Student_0490,T1_Fall,Program_A_C02,3,F,0,0
Student_0490,T1_Fall,Program_A_C03,3,C,1,0
Student_0490,T1_Fall,Program_A_C06,3,W,0,1
Student_0490,T2_Spring,Program_A_C07,3,C,1,0
Student_0491,T1_Fall,Program_D_C01,3,B,1,0
Student_0491,T1_Fall,Program_D_C02,3,B,1,0
Student_0492,T1_Fall,Program_C_C01,3,C,1,0
Student_0492,T1_Fall,Program_C_C02,3,B,1,0
Student_0493,T1_Fall,Program_A_C01,3,C,1,0
Student_0493,T1_Fall,Program_A_C02,3,F,0,0
Student_0493,T2_Spring,Program_A_C02,3,C,1,0
Student_0493,T1_Fall,Program_A_C03,3,B,1,0
Student_0493,T1_Fall,Program_A_C04,4,F,0,0
Student_0493,T2_Spring,Program_A_C05,3,W,0,1
Student_0493,T2_Spring,Program_A_C06,3,W,0,1
Student_0493,T2_Spring,Program_A_C07,3,B,1,0
Student_0493,T2_Spring,Program_A_C11,3,C,1,0
Student_0493,T3_Fall,Program_A_C15,3,W,0,1
Student_0493,T4_Spring,Program_A_C15,3,C,1,0
Student_0494,T1_Fall,Program_A_C01,3,C,1,0
Student_0494,T1_Fall,Program_A_C02,3,B,1,0
Student_0494,T1_Fall,Program_A_C03,3,B,1,0
Student_0494,T1_Fall,Program_A_C04,4,C,1,0
Student_0494,T2_Spring,Program_A_C05,3,C,1,0
Student_0494,T2_Spring,Program_A_C06,3,C,1,0
Student_0495,T1_Fall,Program_B_C01,3,C,1,0
Student_0496,T1_Fall,Program_D_C01,3,B,1,0
Student_0496,T1_Fall,Program_D_C02,3,B,1,0
Student_0496,T1_Fall,Program_D_C03,3,F,0,0
Student_0496,T2_Spring,Program_D_C03,3,C,1,0
Student_0496,T1_Fall,Program_D_C04,4,B,1,0
Student_0496,T2_Spring,Program_D_C05,3,C,1,0
Student_0496,T2_Spring,Program_D_C06,3,B,1,0
Student_0496,T2_Spring,Program_D_C07,3,B,1,0
Student_0496,T2_Spring,Program_D_C08,4,A,1,0
Student_0497,T1_Fall,Program_A_C01,3,W,0,1
Student_0497,T1_Fall,Program_A_C02,3,B,1,0
Student_0497,T1_Fall,Program_A_C04,4,B,1,0
Student_0497,T1_Fall,Program_A_C05,3,B,1,0
Student_0498,T1_Fall,Program_B_C01,3,A,1,0
Student_0498,T1_Fall,Program_B_C02,3,F,0,0
Student_0498,T1_Fall,Program_B_C03,3,B,1,0
Student_0498,T1_Fall,Program_B_C06,3,B,1,0
Student_0498,T2_Spring,Program_B_C07,3,C,1,0
Student_0498,T2_Spring,Program_B_C10,3,C,1,0
Student_0498,T2_Spring,Program_B_C11,3,C,1,0
Student_0498,T2_Spring,Program_B_C14,3,B,1,0
Student_0498,T3_Fall,Program_B_C15,3,B,1,0
Student_0499,T1_Fall,Program_B_C01,3,B,1,0
Student_0499,T1_Fall,Program_B_C02,3,C,1,0
Student_0499,T1_Fall,Program_B_C03,3,F,0,0
Student_0499,T1_Fall,Program_B_C04,4,B,1,0
Student_0499,T2_Spring,Program_B_C05,3,B,1,0
Student_0499,T2_Spring,Program_B_C08,4,C,1,0
Student_0499,T2_Spring,Program_B_C09,3,C,1,0
Student_0499,T2_Spring,Program_B_C12,4,C,1,0
Student_0500,T1_Fall,Program_A_C01,3,A,1,0
Student_0501,T1_Fall,Program_C_C01,3,A,1,0
Student_0501,T1_Fall,Program_C_C02,3,A,1,0
Student_0501,T1_Fall,Program_C_C03,3,B,1,0
Student_0501,T1_Fall,Program_C_C04,4,F,0,0
Student_0501,T2_Spring,Program_C_C05,3,A,1,0
Student_0501,T2_Spring,Program_C_C06,3,B,1,0
Student_0502,T1_Fall,Program_B_C01,3,C,1,0
Student_0502,T1_Fall,Program_B_C02,3,B,1,0
Student_0502,T1_Fall,Program_B_C03,3,B,1,0
Student_0502,T1_Fall,Program_B_C04,4,A,1,0
Student_0502,T2_Spring,Program_B_C05,3,A,1,0
Student_0502,T2_Spring,Program_B_C06,3,B,1,0
Student_0502,T2_Spring,Program_B_C07,3,B,1,0
Student_0502,T2_Spring,Program_B_C08,4,B,1,0
Student_0502,T3_Fall,Program_B_C09,3,F,0,0
Student_0502,T4_Spring,Program_B_C09,3,C,1,0
Student_0502,T3_Fall,Program_B_C10,3,B,1,0
Student_0502,T3_Fall,Program_B_C11,3,B,1,0
Student_0503,T1_Fall,Program_D_C01,3,B,1,0
Student_0504,T1_Fall,Program_D_C01,3,F,0,0
Student_0504,T2_Spring,Program_D_C01,3,F,0,0
Student_0504,T1_Fall,Program_D_C02,3,W,0,1
Student_0505,T1_Fall,Program_D_C01,3,B,1,0
Student_0505,T1_Fall,Program_D_C02,3,B,1,0
Student_0505,T1_Fall,Program_D_C03,3,B,1,0
Student_0505,T1_Fall,Program_D_C04,4,B,1,0
Student_0505,T2_Spring,Program_D_C05,3,B,1,0
Student_0505,T2_Spring,Program_D_C06,3,C,1,0
Student_0505,T2_Spring,Program_D_C07,3,C,1,0
Student_0505,T2_Spring,Program_D_C08,4,B,1,0
Student_0505,T3_Fall,Program_D_C09,3,B,1,0
Student_0505,T3_Fall,Program_D_C10,3,C,1,0
Student_0505,T3_Fall,Program_D_C11,3,F,0,0
Student_0505,T4_Spring,Program_D_C11,3,C,1,0
Student_0505,T3_Fall,Program_D_C12,4,B,1,0
Student_0506,T1_Fall,Program_D_C01,3,B,1,0
Student_0506,T1_Fall,Program_D_C02,3,B,1,0
Student_0507,T1_Fall,Program_C_C01,3,B,1,0
Student_0507,T1_Fall,Program_C_C02,3,A,1,0
Student_0507,T1_Fall,Program_C_C03,3,A,1,0
Student_0507,T1_Fall,Program_C_C04,4,A,1,0
Student_0507,T2_Spring,Program_C_C05,3,A,1,0
Student_0508,T1_Fall,Program_C_C01,3,B,1,0
Student_0508,T1_Fall,Program_C_C02,3,C,1,0
Student_0508,T1_Fall,Program_C_C03,3,B,1,0
Student_0508,T1_Fall,Program_C_C04,4,C,1,0
Student_0509,T1_Fall,Program_B_C01,3,B,1,0
Student_0509,T1_Fall,Program_B_C02,3,B,1,0
Student_0509,T1_Fall,Program_B_C03,3,F,0,0
Student_0509,T1_Fall,Program_B_C04,4,C,1,0
Student_0509,T2_Spring,Program_B_C05,3,B,1,0
Student_0509,T2_Spring,Program_B_C08,4,F,0,0
Student_0509,T2_Spring,Program_B_C09,3,W,0,1
Student_0509,T3_Fall,Program_B_C09,3,C,1,0
Student_0509,T2_Spring,Program_B_C13,3,F,0,0
Student_0510,T1_Fall,Program_C_C01,3,C,1,0
Student_0511,T1_Fall,Program_B_C01,3,F,0,0
Student_0511,T2_Spring,Program_B_C01,3,C,1,0
Student_0511,T1_Fall,Program_B_C02,3,F,0,0
Student_0511,T1_Fall,Program_B_C03,3,B,1,0
Student_0511,T1_Fall,Program_B_C06,3,F,0,0
Student_0511,T2_Spring,Program_B_C07,3,W,0,1
Student_0511,T3_Fall,Program_B_C07,3,F,0,0
Student_0512,T1_Fall,Program_C_C01,3,B,1,0
Student_0512,T1_Fall,Program_C_C02,3,B,1,0
Student_0512,T1_Fall,Program_C_C03,3,F,0,0
Student_0512,T1_Fall,Program_C_C04,4,F,0,0
Student_0512,T2_Spring,Program_C_C04,4,C,1,0
Student_0512,T2_Spring,Program_C_C05,3,W,0,1
Student_0512,T2_Spring,Program_C_C08,4,F,0,0
Student_0512,T3_Fall,Program_C_C08,4,C,1,0
Student_0512,T2_Spring,Program_C_C12,4,C,1,0
Student_0512,T2_Spring,Program_C_C16,3,B,1,0
Student_0513,T1_Fall,Program_C_C01,3,F,0,0
Student_0513,T1_Fall,Program_C_C02,3,W,0,1
Student_0514,T1_Fall,Program_A_C01,3,B,1,0
Student_0514,T1_Fall,Program_A_C02,3,B,1,0
Student_0514,T1_Fall,Program_A_C03,3,B,1,0
Student_0514,T1_Fall,Program_A_C04,4,B,1,0
Student_0514,T2_Spring,Program_A_C05,3,F,0,0
Student_0514,T3_Fall,Program_A_C05,3,C,1,0
Student_0514,T2_Spring,Program_A_C06,3,B,1,0
Student_0514,T2_Spring,Program_A_C07,3,A,1,0
Student_0514,T2_Spring,Program_A_C08,4,B,1,0
Student_0514,T3_Fall,Program_A_C09,3,B,1,0
Student_0514,T3_Fall,Program_A_C10,3,C,1,0
Student_0514,T3_Fall,Program_A_C11,3,B,1,0
Student_0515,T1_Fall,Program_D_C01,3,F,0,0
Student_0515,T2_Spring,Program_D_C01,3,C,1,0
Student_0515,T1_Fall,Program_D_C02,3,C,1,0
Student_0515,T1_Fall,Program_D_C03,3,B,1,0
Student_0515,T1_Fall,Program_D_C04,4,C,1,0
Student_0515,T2_Spring,Program_D_C05,3,B,1,0
Student_0515,T2_Spring,Program_D_C06,3,A,1,0
Student_0516,T1_Fall,Program_D_C01,3,C,1,0
Student_0516,T1_Fall,Program_D_C02,3,B,1,0
Student_0516,T1_Fall,Program_D_C03,3,C,1,0
Student_0516,T1_Fall,Program_D_C04,4,F,0,0
Student_0516,T2_Spring,Program_D_C04,4,C,1,0
Student_0516,T2_Spring,Program_D_C05,3,C,1,0
Student_0516,T2_Spring,Program_D_C06,3,C,1,0
Student_0516,T2_Spring,Program_D_C07,3,C,1,0
Student_0516,T2_Spring,Program_D_C08,4,C,1,0
Student_0516,T3_Fall,Program_D_C09,3,B,1,0
Student_0516,T3_Fall,Program_D_C10,3,C,1,0
Student_0517,T1_Fall,Program_B_C01,3,B,1,0
Student_0517,T1_Fall,Program_B_C02,3,A,1,0
Student_0517,T1_Fall,Program_B_C03,3,B,1,0
Student_0517,T1_Fall,Program_B_C04,4,B,1,0
Student_0517,T2_Spring,Program_B_C05,3,B,1,0
Student_0517,T2_Spring,Program_B_C06,3,A,1,0
Student_0517,T2_Spring,Program_B_C07,3,B,1,0
Student_0517,T2_Spring,Program_B_C08,4,B,1,0
Student_0517,T3_Fall,Program_B_C09,3,B,1,0
Student_0517,T3_Fall,Program_B_C10,3,A,1,0
Student_0518,T1_Fall,Program_C_C01,3,B,1,0
Student_0518,T1_Fall,Program_C_C02,3,B,1,0
Student_0518,T1_Fall,Program_C_C03,3,B,1,0
Student_0518,T1_Fall,Program_C_C04,4,C,1,0
Student_0518,T2_Spring,Program_C_C05,3,B,1,0
Student_0518,T2_Spring,Program_C_C06,3,F,0,0
Student_0518,T3_Fall,Program_C_C06,3,C,1,0
Student_0518,T2_Spring,Program_C_C07,3,B,1,0
Student_0518,T2_Spring,Program_C_C08,4,F,0,0
Student_0518,T3_Fall,Program_C_C08,4,C,1,0
Student_0518,T3_Fall,Program_C_C09,3,B,1,0
Student_0519,T1_Fall,Program_D_C01,3,B,1,0
Student_0519,T1_Fall,Program_D_C02,3,C,1,0
Student_0519,T1_Fall,Program_D_C03,3,F,0,0
Student_0519,T2_Spring,Program_D_C03,3,C,1,0
Student_0519,T1_Fall,Program_D_C04,4,C,1,0
Student_0519,T2_Spring,Program_D_C05,3,C,1,0
Student_0519,T2_Spring,Program_D_C06,3,C,1,0
Student_0519,T2_Spring,Program_D_C07,3,F,0,0
Student_0519,T2_Spring,Program_D_C08,4,C,1,0
Student_0519,T3_Fall,Program_D_C09,3,C,1,0
Student_0520,T1_Fall,Program_B_C01,3,B,1,0
Student_0521,T1_Fall,Program_C_C01,3,F,0,0
Student_0521,T2_Spring,Program_C_C01,3,C,1,0
Student_0522,T1_Fall,Program_A_C01,3,B,1,0
Student_0523,T1_Fall,Program_D_C01,3,B,1,0
Student_0523,T1_Fall,Program_D_C02,3,W,0,1
Student_0523,T2_Spring,Program_D_C02,3,C,1,0
Student_0523,T1_Fall,Program_D_C03,3,A,1,0
Student_0523,T1_Fall,Program_D_C04,4,B,1,0
Student_0523,T2_Spring,Program_D_C05,3,B,1,0
Student_0523,T2_Spring,Program_D_C06,3,A,1,0
Student_0523,T2_Spring,Program_D_C07,3,B,1,0
Student_0523,T2_Spring,Program_D_C08,4,A,1,0
Student_0524,T1_Fall,Program_B_C01,3,C,1,0
Student_0524,T1_Fall,Program_B_C02,3,C,1,0
Student_0524,T1_Fall,Program_B_C03,3,F,0,0
Student_0524,T2_Spring,Program_B_C03,3,C,1,0
Student_0524,T1_Fall,Program_B_C04,4,B,1,0
Student_0524,T2_Spring,Program_B_C05,3,C,1,0
Student_0524,T2_Spring,Program_B_C06,3,C,1,0
Student_0524,T2_Spring,Program_B_C07,3,C,1,0
Student_0525,T1_Fall,Program_A_C01,3,W,0,1
Student_0525,T1_Fall,Program_A_C02,3,F,0,0
Student_0526,T1_Fall,Program_C_C01,3,F,0,0
Student_0526,T1_Fall,Program_C_C02,3,W,0,1
Student_0526,T2_Spring,Program_C_C02,3,C,1,0
Student_0526,T1_Fall,Program_C_C04,4,F,0,0
Student_0526,T1_Fall,Program_C_C05,3,C,1,0
Student_0526,T2_Spring,Program_C_C09,3,F,0,0
Student_0526,T3_Fall,Program_C_C09,3,C,1,0
Student_0527,T1_Fall,Program_A_C01,3,C,1,0
Student_0527,T1_Fall,Program_A_C02,3,B,1,0
Student_0527,T1_Fall,Program_A_C03,3,B,1,0
Student_0527,T1_Fall,Program_A_C04,4,B,1,0
Student_0527,T2_Spring,Program_A_C05,3,B,1,0
Student_0527,T2_Spring,Program_A_C06,3,C,1,0
Student_0528,T1_Fall,Program_A_C01,3,B,1,0
Student_0529,T1_Fall,Program_C_C01,3,B,1,0
Student_0529,T1_Fall,Program_C_C02,3,F,0,0
Student_0529,T2_Spring,Program_C_C02,3,C,1,0
Student_0529,T1_Fall,Program_C_C03,3,B,1,0
Student_0529,T1_Fall,Program_C_C04,4,C,1,0
Student_0530,T1_Fall,Program_C_C01,3,C,1,0
Student_0530,T1_Fall,Program_C_C02,3,W,0,1
Student_0530,T2_Spring,Program_C_C02,3,C,1,0
Student_0530,T1_Fall,Program_C_C03,3,B,1,0
Student_0531,T1_Fall,Program_A_C01,3,D,1,0
Student_0531,T1_Fall,Program_A_C02,3,C,1,0
Student_0531,T1_Fall,Program_A_C03,3,F,0,0
Student_0531,T2_Spring,Program_A_C03,3,C,1,0
Student_0531,T1_Fall,Program_A_C04,4,C,1,0
Student_0531,T2_Spring,Program_A_C05,3,F,0,0
Student_0531,T2_Spring,Program_A_C06,3,F,0,0
Student_0531,T3_Fall,Program_A_C06,3,F,0,0
Student_0531,T2_Spring,Program_A_C07,3,C,1,0
Student_0531,T2_Spring,Program_A_C08,4,D,1,0
Student_0531,T3_Fall,Program_A_C11,3,F,0,0
Student_0531,T4_Spring,Program_A_C11,3,C,1,0
Student_0531,T3_Fall,Program_A_C12,4,D,1,0
Student_0531,T3_Fall,Program_A_C15,3,F,0,0
Student_0531,T4_Spring,Program_A_C15,3,C,1,0
Student_0532,T1_Fall,Program_A_C01,3,W,0,1
Student_0532,T1_Fall,Program_A_C02,3,B,1,0
Student_0532,T1_Fall,Program_A_C04,4,B,1,0
Student_0532,T1_Fall,Program_A_C05,3,B,1,0
Student_0532,T2_Spring,Program_A_C08,4,B,1,0
Student_0532,T2_Spring,Program_A_C09,3,C,1,0
Student_0532,T2_Spring,Program_A_C12,4,B,1,0
Student_0532,T2_Spring,Program_A_C13,3,C,1,0
Student_0532,T3_Fall,Program_A_C16,3,C,1,0
Student_0533,T1_Fall,Program_C_C01,3,C,1,0
Student_0533,T1_Fall,Program_C_C02,3,B,1,0
Student_0533,T1_Fall,Program_C_C03,3,B,1,0
Student_0533,T1_Fall,Program_C_C04,4,A,1,0
Student_0533,T2_Spring,Program_C_C05,3,B,1,0
Student_0533,T2_Spring,Program_C_C06,3,B,1,0
Student_0533,T2_Spring,Program_C_C07,3,W,0,1
Student_0533,T2_Spring,Program_C_C08,4,F,0,0
Student_0533,T3_Fall,Program_C_C08,4,C,1,0
Student_0534,T1_Fall,Program_D_C01,3,F,0,0
Student_0534,T2_Spring,Program_D_C01,3,C,1,0
Student_0534,T1_Fall,Program_D_C02,3,B,1,0
Student_0534,T1_Fall,Program_D_C03,3,F,0,0
Student_0534,T1_Fall,Program_D_C04,4,B,1,0
Student_0535,T1_Fall,Program_B_C01,3,F,0,0
Student_0535,T1_Fall,Program_B_C02,3,F,0,0
Student_0535,T2_Spring,Program_B_C02,3,C,1,0
Student_0535,T1_Fall,Program_B_C04,4,F,0,0
Student_0535,T2_Spring,Program_B_C04,4,C,1,0
Student_0535,T1_Fall,Program_B_C05,3,B,1,0
Student_0535,T2_Spring,Program_B_C08,4,W,0,1
Student_0535,T3_Fall,Program_B_C08,4,C,1,0
Student_0535,T2_Spring,Program_B_C09,3,C,1,0
Student_0535,T2_Spring,Program_B_C12,4,C,1,0
Student_0535,T2_Spring,Program_B_C13,3,C,1,0
Student_0535,T3_Fall,Program_B_C16,3,C,1,0
Student_0536,T1_Fall,Program_B_C01,3,W,0,1
Student_0536,T2_Spring,Program_B_C01,3,C,1,0
Student_0536,T1_Fall,Program_B_C02,3,F,0,0
Student_0536,T1_Fall,Program_B_C03,3,B,1,0
Student_0536,T1_Fall,Program_B_C06,3,C,1,0
Student_0536,T2_Spring,Program_B_C07,3,W,0,1
Student_0536,T3_Fall,Program_B_C07,3,C,1,0
Student_0536,T2_Spring,Program_B_C10,3,F,0,0
Student_0536,T3_Fall,Program_B_C10,3,C,1,0
Student_0536,T2_Spring,Program_B_C11,3,C,1,0
Student_0536,T2_Spring,Program_B_C14,3,F,0,0
Student_0536,T3_Fall,Program_B_C15,3,C,1,0
Student_0537,T1_Fall,Program_A_C01,3,B,1,0
Student_0537,T1_Fall,Program_A_C02,3,B,1,0
Student_0537,T1_Fall,Program_A_C03,3,C,1,0
Student_0537,T1_Fall,Program_A_C04,4,F,0,0
Student_0537,T2_Spring,Program_A_C04,4,C,1,0
Student_0537,T2_Spring,Program_A_C05,3,C,1,0
Student_0538,T1_Fall,Program_A_C01,3,B,1,0
Student_0538,T1_Fall,Program_A_C02,3,C,1,0
Student_0538,T1_Fall,Program_A_C03,3,B,1,0
Student_0538,T1_Fall,Program_A_C04,4,B,1,0
Student_0538,T2_Spring,Program_A_C05,3,C,1,0
Student_0538,T2_Spring,Program_A_C06,3,F,0,0
Student_0538,T2_Spring,Program_A_C07,3,W,0,1
Student_0538,T2_Spring,Program_A_C08,4,F,0,0
Student_0538,T3_Fall,Program_A_C09,3,C,1,0
Student_0539,T1_Fall,Program_D_C01,3,C,1,0
Student_0539,T1_Fall,Program_D_C02,3,B,1,0
Student_0539,T1_Fall,Program_D_C03,3,C,1,0
Student_0539,T1_Fall,Program_D_C04,4,C,1,0
Student_0539,T2_Spring,Program_D_C05,3,B,1,0
Student_0540,T1_Fall,Program_B_C01,3,C,1,0
Student_0540,T1_Fall,Program_B_C02,3,B,1,0
Student_0541,T1_Fall,Program_D_C01,3,B,1,0
Student_0541,T1_Fall,Program_D_C02,3,C,1,0
Student_0542,T1_Fall,Program_B_C01,3,W,0,1
Student_0542,T2_Spring,Program_B_C01,3,C,1,0
Student_0542,T1_Fall,Program_B_C02,3,F,0,0
Student_0542,T2_Spring,Program_B_C02,3,F,0,0
Student_0542,T1_Fall,Program_B_C03,3,C,1,0
Student_0542,T1_Fall,Program_B_C06,3,B,1,0
Student_0542,T2_Spring,Program_B_C07,3,F,0,0
Student_0542,T2_Spring,Program_B_C10,3,W,0,1
Student_0542,T3_Fall,Program_B_C10,3,C,1,0
Student_0543,T1_Fall,Program_B_C01,3,B,1,0
Student_0543,T1_Fall,Program_B_C02,3,A,1,0
Student_0543,T1_Fall,Program_B_C03,3,A,1,0
Student_0544,T1_Fall,Program_C_C01,3,B,1,0
Student_0544,T1_Fall,Program_C_C02,3,F,0,0
Student_0544,T2_Spring,Program_C_C02,3,C,1,0
Student_0544,T1_Fall,Program_C_C03,3,W,0,1
Student_0544,T2_Spring,Program_C_C03,3,C,1,0
Student_0544,T1_Fall,Program_C_C04,4,F,0,0
Student_0544,T2_Spring,Program_C_C04,4,C,1,0
Student_0544,T2_Spring,Program_C_C05,3,B,1,0
Student_0544,T2_Spring,Program_C_C06,3,B,1,0
Student_0545,T1_Fall,Program_C_C01,3,W,0,1
Student_0545,T1_Fall,Program_C_C02,3,F,0,0
Student_0545,T2_Spring,Program_C_C02,3,C,1,0
Student_0545,T1_Fall,Program_C_C04,4,D,1,0
Student_0545,T1_Fall,Program_C_C05,3,F,0,0
Student_0545,T2_Spring,Program_C_C08,4,D,1,0
Student_0545,T2_Spring,Program_C_C12,4,F,0,0
Student_0545,T3_Fall,Program_C_C12,4,F,0,0
Student_0546,T1_Fall,Program_A_C01,3,C,1,0
Student_0546,T1_Fall,Program_A_C02,3,C,1,0
Student_0546,T1_Fall,Program_A_C03,3,B,1,0
Student_0546,T1_Fall,Program_A_C04,4,F,0,0
Student_0546,T2_Spring,Program_A_C05,3,C,1,0
Student_0546,T2_Spring,Program_A_C06,3,B,1,0
Student_0547,T1_Fall,Program_B_C01,3,B,1,0
Student_0547,T1_Fall,Program_B_C02,3,C,1,0
Student_0547,T1_Fall,Program_B_C03,3,F,0,0
Student_0547,T2_Spring,Program_B_C03,3,C,1,0
Student_0547,T1_Fall,Program_B_C04,4,C,1,0
Student_0547,T2_Spring,Program_B_C05,3,B,1,0
Student_0547,T2_Spring,Program_B_C06,3,B,1,0
Student_0547,T2_Spring,Program_B_C07,3,C,1,0
Student_0547,T2_Spring,Program_B_C08,4,C,1,0
Student_0548,T1_Fall,Program_A_C01,3,C,1,0
Student_0548,T1_Fall,Program_A_C02,3,C,1,0
Student_0548,T1_Fall,Program_A_C03,3,F,0,0
Student_0548,T1_Fall,Program_A_C04,4,B,1,0
Student_0548,T2_Spring,Program_A_C05,3,W,0,1
Student_0548,T2_Spring,Program_A_C08,4,F,0,0
Student_0548,T3_Fall,Program_A_C08,4,C,1,0
Student_0548,T2_Spring,Program_A_C12,4,W,0,1
Student_0549,T1_Fall,Program_C_C01,3,C,1,0
Student_0549,T1_Fall,Program_C_C02,3,C,1,0
Student_0549,T1_Fall,Program_C_C03,3,C,1,0
Student_0549,T1_Fall,Program_C_C04,4,B,1,0
Student_0549,T2_Spring,Program_C_C05,3,B,1,0
Student_0549,T2_Spring,Program_C_C06,3,F,0,0
Student_0549,T2_Spring,Program_C_C07,3,W,0,1
Student_0549,T3_Fall,Program_C_C07,3,C,1,0
Student_0549,T2_Spring,Program_C_C08,4,C,1,0
Student_0549,T3_Fall,Program_C_C09,3,W,0,1
Student_0549,T3_Fall,Program_C_C11,3,C,1,0
Student_0550,T1_Fall,Program_A_C01,3,C,1,0
Student_0550,T1_Fall,Program_A_C02,3,C,1,0
Student_0550,T1_Fall,Program_A_C03,3,W,0,1
Student_0550,T2_Spring,Program_A_C03,3,C,1,0
Student_0551,T1_Fall,Program_D_C01,3,B,1,0
Student_0551,T1_Fall,Program_D_C02,3,F,0,0
Student_0551,T1_Fall,Program_D_C03,3,W,0,1
Student_0551,T2_Spring,Program_D_C03,3,C,1,0
Student_0551,T1_Fall,Program_D_C06,3,F,0,0
Student_0551,T2_Spring,Program_D_C07,3,W,0,1
Student_0551,T3_Fall,Program_D_C07,3,F,0,0
Student_0552,T1_Fall,Program_B_C01,3,C,1,0
Student_0552,T1_Fall,Program_B_C02,3,B,1,0
Student_0552,T1_Fall,Program_B_C03,3,B,1,0
Student_0552,T1_Fall,Program_B_C04,4,C,1,0
Student_0552,T2_Spring,Program_B_C05,3,B,1,0
Student_0552,T2_Spring,Program_B_C06,3,F,0,0
Student_0552,T2_Spring,Program_B_C07,3,B,1,0
Student_0552,T2_Spring,Program_B_C08,4,C,1,0
Student_0552,T3_Fall,Program_B_C09,3,C,1,0
Student_0552,T3_Fall,Program_B_C11,3,C,1,0
Student_0552,T3_Fall,Program_B_C12,4,C,1,0
Student_0552,T3_Fall,Program_B_C13,3,B,1,0
Student_0552,T4_Spring,Program_B_C15,3,W,0,1
Student_0552,T4_Spring,Program_B_C16,3,B,1,0
Student_0553,T1_Fall,Program_C_C01,3,B,1,0
Student_0553,T1_Fall,Program_C_C02,3,C,1,0
Student_0553,T1_Fall,Program_C_C03,3,B,1,0
Student_0554,T1_Fall,Program_B_C01,3,A,1,0
Student_0554,T1_Fall,Program_B_C02,3,B,1,0
Student_0554,T1_Fall,Program_B_C03,3,B,1,0
Student_0554,T1_Fall,Program_B_C04,4,B,1,0
Student_0554,T2_Spring,Program_B_C05,3,B,1,0
Student_0554,T2_Spring,Program_B_C06,3,B,1,0
Student_0555,T1_Fall,Program_B_C01,3,C,1,0
Student_0555,T1_Fall,Program_B_C02,3,C,1,0
Student_0555,T1_Fall,Program_B_C03,3,B,1,0
Student_0555,T1_Fall,Program_B_C04,4,F,0,0
Student_0555,T2_Spring,Program_B_C04,4,C,1,0
Student_0555,T2_Spring,Program_B_C05,3,C,1,0
Student_0555,T2_Spring,Program_B_C06,3,F,0,0
Student_0555,T3_Fall,Program_B_C06,3,F,0,0
Student_0555,T2_Spring,Program_B_C07,3,F,0,0
Student_0555,T2_Spring,Program_B_C08,4,C,1,0
Student_0556,T1_Fall,Program_C_C01,3,B,1,0
Student_0556,T1_Fall,Program_C_C02,3,F,0,0
Student_0556,T2_Spring,Program_C_C02,3,F,0,0
Student_0556,T1_Fall,Program_C_C03,3,W,0,1
Student_0557,T1_Fall,Program_D_C01,3,C,1,0
Student_0557,T1_Fall,Program_D_C02,3,C,1,0
Student_0557,T1_Fall,Program_D_C03,3,B,1,0
Student_0557,T1_Fall,Program_D_C04,4,C,1,0
Student_0557,T2_Spring,Program_D_C05,3,C,1,0
Student_0557,T2_Spring,Program_D_C06,3,C,1,0
Student_0557,T2_Spring,Program_D_C07,3,F,0,0
Student_0557,T3_Fall,Program_D_C07,3,C,1,0
Student_0557,T2_Spring,Program_D_C08,4,F,0,0
Student_0557,T3_Fall,Program_D_C09,3,C,1,0
Student_0557,T3_Fall,Program_D_C10,3,C,1,0
Student_0558,T1_Fall,Program_D_C01,3,B,1,0
Student_0558,T1_Fall,Program_D_C02,3,F,0,0
Student_0558,T2_Spring,Program_D_C02,3,C,1,0
Student_0558,T1_Fall,Program_D_C03,3,C,1,0
Student_0558,T1_Fall,Program_D_C04,4,B,1,0
Student_0558,T2_Spring,Program_D_C05,3,B,1,0
Student_0558,T2_Spring,Program_D_C06,3,B,1,0
Student_0558,T2_Spring,Program_D_C07,3,C,1,0
Student_0558,T2_Spring,Program_D_C08,4,F,0,0
Student_0558,T3_Fall,Program_D_C09,3,B,1,0
Student_0558,T3_Fall,Program_D_C10,3,C,1,0
Student_0559,T1_Fall,Program_A_C01,3,W,0,1
Student_0559,T2_Spring,Program_A_C01,3,C,1,0
Student_0560,T1_Fall,Program_B_C01,3,B,1,0
Student_0560,T1_Fall,Program_B_C02,3,C,1,0
Student_0561,T1_Fall,Program_A_C01,3,C,1,0
Student_0561,T1_Fall,Program_A_C02,3,W,0,1
Student_0561,T1_Fall,Program_A_C03,3,A,1,0
Student_0561,T1_Fall,Program_A_C06,3,F,0,0
Student_0561,T2_Spring,Program_A_C06,3,C,1,0
Student_0561,T2_Spring,Program_A_C07,3,C,1,0
Student_0561,T2_Spring,Program_A_C10,3,C,1,0
Student_0561,T2_Spring,Program_A_C11,3,C,1,0
Student_0561,T2_Spring,Program_A_C14,3,C,1,0
Student_0561,T3_Fall,Program_A_C15,3,W,0,1
Student_0561,T4_Spring,Program_A_C15,3,C,1,0
Student_0562,T1_Fall,Program_A_C01,3,F,0,0
Student_0562,T1_Fall,Program_A_C02,3,C,1,0
Student_0562,T1_Fall,Program_A_C04,4,B,1,0
Student_0563,T1_Fall,Program_D_C01,3,C,1,0
Student_0563,T1_Fall,Program_D_C02,3,B,1,0
Student_0563,T1_Fall,Program_D_C03,3,C,1,0
Student_0563,T1_Fall,Program_D_C04,4,B,1,0
Student_0563,T2_Spring,Program_D_C05,3,C,1,0
Student_0563,T2_Spring,Program_D_C06,3,B,1,0
Student_0563,T2_Spring,Program_D_C07,3,D,1,0
Student_0563,T2_Spring,Program_D_C08,4,C,1,0
Student_0563,T3_Fall,Program_D_C09,3,B,1,0
Student_0563,T3_Fall,Program_D_C10,3,C,1,0
Student_0563,T3_Fall,Program_D_C11,3,C,1,0
Student_0563,T3_Fall,Program_D_C12,4,B,1,0
Student_0564,T1_Fall,Program_D_C01,3,B,1,0
Student_0564,T1_Fall,Program_D_C02,3,C,1,0
Student_0565,T1_Fall,Program_C_C01,3,C,1,0
Student_0566,T1_Fall,Program_B_C01,3,F,0,0
Student_0566,T1_Fall,Program_B_C02,3,C,1,0
Student_0566,T1_Fall,Program_B_C04,4,F,0,0
Student_0566,T1_Fall,Program_B_C05,3,C,1,0
Student_0566,T2_Spring,Program_B_C09,3,B,1,0
Student_0566,T2_Spring,Program_B_C13,3,C,1,0
Student_0567,T1_Fall,Program_A_C01,3,F,0,0
Student_0567,T1_Fall,Program_A_C02,3,C,1,0
Student_0567,T1_Fall,Program_A_C04,4,W,0,1
Student_0567,T2_Spring,Program_A_C04,4,C,1,0
Student_0567,T1_Fall,Program_A_C05,3,C,1,0
Student_0567,T2_Spring,Program_A_C08,4,C,1,0
Student_0567,T2_Spring,Program_A_C09,3,C,1,0
Student_0567,T2_Spring,Program_A_C12,4,B,1,0
Student_0567,T2_Spring,Program_A_C13,3,F,0,0
Student_0567,T3_Fall,Program_A_C13,3,C,1,0
Student_0568,T1_Fall,Program_B_C01,3,B,1,0
Student_0568,T1_Fall,Program_B_C02,3,A,1,0
Student_0568,T1_Fall,Program_B_C03,3,C,1,0
Student_0568,T1_Fall,Program_B_C04,4,C,1,0
Student_0568,T2_Spring,Program_B_C05,3,W,0,1
Student_0568,T2_Spring,Program_B_C06,3,F,0,0
Student_0568,T2_Spring,Program_B_C07,3,C,1,0
Student_0568,T2_Spring,Program_B_C08,4,C,1,0
Student_0568,T3_Fall,Program_B_C11,3,C,1,0
Student_0568,T3_Fall,Program_B_C12,4,D,1,0
Student_0568,T3_Fall,Program_B_C15,3,D,1,0
Student_0568,T3_Fall,Program_B_C16,3,F,0,0
Student_0568,T4_Spring,Program_B_C16,3,C,1,0
Student_0569,T1_Fall,Program_C_C01,3,B,1,0
Student_0570,T1_Fall,Program_D_C01,3,F,0,0
Student_0570,T1_Fall,Program_D_C02,3,W,0,1
Student_0571,T1_Fall,Program_B_C01,3,B,1,0
Student_0571,T1_Fall,Program_B_C02,3,B,1,0
Student_0571,T1_Fall,Program_B_C03,3,B,1,0
Student_0571,T1_Fall,Program_B_C04,4,B,1,0
Student_0572,T1_Fall,Program_C_C01,3,F,0,0
Student_0572,T1_Fall,Program_C_C02,3,W,0,1
Student_0572,T2_Spring,Program_C_C02,3,F,0,0
Student_0573,T1_Fall,Program_C_C01,3,C,1,0
Student_0573,T1_Fall,Program_C_C02,3,F,0,0
Student_0573,T1_Fall,Program_C_C03,3,C,1,0
Student_0573,T1_Fall,Program_C_C06,3,C,1,0
Student_0573,T2_Spring,Program_C_C07,3,C,1,0
Student_0573,T2_Spring,Program_C_C10,3,W,0,1
Student_0573,T2_Spring,Program_C_C11,3,C,1,0
Student_0573,T2_Spring,Program_C_C15,3,F,0,0
Student_0574,T1_Fall,Program_D_C01,3,B,1,0
Student_0574,T1_Fall,Program_D_C02,3,B,1,0
Student_0574,T1_Fall,Program_D_C03,3,A,1,0
Student_0574,T1_Fall,Program_D_C04,4,C,1,0
Student_0574,T2_Spring,Program_D_C05,3,A,1,0
Student_0574,T2_Spring,Program_D_C06,3,B,1,0
Student_0574,T2_Spring,Program_D_C07,3,B,1,0
Student_0575,T1_Fall,Program_D_C01,3,F,0,0
Student_0575,T2_Spring,Program_D_C01,3,C,1,0
Student_0575,T1_Fall,Program_D_C02,3,W,0,1
Student_0575,T1_Fall,Program_D_C03,3,C,1,0
Student_0575,T1_Fall,Program_D_C06,3,C,1,0
Student_0576,T1_Fall,Program_C_C01,3,B,1,0
Student_0576,T1_Fall,Program_C_C02,3,C,1,0
Student_0576,T1_Fall,Program_C_C03,3,C,1,0
Student_0576,T1_Fall,Program_C_C04,4,C,1,0
Student_0576,T2_Spring,Program_C_C05,3,B,1,0
Student_0576,T2_Spring,Program_C_C06,3,B,1,0
Student_0577,T1_Fall,Program_A_C01,3,F,0,0
Student_0577,T1_Fall,Program_A_C02,3,C,1,0
Student_0577,T1_Fall,Program_A_C04,4,W,0,1
Student_0577,T2_Spring,Program_A_C04,4,C,1,0
Student_0578,T1_Fall,Program_A_C01,3,B,1,0
Student_0578,T1_Fall,Program_A_C02,3,B,1,0
Student_0579,T1_Fall,Program_C_C01,3,B,1,0
Student_0579,T1_Fall,Program_C_C02,3,A,1,0
Student_0579,T1_Fall,Program_C_C03,3,A,1,0
Student_0580,T1_Fall,Program_A_C01,3,C,1,0
Student_0580,T1_Fall,Program_A_C02,3,C,1,0
Student_0580,T1_Fall,Program_A_C03,3,D,1,0
Student_0580,T1_Fall,Program_A_C04,4,C,1,0
Student_0580,T2_Spring,Program_A_C05,3,F,0,0
Student_0580,T2_Spring,Program_A_C06,3,D,1,0
Student_0580,T2_Spring,Program_A_C07,3,C,1,0
Student_0581,T1_Fall,Program_B_C01,3,B,1,0
Student_0581,T1_Fall,Program_B_C02,3,B,1,0
Student_0581,T1_Fall,Program_B_C03,3,C,1,0
Student_0581,T1_Fall,Program_B_C04,4,B,1,0
Student_0581,T2_Spring,Program_B_C05,3,B,1,0
Student_0581,T2_Spring,Program_B_C06,3,B,1,0
Student_0581,T2_Spring,Program_B_C07,3,B,1,0
Student_0581,T2_Spring,Program_B_C08,4,B,1,0
Student_0582,T1_Fall,Program_D_C01,3,C,1,0
Student_0582,T1_Fall,Program_D_C02,3,C,1,0
Student_0582,T1_Fall,Program_D_C03,3,B,1,0
Student_0582,T1_Fall,Program_D_C04,4,W,0,1
Student_0582,T2_Spring,Program_D_C04,4,C,1,0
Student_0582,T2_Spring,Program_D_C05,3,C,1,0
Student_0582,T2_Spring,Program_D_C06,3,B,1,0
Student_0582,T2_Spring,Program_D_C07,3,F,0,0
Student_0582,T2_Spring,Program_D_C08,4,F,0,0
Student_0582,T3_Fall,Program_D_C09,3,F,0,0
Student_0582,T4_Spring,Program_D_C09,3,C,1,0
Student_0582,T3_Fall,Program_D_C10,3,F,0,0
Student_0582,T3_Fall,Program_D_C13,3,F,0,0
Student_0582,T4_Spring,Program_D_C13,3,C,1,0
Student_0583,T1_Fall,Program_C_C01,3,F,0,0
Student_0583,T2_Spring,Program_C_C01,3,C,1,0
Student_0583,T1_Fall,Program_C_C02,3,C,1,0
Student_0583,T1_Fall,Program_C_C03,3,B,1,0
Student_0583,T1_Fall,Program_C_C04,4,B,1,0
Student_0584,T1_Fall,Program_A_C01,3,C,1,0
Student_0584,T1_Fall,Program_A_C02,3,C,1,0
Student_0585,T1_Fall,Program_B_C01,3,B,1,0
Student_0585,T1_Fall,Program_B_C02,3,A,1,0
Student_0585,T1_Fall,Program_B_C03,3,B,1,0
Student_0585,T1_Fall,Program_B_C04,4,C,1,0
Student_0585,T2_Spring,Program_B_C05,3,B,1,0
Student_0585,T2_Spring,Program_B_C06,3,C,1,0
Student_0585,T2_Spring,Program_B_C07,3,F,0,0
Student_0585,T2_Spring,Program_B_C08,4,B,1,0
Student_0585,T3_Fall,Program_B_C09,3,B,1,0
Student_0586,T1_Fall,Program_A_C01,3,A,1,0
Student_0586,T1_Fall,Program_A_C02,3,B,1,0
Student_0586,T1_Fall,Program_A_C03,3,B,1,0
Student_0586,T1_Fall,Program_A_C04,4,C,1,0
Student_0586,T2_Spring,Program_A_C05,3,F,0,0
Student_0586,T3_Fall,Program_A_C05,3,C,1,0
Student_0586,T2_Spring,Program_A_C06,3,B,1,0
Student_0586,T2_Spring,Program_A_C07,3,B,1,0
Student_0586,T2_Spring,Program_A_C08,4,W,0,1
Student_0586,T3_Fall,Program_A_C08,4,F,0,0
Student_0586,T3_Fall,Program_A_C09,3,B,1,0
Student_0586,T3_Fall,Program_A_C10,3,C,1,0
Student_0587,T1_Fall,Program_C_C01,3,C,1,0
Student_0588,T1_Fall,Program_A_C01,3,D,1,0
Student_0589,T1_Fall,Program_D_C01,3,B,1,0
Student_0589,T1_Fall,Program_D_C02,3,B,1,0
Student_0589,T1_Fall,Program_D_C03,3,B,1,0
Student_0589,T1_Fall,Program_D_C04,4,B,1,0
Student_0589,T2_Spring,Program_D_C05,3,B,1,0
Student_0589,T2_Spring,Program_D_C06,3,F,0,0
Student_0589,T2_Spring,Program_D_C07,3,B,1,0
Student_0589,T2_Spring,Program_D_C08,4,B,1,0
Student_0589,T3_Fall,Program_D_C09,3,F,0,0
Student_0589,T4_Spring,Program_D_C09,3,C,1,0
Student_0590,T1_Fall,Program_A_C01,3,B,1,0
Student_0590,T1_Fall,Program_A_C02,3,B,1,0
Student_0590,T1_Fall,Program_A_C03,3,B,1,0
Student_0590,T1_Fall,Program_A_C04,4,B,1,0
Student_0590,T2_Spring,Program_A_C05,3,B,1,0
Student_0590,T2_Spring,Program_A_C06,3,B,1,0
Student_0590,T2_Spring,Program_A_C07,3,B,1,0
Student_0590,T2_Spring,Program_A_C08,4,B,1,0
Student_0590,T3_Fall,Program_A_C09,3,B,1,0
Student_0590,T3_Fall,Program_A_C10,3,C,1,0
Student_0591,T1_Fall,Program_A_C01,3,C,1,0
Student_0591,T1_Fall,Program_A_C02,3,F,0,0
Student_0591,T2_Spring,Program_A_C02,3,C,1,0
Student_0591,T1_Fall,Program_A_C03,3,B,1,0
Student_0592,T1_Fall,Program_A_C01,3,B,1,0
Student_0592,T1_Fall,Program_A_C02,3,B,1,0
Student_0592,T1_Fall,Program_A_C03,3,C,1,0
Student_0592,T1_Fall,Program_A_C04,4,B,1,0
Student_0592,T2_Spring,Program_A_C05,3,C,1,0
Student_0592,T2_Spring,Program_A_C06,3,B,1,0
Student_0593,T1_Fall,Program_A_C01,3,B,1,0
Student_0593,T1_Fall,Program_A_C02,3,B,1,0
Student_0593,T1_Fall,Program_A_C03,3,B,1,0
Student_0593,T1_Fall,Program_A_C04,4,B,1,0
Student_0593,T2_Spring,Program_A_C05,3,B,1,0
Student_0594,T1_Fall,Program_D_C01,3,C,1,0
Student_0594,T1_Fall,Program_D_C02,3,W,0,1
Student_0594,T1_Fall,Program_D_C03,3,B,1,0
Student_0594,T1_Fall,Program_D_C06,3,C,1,0
Student_0594,T2_Spring,Program_D_C07,3,B,1,0
Student_0594,T2_Spring,Program_D_C10,3,B,1,0
Student_0594,T2_Spring,Program_D_C11,3,W,0,1
Student_0594,T2_Spring,Program_D_C14,3,F,0,0
Student_0595,T1_Fall,Program_C_C01,3,C,1,0
Student_0595,T1_Fall,Program_C_C02,3,C,1,0
Student_0595,T1_Fall,Program_C_C03,3,B,1,0
Student_0596,T1_Fall,Program_C_C01,3,F,0,0
Student_0596,T1_Fall,Program_C_C02,3,W,0,1
Student_0597,T1_Fall,Program_A_C01,3,B,1,0
Student_0597,T1_Fall,Program_A_C02,3,A,1,0
Student_0597,T1_Fall,Program_A_C03,3,A,1,0
Student_0597,T1_Fall,Program_A_C04,4,B,1,0
Student_0597,T2_Spring,Program_A_C05,3,B,1,0
Student_0598,T1_Fall,Program_A_C01,3,F,0,0
Student_0598,T1_Fall,Program_A_C02,3,C,1,0
Student_0598,T1_Fall,Program_A_C04,4,F,0,0
Student_0598,T2_Spring,Program_A_C04,4,C,1,0
Student_0598,T1_Fall,Program_A_C05,3,W,0,1
Student_0598,T2_Spring,Program_A_C08,4,C,1,0
Student_0599,T1_Fall,Program_A_C01,3,A,1,0
Student_0599,T1_Fall,Program_A_C02,3,B,1,0
Student_0599,T1_Fall,Program_A_C03,3,A,1,0
Student_0599,T1_Fall,Program_A_C04,4,B,1,0
Student_0599,T2_Spring,Program_A_C05,3,B,1,0
Student_0599,T2_Spring,Program_A_C06,3,A,1,0
Student_0599,T2_Spring,Program_A_C07,3,B,1,0
Student_0599,T2_Spring,Program_A_C08,4,A,1,0
Student_0599,T3_Fall,Program_A_C09,3,A,1,0
Student_0599,T3_Fall,Program_A_C10,3,B,1,0
Student_0599,T3_Fall,Program_A_C11,3,A,1,0
Student_0600,T1_Fall,Program_D_C01,3,B,1,0
Student_0600,T1_Fall,Program_D_C02,3,C,1,0
Student_0600,T1_Fall,Program_D_C03,3,B,1,0
Student_0600,T1_Fall,Program_D_C04,4,D,1,0
Student_0601,T1_Fall,Program_A_C01,3,A,1,0
Student_0601,T1_Fall,Program_A_C02,3,A,1,0
Student_0601,T1_Fall,Program_A_C03,3,F,0,0
Student_0601,T2_Spring,Program_A_C03,3,C,1,0
Student_0601,T1_Fall,Program_A_C04,4,C,1,0
Student_0601,T2_Spring,Program_A_C05,3,A,1,0
Student_0602,T1_Fall,Program_B_C01,3,C,1,0
Student_0602,T1_Fall,Program_B_C02,3,A,1,0
Student_0602,T1_Fall,Program_B_C03,3,C,1,0
Student_0602,T1_Fall,Program_B_C04,4,B,1,0
Student_0602,T2_Spring,Program_B_C05,3,F,0,0
Student_0602,T3_Fall,Program_B_C05,3,F,0,0
Student_0602,T2_Spring,Program_B_C06,3,C,1,0
Student_0602,T2_Spring,Program_B_C07,3,F,0,0
Student_0602,T3_Fall,Program_B_C07,3,C,1,0
Student_0603,T1_Fall,Program_B_C01,3,B,1,0
Student_0603,T1_Fall,Program_B_C02,3,B,1,0
Student_0603,T1_Fall,Program_B_C03,3,A,1,0
Student_0603,T1_Fall,Program_B_C04,4,B,1,0
Student_0603,T2_Spring,Program_B_C05,3,B,1,0
Student_0603,T2_Spring,Program_B_C06,3,C,1,0
Student_0603,T2_Spring,Program_B_C07,3,B,1,0
Student_0603,T2_Spring,Program_B_C08,4,B,1,0
Student_0603,T3_Fall,Program_B_C09,3,B,1,0
Student_0604,T1_Fall,Program_D_C01,3,C,1,0
Student_0604,T1_Fall,Program_D_C02,3,W,0,1
Student_0604,T2_Spring,Program_D_C02,3,C,1,0
Student_0604,T1_Fall,Program_D_C03,3,F,0,0
Student_0604,T1_Fall,Program_D_C04,4,W,0,1
Student_0604,T2_Spring,Program_D_C04,4,F,0,0
Student_0604,T2_Spring,Program_D_C05,3,W,0,1
Student_0604,T3_Fall,Program_D_C05,3,C,1,0
Student_0604,T2_Spring,Program_D_C09,3,W,0,1
Student_0604,T3_Fall,Program_D_C09,3,F,0,0
Student_0605,T1_Fall,Program_D_C01,3,B,1,0
Student_0605,T1_Fall,Program_D_C02,3,B,1,0
Student_0605,T1_Fall,Program_D_C03,3,B,1,0
Student_0605,T1_Fall,Program_D_C04,4,B,1,0
Student_0606,T1_Fall,Program_B_C01,3,B,1,0
Student_0607,T1_Fall,Program_D_C01,3,B,1,0
Student_0607,T1_Fall,Program_D_C02,3,B,1,0
Student_0607,T1_Fall,Program_D_C03,3,C,1,0
Student_0607,T1_Fall,Program_D_C04,4,B,1,0
Student_0607,T2_Spring,Program_D_C05,3,C,1,0
Student_0607,T2_Spring,Program_D_C06,3,C,1,0
Student_0607,T2_Spring,Program_D_C07,3,B,1,0
Student_0608,T1_Fall,Program_C_C01,3,A,1,0
Student_0608,T1_Fall,Program_C_C02,3,A,1,0
Student_0608,T1_Fall,Program_C_C03,3,C,1,0
Student_0608,T1_Fall,Program_C_C04,4,F,0,0
Student_0608,T2_Spring,Program_C_C04,4,C,1,0
Student_0608,T2_Spring,Program_C_C05,3,C,1,0
Student_0608,T2_Spring,Program_C_C06,3,B,1,0
Student_0609,T1_Fall,Program_A_C01,3,W,0,1
Student_0609,T1_Fall,Program_A_C02,3,B,1,0
Student_0609,T1_Fall,Program_A_C04,4,B,1,0
Student_0609,T1_Fall,Program_A_C05,3,B,1,0
Student_0609,T2_Spring,Program_A_C08,4,B,1,0
Student_0609,T2_Spring,Program_A_C09,3,C,1,0
Student_0609,T2_Spring,Program_A_C12,4,B,1,0
Student_0609,T2_Spring,Program_A_C13,3,F,0,0
Student_0609,T3_Fall,Program_A_C16,3,C,1,0
Student_0610,T1_Fall,Program_D_C01,3,B,1,0
Student_0611,T1_Fall,Program_D_C01,3,C,1,0
Student_0611,T1_Fall,Program_D_C02,3,F,0,0
Student_0611,T2_Spring,Program_D_C02,3,C,1,0
Student_0611,T1_Fall,Program_D_C03,3,C,1,0
Student_0611,T1_Fall,Program_D_C04,4,C,1,0
Student_0611,T2_Spring,Program_D_C05,3,B,1,0
Student_0611,T2_Spring,Program_D_C06,3,W,0,1
Student_0611,T3_Fall,Program_D_C06,3,C,1,0
Student_0611,T2_Spring,Program_D_C07,3,B,1,0
Student_0611,T2_Spring,Program_D_C08,4,F,0,0
Student_0611,T3_Fall,Program_D_C08,4,C,1,0
Student_0612,T1_Fall,Program_D_C01,3,B,1,0
Student_0612,T1_Fall,Program_D_C02,3,F,0,0
Student_0612,T2_Spring,Program_D_C02,3,C,1,0
Student_0612,T1_Fall,Program_D_C03,3,B,1,0
Student_0612,T1_Fall,Program_D_C04,4,B,1,0
Student_0612,T2_Spring,Program_D_C05,3,B,1,0
Student_0612,T2_Spring,Program_D_C06,3,B,1,0
Student_0612,T2_Spring,Program_D_C07,3,B,1,0
Student_0612,T2_Spring,Program_D_C08,4,A,1,0
Student_0613,T1_Fall,Program_A_C01,3,W,0,1
Student_0613,T2_Spring,Program_A_C01,3,C,1,0
Student_0613,T1_Fall,Program_A_C02,3,W,0,1
Student_0613,T1_Fall,Program_A_C03,3,F,0,0
Student_0613,T2_Spring,Program_A_C03,3,F,0,0
Student_0614,T1_Fall,Program_C_C01,3,C,1,0
Student_0615,T1_Fall,Program_A_C01,3,C,1,0
Student_0615,T1_Fall,Program_A_C02,3,W,0,1
Student_0615,T2_Spring,Program_A_C02,3,C,1,0
Student_0615,T1_Fall,Program_A_C03,3,C,1,0
Student_0615,T1_Fall,Program_A_C04,4,W,0,1
Student_0615,T2_Spring,Program_A_C04,4,C,1,0
Student_0615,T2_Spring,Program_A_C05,3,C,1,0
Student_0615,T2_Spring,Program_A_C06,3,F,0,0
Student_0615,T2_Spring,Program_A_C07,3,W,0,1
Student_0615,T3_Fall,Program_A_C07,3,C,1,0
Student_0615,T2_Spring,Program_A_C08,4,C,1,0
Student_0616,T1_Fall,Program_D_C01,3,B,1,0
Student_0616,T1_Fall,Program_D_C02,3,B,1,0
Student_0616,T1_Fall,Program_D_C03,3,C,1,0
Student_0616,T1_Fall,Program_D_C04,4,B,1,0
Student_0616,T2_Spring,Program_D_C05,3,B,1,0
Student_0616,T2_Spring,Program_D_C06,3,B,1,0
Student_0616,T2_Spring,Program_D_C07,3,B,1,0
Student_0616,T2_Spring,Program_D_C08,4,A,1,0
Student_0616,T3_Fall,Program_D_C09,3,F,0,0
Student_0616,T3_Fall,Program_D_C10,3,F,0,0
Student_0616,T3_Fall,Program_D_C11,3,B,1,0
Student_0617,T1_Fall,Program_B_C01,3,F,0,0
Student_0617,T1_Fall,Program_B_C02,3,B,1,0
Student_0617,T1_Fall,Program_B_C04,4,F,0,0
Student_0617,T2_Spring,Program_B_C04,4,C,1,0
Student_0617,T1_Fall,Program_B_C05,3,C,1,0
Student_0617,T2_Spring,Program_B_C08,4,C,1,0
Student_0617,T2_Spring,Program_B_C09,3,B,1,0
Student_0617,T2_Spring,Program_B_C12,4,B,1,0
Student_0617,T2_Spring,Program_B_C13,3,F,0,0
Student_0617,T3_Fall,Program_B_C13,3,C,1,0
Student_0617,T3_Fall,Program_B_C16,3,C,1,0
Student_0618,T1_Fall,Program_B_C01,3,B,1,0
Student_0618,T1_Fall,Program_B_C02,3,B,1,0
Student_0618,T1_Fall,Program_B_C03,3,W,0,1
Student_0618,T1_Fall,Program_B_C04,4,F,0,0
Student_0618,T2_Spring,Program_B_C04,4,C,1,0
Student_0618,T2_Spring,Program_B_C05,3,F,0,0
Student_0618,T2_Spring,Program_B_C08,4,C,1,0
Student_0618,T2_Spring,Program_B_C12,4,B,1,0
Student_0618,T2_Spring,Program_B_C16,3,C,1,0
Student_0619,T1_Fall,Program_C_C01,3,C,1,0
Student_0619,T1_Fall,Program_C_C02,3,C,1,0
Student_0619,T1_Fall,Program_C_C03,3,W,0,1
Student_0619,T1_Fall,Program_C_C04,4,C,1,0
Student_0619,T2_Spring,Program_C_C05,3,W,0,1
Student_0619,T3_Fall,Program_C_C05,3,C,1,0
Student_0619,T2_Spring,Program_C_C08,4,C,1,0
Student_0619,T2_Spring,Program_C_C09,3,C,1,0
Student_0619,T2_Spring,Program_C_C12,4,C,1,0
Student_0619,T3_Fall,Program_C_C13,3,C,1,0
Student_0619,T3_Fall,Program_C_C16,3,C,1,0
Student_0620,T1_Fall,Program_A_C01,3,F,0,0
Student_0620,T2_Spring,Program_A_C01,3,F,0,0
Student_0620,T1_Fall,Program_A_C02,3,C,1,0
Student_0620,T1_Fall,Program_A_C04,4,C,1,0
Student_0620,T1_Fall,Program_A_C05,3,C,1,0
Student_0620,T2_Spring,Program_A_C08,4,F,0,0
Student_0620,T2_Spring,Program_A_C09,3,C,1,0
Student_0620,T2_Spring,Program_A_C13,3,C,1,0
Student_0621,T1_Fall,Program_C_C01,3,C,1,0
Student_0621,T1_Fall,Program_C_C02,3,F,0,0
Student_0621,T2_Spring,Program_C_C02,3,F,0,0
Student_0621,T1_Fall,Program_C_C03,3,C,1,0
Student_0621,T1_Fall,Program_C_C06,3,W,0,1
Student_0621,T2_Spring,Program_C_C06,3,C,1,0
Student_0621,T2_Spring,Program_C_C07,3,F,0,0
Student_0621,T3_Fall,Program_C_C07,3,C,1,0
Student_0621,T2_Spring,Program_C_C10,3,D,1,0
Student_0621,T2_Spring,Program_C_C11,3,F,0,0
Student_0621,T2_Spring,Program_C_C14,3,D,1,0
Student_0622,T1_Fall,Program_B_C01,3,F,0,0
Student_0622,T2_Spring,Program_B_C01,3,C,1,0
Student_0622,T1_Fall,Program_B_C02,3,F,0,0
Student_0622,T2_Spring,Program_B_C02,3,C,1,0
Student_0622,T1_Fall,Program_B_C03,3,F,0,0
Student_0622,T2_Spring,Program_B_C03,3,C,1,0
Student_0623,T1_Fall,Program_D_C01,3,W,0,1
Student_0623,T1_Fall,Program_D_C02,3,B,1,0
Student_0623,T1_Fall,Program_D_C04,4,C,1,0
Student_0623,T1_Fall,Program_D_C05,3,C,1,0
Student_0623,T2_Spring,Program_D_C08,4,W,0,1
Student_0623,T3_Fall,Program_D_C08,4,C,1,0
Student_0623,T2_Spring,Program_D_C09,3,W,0,1
Student_0623,T3_Fall,Program_D_C09,3,C,1,0
Student_0623,T2_Spring,Program_D_C12,4,C,1,0
Student_0624,T1_Fall,Program_A_C01,3,B,1,0
Student_0624,T1_Fall,Program_A_C02,3,C,1,0
Student_0624,T1_Fall,Program_A_C03,3,C,1,0
Student_0625,T1_Fall,Program_B_C01,3,F,0,0
Student_0625,T2_Spring,Program_B_C01,3,C,1,0
Student_0625,T1_Fall,Program_B_C02,3,F,0,0
Student_0625,T2_Spring,Program_B_C02,3,C,1,0
Student_0625,T1_Fall,Program_B_C03,3,W,0,1
Student_0625,T2_Spring,Program_B_C03,3,C,1,0
Student_0625,T1_Fall,Program_B_C04,4,C,1,0
Student_0625,T2_Spring,Program_B_C05,3,B,1,0
Student_0625,T2_Spring,Program_B_C06,3,B,1,0
Student_0625,T2_Spring,Program_B_C07,3,B,1,0
Student_0625,T2_Spring,Program_B_C08,4,B,1,0
Student_0625,T3_Fall,Program_B_C09,3,C,1,0
Student_0626,T1_Fall,Program_B_C01,3,C,1,0
Student_0626,T1_Fall,Program_B_C02,3,B,1,0
Student_0626,T1_Fall,Program_B_C03,3,B,1,0
Student_0626,T1_Fall,Program_B_C04,4,C,1,0
Student_0626,T2_Spring,Program_B_C05,3,B,1,0
Student_0626,T2_Spring,Program_B_C06,3,W,0,1
Student_0626,T3_Fall,Program_B_C06,3,F,0,0
Student_0626,T2_Spring,Program_B_C07,3,C,1,0
Student_0626,T2_Spring,Program_B_C08,4,B,1,0
Student_0627,T1_Fall,Program_C_C01,3,F,0,0
Student_0627,T2_Spring,Program_C_C01,3,F,0,0
Student_0627,T1_Fall,Program_C_C02,3,F,0,0
Student_0628,T1_Fall,Program_B_C01,3,B,1,0
Student_0628,T1_Fall,Program_B_C02,3,C,1,0
Student_0629,T1_Fall,Program_A_C01,3,B,1,0
Student_0630,T1_Fall,Program_D_C01,3,F,0,0
Student_0630,T2_Spring,Program_D_C01,3,C,1,0
Student_0630,T1_Fall,Program_D_C02,3,C,1,0
Student_0630,T1_Fall,Program_D_C03,3,C,1,0
Student_0630,T1_Fall,Program_D_C04,4,D,1,0
Student_0630,T2_Spring,Program_D_C05,3,C,1,0
Student_0630,T2_Spring,Program_D_C06,3,W,0,1
Student_0630,T3_Fall,Program_D_C06,3,C,1,0
Student_0630,T2_Spring,Program_D_C07,3,F,0,0
Student_0630,T3_Fall,Program_D_C07,3,C,1,0
Student_0631,T1_Fall,Program_C_C01,3,F,0,0
Student_0631,T1_Fall,Program_C_C02,3,C,1,0
Student_0631,T1_Fall,Program_C_C04,4,F,0,0
Student_0631,T2_Spring,Program_C_C04,4,F,0,0
Student_0631,T1_Fall,Program_C_C05,3,C,1,0
Student_0631,T2_Spring,Program_C_C09,3,C,1,0
Student_0631,T2_Spring,Program_C_C13,3,F,0,0
Student_0632,T1_Fall,Program_D_C01,3,D,1,0
Student_0632,T1_Fall,Program_D_C02,3,C,1,0
Student_0632,T1_Fall,Program_D_C03,3,B,1,0
Student_0632,T1_Fall,Program_D_C04,4,C,1,0
Student_0632,T2_Spring,Program_D_C05,3,D,1,0
Student_0632,T2_Spring,Program_D_C06,3,F,0,0
Student_0632,T2_Spring,Program_D_C07,3,C,1,0
Student_0632,T2_Spring,Program_D_C08,4,C,1,0
Student_0632,T3_Fall,Program_D_C09,3,F,0,0
Student_0632,T4_Spring,Program_D_C09,3,F,0,0
Student_0632,T3_Fall,Program_D_C11,3,F,0,0
Student_0632,T3_Fall,Program_D_C12,4,F,0,0
Student_0632,T4_Spring,Program_D_C12,4,C,1,0
Student_0632,T3_Fall,Program_D_C16,3,C,1,0
Student_0633,T1_Fall,Program_A_C01,3,A,1,0
Student_0633,T1_Fall,Program_A_C02,3,F,0,0
Student_0633,T1_Fall,Program_A_C03,3,B,1,0
Student_0633,T1_Fall,Program_A_C06,3,C,1,0
Student_0633,T2_Spring,Program_A_C07,3,A,1,0
Student_0633,T2_Spring,Program_A_C10,3,B,1,0
Student_0633,T2_Spring,Program_A_C11,3,B,1,0
Student_0633,T2_Spring,Program_A_C14,3,B,1,0
Student_0633,T3_Fall,Program_A_C15,3,C,1,0
Student_0634,T1_Fall,Program_A_C01,3,B,1,0
Student_0634,T1_Fall,Program_A_C02,3,F,0,0
Student_0634,T2_Spring,Program_A_C02,3,C,1,0
Student_0634,T1_Fall,Program_A_C03,3,C,1,0
Student_0634,T1_Fall,Program_A_C04,4,C,1,0
Student_0634,T2_Spring,Program_A_C05,3,C,1,0
Student_0634,T2_Spring,Program_A_C06,3,F,0,0
Student_0634,T3_Fall,Program_A_C06,3,C,1,0
Student_0635,T1_Fall,Program_D_C01,3,F,0,0
Student_0635,T2_Spring,Program_D_C01,3,C,1,0
Student_0635,T1_Fall,Program_D_C02,3,B,1,0
Student_0635,T1_Fall,Program_D_C03,3,C,1,0
Student_0635,T1_Fall,Program_D_C04,4,F,0,0
Student_0635,T2_Spring,Program_D_C04,4,C,1,0
Student_0635,T2_Spring,Program_D_C05,3,C,1,0
Student_0635,T2_Spring,Program_D_C06,3,W,0,1
Student_0635,T2_Spring,Program_D_C07,3,C,1,0
Student_0635,T2_Spring,Program_D_C08,4,B,1,0
Student_0635,T3_Fall,Program_D_C09,3,B,1,0
Student_0635,T3_Fall,Program_D_C11,3,C,1,0
Student_0635,T3_Fall,Program_D_C12,4,B,1,0
Student_0635,T3_Fall,Program_D_C13,3,C,1,0
Student_0636,T1_Fall,Program_C_C01,3,B,1,0
Student_0636,T1_Fall,Program_C_C02,3,C,1,0
Student_0636,T1_Fall,Program_C_C03,3,F,0,0
Student_0636,T1_Fall,Program_C_C04,4,B,1,0
Student_0636,T2_Spring,Program_C_C05,3,C,1,0
Student_0637,T1_Fall,Program_B_C01,3,W,0,1
Student_0637,T2_Spring,Program_B_C01,3,F,0,0
Student_0637,T1_Fall,Program_B_C02,3,C,1,0
Student_0637,T1_Fall,Program_B_C04,4,F,0,0
Student_0637,T1_Fall,Program_B_C05,3,C,1,0
Student_0637,T2_Spring,Program_B_C09,3,C,1,0
Student_0638,T1_Fall,Program_D_C01,3,F,0,0
Student_0638,T2_Spring,Program_D_C01,3,C,1,0
Student_0638,T1_Fall,Program_D_C02,3,C,1,0
Student_0638,T1_Fall,Program_D_C03,3,W,0,1
Student_0638,T2_Spring,Program_D_C03,3,C,1,0
Student_0639,T1_Fall,Program_D_C01,3,B,1,0
Student_0640,T1_Fall,Program_B_C01,3,C,1,0
Student_0640,T1_Fall,Program_B_C02,3,B,1,0
Student_0640,T1_Fall,Program_B_C03,3,B,1,0
Student_0641,T1_Fall,Program_C_C01,3,C,1,0
Student_0641,T1_Fall,Program_C_C02,3,W,0,1
Student_0641,T2_Spring,Program_C_C02,3,C,1,0
Student_0641,T1_Fall,Program_C_C03,3,C,1,0
Student_0641,T1_Fall,Program_C_C04,4,B,1,0
Student_0641,T2_Spring,Program_C_C05,3,B,1,0
Student_0641,T2_Spring,Program_C_C06,3,A,1,0
Student_0641,T2_Spring,Program_C_C07,3,B,1,0
Student_0641,T2_Spring,Program_C_C08,4,B,1,0
Student_0641,T3_Fall,Program_C_C09,3,B,1,0
Student_0642,T1_Fall,Program_B_C01,3,C,1,0
Student_0642,T1_Fall,Program_B_C02,3,C,1,0
Student_0642,T1_Fall,Program_B_C03,3,B,1,0
Student_0642,T1_Fall,Program_B_C04,4,W,0,1
Student_0642,T2_Spring,Program_B_C04,4,C,1,0
Student_0642,T2_Spring,Program_B_C05,3,B,1,0
Student_0642,T2_Spring,Program_B_C06,3,W,0,1
Student_0642,T2_Spring,Program_B_C07,3,C,1,0
Student_0642,T2_Spring,Program_B_C08,4,C,1,0
Student_0642,T3_Fall,Program_B_C09,3,C,1,0
Student_0642,T3_Fall,Program_B_C11,3,C,1,0
Student_0642,T3_Fall,Program_B_C12,4,F,0,0
Student_0642,T4_Spring,Program_B_C12,4,C,1,0
Student_0642,T3_Fall,Program_B_C13,3,D,1,0
Student_0643,T1_Fall,Program_C_C01,3,B,1,0
Student_0643,T1_Fall,Program_C_C02,3,W,0,1
Student_0643,T1_Fall,Program_C_C03,3,B,1,0
Student_0643,T1_Fall,Program_C_C06,3,B,1,0
Student_0643,T2_Spring,Program_C_C07,3,B,1,0
Student_0643,T2_Spring,Program_C_C10,3,C,1,0
Student_0643,T2_Spring,Program_C_C11,3,B,1,0
Student_0643,T2_Spring,Program_C_C14,3,B,1,0
Student_0643,T3_Fall,Program_C_C15,3,B,1,0
Student_0644,T1_Fall,Program_B_C01,3,W,0,1
Student_0644,T2_Spring,Program_B_C01,3,F,0,0
Student_0644,T1_Fall,Program_B_C02,3,F,0,0
Student_0645,T1_Fall,Program_C_C01,3,C,1,0
Student_0645,T1_Fall,Program_C_C02,3,D,1,0
Student_0645,T1_Fall,Program_C_C03,3,B,1,0
Student_0645,T1_Fall,Program_C_C04,4,C,1,0
Student_0645,T2_Spring,Program_C_C05,3,F,0,0
Student_0645,T3_Fall,Program_C_C05,3,C,1,0
Student_0646,T1_Fall,Program_D_C01,3,W,0,1
Student_0646,T1_Fall,Program_D_C02,3,F,0,0
Student_0646,T2_Spring,Program_D_C02,3,C,1,0
Student_0646,T1_Fall,Program_D_C04,4,F,0,0
Student_0646,T2_Spring,Program_D_C04,4,C,1,0
Student_0646,T1_Fall,Program_D_C05,3,F,0,0
Student_0646,T2_Spring,Program_D_C08,4,W,0,1
Student_0646,T3_Fall,Program_D_C08,4,F,0,0
Student_0647,T1_Fall,Program_C_C01,3,B,1,0
Student_0647,T1_Fall,Program_C_C02,3,C,1,0
Student_0647,T1_Fall,Program_C_C03,3,C,1,0
Student_0647,T1_Fall,Program_C_C04,4,B,1,0
Student_0647,T2_Spring,Program_C_C05,3,B,1,0
Student_0647,T2_Spring,Program_C_C06,3,C,1,0
Student_0647,T2_Spring,Program_C_C07,3,C,1,0
Student_0647,T2_Spring,Program_C_C08,4,F,0,0
Student_0647,T3_Fall,Program_C_C09,3,C,1,0
Student_0648,T1_Fall,Program_D_C01,3,C,1,0
Student_0648,T1_Fall,Program_D_C02,3,B,1,0
Student_0648,T1_Fall,Program_D_C03,3,B,1,0
Student_0648,T1_Fall,Program_D_C04,4,B,1,0
Student_0648,T2_Spring,Program_D_C05,3,B,1,0
Student_0648,T2_Spring,Program_D_C06,3,C,1,0
Student_0648,T2_Spring,Program_D_C07,3,C,1,0
Student_0648,T2_Spring,Program_D_C08,4,B,1,0
Student_0648,T3_Fall,Program_D_C09,3,W,0,1
Student_0648,T4_Spring,Program_D_C09,3,C,1,0
Student_0649,T1_Fall,Program_A_C01,3,B,1,0
Student_0649,T1_Fall,Program_A_C02,3,B,1,0
Student_0649,T1_Fall,Program_A_C03,3,B,1,0
Student_0649,T1_Fall,Program_A_C04,4,C,1,0
Student_0649,T2_Spring,Program_A_C05,3,A,1,0
Student_0649,T2_Spring,Program_A_C06,3,C,1,0
Student_0649,T2_Spring,Program_A_C07,3,C,1,0
Student_0649,T2_Spring,Program_A_C08,4,B,1,0
Student_0649,T3_Fall,Program_A_C09,3,C,1,0
Student_0650,T1_Fall,Program_C_C01,3,F,0,0
Student_0650,T2_Spring,Program_C_C01,3,C,1,0
Student_0650,T1_Fall,Program_C_C02,3,W,0,1
Student_0650,T1_Fall,Program_C_C03,3,C,1,0
Student_0650,T1_Fall,Program_C_C06,3,F,0,0
Student_0650,T2_Spring,Program_C_C06,3,C,1,0
Student_0650,T2_Spring,Program_C_C07,3,W,0,1
Student_0650,T3_Fall,Program_C_C07,3,C,1,0
Student_0650,T2_Spring,Program_C_C10,3,D,1,0
Student_0650,T2_Spring,Program_C_C11,3,W,0,1
Student_0650,T2_Spring,Program_C_C14,3,D,1,0
Student_0651,T1_Fall,Program_B_C01,3,C,1,0
Student_0651,T1_Fall,Program_B_C02,3,B,1,0
Student_0651,T1_Fall,Program_B_C03,3,W,0,1
Student_0651,T2_Spring,Program_B_C03,3,F,0,0
Student_0651,T1_Fall,Program_B_C04,4,W,0,1
Student_0651,T2_Spring,Program_B_C04,4,C,1,0
Student_0651,T2_Spring,Program_B_C05,3,C,1,0
Student_0651,T2_Spring,Program_B_C08,4,C,1,0
Student_0652,T1_Fall,Program_A_C01,3,B,1,0
Student_0652,T1_Fall,Program_A_C02,3,A,1,0
Student_0652,T1_Fall,Program_A_C03,3,B,1,0
Student_0652,T1_Fall,Program_A_C04,4,B,1,0
Student_0652,T2_Spring,Program_A_C05,3,B,1,0
Student_0653,T1_Fall,Program_C_C01,3,B,1,0
Student_0653,T1_Fall,Program_C_C02,3,C,1,0
Student_0653,T1_Fall,Program_C_C03,3,B,1,0
Student_0653,T1_Fall,Program_C_C04,4,C,1,0
Student_0654,T1_Fall,Program_C_C01,3,C,1,0
Student_0654,T1_Fall,Program_C_C02,3,W,0,1
Student_0654,T1_Fall,Program_C_C03,3,W,0,1
Student_0654,T2_Spring,Program_C_C03,3,F,0,0
Student_0655,T1_Fall,Program_A_C01,3,F,0,0
Student_0655,T2_Spring,Program_A_C01,3,F,0,0
Student_0655,T1_Fall,Program_A_C02,3,W,0,1
Student_0656,T1_Fall,Program_D_C01,3,A,1,0
Student_0657,T1_Fall,Program_B_C01,3,W,0,1
Student_0657,T2_Spring,Program_B_C01,3,C,1,0
Student_0657,T1_Fall,Program_B_C02,3,F,0,0
Student_0657,T1_Fall,Program_B_C03,3,W,0,1
Student_0658,T1_Fall,Program_B_C01,3,A,1,0
Student_0659,T1_Fall,Program_A_C01,3,B,1,0
Student_0659,T1_Fall,Program_A_C02,3,B,1,0
Student_0659,T1_Fall,Program_A_C03,3,B,1,0
Student_0659,T1_Fall,Program_A_C04,4,B,1,0
Student_0659,T2_Spring,Program_A_C05,3,C,1,0
Student_0659,T2_Spring,Program_A_C06,3,C,1,0
Student_0659,T2_Spring,Program_A_C07,3,W,0,1
Student_0659,T2_Spring,Program_A_C08,4,B,1,0
Student_0659,T3_Fall,Program_A_C09,3,B,1,0
Student_0659,T3_Fall,Program_A_C10,3,B,1,0
Student_0659,T3_Fall,Program_A_C12,4,B,1,0
Student_0659,T3_Fall,Program_A_C13,3,B,1,0
Student_0659,T4_Spring,Program_A_C14,3,W,0,1
Student_0659,T4_Spring,Program_A_C16,3,B,1,0
Student_0660,T1_Fall,Program_C_C01,3,B,1,0
Student_0660,T1_Fall,Program_C_C02,3,B,1,0
Student_0660,T1_Fall,Program_C_C03,3,B,1,0
Student_0660,T1_Fall,Program_C_C04,4,B,1,0
Student_0660,T2_Spring,Program_C_C05,3,C,1,0
Student_0660,T2_Spring,Program_C_C06,3,B,1,0
Student_0661,T1_Fall,Program_D_C01,3,F,0,0
Student_0661,T1_Fall,Program_D_C02,3,C,1,0
Student_0661,T1_Fall,Program_D_C04,4,B,1,0
Student_0661,T1_Fall,Program_D_C05,3,C,1,0
Student_0661,T2_Spring,Program_D_C08,4,C,1,0
Student_0661,T2_Spring,Program_D_C09,3,C,1,0
Student_0661,T2_Spring,Program_D_C12,4,F,0,0
Student_0661,T2_Spring,Program_D_C13,3,C,1,0
Student_0662,T1_Fall,Program_B_C01,3,B,1,0
Student_0662,T1_Fall,Program_B_C02,3,C,1,0
Student_0662,T1_Fall,Program_B_C03,3,C,1,0
Student_0662,T1_Fall,Program_B_C04,4,C,1,0
Student_0662,T2_Spring,Program_B_C05,3,B,1,0
Student_0662,T2_Spring,Program_B_C06,3,B,1,0
Student_0663,T1_Fall,Program_C_C01,3,B,1,0
Student_0663,T1_Fall,Program_C_C02,3,A,1,0
Student_0663,T1_Fall,Program_C_C03,3,C,1,0
Student_0663,T1_Fall,Program_C_C04,4,F,0,0
Student_0663,T2_Spring,Program_C_C04,4,C,1,0
Student_0663,T2_Spring,Program_C_C05,3,W,0,1
Student_0663,T3_Fall,Program_C_C05,3,C,1,0
Student_0663,T2_Spring,Program_C_C06,3,C,1,0
Student_0663,T2_Spring,Program_C_C07,3,B,1,0
Student_0663,T2_Spring,Program_C_C08,4,B,1,0
Student_0663,T3_Fall,Program_C_C09,3,C,1,0
Student_0664,T1_Fall,Program_D_C01,3,C,1,0
Student_0664,T1_Fall,Program_D_C02,3,C,1,0
Student_0664,T1_Fall,Program_D_C03,3,B,1,0
Student_0664,T1_Fall,Program_D_C04,4,F,0,0
Student_0664,T2_Spring,Program_D_C04,4,C,1,0
Student_0664,T2_Spring,Program_D_C05,3,C,1,0
Student_0664,T2_Spring,Program_D_C06,3,B,1,0
Student_0664,T2_Spring,Program_D_C07,3,B,1,0
Student_0665,T1_Fall,Program_D_C01,3,C,1,0
Student_0665,T1_Fall,Program_D_C02,3,B,1,0
Student_0665,T1_Fall,Program_D_C03,3,B,1,0
Student_0665,T1_Fall,Program_D_C04,4,C,1,0
Student_0665,T2_Spring,Program_D_C05,3,B,1,0
Student_0665,T2_Spring,Program_D_C06,3,F,0,0
Student_0665,T3_Fall,Program_D_C06,3,C,1,0
Student_0665,T2_Spring,Program_D_C07,3,W,0,1
Student_0665,T2_Spring,Program_D_C08,4,B,1,0
Student_0665,T3_Fall,Program_D_C09,3,F,0,0
Student_0665,T4_Spring,Program_D_C09,3,F,0,0
Student_0665,T3_Fall,Program_D_C10,3,C,1,0
Student_0666,T1_Fall,Program_C_C01,3,B,1,0
Student_0666,T1_Fall,Program_C_C02,3,F,0,0
Student_0666,T1_Fall,Program_C_C03,3,W,0,1
Student_0667,T1_Fall,Program_C_C01,3,W,0,1
Student_0667,T1_Fall,Program_C_C02,3,D,1,0
Student_0667,T1_Fall,Program_C_C04,4,D,1,0
Student_0667,T1_Fall,Program_C_C05,3,F,0,0
Student_0667,T2_Spring,Program_C_C08,4,W,0,1
Student_0668,T1_Fall,Program_C_C01,3,F,0,0
Student_0668,T1_Fall,Program_C_C02,3,W,0,1
Student_0669,T1_Fall,Program_A_C01,3,C,1,0
Student_0669,T1_Fall,Program_A_C02,3,F,0,0
Student_0669,T1_Fall,Program_A_C03,3,C,1,0
Student_0669,T1_Fall,Program_A_C06,3,F,0,0
Student_0669,T2_Spring,Program_A_C07,3,D,1,0
Student_0669,T2_Spring,Program_A_C11,3,W,0,1
Student_0669,T3_Fall,Program_A_C11,3,C,1,0
Student_0670,T1_Fall,Program_A_C01,3,C,1,0
Student_0670,T1_Fall,Program_A_C02,3,W,0,1
Student_0670,T1_Fall,Program_A_C03,3,F,0,0
Student_0671,T1_Fall,Program_A_C01,3,B,1,0
Student_0671,T1_Fall,Program_A_C02,3,B,1,0
Student_0671,T1_Fall,Program_A_C03,3,B,1,0
Student_0671,T1_Fall,Program_A_C04,4,F,0,0
Student_0671,T2_Spring,Program_A_C04,4,C,1,0
Student_0672,T1_Fall,Program_C_C01,3,C,1,0
Student_0672,T1_Fall,Program_C_C02,3,B,1,0
Student_0672,T1_Fall,Program_C_C03,3,C,1,0
Student_0672,T1_Fall,Program_C_C04,4,C,1,0
Student_0672,T2_Spring,Program_C_C05,3,B,1,0
Student_0672,T2_Spring,Program_C_C06,3,B,1,0
Student_0672,T2_Spring,Program_C_C07,3,B,1,0
Student_0672,T2_Spring,Program_C_C08,4,B,1,0
Student_0672,T3_Fall,Program_C_C09,3,B,1,0
Student_0672,T3_Fall,Program_C_C10,3,B,1,0
Student_0672,T3_Fall,Program_C_C11,3,C,1,0
Student_0673,T1_Fall,Program_A_C01,3,B,1,0
Student_0673,T1_Fall,Program_A_C02,3,C,1,0
Student_0673,T1_Fall,Program_A_C03,3,B,1,0
Student_0673,T1_Fall,Program_A_C04,4,A,1,0
Student_0673,T2_Spring,Program_A_C05,3,C,1,0
Student_0673,T2_Spring,Program_A_C06,3,F,0,0
Student_0673,T2_Spring,Program_A_C07,3,F,0,0
Student_0673,T3_Fall,Program_A_C07,3,C,1,0
Student_0673,T2_Spring,Program_A_C08,4,C,1,0
Student_0673,T3_Fall,Program_A_C09,3,C,1,0
Student_0673,T3_Fall,Program_A_C11,3,C,1,0
Student_0674,T1_Fall,Program_A_C01,3,C,1,0
Student_0674,T1_Fall,Program_A_C02,3,C,1,0
Student_0674,T1_Fall,Program_A_C03,3,C,1,0
Student_0674,T1_Fall,Program_A_C04,4,W,0,1
Student_0674,T2_Spring,Program_A_C05,3,F,0,0
Student_0674,T2_Spring,Program_A_C06,3,W,0,1
Student_0674,T3_Fall,Program_A_C06,3,C,1,0
Student_0674,T2_Spring,Program_A_C07,3,W,0,1
Student_0674,T2_Spring,Program_A_C10,3,W,0,1
Student_0674,T3_Fall,Program_A_C10,3,C,1,0
Student_0674,T3_Fall,Program_A_C14,3,F,0,0
Student_0674,T4_Spring,Program_A_C14,3,C,1,0
Student_0675,T1_Fall,Program_A_C01,3,A,1,0
Student_0675,T1_Fall,Program_A_C02,3,W,0,1
Student_0675,T2_Spring,Program_A_C02,3,C,1,0
Student_0675,T1_Fall,Program_A_C03,3,B,1,0
Student_0675,T1_Fall,Program_A_C04,4,C,1,0
Student_0676,T1_Fall,Program_A_C01,3,F,0,0
Student_0676,T1_Fall,Program_A_C02,3,C,1,0
Student_0676,T1_Fall,Program_A_C04,4,B,1,0
Student_0676,T1_Fall,Program_A_C05,3,W,0,1
Student_0676,T2_Spring,Program_A_C05,3,F,0,0
Student_0676,T2_Spring,Program_A_C08,4,F,0,0
Student_0677,T1_Fall,Program_A_C01,3,C,1,0
Student_0678,T1_Fall,Program_D_C01,3,F,0,0
Student_0678,T1_Fall,Program_D_C02,3,F,0,0
Student_0678,T2_Spring,Program_D_C02,3,F,0,0
Student_0679,T1_Fall,Program_B_C01,3,F,0,0
Student_0679,T2_Spring,Program_B_C01,3,F,0,0
Student_0679,T1_Fall,Program_B_C02,3,F,0,0
Student_0680,T1_Fall,Program_A_C01,3,C,1,0
Student_0680,T1_Fall,Program_A_C02,3,C,1,0
Student_0680,T1_Fall,Program_A_C03,3,C,1,0
Student_0681,T1_Fall,Program_A_C01,3,B,1,0
Student_0681,T1_Fall,Program_A_C02,3,B,1,0
Student_0681,T1_Fall,Program_A_C03,3,C,1,0
Student_0681,T1_Fall,Program_A_C04,4,B,1,0
Student_0681,T2_Spring,Program_A_C05,3,B,1,0
Student_0681,T2_Spring,Program_A_C06,3,C,1,0
Student_0681,T2_Spring,Program_A_C07,3,C,1,0
Student_0681,T2_Spring,Program_A_C08,4,B,1,0
Student_0681,T3_Fall,Program_A_C09,3,F,0,0
Student_0681,T4_Spring,Program_A_C09,3,C,1,0
Student_0681,T3_Fall,Program_A_C10,3,F,0,0
Student_0681,T4_Spring,Program_A_C10,3,C,1,0
Student_0682,T1_Fall,Program_B_C01,3,F,0,0
Student_0682,T2_Spring,Program_B_C01,3,F,0,0
Student_0682,T1_Fall,Program_B_C02,3,F,0,0
Student_0682,T2_Spring,Program_B_C02,3,F,0,0
Student_0683,T1_Fall,Program_D_C01,3,C,1,0
Student_0683,T1_Fall,Program_D_C02,3,B,1,0
Student_0683,T1_Fall,Program_D_C03,3,B,1,0
Student_0684,T1_Fall,Program_A_C01,3,B,1,0
Student_0684,T1_Fall,Program_A_C02,3,B,1,0
Student_0684,T1_Fall,Program_A_C03,3,C,1,0
Student_0684,T1_Fall,Program_A_C04,4,B,1,0
Student_0684,T2_Spring,Program_A_C05,3,W,0,1
Student_0684,T2_Spring,Program_A_C06,3,F,0,0
Student_0684,T3_Fall,Program_A_C06,3,C,1,0
Student_0685,T1_Fall,Program_C_C01,3,B,1,0
Student_0685,T1_Fall,Program_C_C02,3,F,0,0
Student_0685,T1_Fall,Program_C_C03,3,C,1,0
Student_0685,T1_Fall,Program_C_C06,3,C,1,0
Student_0685,T2_Spring,Program_C_C07,3,W,0,1
Student_0685,T2_Spring,Program_C_C10,3,C,1,0
Student_0686,T1_Fall,Program_B_C01,3,C,1,0
Student_0686,T1_Fall,Program_B_C02,3,W,0,1
Student_0686,T1_Fall,Program_B_C03,3,C,1,0
Student_0686,T1_Fall,Program_B_C06,3,W,0,1
Student_0686,T2_Spring,Program_B_C06,3,C,1,0
Student_0686,T2_Spring,Program_B_C07,3,W,0,1
Student_0686,T2_Spring,Program_B_C10,3,W,0,1
Student_0686,T3_Fall,Program_B_C10,3,C,1,0
Student_0686,T2_Spring,Program_B_C14,3,C,1,0
Student_0687,T1_Fall,Program_B_C01,3,B,1,0
Student_0688,T1_Fall,Program_A_C01,3,C,1,0
Student_0688,T1_Fall,Program_A_C02,3,C,1,0
Student_0688,T1_Fall,Program_A_C03,3,F,0,0
Student_0688,T1_Fall,Program_A_C04,4,C,1,0
Student_0688,T2_Spring,Program_A_C05,3,C,1,0
Student_0689,T1_Fall,Program_C_C01,3,B,1,0
Student_0690,T1_Fall,Program_B_C01,3,B,1,0
Student_0690,T1_Fall,Program_B_C02,3,F,0,0
Student_0690,T1_Fall,Program_B_C03,3,B,1,0
Student_0690,T1_Fall,Program_B_C06,3,B,1,0
Student_0690,T2_Spring,Program_B_C07,3,B,1,0
Student_0690,T2_Spring,Program_B_C10,3,B,1,0
Student_0690,T2_Spring,Program_B_C11,3,F,0,0
Student_0690,T2_Spring,Program_B_C14,3,B,1,0
Student_0691,T1_Fall,Program_B_C01,3,C,1,0
Student_0691,T1_Fall,Program_B_C02,3,B,1,0
Student_0691,T1_Fall,Program_B_C03,3,B,1,0
Student_0691,T1_Fall,Program_B_C04,4,B,1,0
Student_0691,T2_Spring,Program_B_C05,3,C,1,0
Student_0691,T2_Spring,Program_B_C06,3,F,0,0
Student_0691,T3_Fall,Program_B_C06,3,C,1,0
Student_0691,T2_Spring,Program_B_C07,3,B,1,0
Student_0691,T2_Spring,Program_B_C08,4,B,1,0
Student_0691,T3_Fall,Program_B_C09,3,C,1,0
Student_0692,T1_Fall,Program_A_C01,3,F,0,0
Student_0692,T2_Spring,Program_A_C01,3,C,1,0
Student_0693,T1_Fall,Program_B_C01,3,B,1,0
Student_0693,T1_Fall,Program_B_C02,3,B,1,0
Student_0693,T1_Fall,Program_B_C03,3,A,1,0
Student_0693,T1_Fall,Program_B_C04,4,B,1,0
Student_0693,T2_Spring,Program_B_C05,3,B,1,0
Student_0693,T2_Spring,Program_B_C06,3,B,1,0
Student_0693,T2_Spring,Program_B_C07,3,B,1,0
Student_0693,T2_Spring,Program_B_C08,4,B,1,0
Student_0693,T3_Fall,Program_B_C09,3,B,1,0
Student_0694,T1_Fall,Program_A_C01,3,B,1,0
Student_0694,T1_Fall,Program_A_C02,3,B,1,0
Student_0694,T1_Fall,Program_A_C03,3,B,1,0
Student_0694,T1_Fall,Program_A_C04,4,B,1,0
Student_0694,T2_Spring,Program_A_C05,3,C,1,0
Student_0694,T2_Spring,Program_A_C06,3,B,1,0
Student_0695,T1_Fall,Program_C_C01,3,F,0,0
Student_0695,T1_Fall,Program_C_C02,3,B,1,0
Student_0695,T1_Fall,Program_C_C04,4,C,1,0
Student_0696,T1_Fall,Program_D_C01,3,B,1,0
Student_0696,T1_Fall,Program_D_C02,3,C,1,0
Student_0696,T1_Fall,Program_D_C03,3,F,0,0
Student_0696,T2_Spring,Program_D_C03,3,C,1,0
Student_0696,T1_Fall,Program_D_C04,4,B,1,0
Student_0696,T2_Spring,Program_D_C05,3,C,1,0
Student_0696,T2_Spring,Program_D_C06,3,C,1,0
Student_0696,T2_Spring,Program_D_C07,3,C,1,0
Student_0696,T2_Spring,Program_D_C08,4,B,1,0
Student_0696,T3_Fall,Program_D_C09,3,F,0,0
Student_0696,T3_Fall,Program_D_C10,3,C,1,0
Student_0697,T1_Fall,Program_A_C01,3,B,1,0
Student_0697,T1_Fall,Program_A_C02,3,B,1,0
Student_0697,T1_Fall,Program_A_C03,3,F,0,0
Student_0697,T1_Fall,Program_A_C04,4,B,1,0
Student_0697,T2_Spring,Program_A_C05,3,W,0,1
Student_0697,T2_Spring,Program_A_C08,4,B,1,0
Student_0697,T2_Spring,Program_A_C12,4,B,1,0
Student_0697,T2_Spring,Program_A_C16,3,D,1,0
Student_0698,T1_Fall,Program_B_C01,3,F,0,0
Student_0698,T1_Fall,Program_B_C02,3,W,0,1
Student_0698,T2_Spring,Program_B_C02,3,F,0,0
Student_0699,T1_Fall,Program_C_C01,3,W,0,1
Student_0699,T1_Fall,Program_C_C02,3,C,1,0
Student_0699,T1_Fall,Program_C_C04,4,B,1,0
Student_0699,T1_Fall,Program_C_C05,3,C,1,0
Student_0700,T1_Fall,Program_B_C01,3,W,0,1
Student_0700,T2_Spring,Program_B_C01,3,C,1,0
Student_0700,T1_Fall,Program_B_C02,3,A,1,0
Student_0700,T1_Fall,Program_B_C03,3,F,0,0
Student_0700,T1_Fall,Program_B_C04,4,A,1,0
Student_0701,T1_Fall,Program_D_C01,3,W,0,1
Student_0701,T2_Spring,Program_D_C01,3,F,0,0
Student_0701,T1_Fall,Program_D_C02,3,C,1,0
Student_0701,T1_Fall,Program_D_C04,4,W,0,1
Student_0701,T2_Spring,Program_D_C04,4,C,1,0
Student_0701,T1_Fall,Program_D_C05,3,F,0,0
Student_0701,T2_Spring,Program_D_C08,4,F,0,0
Student_0702,T1_Fall,Program_A_C01,3,F,0,0
Student_0702,T2_Spring,Program_A_C01,3,C,1,0
Student_0702,T1_Fall,Program_A_C02,3,C,1,0
Student_0702,T1_Fall,Program_A_C03,3,B,1,0
Student_0702,T1_Fall,Program_A_C04,4,W,0,1
Student_0702,T2_Spring,Program_A_C04,4,C,1,0
Student_0702,T2_Spring,Program_A_C05,3,F,0,0
Student_0702,T3_Fall,Program_A_C05,3,C,1,0
Student_0702,T2_Spring,Program_A_C06,3,D,1,0
Student_0702,T2_Spring,Program_A_C07,3,F,0,0
Student_0702,T2_Spring,Program_A_C08,4,D,1,0
Student_0702,T3_Fall,Program_A_C09,3,B,1,0
Student_0702,T3_Fall,Program_A_C10,3,W,0,1
Student_0702,T3_Fall,Program_A_C12,4,C,1,0
Student_0703,T1_Fall,Program_A_C01,3,B,1,0
Student_0703,T1_Fall,Program_A_C02,3,A,1,0
Student_0703,T1_Fall,Program_A_C03,3,C,1,0
Student_0703,T1_Fall,Program_A_C04,4,B,1,0
Student_0703,T2_Spring,Program_A_C05,3,B,1,0
Student_0703,T2_Spring,Program_A_C06,3,B,1,0
Student_0704,T1_Fall,Program_C_C01,3,B,1,0
Student_0704,T1_Fall,Program_C_C02,3,C,1,0
Student_0704,T1_Fall,Program_C_C03,3,W,0,1
Student_0704,T1_Fall,Program_C_C04,4,B,1,0
Student_0704,T2_Spring,Program_C_C05,3,C,1,0
Student_0704,T2_Spring,Program_C_C08,4,C,1,0
Student_0704,T2_Spring,Program_C_C09,3,C,1,0
Student_0704,T2_Spring,Program_C_C12,4,B,1,0
Student_0705,T1_Fall,Program_B_C01,3,C,1,0
Student_0705,T1_Fall,Program_B_C02,3,B,1,0
Student_0705,T1_Fall,Program_B_C03,3,B,1,0
Student_0705,T1_Fall,Program_B_C04,4,D,1,0
Student_0705,T2_Spring,Program_B_C05,3,W,0,1
Student_0705,T3_Fall,Program_B_C05,3,F,0,0
Student_0705,T2_Spring,Program_B_C06,3,F,0,0
Student_0705,T3_Fall,Program_B_C06,3,C,1,0
Student_0705,T2_Spring,Program_B_C07,3,F,0,0
Student_0705,T2_Spring,Program_B_C08,4,C,1,0
Student_0705,T3_Fall,Program_B_C10,3,C,1,0
Student_0705,T3_Fall,Program_B_C12,4,B,1,0
Student_0705,T3_Fall,Program_B_C14,3,F,0,0
Student_0705,T4_Spring,Program_B_C14,3,C,1,0
Student_0706,T1_Fall,Program_B_C01,3,D,1,0
Student_0706,T1_Fall,Program_B_C02,3,W,0,1
Student_0706,T2_Spring,Program_B_C02,3,F,0,0
Student_0706,T1_Fall,Program_B_C03,3,F,0,0
Student_0706,T2_Spring,Program_B_C03,3,F,0,0
Student_0707,T1_Fall,Program_C_C01,3,F,0,0
Student_0707,T1_Fall,Program_C_C02,3,W,0,1
Student_0708,T1_Fall,Program_B_C01,3,C,1,0
Student_0708,T1_Fall,Program_B_C02,3,F,0,0
Student_0708,T1_Fall,Program_B_C03,3,F,0,0
Student_0708,T2_Spring,Program_B_C03,3,F,0,0
Student_0709,T1_Fall,Program_A_C01,3,B,1,0
Student_0710,T1_Fall,Program_D_C01,3,A,1,0
Student_0710,T1_Fall,Program_D_C02,3,F,0,0
Student_0710,T2_Spring,Program_D_C02,3,C,1,0
Student_0710,T1_Fall,Program_D_C03,3,F,0,0
Student_0710,T2_Spring,Program_D_C03,3,C,1,0
Student_0710,T1_Fall,Program_D_C04,4,B,1,0
Student_0710,T2_Spring,Program_D_C05,3,B,1,0
Student_0710,T2_Spring,Program_D_C06,3,A,1,0
Student_0710,T2_Spring,Program_D_C07,3,C,1,0
Student_0710,T2_Spring,Program_D_C08,4,B,1,0
Student_0710,T3_Fall,Program_D_C09,3,B,1,0
Student_0710,T3_Fall,Program_D_C10,3,A,1,0
Student_0710,T3_Fall,Program_D_C11,3,B,1,0
Student_0711,T1_Fall,Program_D_C01,3,B,1,0
Student_0711,T1_Fall,Program_D_C02,3,B,1,0
Student_0711,T1_Fall,Program_D_C03,3,B,1,0
Student_0711,T1_Fall,Program_D_C04,4,C,1,0
Student_0711,T2_Spring,Program_D_C05,3,B,1,0
Student_0711,T2_Spring,Program_D_C06,3,B,1,0
Student_0712,T1_Fall,Program_A_C01,3,C,1,0
Student_0712,T1_Fall,Program_A_C02,3,C,1,0
Student_0712,T1_Fall,Program_A_C03,3,D,1,0
Student_0712,T1_Fall,Program_A_C04,4,F,0,0
Student_0712,T2_Spring,Program_A_C04,4,C,1,0
Student_0712,T2_Spring,Program_A_C05,3,W,0,1
Student_0712,T2_Spring,Program_A_C06,3,F,0,0
Student_0712,T2_Spring,Program_A_C07,3,W,0,1
Student_0712,T2_Spring,Program_A_C08,4,W,0,1
Student_0713,T1_Fall,Program_A_C01,3,A,1,0
Student_0713,T1_Fall,Program_A_C02,3,F,0,0
Student_0713,T2_Spring,Program_A_C02,3,C,1,0
Student_0713,T1_Fall,Program_A_C03,3,F,0,0
Student_0713,T1_Fall,Program_A_C04,4,B,1,0
Student_0713,T2_Spring,Program_A_C05,3,C,1,0
Student_0713,T2_Spring,Program_A_C08,4,C,1,0
Student_0713,T2_Spring,Program_A_C09,3,C,1,0
Student_0713,T2_Spring,Program_A_C12,4,B,1,0
Student_0713,T3_Fall,Program_A_C13,3,F,0,0
Student_0713,T3_Fall,Program_A_C16,3,C,1,0
Student_0714,T1_Fall,Program_A_C01,3,C,1,0
Student_0714,T1_Fall,Program_A_C02,3,W,0,1
Student_0714,T1_Fall,Program_A_C03,3,C,1,0
Student_0714,T1_Fall,Program_A_C06,3,F,0,0
Student_0714,T2_Spring,Program_A_C06,3,C,1,0
Student_0714,T2_Spring,Program_A_C07,3,C,1,0
Student_0714,T2_Spring,Program_A_C10,3,C,1,0
Student_0714,T2_Spring,Program_A_C11,3,C,1,0
Student_0715,T1_Fall,Program_A_C01,3,B,1,0
Student_0715,T1_Fall,Program_A_C02,3,C,1,0
Student_0715,T1_Fall,Program_A_C03,3,A,1,0
Student_0715,T1_Fall,Program_A_C04,4,C,1,0
Student_0715,T2_Spring,Program_A_C05,3,B,1,0
Student_0715,T2_Spring,Program_A_C06,3,B,1,0
Student_0716,T1_Fall,Program_B_C01,3,F,0,0
Student_0716,T2_Spring,Program_B_C01,3,C,1,0
Student_0716,T1_Fall,Program_B_C02,3,W,0,1
Student_0716,T1_Fall,Program_B_C03,3,C,1,0
Student_0716,T1_Fall,Program_B_C06,3,W,0,1
Student_0716,T2_Spring,Program_B_C06,3,C,1,0
Student_0716,T2_Spring,Program_B_C07,3,F,0,0
Student_0716,T2_Spring,Program_B_C10,3,W,0,1
Student_0717,T1_Fall,Program_D_C01,3,B,1,0
Student_0717,T1_Fall,Program_D_C02,3,C,1,0
Student_0717,T1_Fall,Program_D_C03,3,F,0,0
Student_0717,T1_Fall,Program_D_C04,4,B,1,0
Student_0717,T2_Spring,Program_D_C05,3,B,1,0
Student_0717,T2_Spring,Program_D_C08,4,C,1,0
Student_0717,T2_Spring,Program_D_C09,3,W,0,1
Student_0717,T3_Fall,Program_D_C09,3,C,1,0
Student_0717,T2_Spring,Program_D_C12,4,C,1,0
Student_0717,T3_Fall,Program_D_C13,3,B,1,0
Student_0717,T3_Fall,Program_D_C16,3,B,1,0
Student_0718,T1_Fall,Program_A_C01,3,F,0,0
Student_0718,T2_Spring,Program_A_C01,3,C,1,0
Student_0718,T1_Fall,Program_A_C02,3,A,1,0
Student_0718,T1_Fall,Program_A_C03,3,B,1,0
Student_0718,T1_Fall,Program_A_C04,4,B,1,0
Student_0718,T2_Spring,Program_A_C05,3,A,1,0
Student_0718,T2_Spring,Program_A_C06,3,B,1,0
Student_0718,T2_Spring,Program_A_C07,3,B,1,0
Student_0718,T2_Spring,Program_A_C08,4,A,1,0
Student_0718,T3_Fall,Program_A_C09,3,B,1,0
Student_0718,T3_Fall,Program_A_C10,3,C,1,0
Student_0718,T3_Fall,Program_A_C11,3,B,1,0
Student_0719,T1_Fall,Program_D_C01,3,B,1,0
Student_0719,T1_Fall,Program_D_C02,3,A,1,0
Student_0719,T1_Fall,Program_D_C03,3,C,1,0
Student_0719,T1_Fall,Program_D_C04,4,B,1,0
Student_0719,T2_Spring,Program_D_C05,3,B,1,0
Student_0719,T2_Spring,Program_D_C06,3,B,1,0
Student_0719,T2_Spring,Program_D_C07,3,A,1,0
Student_0719,T2_Spring,Program_D_C08,4,B,1,0
Student_0719,T3_Fall,Program_D_C09,3,B,1,0
Student_0720,T1_Fall,Program_B_C01,3,B,1,0
Student_0720,T1_Fall,Program_B_C02,3,F,0,0
Student_0720,T2_Spring,Program_B_C02,3,C,1,0
Student_0720,T1_Fall,Program_B_C03,3,A,1,0
Student_0720,T1_Fall,Program_B_C04,4,F,0,0
Student_0720,T2_Spring,Program_B_C05,3,F,0,0
Student_0720,T2_Spring,Program_B_C06,3,B,1,0
Student_0721,T1_Fall,Program_C_C01,3,B,1,0
Student_0721,T1_Fall,Program_C_C02,3,B,1,0
Student_0721,T1_Fall,Program_C_C03,3,B,1,0
Student_0721,T1_Fall,Program_C_C04,4,B,1,0
Student_0721,T2_Spring,Program_C_C05,3,C,1,0
Student_0721,T2_Spring,Program_C_C06,3,B,1,0
Student_0722,T1_Fall,Program_A_C01,3,B,1,0
Student_0723,T1_Fall,Program_A_C01,3,A,1,0
Student_0723,T1_Fall,Program_A_C02,3,W,0,1
Student_0723,T1_Fall,Program_A_C03,3,A,1,0
Student_0723,T1_Fall,Program_A_C06,3,B,1,0
Student_0723,T2_Spring,Program_A_C07,3,C,1,0
Student_0723,T2_Spring,Program_A_C10,3,B,1,0
Student_0723,T2_Spring,Program_A_C11,3,B,1,0
Student_0723,T2_Spring,Program_A_C14,3,F,0,0
Student_0723,T3_Fall,Program_A_C14,3,C,1,0
Student_0724,T1_Fall,Program_C_C01,3,B,1,0
Student_0724,T1_Fall,Program_C_C02,3,C,1,0
Student_0724,T1_Fall,Program_C_C03,3,C,1,0
Student_0724,T1_Fall,Program_C_C04,4,B,1,0
Student_0724,T2_Spring,Program_C_C05,3,W,0,1
Student_0724,T3_Fall,Program_C_C05,3,C,1,0
Student_0724,T2_Spring,Program_C_C06,3,C,1,0
Student_0724,T2_Spring,Program_C_C07,3,B,1,0
Student_0724,T2_Spring,Program_C_C08,4,B,1,0
Student_0724,T3_Fall,Program_C_C09,3,C,1,0
Student_0724,T3_Fall,Program_C_C10,3,W,0,1
Student_0724,T4_Spring,Program_C_C10,3,C,1,0
Student_0725,T1_Fall,Program_C_C01,3,B,1,0
Student_0725,T1_Fall,Program_C_C02,3,B,1,0
Student_0725,T1_Fall,Program_C_C03,3,B,1,0
Student_0725,T1_Fall,Program_C_C04,4,A,1,0
Student_0725,T2_Spring,Program_C_C05,3,C,1,0
Student_0725,T2_Spring,Program_C_C06,3,B,1,0
Student_0725,T2_Spring,Program_C_C07,3,B,1,0
Student_0725,T2_Spring,Program_C_C08,4,B,1,0
Student_0725,T3_Fall,Program_C_C09,3,A,1,0
Student_0725,T3_Fall,Program_C_C10,3,B,1,0
Student_0725,T3_Fall,Program_C_C11,3,A,1,0
Student_0726,T1_Fall,Program_B_C01,3,D,1,0
Student_0727,T1_Fall,Program_D_C01,3,B,1,0
Student_0727,T1_Fall,Program_D_C02,3,C,1,0
Student_0727,T1_Fall,Program_D_C03,3,B,1,0
Student_0727,T1_Fall,Program_D_C04,4,C,1,0
Student_0727,T2_Spring,Program_D_C05,3,B,1,0
Student_0727,T2_Spring,Program_D_C06,3,C,1,0
Student_0728,T1_Fall,Program_B_C01,3,A,1,0
Student_0728,T1_Fall,Program_B_C02,3,A,1,0
Student_0728,T1_Fall,Program_B_C03,3,B,1,0
Student_0729,T1_Fall,Program_B_C01,3,B,1,0
Student_0729,T1_Fall,Program_B_C02,3,F,0,0
Student_0729,T2_Spring,Program_B_C02,3,F,0,0
Student_0729,T1_Fall,Program_B_C03,3,C,1,0
Student_0729,T1_Fall,Program_B_C06,3,F,0,0
Student_0729,T2_Spring,Program_B_C06,3,C,1,0
Student_0729,T2_Spring,Program_B_C07,3,F,0,0
Student_0729,T3_Fall,Program_B_C07,3,C,1,0
Student_0729,T2_Spring,Program_B_C10,3,F,0,0
Student_0729,T2_Spring,Program_B_C11,3,F,0,0
Student_0730,T1_Fall,Program_D_C01,3,B,1,0
Student_0730,T1_Fall,Program_D_C02,3,B,1,0
Student_0730,T1_Fall,Program_D_C03,3,A,1,0
Student_0730,T1_Fall,Program_D_C04,4,A,1,0
Student_0730,T2_Spring,Program_D_C05,3,A,1,0
Student_0730,T2_Spring,Program_D_C06,3,F,0,0
Student_0730,T2_Spring,Program_D_C07,3,B,1,0
Student_0730,T2_Spring,Program_D_C08,4,B,1,0
Student_0730,T3_Fall,Program_D_C09,3,B,1,0
Student_0730,T3_Fall,Program_D_C11,3,B,1,0
Student_0730,T3_Fall,Program_D_C12,4,B,1,0
Student_0730,T3_Fall,Program_D_C13,3,B,1,0
Student_0731,T1_Fall,Program_A_C01,3,B,1,0
Student_0731,T1_Fall,Program_A_C02,3,F,0,0
Student_0731,T1_Fall,Program_A_C03,3,C,1,0
Student_0731,T1_Fall,Program_A_C06,3,F,0,0
Student_0731,T2_Spring,Program_A_C06,3,F,0,0
Student_0731,T2_Spring,Program_A_C07,3,W,0,1
Student_0731,T3_Fall,Program_A_C07,3,C,1,0
Student_0732,T1_Fall,Program_D_C01,3,A,1,0
Student_0732,T1_Fall,Program_D_C02,3,B,1,0
Student_0732,T1_Fall,Program_D_C03,3,A,1,0
Student_0732,T1_Fall,Program_D_C04,4,A,1,0
Student_0732,T2_Spring,Program_D_C05,3,A,1,0
Student_0732,T2_Spring,Program_D_C06,3,B,1,0
Student_0732,T2_Spring,Program_D_C07,3,B,1,0
Student_0733,T1_Fall,Program_A_C01,3,C,1,0
Student_0733,T1_Fall,Program_A_C02,3,B,1,0
Student_0733,T1_Fall,Program_A_C03,3,F,0,0
Student_0733,T2_Spring,Program_A_C03,3,C,1,0
Student_0734,T1_Fall,Program_B_C01,3,B,1,0
Student_0734,T1_Fall,Program_B_C02,3,A,1,0
Student_0735,T1_Fall,Program_C_C01,3,W,0,1
Student_0735,T2_Spring,Program_C_C01,3,C,1,0
Student_0735,T1_Fall,Program_C_C02,3,C,1,0
Student_0735,T1_Fall,Program_C_C03,3,C,1,0
Student_0736,T1_Fall,Program_D_C01,3,F,0,0
Student_0736,T2_Spring,Program_D_C01,3,C,1,0
Student_0736,T1_Fall,Program_D_C02,3,F,0,0
Student_0736,T2_Spring,Program_D_C02,3,F,0,0
Student_0736,T1_Fall,Program_D_C03,3,C,1,0
Student_0736,T1_Fall,Program_D_C06,3,C,1,0
Student_0736,T2_Spring,Program_D_C07,3,F,0,0
Student_0736,T3_Fall,Program_D_C07,3,F,0,0
Student_0736,T2_Spring,Program_D_C10,3,F,0,0
Student_0737,T1_Fall,Program_C_C01,3,C,1,0
Student_0737,T1_Fall,Program_C_C02,3,B,1,0
Student_0737,T1_Fall,Program_C_C03,3,B,1,0
Student_0737,T1_Fall,Program_C_C04,4,C,1,0
Student_0737,T2_Spring,Program_C_C05,3,B,1,0
Student_0738,T1_Fall,Program_A_C01,3,B,1,0
Student_0738,T1_Fall,Program_A_C02,3,A,1,0
Student_0738,T1_Fall,Program_A_C03,3,A,1,0
Student_0738,T1_Fall,Program_A_C04,4,A,1,0
Student_0738,T2_Spring,Program_A_C05,3,A,1,0
Student_0739,T1_Fall,Program_B_C01,3,F,0,0
Student_0739,T2_Spring,Program_B_C01,3,C,1,0
Student_0739,T1_Fall,Program_B_C02,3,F,0,0
Student_0739,T2_Spring,Program_B_C02,3,F,0,0
Student_0739,T1_Fall,Program_B_C03,3,F,0,0
Student_0739,T2_Spring,Program_B_C03,3,C,1,0
Student_0739,T1_Fall,Program_B_C06,3,C,1,0
Student_0740,T1_Fall,Program_D_C01,3,A,1,0
Student_0741,T1_Fall,Program_A_C01,3,B,1,0
Student_0741,T1_Fall,Program_A_C02,3,B,1,0
Student_0741,T1_Fall,Program_A_C03,3,C,1,0
Student_0742,T1_Fall,Program_A_C01,3,B,1,0
Student_0742,T1_Fall,Program_A_C02,3,B,1,0
Student_0742,T1_Fall,Program_A_C03,3,B,1,0
Student_0742,T1_Fall,Program_A_C04,4,A,1,0
Student_0742,T2_Spring,Program_A_C05,3,W,0,1
Student_0742,T3_Fall,Program_A_C05,3,C,1,0
Student_0742,T2_Spring,Program_A_C06,3,A,1,0
Student_0742,T2_Spring,Program_A_C07,3,B,1,0
Student_0742,T2_Spring,Program_A_C08,4,B,1,0
Student_0742,T3_Fall,Program_A_C09,3,B,1,0
Student_0742,T3_Fall,Program_A_C10,3,F,0,0
Student_0742,T4_Spring,Program_A_C10,3,C,1,0
Student_0742,T3_Fall,Program_A_C11,3,B,1,0
Student_0743,T1_Fall,Program_C_C01,3,C,1,0
Student_0743,T1_Fall,Program_C_C02,3,F,0,0
Student_0743,T1_Fall,Program_C_C03,3,W,0,1
Student_0744,T1_Fall,Program_A_C01,3,F,0,0
Student_0744,T2_Spring,Program_A_C01,3,C,1,0
Student_0745,T1_Fall,Program_A_C01,3,F,0,0
Student_0745,T1_Fall,Program_A_C02,3,C,1,0
Student_0746,T1_Fall,Program_A_C01,3,B,1,0
Student_0747,T1_Fall,Program_C_C01,3,C,1,0
Student_0747,T1_Fall,Program_C_C02,3,C,1,0
Student_0747,T1_Fall,Program_C_C03,3,W,0,1
Student_0747,T2_Spring,Program_C_C03,3,C,1,0
Student_0748,T1_Fall,Program_B_C01,3,C,1,0
Student_0748,T1_Fall,Program_B_C02,3,F,0,0
Student_0748,T1_Fall,Program_B_C03,3,F,0,0
Student_0748,T2_Spring,Program_B_C03,3,C,1,0
Student_0748,T1_Fall,Program_B_C06,3,F,0,0
Student_0748,T2_Spring,Program_B_C06,3,F,0,0
Student_0748,T2_Spring,Program_B_C07,3,C,1,0
Student_0748,T2_Spring,Program_B_C11,3,W,0,1
Student_0748,T3_Fall,Program_B_C11,3,F,0,0
Student_0749,T1_Fall,Program_A_C01,3,B,1,0
Student_0749,T1_Fall,Program_A_C02,3,B,1,0
Student_0749,T1_Fall,Program_A_C03,3,C,1,0
Student_0750,T1_Fall,Program_C_C01,3,B,1,0
Student_0750,T1_Fall,Program_C_C02,3,A,1,0
Student_0750,T1_Fall,Program_C_C03,3,A,1,0
Student_0750,T1_Fall,Program_C_C04,4,B,1,0
Student_0750,T2_Spring,Program_C_C05,3,B,1,0
Student_0750,T2_Spring,Program_C_C06,3,A,1,0
Student_0750,T2_Spring,Program_C_C07,3,A,1,0
Student_0750,T2_Spring,Program_C_C08,4,B,1,0
Student_0750,T3_Fall,Program_C_C09,3,B,1,0
Student_0751,T1_Fall,Program_B_C01,3,C,1,0
Student_0751,T1_Fall,Program_B_C02,3,W,0,1
Student_0751,T2_Spring,Program_B_C02,3,C,1,0
Student_0751,T1_Fall,Program_B_C03,3,B,1,0
Student_0751,T1_Fall,Program_B_C04,4,A,1,0
Student_0751,T2_Spring,Program_B_C05,3,B,1,0
Student_0752,T1_Fall,Program_A_C01,3,C,1,0
Student_0752,T1_Fall,Program_A_C02,3,B,1,0
Student_0752,T1_Fall,Program_A_C03,3,C,1,0
Student_0752,T1_Fall,Program_A_C04,4,B,1,0
Student_0752,T2_Spring,Program_A_C05,3,C,1,0
Student_0752,T2_Spring,Program_A_C06,3,F,0,0
Student_0752,T3_Fall,Program_A_C06,3,C,1,0
Student_0753,T1_Fall,Program_D_C01,3,B,1,0
Student_0753,T1_Fall,Program_D_C02,3,F,0,0
Student_0753,T1_Fall,Program_D_C03,3,F,0,0
Student_0753,T2_Spring,Program_D_C03,3,C,1,0
Student_0753,T1_Fall,Program_D_C06,3,W,0,1
Student_0753,T2_Spring,Program_D_C07,3,C,1,0
Student_0753,T2_Spring,Program_D_C11,3,W,0,1
Student_0754,T1_Fall,Program_D_C01,3,B,1,0
Student_0754,T1_Fall,Program_D_C02,3,B,1,0
Student_0754,T1_Fall,Program_D_C03,3,F,0,0
Student_0754,T1_Fall,Program_D_C04,4,C,1,0
Student_0754,T2_Spring,Program_D_C05,3,C,1,0
Student_0754,T2_Spring,Program_D_C08,4,B,1,0
Student_0754,T2_Spring,Program_D_C09,3,B,1,0
Student_0754,T2_Spring,Program_D_C12,4,B,1,0
Student_0754,T3_Fall,Program_D_C13,3,B,1,0
Student_0754,T3_Fall,Program_D_C16,3,F,0,0
Student_0754,T4_Spring,Program_D_C16,3,C,1,0
Student_0755,T1_Fall,Program_C_C01,3,C,1,0
Student_0755,T1_Fall,Program_C_C02,3,B,1,0
Student_0755,T1_Fall,Program_C_C03,3,A,1,0
Student_0755,T1_Fall,Program_C_C04,4,B,1,0
Student_0755,T2_Spring,Program_C_C05,3,B,1,0
Student_0755,T2_Spring,Program_C_C06,3,F,0,0
Student_0755,T3_Fall,Program_C_C06,3,C,1,0
Student_0755,T2_Spring,Program_C_C07,3,B,1,0
Student_0755,T2_Spring,Program_C_C08,4,C,1,0
Student_0755,T3_Fall,Program_C_C09,3,B,1,0
Student_0756,T1_Fall,Program_A_C01,3,B,1,0
Student_0756,T1_Fall,Program_A_C02,3,W,0,1
Student_0756,T2_Spring,Program_A_C02,3,C,1,0
Student_0756,T1_Fall,Program_A_C03,3,C,1,0
Student_0756,T1_Fall,Program_A_C04,4,B,1,0
Student_0756,T2_Spring,Program_A_C05,3,B,1,0
Student_0757,T1_Fall,Program_C_C01,3,F,0,0
Student_0757,T1_Fall,Program_C_C02,3,W,0,1
Student_0758,T1_Fall,Program_D_C01,3,C,1,0
Student_0758,T1_Fall,Program_D_C02,3,F,0,0
Student_0758,T2_Spring,Program_D_C02,3,F,0,0
Student_0758,T1_Fall,Program_D_C03,3,C,1,0
Student_0758,T1_Fall,Program_D_C06,3,W,0,1
Student_0758,T2_Spring,Program_D_C06,3,C,1,0
Student_0758,T2_Spring,Program_D_C07,3,F,0,0
Student_0758,T3_Fall,Program_D_C07,3,C,1,0
Student_0758,T2_Spring,Program_D_C10,3,W,0,1
Student_0758,T2_Spring,Program_D_C11,3,W,0,1
Student_0758,T3_Fall,Program_D_C11,3,F,0,0
Student_0759,T1_Fall,Program_A_C01,3,W,0,1
Student_0759,T1_Fall,Program_A_C02,3,B,1,0
Student_0759,T1_Fall,Program_A_C04,4,A,1,0
Student_0759,T1_Fall,Program_A_C05,3,A,1,0
Student_0759,T2_Spring,Program_A_C08,4,A,1,0
Student_0760,T1_Fall,Program_D_C01,3,B,1,0
Student_0760,T1_Fall,Program_D_C02,3,C,1,0
Student_0760,T1_Fall,Program_D_C03,3,B,1,0
Student_0760,T1_Fall,Program_D_C04,4,B,1,0
Student_0760,T2_Spring,Program_D_C05,3,C,1,0
Student_0761,T1_Fall,Program_B_C01,3,B,1,0
Student_0761,T1_Fall,Program_B_C02,3,B,1,0
Student_0761,T1_Fall,Program_B_C03,3,B,1,0
Student_0761,T1_Fall,Program_B_C04,4,B,1,0
Student_0761,T2_Spring,Program_B_C05,3,F,0,0
Student_0761,T3_Fall,Program_B_C05,3,C,1,0
Student_0761,T2_Spring,Program_B_C06,3,A,1,0
Student_0761,T2_Spring,Program_B_C07,3,B,1,0
Student_0761,T2_Spring,Program_B_C08,4,F,0,0
Student_0761,T3_Fall,Program_B_C08,4,C,1,0
Student_0761,T3_Fall,Program_B_C09,3,A,1,0
Student_0761,T3_Fall,Program_B_C10,3,B,1,0
Student_0761,T3_Fall,Program_B_C11,3,F,0,0
Student_0761,T3_Fall,Program_B_C12,4,F,0,0
Student_0761,T4_Spring,Program_B_C12,4,C,1,0
Student_0762,T1_Fall,Program_A_C01,3,A,1,0
Student_0762,T1_Fall,Program_A_C02,3,W,0,1
Student_0762,T1_Fall,Program_A_C03,3,F,0,0
Student_0762,T2_Spring,Program_A_C03,3,C,1,0
Student_0762,T1_Fall,Program_A_C06,3,A,1,0
Student_0762,T2_Spring,Program_A_C07,3,B,1,0
Student_0762,T2_Spring,Program_A_C10,3,B,1,0
Student_0762,T2_Spring,Program_A_C11,3,A,1,0
Student_0762,T2_Spring,Program_A_C14,3,B,1,0
Student_0762,T3_Fall,Program_A_C15,3,F,0,0
Student_0762,T4_Spring,Program_A_C15,3,C,1,0
Student_0763,T1_Fall,Program_C_C01,3,B,1,0
Student_0764,T1_Fall,Program_B_C01,3,B,1,0
Student_0764,T1_Fall,Program_B_C02,3,C,1,0
Student_0764,T1_Fall,Program_B_C03,3,B,1,0
Student_0764,T1_Fall,Program_B_C04,4,B,1,0
Student_0764,T2_Spring,Program_B_C05,3,C,1,0
Student_0764,T2_Spring,Program_B_C06,3,F,0,0
Student_0764,T2_Spring,Program_B_C07,3,C,1,0
Student_0765,T1_Fall,Program_C_C01,3,B,1,0
Student_0766,T1_Fall,Program_B_C01,3,F,0,0
Student_0766,T1_Fall,Program_B_C02,3,C,1,0
Student_0767,T1_Fall,Program_A_C01,3,B,1,0
Student_0768,T1_Fall,Program_C_C01,3,C,1,0
Student_0768,T1_Fall,Program_C_C02,3,F,0,0
Student_0768,T2_Spring,Program_C_C02,3,C,1,0
Student_0769,T1_Fall,Program_C_C01,3,B,1,0
Student_0769,T1_Fall,Program_C_C02,3,B,1,0
Student_0769,T1_Fall,Program_C_C03,3,B,1,0
Student_0769,T1_Fall,Program_C_C04,4,B,1,0
Student_0769,T2_Spring,Program_C_C05,3,W,0,1
Student_0769,T2_Spring,Program_C_C06,3,B,1,0
Student_0769,T2_Spring,Program_C_C07,3,C,1,0
Student_0769,T2_Spring,Program_C_C08,4,F,0,0
Student_0769,T3_Fall,Program_C_C10,3,C,1,0
Student_0769,T3_Fall,Program_C_C11,3,F,0,0
Student_0769,T4_Spring,Program_C_C11,3,C,1,0
Student_0769,T3_Fall,Program_C_C14,3,F,0,0
Student_0769,T3_Fall,Program_C_C15,3,B,1,0
Student_0770,T1_Fall,Program_A_C01,3,W,0,1
Student_0770,T1_Fall,Program_A_C02,3,C,1,0
Student_0770,T1_Fall,Program_A_C04,4,C,1,0
Student_0770,T1_Fall,Program_A_C05,3,C,1,0
Student_0770,T2_Spring,Program_A_C08,4,C,1,0
Student_0770,T2_Spring,Program_A_C09,3,F,0,0
Student_0770,T3_Fall,Program_A_C09,3,C,1,0
Student_0770,T2_Spring,Program_A_C12,4,B,1,0
Student_0770,T2_Spring,Program_A_C13,3,F,0,0
Student_0770,T3_Fall,Program_A_C16,3,C,1,0
Student_0771,T1_Fall,Program_D_C01,3,C,1,0
Student_0772,T1_Fall,Program_B_C01,3,W,0,1
Student_0772,T2_Spring,Program_B_C01,3,F,0,0
Student_0772,T1_Fall,Program_B_C02,3,B,1,0
Student_0772,T1_Fall,Program_B_C04,4,F,0,0
Student_0772,T2_Spring,Program_B_C04,4,C,1,0
Student_0772,T1_Fall,Program_B_C05,3,F,0,0
Student_0772,T2_Spring,Program_B_C08,4,F,0,0
Student_0772,T3_Fall,Program_B_C08,4,F,0,0
Student_0773,T1_Fall,Program_C_C01,3,C,1,0
Student_0773,T1_Fall,Program_C_C02,3,F,0,0
Student_0773,T1_Fall,Program_C_C03,3,B,1,0
Student_0773,T1_Fall,Program_C_C06,3,F,0,0
Student_0773,T2_Spring,Program_C_C06,3,C,1,0
Student_0773,T2_Spring,Program_C_C07,3,C,1,0
Student_0773,T2_Spring,Program_C_C10,3,C,1,0
Student_0773,T2_Spring,Program_C_C11,3,C,1,0
Student_0774,T1_Fall,Program_C_C01,3,B,1,0
Student_0774,T1_Fall,Program_C_C02,3,B,1,0
Student_0775,T1_Fall,Program_B_C01,3,C,1,0
Student_0776,T1_Fall,Program_C_C01,3,B,1,0
Student_0776,T1_Fall,Program_C_C02,3,F,0,0
Student_0776,T2_Spring,Program_C_C02,3,F,0,0
Student_0776,T1_Fall,Program_C_C03,3,C,1,0
Student_0776,T1_Fall,Program_C_C06,3,B,1,0
Student_0776,T2_Spring,Program_C_C07,3,C,1,0
Student_0776,T2_Spring,Program_C_C10,3,F,0,0
Student_0776,T2_Spring,Program_C_C11,3,C,1,0
Student_0777,T1_Fall,Program_D_C01,3,C,1,0
Student_0777,T1_Fall,Program_D_C02,3,C,1,0
Student_0777,T1_Fall,Program_D_C03,3,F,0,0
Student_0777,T2_Spring,Program_D_C03,3,C,1,0
Student_0777,T1_Fall,Program_D_C04,4,D,1,0
Student_0777,T2_Spring,Program_D_C05,3,B,1,0
Student_0777,T2_Spring,Program_D_C06,3,F,0,0
Student_0777,T3_Fall,Program_D_C06,3,F,0,0
Student_0777,T2_Spring,Program_D_C07,3,W,0,1
Student_0777,T2_Spring,Program_D_C08,4,W,0,1
Student_0777,T3_Fall,Program_D_C09,3,C,1,0
Student_0777,T3_Fall,Program_D_C13,3,C,1,0
Student_0778,T1_Fall,Program_B_C01,3,A,1,0
Student_0778,T1_Fall,Program_B_C02,3,B,1,0
Student_0778,T1_Fall,Program_B_C03,3,A,1,0
Student_0778,T1_Fall,Program_B_C04,4,B,1,0
Student_0779,T1_Fall,Program_C_C01,3,B,1,0
Student_0779,T1_Fall,Program_C_C02,3,F,0,0
Student_0779,T2_Spring,Program_C_C02,3,C,1,0
Student_0780,T1_Fall,Program_B_C01,3,C,1,0
Student_0781,T1_Fall,Program_B_C01,3,B,1,0
Student_0781,T1_Fall,Program_B_C02,3,W,0,1
Student_0781,T2_Spring,Program_B_C02,3,C,1,0
Student_0781,T1_Fall,Program_B_C03,3,A,1,0
Student_0781,T1_Fall,Program_B_C04,4,B,1,0
Student_0781,T2_Spring,Program_B_C05,3,B,1,0
Student_0781,T2_Spring,Program_B_C06,3,B,1,0
Student_0782,T1_Fall,Program_B_C01,3,C,1,0
Student_0782,T1_Fall,Program_B_C02,3,B,1,0
Student_0782,T1_Fall,Program_B_C03,3,A,1,0
Student_0782,T1_Fall,Program_B_C04,4,C,1,0
Student_0782,T2_Spring,Program_B_C05,3,C,1,0
Student_0782,T2_Spring,Program_B_C06,3,C,1,0
Student_0783,T1_Fall,Program_C_C01,3,C,1,0
Student_0783,T1_Fall,Program_C_C02,3,B,1,0
Student_0783,T1_Fall,Program_C_C03,3,C,1,0
Student_0783,T1_Fall,Program_C_C04,4,C,1,0
Student_0783,T2_Spring,Program_C_C05,3,C,1,0
Student_0783,T2_Spring,Program_C_C06,3,B,1,0
Student_0783,T2_Spring,Program_C_C07,3,F,0,0
Student_0783,T2_Spring,Program_C_C08,4,B,1,0
Student_0783,T3_Fall,Program_C_C09,3,B,1,0
Student_0783,T3_Fall,Program_C_C10,3,C,1,0
Student_0783,T3_Fall,Program_C_C12,4,C,1,0
Student_0784,T1_Fall,Program_B_C01,3,B,1,0
Student_0784,T1_Fall,Program_B_C02,3,F,0,0
Student_0784,T2_Spring,Program_B_C02,3,C,1,0
Student_0784,T1_Fall,Program_B_C03,3,W,0,1
Student_0784,T2_Spring,Program_B_C03,3,F,0,0
Student_0784,T1_Fall,Program_B_C04,4,F,0,0
Student_0784,T2_Spring,Program_B_C05,3,B,1,0
Student_0784,T2_Spring,Program_B_C09,3,C,1,0
Student_0784,T2_Spring,Program_B_C13,3,W,0,1
Student_0785,T1_Fall,Program_D_C01,3,F,0,0
Student_0785,T1_Fall,Program_D_C02,3,C,1,0
Student_0785,T1_Fall,Program_D_C04,4,B,1,0
Student_0785,T1_Fall,Program_D_C05,3,C,1,0
Student_0785,T2_Spring,Program_D_C08,4,B,1,0
Student_0785,T2_Spring,Program_D_C09,3,F,0,0
Student_0785,T3_Fall,Program_D_C09,3,C,1,0
Student_0786,T1_Fall,Program_B_C01,3,C,1,0
Student_0786,T1_Fall,Program_B_C02,3,C,1,0
Student_0786,T1_Fall,Program_B_C03,3,C,1,0
Student_0786,T1_Fall,Program_B_C04,4,D,1,0
Student_0786,T2_Spring,Program_B_C05,3,W,0,1
Student_0786,T2_Spring,Program_B_C06,3,W,0,1
Student_0786,T3_Fall,Program_B_C06,3,C,1,0
Student_0786,T2_Spring,Program_B_C07,3,F,0,0
Student_0786,T2_Spring,Program_B_C08,4,C,1,0
Student_0786,T3_Fall,Program_B_C10,3,C,1,0
Student_0786,T3_Fall,Program_B_C12,4,C,1,0
Student_0786,T3_Fall,Program_B_C14,3,D,1,0
Student_0786,T3_Fall,Program_B_C16,3,C,1,0
Student_0787,T1_Fall,Program_C_C01,3,B,1,0
Student_0787,T1_Fall,Program_C_C02,3,B,1,0
Student_0787,T1_Fall,Program_C_C03,3,B,1,0
Student_0787,T1_Fall,Program_C_C04,4,W,0,1
Student_0787,T2_Spring,Program_C_C04,4,C,1,0
Student_0787,T2_Spring,Program_C_C05,3,W,0,1
Student_0787,T2_Spring,Program_C_C06,3,C,1,0
Student_0787,T2_Spring,Program_C_C07,3,F,0,0
Student_0787,T2_Spring,Program_C_C08,4,W,0,1
Student_0787,T3_Fall,Program_C_C08,4,C,1,0
Student_0787,T3_Fall,Program_C_C10,3,B,1,0
Student_0787,T3_Fall,Program_C_C12,4,F,0,0
Student_0787,T4_Spring,Program_C_C12,4,C,1,0
Student_0787,T3_Fall,Program_C_C14,3,B,1,0
Student_0787,T3_Fall,Program_C_C16,3,C,1,0
Student_0788,T1_Fall,Program_B_C01,3,C,1,0
Student_0788,T1_Fall,Program_B_C02,3,C,1,0
Student_0788,T1_Fall,Program_B_C03,3,C,1,0
Student_0788,T1_Fall,Program_B_C04,4,F,0,0
Student_0788,T2_Spring,Program_B_C05,3,B,1,0
Student_0788,T2_Spring,Program_B_C06,3,B,1,0
Student_0788,T2_Spring,Program_B_C07,3,B,1,0
Student_0788,T2_Spring,Program_B_C09,3,C,1,0
Student_0788,T3_Fall,Program_B_C10,3,C,1,0
Student_0788,T3_Fall,Program_B_C11,3,C,1,0
Student_0789,T1_Fall,Program_D_C01,3,W,0,1
Student_0789,T1_Fall,Program_D_C02,3,F,0,0
Student_0790,T1_Fall,Program_C_C01,3,C,1,0
Student_0790,T1_Fall,Program_C_C02,3,F,0,0
Student_0790,T1_Fall,Program_C_C03,3,B,1,0
Student_0790,T1_Fall,Program_C_C06,3,F,0,0
Student_0790,T2_Spring,Program_C_C06,3,C,1,0
Student_0790,T2_Spring,Program_C_C07,3,C,1,0
Student_0790,T2_Spring,Program_C_C10,3,C,1,0
Student_0790,T2_Spring,Program_C_C11,3,F,0,0
Student_0790,T3_Fall,Program_C_C11,3,C,1,0
Student_0790,T2_Spring,Program_C_C14,3,C,1,0
Student_0790,T3_Fall,Program_C_C15,3,B,1,0
Student_0791,T1_Fall,Program_B_C01,3,F,0,0
Student_0791,T1_Fall,Program_B_C02,3,W,0,1
Student_0791,T2_Spring,Program_B_C02,3,F,0,0
Student_0792,T1_Fall,Program_B_C01,3,C,1,0
Student_0792,T1_Fall,Program_B_C02,3,B,1,0
Student_0792,T1_Fall,Program_B_C03,3,B,1,0
Student_0792,T1_Fall,Program_B_C04,4,W,0,1
Student_0792,T2_Spring,Program_B_C05,3,W,0,1
Student_0792,T3_Fall,Program_B_C05,3,F,0,0
Student_0792,T2_Spring,Program_B_C06,3,C,1,0
Student_0793,T1_Fall,Program_C_C01,3,W,0,1
Student_0793,T2_Spring,Program_C_C01,3,C,1,0
Student_0794,T1_Fall,Program_C_C01,3,C,1,0
Student_0794,T1_Fall,Program_C_C02,3,C,1,0
Student_0794,T1_Fall,Program_C_C03,3,B,1,0
Student_0795,T1_Fall,Program_B_C01,3,B,1,0
Student_0795,T1_Fall,Program_B_C02,3,W,0,1
Student_0795,T2_Spring,Program_B_C02,3,C,1,0
Student_0795,T1_Fall,Program_B_C03,3,F,0,0
Student_0795,T2_Spring,Program_B_C03,3,C,1,0
Student_0795,T1_Fall,Program_B_C04,4,B,1,0
Student_0795,T2_Spring,Program_B_C05,3,B,1,0
Student_0795,T2_Spring,Program_B_C06,3,B,1,0
Student_0796,T1_Fall,Program_B_C01,3,C,1,0
Student_0796,T1_Fall,Program_B_C02,3,W,0,1
Student_0796,T1_Fall,Program_B_C03,3,C,1,0
Student_0796,T1_Fall,Program_B_C06,3,C,1,0
Student_0796,T2_Spring,Program_B_C07,3,B,1,0
Student_0796,T2_Spring,Program_B_C10,3,B,1,0
Student_0796,T2_Spring,Program_B_C11,3,F,0,0
Student_0796,T3_Fall,Program_B_C11,3,C,1,0
Student_0797,T1_Fall,Program_B_C01,3,A,1,0
Student_0798,T1_Fall,Program_C_C01,3,B,1,0
Student_0798,T1_Fall,Program_C_C02,3,B,1,0
Student_0798,T1_Fall,Program_C_C03,3,C,1,0
Student_0799,T1_Fall,Program_C_C01,3,A,1,0
Student_0799,T1_Fall,Program_C_C02,3,B,1,0
Student_0799,T1_Fall,Program_C_C03,3,B,1,0
Student_0800,T1_Fall,Program_D_C01,3,B,1,0
Student_0801,T1_Fall,Program_C_C01,3,B,1,0
Student_0801,T1_Fall,Program_C_C02,3,C,1,0
Student_0801,T1_Fall,Program_C_C03,3,C,1,0
Student_0801,T1_Fall,Program_C_C04,4,C,1,0
Student_0801,T2_Spring,Program_C_C05,3,C,1,0
Student_0801,T2_Spring,Program_C_C06,3,F,0,0
Student_0801,T2_Spring,Program_C_C07,3,B,1,0
Student_0802,T1_Fall,Program_B_C01,3,B,1,0
Student_0802,T1_Fall,Program_B_C02,3,A,1,0
Student_0802,T1_Fall,Program_B_C03,3,B,1,0
Student_0802,T1_Fall,Program_B_C04,4,B,1,0
Student_0802,T2_Spring,Program_B_C05,3,A,1,0
Student_0802,T2_Spring,Program_B_C06,3,A,1,0
Student_0802,T2_Spring,Program_B_C07,3,A,1,0
Student_0802,T2_Spring,Program_B_C08,4,A,1,0
Student_0802,T3_Fall,Program_B_C09,3,A,1,0
Student_0803,T1_Fall,Program_B_C01,3,W,0,1
Student_0803,T1_Fall,Program_B_C02,3,C,1,0
Student_0803,T1_Fall,Program_B_C04,4,B,1,0
Student_0803,T1_Fall,Program_B_C05,3,F,0,0
Student_0803,T2_Spring,Program_B_C08,4,C,1,0
Student_0803,T2_Spring,Program_B_C12,4,F,0,0
Student_0803,T3_Fall,Program_B_C12,4,F,0,0
Student_0804,T1_Fall,Program_C_C01,3,A,1,0
Student_0804,T1_Fall,Program_C_C02,3,A,1,0
Student_0804,T1_Fall,Program_C_C03,3,A,1,0
Student_0804,T1_Fall,Program_C_C04,4,B,1,0
Student_0804,T2_Spring,Program_C_C05,3,B,1,0
Student_0804,T2_Spring,Program_C_C06,3,B,1,0
Student_0804,T2_Spring,Program_C_C07,3,B,1,0
Student_0804,T2_Spring,Program_C_C08,4,B,1,0
Student_0805,T1_Fall,Program_C_C01,3,A,1,0
Student_0805,T1_Fall,Program_C_C02,3,B,1,0
Student_0805,T1_Fall,Program_C_C03,3,C,1,0
Student_0805,T1_Fall,Program_C_C04,4,B,1,0
Student_0805,T2_Spring,Program_C_C05,3,A,1,0
Student_0805,T2_Spring,Program_C_C06,3,A,1,0
Student_0806,T1_Fall,Program_B_C01,3,A,1,0
Student_0806,T1_Fall,Program_B_C02,3,A,1,0
Student_0806,T1_Fall,Program_B_C03,3,B,1,0
Student_0806,T1_Fall,Program_B_C04,4,B,1,0
Student_0806,T2_Spring,Program_B_C05,3,B,1,0
Student_0806,T2_Spring,Program_B_C06,3,B,1,0
Student_0807,T1_Fall,Program_C_C01,3,B,1,0
Student_0807,T1_Fall,Program_C_C02,3,B,1,0
Student_0807,T1_Fall,Program_C_C03,3,A,1,0
Student_0808,T1_Fall,Program_D_C01,3,F,0,0
Student_0808,T1_Fall,Program_D_C02,3,B,1,0
Student_0808,T1_Fall,Program_D_C04,4,F,0,0
Student_0808,T2_Spring,Program_D_C04,4,C,1,0
Student_0808,T1_Fall,Program_D_C05,3,F,0,0
Student_0808,T2_Spring,Program_D_C05,3,C,1,0
Student_0809,T1_Fall,Program_C_C01,3,C,1,0
Student_0809,T1_Fall,Program_C_C02,3,W,0,1
Student_0809,T2_Spring,Program_C_C02,3,C,1,0
Student_0810,T1_Fall,Program_D_C01,3,B,1,0
Student_0810,T1_Fall,Program_D_C02,3,B,1,0
Student_0810,T1_Fall,Program_D_C03,3,B,1,0
Student_0810,T1_Fall,Program_D_C04,4,C,1,0
Student_0810,T2_Spring,Program_D_C05,3,C,1,0
Student_0810,T2_Spring,Program_D_C06,3,B,1,0
Student_0810,T2_Spring,Program_D_C07,3,B,1,0
Student_0810,T2_Spring,Program_D_C08,4,C,1,0
Student_0811,T1_Fall,Program_C_C01,3,F,0,0
Student_0811,T2_Spring,Program_C_C01,3,C,1,0
Student_0812,T1_Fall,Program_A_C01,3,B,1,0
Student_0813,T1_Fall,Program_C_C01,3,B,1,0
Student_0813,T1_Fall,Program_C_C02,3,B,1,0
Student_0813,T1_Fall,Program_C_C03,3,F,0,0
Student_0813,T1_Fall,Program_C_C04,4,B,1,0
Student_0813,T2_Spring,Program_C_C05,3,C,1,0
Student_0813,T2_Spring,Program_C_C08,4,B,1,0
Student_0813,T2_Spring,Program_C_C09,3,A,1,0
Student_0814,T1_Fall,Program_B_C01,3,B,1,0
Student_0815,T1_Fall,Program_C_C01,3,F,0,0
Student_0815,T2_Spring,Program_C_C01,3,C,1,0
Student_0815,T1_Fall,Program_C_C02,3,D,1,0
Student_0815,T1_Fall,Program_C_C03,3,C,1,0
Student_0815,T1_Fall,Program_C_C04,4,C,1,0
Student_0815,T2_Spring,Program_C_C05,3,C,1,0
Student_0815,T2_Spring,Program_C_C06,3,C,1,0
Student_0815,T2_Spring,Program_C_C07,3,F,0,0
Student_0815,T3_Fall,Program_C_C07,3,C,1,0
Student_0816,T1_Fall,Program_B_C01,3,F,0,0
Student_0816,T2_Spring,Program_B_C01,3,C,1,0
Student_0816,T1_Fall,Program_B_C02,3,D,1,0
Student_0816,T1_Fall,Program_B_C03,3,C,1,0
Student_0816,T1_Fall,Program_B_C04,4,F,0,0
Student_0816,T2_Spring,Program_B_C04,4,C,1,0
Student_0817,T1_Fall,Program_A_C01,3,W,0,1
Student_0817,T2_Spring,Program_A_C01,3,F,0,0
Student_0817,T1_Fall,Program_A_C02,3,W,0,1
Student_0817,T2_Spring,Program_A_C02,3,C,1,0
Student_0817,T1_Fall,Program_A_C04,4,F,0,0
Student_0817,T2_Spring,Program_A_C04,4,C,1,0
Student_0817,T1_Fall,Program_A_C05,3,W,0,1
Student_0817,T2_Spring,Program_A_C05,3,C,1,0
Student_0817,T2_Spring,Program_A_C08,4,F,0,0
Student_0817,T3_Fall,Program_A_C08,4,F,0,0
Student_0817,T2_Spring,Program_A_C09,3,C,1,0
Student_0817,T2_Spring,Program_A_C13,3,W,0,1
Student_0817,T3_Fall,Program_A_C13,3,C,1,0
Student_0818,T1_Fall,Program_C_C01,3,B,1,0
Student_0819,T1_Fall,Program_C_C01,3,C,1,0
Student_0820,T1_Fall,Program_D_C01,3,C,1,0
Student_0820,T1_Fall,Program_D_C02,3,F,0,0
Student_0820,T1_Fall,Program_D_C03,3,C,1,0
Student_0820,T1_Fall,Program_D_C06,3,D,1,0
Student_0820,T2_Spring,Program_D_C07,3,C,1,0
Student_0820,T2_Spring,Program_D_C10,3,C,1,0
Student_0820,T2_Spring,Program_D_C11,3,C,1,0
Student_0820,T2_Spring,Program_D_C14,3,F,0,0
Student_0820,T3_Fall,Program_D_C14,3,C,1,0
Student_0820,T3_Fall,Program_D_C15,3,D,1,0
Student_0821,T1_Fall,Program_A_C01,3,C,1,0
Student_0821,T1_Fall,Program_A_C02,3,F,0,0
Student_0821,T2_Spring,Program_A_C02,3,F,0,0
Student_0821,T1_Fall,Program_A_C03,3,B,1,0
Student_0821,T1_Fall,Program_A_C06,3,C,1,0
Student_0821,T2_Spring,Program_A_C07,3,C,1,0
Student_0821,T2_Spring,Program_A_C10,3,W,0,1
Student_0821,T3_Fall,Program_A_C10,3,C,1,0
Student_0821,T2_Spring,Program_A_C11,3,F,0,0
Student_0821,T3_Fall,Program_A_C11,3,C,1,0
Student_0821,T2_Spring,Program_A_C14,3,F,0,0
Student_0821,T3_Fall,Program_A_C15,3,F,0,0
Student_0822,T1_Fall,Program_A_C01,3,C,1,0
Student_0822,T1_Fall,Program_A_C02,3,C,1,0
Student_0822,T1_Fall,Program_A_C03,3,W,0,1
Student_0822,T2_Spring,Program_A_C03,3,C,1,0
Student_0822,T1_Fall,Program_A_C04,4,C,1,0
Student_0822,T2_Spring,Program_A_C05,3,F,0,0
Student_0822,T2_Spring,Program_A_C06,3,W,0,1
Student_0822,T2_Spring,Program_A_C07,3,D,1,0
Student_0822,T2_Spring,Program_A_C08,4,F,0,0
Student_0822,T3_Fall,Program_A_C11,3,C,1,0
Student_0822,T3_Fall,Program_A_C15,3,C,1,0
Student_0823,T1_Fall,Program_B_C01,3,F,0,0
Student_0823,T2_Spring,Program_B_C01,3,C,1,0
Student_0823,T1_Fall,Program_B_C02,3,C,1,0
Student_0823,T1_Fall,Program_B_C03,3,F,0,0
Student_0823,T2_Spring,Program_B_C03,3,C,1,0
Student_0823,T1_Fall,Program_B_C04,4,F,0,0
Student_0823,T2_Spring,Program_B_C04,4,C,1,0
Student_0823,T2_Spring,Program_B_C05,3,F,0,0
Student_0823,T3_Fall,Program_B_C05,3,F,0,0
Student_0823,T2_Spring,Program_B_C06,3,D,1,0
Student_0824,T1_Fall,Program_B_C01,3,B,1,0
Student_0824,T1_Fall,Program_B_C02,3,B,1,0
Student_0824,T1_Fall,Program_B_C03,3,C,1,0
Student_0824,T1_Fall,Program_B_C04,4,C,1,0
Student_0824,T2_Spring,Program_B_C05,3,F,0,0
Student_0824,T2_Spring,Program_B_C06,3,F,0,0
Student_0824,T2_Spring,Program_B_C07,3,B,1,0
Student_0824,T2_Spring,Program_B_C08,4,B,1,0
Student_0824,T3_Fall,Program_B_C11,3,W,0,1
Student_0824,T3_Fall,Program_B_C12,4,C,1,0
Student_0824,T3_Fall,Program_B_C16,3,D,1,0
Student_0825,T1_Fall,Program_B_C01,3,F,0,0
Student_0825,T2_Spring,Program_B_C01,3,C,1,0
Student_0825,T1_Fall,Program_B_C02,3,F,0,0
Student_0825,T1_Fall,Program_B_C03,3,F,0,0
Student_0825,T2_Spring,Program_B_C03,3,F,0,0
Student_0826,T1_Fall,Program_A_C01,3,B,1,0
Student_0826,T1_Fall,Program_A_C02,3,B,1,0
Student_0826,T1_Fall,Program_A_C03,3,B,1,0
Student_0826,T1_Fall,Program_A_C04,4,B,1,0
Student_0826,T2_Spring,Program_A_C05,3,B,1,0
Student_0827,T1_Fall,Program_D_C01,3,B,1,0
Student_0827,T1_Fall,Program_D_C02,3,B,1,0
Student_0827,T1_Fall,Program_D_C03,3,B,1,0
Student_0828,T1_Fall,Program_A_C01,3,A,1,0
Student_0828,T1_Fall,Program_A_C02,3,B,1,0
Student_0828,T1_Fall,Program_A_C03,3,B,1,0
Student_0828,T1_Fall,Program_A_C04,4,F,0,0
Student_0828,T2_Spring,Program_A_C05,3,B,1,0
Student_0828,T2_Spring,Program_A_C06,3,B,1,0
Student_0828,T2_Spring,Program_A_C07,3,B,1,0
Student_0828,T2_Spring,Program_A_C09,3,B,1,0
Student_0828,T3_Fall,Program_A_C10,3,B,1,0
Student_0828,T3_Fall,Program_A_C11,3,B,1,0
Student_0828,T3_Fall,Program_A_C13,3,B,1,0
Student_0828,T3_Fall,Program_A_C14,3,B,1,0
Student_0829,T1_Fall,Program_C_C01,3,B,1,0
Student_0829,T1_Fall,Program_C_C02,3,B,1,0
Student_0829,T1_Fall,Program_C_C03,3,F,0,0
Student_0829,T1_Fall,Program_C_C04,4,C,1,0
Student_0829,T2_Spring,Program_C_C05,3,B,1,0
Student_0829,T2_Spring,Program_C_C08,4,B,1,0
Student_0829,T2_Spring,Program_C_C09,3,B,1,0
Student_0830,T1_Fall,Program_C_C01,3,F,0,0
Student_0830,T1_Fall,Program_C_C02,3,F,0,0
Student_0831,T1_Fall,Program_B_C01,3,F,0,0
Student_0831,T2_Spring,Program_B_C01,3,C,1,0
Student_0831,T1_Fall,Program_B_C02,3,B,1,0
Student_0831,T1_Fall,Program_B_C03,3,B,1,0
Student_0831,T1_Fall,Program_B_C04,4,C,1,0
Student_0831,T2_Spring,Program_B_C05,3,B,1,0
Student_0832,T1_Fall,Program_C_C01,3,B,1,0
Student_0832,T1_Fall,Program_C_C02,3,C,1,0
Student_0832,T1_Fall,Program_C_C03,3,W,0,1
Student_0832,T1_Fall,Program_C_C04,4,B,1,0
Student_0832,T2_Spring,Program_C_C05,3,B,1,0
Student_0833,T1_Fall,Program_B_C01,3,B,1,0
Student_0833,T1_Fall,Program_B_C02,3,C,1,0
Student_0833,T1_Fall,Program_B_C03,3,C,1,0
Student_0833,T1_Fall,Program_B_C04,4,F,0,0
Student_0833,T2_Spring,Program_B_C04,4,C,1,0
Student_0833,T2_Spring,Program_B_C05,3,B,1,0
Student_0833,T2_Spring,Program_B_C06,3,F,0,0
Student_0833,T2_Spring,Program_B_C07,3,C,1,0
Student_0833,T2_Spring,Program_B_C08,4,B,1,0
Student_0833,T3_Fall,Program_B_C09,3,B,1,0
Student_0833,T3_Fall,Program_B_C11,3,B,1,0
Student_0833,T3_Fall,Program_B_C12,4,C,1,0
Student_0833,T3_Fall,Program_B_C13,3,C,1,0
Student_0833,T4_Spring,Program_B_C15,3,C,1,0
Student_0834,T1_Fall,Program_B_C01,3,F,0,0
Student_0834,T1_Fall,Program_B_C02,3,F,0,0
Student_0834,T2_Spring,Program_B_C02,3,C,1,0
Student_0834,T1_Fall,Program_B_C04,4,C,1,0
Student_0834,T1_Fall,Program_B_C05,3,W,0,1
Student_0834,T2_Spring,Program_B_C05,3,C,1,0
Student_0835,T1_Fall,Program_D_C01,3,B,1,0
Student_0835,T1_Fall,Program_D_C02,3,B,1,0
Student_0835,T1_Fall,Program_D_C03,3,B,1,0
Student_0835,T1_Fall,Program_D_C04,4,B,1,0
Student_0835,T2_Spring,Program_D_C05,3,B,1,0
Student_0835,T2_Spring,Program_D_C06,3,W,0,1
Student_0835,T3_Fall,Program_D_C06,3,C,1,0
Student_0835,T2_Spring,Program_D_C07,3,F,0,0
Student_0835,T3_Fall,Program_D_C07,3,C,1,0
Student_0835,T2_Spring,Program_D_C08,4,F,0,0
Student_0835,T3_Fall,Program_D_C08,4,C,1,0
Student_0836,T1_Fall,Program_C_C01,3,C,1,0
Student_0836,T1_Fall,Program_C_C02,3,F,0,0
Student_0836,T1_Fall,Program_C_C03,3,F,0,0
Student_0836,T2_Spring,Program_C_C03,3,C,1,0
Student_0836,T1_Fall,Program_C_C06,3,C,1,0
Student_0836,T2_Spring,Program_C_C07,3,W,0,1
Student_0836,T2_Spring,Program_C_C10,3,W,0,1
Student_0836,T3_Fall,Program_C_C10,3,F,0,0
Student_0837,T1_Fall,Program_C_C01,3,F,0,0
Student_0837,T2_Spring,Program_C_C01,3,C,1,0
Student_0837,T1_Fall,Program_C_C02,3,B,1,0
Student_0837,T1_Fall,Program_C_C03,3,B,1,0
Student_0837,T1_Fall,Program_C_C04,4,B,1,0
Student_0837,T2_Spring,Program_C_C05,3,F,0,0
Student_0837,T3_Fall,Program_C_C05,3,C,1,0
Student_0837,T2_Spring,Program_C_C06,3,B,1,0
Student_0837,T2_Spring,Program_C_C07,3,B,1,0
Student_0837,T2_Spring,Program_C_C08,4,B,1,0
Student_0837,T3_Fall,Program_C_C09,3,B,1,0
Student_0837,T3_Fall,Program_C_C10,3,B,1,0
Student_0837,T3_Fall,Program_C_C11,3,B,1,0
Student_0837,T3_Fall,Program_C_C12,4,C,1,0
Student_0838,T1_Fall,Program_C_C01,3,B,1,0
Student_0838,T1_Fall,Program_C_C02,3,B,1,0
Student_0838,T1_Fall,Program_C_C03,3,C,1,0
Student_0838,T1_Fall,Program_C_C04,4,B,1,0
Student_0839,T1_Fall,Program_A_C01,3,B,1,0
Student_0839,T1_Fall,Program_A_C02,3,B,1,0
Student_0839,T1_Fall,Program_A_C03,3,B,1,0
Student_0840,T1_Fall,Program_A_C01,3,B,1,0
Student_0840,T1_Fall,Program_A_C02,3,B,1,0
Student_0840,T1_Fall,Program_A_C03,3,A,1,0
Student_0840,T1_Fall,Program_A_C04,4,A,1,0
Student_0840,T2_Spring,Program_A_C05,3,B,1,0
Student_0840,T2_Spring,Program_A_C06,3,A,1,0
Student_0840,T2_Spring,Program_A_C07,3,A,1,0
Student_0840,T2_Spring,Program_A_C08,4,B,1,0
Student_0841,T1_Fall,Program_B_C01,3,B,1,0
Student_0841,T1_Fall,Program_B_C02,3,B,1,0
Student_0841,T1_Fall,Program_B_C03,3,A,1,0
Student_0842,T1_Fall,Program_D_C01,3,B,1,0
Student_0842,T1_Fall,Program_D_C02,3,B,1,0
Student_0842,T1_Fall,Program_D_C03,3,B,1,0
Student_0843,T1_Fall,Program_C_C01,3,B,1,0
Student_0843,T1_Fall,Program_C_C02,3,C,1,0
Student_0843,T1_Fall,Program_C_C03,3,B,1,0
Student_0843,T1_Fall,Program_C_C04,4,B,1,0
Student_0843,T2_Spring,Program_C_C05,3,B,1,0
Student_0843,T2_Spring,Program_C_C06,3,B,1,0
Student_0843,T2_Spring,Program_C_C07,3,B,1,0
Student_0844,T1_Fall,Program_A_C01,3,F,0,0
Student_0844,T1_Fall,Program_A_C02,3,F,0,0
Student_0844,T2_Spring,Program_A_C02,3,C,1,0
Student_0844,T1_Fall,Program_A_C04,4,C,1,0
Student_0844,T1_Fall,Program_A_C05,3,W,0,1
Student_0844,T2_Spring,Program_A_C05,3,C,1,0
Student_0844,T2_Spring,Program_A_C08,4,F,0,0
Student_0844,T2_Spring,Program_A_C09,3,C,1,0
Student_0844,T2_Spring,Program_A_C13,3,F,0,0
Student_0844,T3_Fall,Program_A_C13,3,F,0,0
Student_0845,T1_Fall,Program_C_C01,3,D,1,0
Student_0845,T1_Fall,Program_C_C02,3,F,0,0
Student_0845,T1_Fall,Program_C_C03,3,F,0,0
Student_0846,T1_Fall,Program_B_C01,3,B,1,0
Student_0846,T1_Fall,Program_B_C02,3,B,1,0
Student_0847,T1_Fall,Program_D_C01,3,F,0,0
Student_0847,T1_Fall,Program_D_C02,3,W,0,1
Student_0847,T2_Spring,Program_D_C02,3,C,1,0
Student_0847,T1_Fall,Program_D_C04,4,W,0,1
Student_0847,T1_Fall,Program_D_C05,3,C,1,0
Student_0847,T2_Spring,Program_D_C09,3,F,0,0
Student_0847,T3_Fall,Program_D_C09,3,F,0,0
Student_0848,T1_Fall,Program_B_C01,3,F,0,0
Student_0848,T1_Fall,Program_B_C02,3,C,1,0
Student_0848,T1_Fall,Program_B_C04,4,F,0,0
Student_0848,T2_Spring,Program_B_C04,4,C,1,0
Student_0849,T1_Fall,Program_A_C01,3,B,1,0
Student_0849,T1_Fall,Program_A_C02,3,D,1,0
Student_0849,T1_Fall,Program_A_C03,3,B,1,0
Student_0849,T1_Fall,Program_A_C04,4,B,1,0
Student_0849,T2_Spring,Program_A_C05,3,F,0,0
Student_0849,T3_Fall,Program_A_C05,3,F,0,0
Student_0849,T2_Spring,Program_A_C06,3,W,0,1
Student_0849,T3_Fall,Program_A_C06,3,C,1,0
Student_0849,T2_Spring,Program_A_C07,3,F,0,0
Student_0849,T3_Fall,Program_A_C07,3,F,0,0
Student_0849,T2_Spring,Program_A_C08,4,W,0,1
Student_0849,T3_Fall,Program_A_C10,3,F,0,0
Student_0849,T4_Spring,Program_A_C10,3,C,1,0
Student_0850,T1_Fall,Program_A_C01,3,C,1,0
Student_0850,T1_Fall,Program_A_C02,3,D,1,0
Student_0850,T1_Fall,Program_A_C03,3,C,1,0
Student_0850,T1_Fall,Program_A_C04,4,F,0,0
Student_0850,T2_Spring,Program_A_C04,4,C,1,0
Student_0850,T2_Spring,Program_A_C05,3,C,1,0
Student_0850,T2_Spring,Program_A_C06,3,C,1,0
Student_0850,T2_Spring,Program_A_C07,3,B,1,0
Student_0850,T2_Spring,Program_A_C08,4,C,1,0
Student_0851,T1_Fall,Program_D_C01,3,W,0,1
Student_0851,T2_Spring,Program_D_C01,3,C,1,0
Student_0851,T1_Fall,Program_D_C02,3,C,1,0
Student_0851,T1_Fall,Program_D_C03,3,W,0,1
Student_0851,T2_Spring,Program_D_C03,3,C,1,0
Student_0851,T1_Fall,Program_D_C04,4,C,1,0
Student_0851,T2_Spring,Program_D_C05,3,F,0,0
Student_0851,T3_Fall,Program_D_C05,3,C,1,0
Student_0852,T1_Fall,Program_A_C01,3,B,1,0
Student_0852,T1_Fall,Program_A_C02,3,B,1,0
Student_0852,T1_Fall,Program_A_C03,3,C,1,0
Student_0852,T1_Fall,Program_A_C04,4,F,0,0
Student_0852,T2_Spring,Program_A_C04,4,C,1,0
Student_0852,T2_Spring,Program_A_C05,3,B,1,0
Student_0852,T2_Spring,Program_A_C06,3,B,1,0
Student_0852,T2_Spring,Program_A_C07,3,C,1,0
Student_0852,T2_Spring,Program_A_C08,4,B,1,0
Student_0852,T3_Fall,Program_A_C09,3,F,0,0
Student_0852,T3_Fall,Program_A_C10,3,B,1,0
Student_0852,T3_Fall,Program_A_C11,3,W,0,1
Student_0852,T4_Spring,Program_A_C11,3,C,1,0
Student_0852,T3_Fall,Program_A_C12,4,C,1,0
Student_0853,T1_Fall,Program_B_C01,3,C,1,0
Student_0853,T1_Fall,Program_B_C02,3,A,1,0
Student_0853,T1_Fall,Program_B_C03,3,B,1,0
Student_0854,T1_Fall,Program_C_C01,3,F,0,0
Student_0854,T1_Fall,Program_C_C02,3,F,0,0
Student_0854,T2_Spring,Program_C_C02,3,F,0,0
Student_0855,T1_Fall,Program_B_C01,3,B,1,0
Student_0855,T1_Fall,Program_B_C02,3,B,1,0
Student_0855,T1_Fall,Program_B_C03,3,C,1,0
Student_0856,T1_Fall,Program_B_C01,3,C,1,0
Student_0856,T1_Fall,Program_B_C02,3,B,1,0
Student_0856,T1_Fall,Program_B_C03,3,A,1,0
Student_0856,T1_Fall,Program_B_C04,4,B,1,0
Student_0857,T1_Fall,Program_D_C01,3,F,0,0
Student_0857,T1_Fall,Program_D_C02,3,F,0,0
Student_0858,T1_Fall,Program_B_C01,3,F,0,0
Student_0858,T2_Spring,Program_B_C01,3,C,1,0
Student_0859,T1_Fall,Program_A_C01,3,F,0,0
Student_0859,T1_Fall,Program_A_C02,3,C,1,0
Student_0859,T1_Fall,Program_A_C04,4,B,1,0
Student_0859,T1_Fall,Program_A_C05,3,C,1,0
Student_0860,T1_Fall,Program_A_C01,3,W,0,1
Student_0860,T1_Fall,Program_A_C02,3,B,1,0
Student_0860,T1_Fall,Program_A_C04,4,B,1,0
Student_0860,T1_Fall,Program_A_C05,3,W,0,1
Student_0860,T2_Spring,Program_A_C08,4,B,1,0
Student_0860,T2_Spring,Program_A_C12,4,C,1,0
Student_0860,T2_Spring,Program_A_C16,3,B,1,0
Student_0861,T1_Fall,Program_A_C01,3,F,0,0
Student_0861,T1_Fall,Program_A_C02,3,W,0,1
Student_0861,T2_Spring,Program_A_C02,3,C,1,0
Student_0861,T1_Fall,Program_A_C04,4,B,1,0
Student_0861,T1_Fall,Program_A_C05,3,B,1,0
Student_0861,T2_Spring,Program_A_C08,4,B,1,0
Student_0861,T2_Spring,Program_A_C09,3,A,1,0
Student_0862,T1_Fall,Program_C_C01,3,B,1,0
Student_0862,T1_Fall,Program_C_C02,3,C,1,0
Student_0862,T1_Fall,Program_C_C03,3,B,1,0
Student_0862,T1_Fall,Program_C_C04,4,C,1,0
Student_0862,T2_Spring,Program_C_C05,3,C,1,0
Student_0862,T2_Spring,Program_C_C06,3,C,1,0
Student_0862,T2_Spring,Program_C_C07,3,C,1,0
Student_0862,T2_Spring,Program_C_C08,4,F,0,0
Student_0862,T3_Fall,Program_C_C08,4,C,1,0
Student_0862,T3_Fall,Program_C_C09,3,C,1,0
Student_0862,T3_Fall,Program_C_C10,3,C,1,0
Student_0862,T3_Fall,Program_C_C11,3,B,1,0
Student_0862,T3_Fall,Program_C_C12,4,C,1,0
Student_0863,T1_Fall,Program_A_C01,3,D,1,0
Student_0863,T1_Fall,Program_A_C02,3,C,1,0
Student_0863,T1_Fall,Program_A_C03,3,F,0,0
Student_0863,T2_Spring,Program_A_C03,3,F,0,0
Student_0863,T1_Fall,Program_A_C04,4,F,0,0
Student_0863,T2_Spring,Program_A_C05,3,F,0,0
Student_0864,T1_Fall,Program_D_C01,3,A,1,0
Student_0865,T1_Fall,Program_C_C01,3,F,0,0
Student_0865,T2_Spring,Program_C_C01,3,C,1,0
Student_0865,T1_Fall,Program_C_C02,3,F,0,0
Student_0865,T1_Fall,Program_C_C03,3,C,1,0
Student_0865,T1_Fall,Program_C_C06,3,F,0,0
Student_0865,T2_Spring,Program_C_C06,3,C,1,0
Student_0865,T2_Spring,Program_C_C07,3,B,1,0
Student_0865,T2_Spring,Program_C_C10,3,D,1,0
Student_0866,T1_Fall,Program_C_C01,3,C,1,0
Student_0866,T1_Fall,Program_C_C02,3,C,1,0
Student_0866,T1_Fall,Program_C_C03,3,F,0,0
Student_0866,T2_Spring,Program_C_C03,3,F,0,0
Student_0866,T1_Fall,Program_C_C04,4,W,0,1
Student_0866,T2_Spring,Program_C_C04,4,F,0,0
Student_0866,T2_Spring,Program_C_C05,3,W,0,1
Student_0867,T1_Fall,Program_D_C01,3,F,0,0
Student_0867,T1_Fall,Program_D_C02,3,B,1,0
Student_0867,T1_Fall,Program_D_C04,4,C,1,0
Student_0867,T1_Fall,Program_D_C05,3,W,0,1
Student_0867,T2_Spring,Program_D_C08,4,C,1,0
Student_0867,T2_Spring,Program_D_C12,4,C,1,0
Student_0867,T2_Spring,Program_D_C16,3,F,0,0
Student_0867,T3_Fall,Program_D_C16,3,C,1,0
Student_0868,T1_Fall,Program_B_C01,3,A,1,0
Student_0868,T1_Fall,Program_B_C02,3,B,1,0
Student_0869,T1_Fall,Program_B_C01,3,B,1,0
Student_0869,T1_Fall,Program_B_C02,3,C,1,0
Student_0869,T1_Fall,Program_B_C03,3,C,1,0
Student_0869,T1_Fall,Program_B_C04,4,C,1,0
Student_0869,T2_Spring,Program_B_C05,3,W,0,1
Student_0869,T2_Spring,Program_B_C06,3,C,1,0
Student_0870,T1_Fall,Program_D_C01,3,W,0,1
Student_0870,T2_Spring,Program_D_C01,3,F,0,0
Student_0870,T1_Fall,Program_D_C02,3,F,0,0
Student_0870,T2_Spring,Program_D_C02,3,F,0,0
Student_0871,T1_Fall,Program_B_C01,3,C,1,0
Student_0871,T1_Fall,Program_B_C02,3,C,1,0
Student_0871,T1_Fall,Program_B_C03,3,F,0,0
Student_0871,T1_Fall,Program_B_C04,4,F,0,0
Student_0871,T2_Spring,Program_B_C04,4,F,0,0
Student_0871,T2_Spring,Program_B_C05,3,W,0,1
Student_0872,T1_Fall,Program_B_C01,3,D,1,0
Student_0873,T1_Fall,Program_B_C01,3,C,1,0
Student_0873,T1_Fall,Program_B_C02,3,C,1,0
Student_0873,T1_Fall,Program_B_C03,3,W,0,1
Student_0873,T2_Spring,Program_B_C03,3,C,1,0
Student_0873,T1_Fall,Program_B_C04,4,C,1,0
Student_0873,T2_Spring,Program_B_C05,3,F,0,0
Student_0873,T2_Spring,Program_B_C06,3,C,1,0
Student_0873,T2_Spring,Program_B_C07,3,B,1,0
Student_0873,T2_Spring,Program_B_C08,4,C,1,0
Student_0873,T3_Fall,Program_B_C10,3,D,1,0
Student_0873,T3_Fall,Program_B_C11,3,B,1,0
Student_0874,T1_Fall,Program_D_C01,3,F,0,0
Student_0874,T2_Spring,Program_D_C01,3,C,1,0
Student_0875,T1_Fall,Program_A_C01,3,F,0,0
Student_0875,T1_Fall,Program_A_C02,3,B,1,0
Student_0875,T1_Fall,Program_A_C04,4,C,1,0
Student_0875,T1_Fall,Program_A_C05,3,B,1,0
Student_0875,T2_Spring,Program_A_C08,4,B,1,0
Student_0875,T2_Spring,Program_A_C09,3,B,1,0
Student_0875,T2_Spring,Program_A_C12,4,B,1,0
Student_0875,T2_Spring,Program_A_C13,3,B,1,0
Student_0875,T3_Fall,Program_A_C16,3,C,1,0
Student_0876,T1_Fall,Program_D_C01,3,C,1,0
Student_0876,T1_Fall,Program_D_C02,3,B,1,0
Student_0876,T1_Fall,Program_D_C03,3,C,1,0
Student_0876,T1_Fall,Program_D_C04,4,B,1,0
Student_0876,T2_Spring,Program_D_C05,3,F,0,0
Student_0876,T3_Fall,Program_D_C05,3,F,0,0
Student_0876,T2_Spring,Program_D_C06,3,C,1,0
Student_0876,T2_Spring,Program_D_C07,3,W,0,1
Student_0876,T2_Spring,Program_D_C08,4,B,1,0
Student_0876,T3_Fall,Program_D_C10,3,C,1,0
Student_0876,T3_Fall,Program_D_C12,4,C,1,0
Student_0876,T3_Fall,Program_D_C14,3,C,1,0
Student_0876,T3_Fall,Program_D_C16,3,C,1,0
Student_0877,T1_Fall,Program_A_C01,3,F,0,0
Student_0877,T1_Fall,Program_A_C02,3,B,1,0
Student_0877,T1_Fall,Program_A_C04,4,W,0,1
Student_0877,T1_Fall,Program_A_C05,3,C,1,0
Student_0877,T2_Spring,Program_A_C09,3,C,1,0
Student_0877,T2_Spring,Program_A_C13,3,C,1,0
Student_0878,T1_Fall,Program_B_C01,3,C,1,0
Student_0878,T1_Fall,Program_B_C02,3,F,0,0
Student_0878,T1_Fall,Program_B_C03,3,F,0,0
Student_0878,T2_Spring,Program_B_C03,3,F,0,0
Student_0879,T1_Fall,Program_B_C01,3,W,0,1
Student_0879,T1_Fall,Program_B_C02,3,B,1,0
Student_0879,T1_Fall,Program_B_C04,4,W,0,1
Student_0879,T1_Fall,Program_B_C05,3,C,1,0
Student_0879,T2_Spring,Program_B_C09,3,W,0,1
Student_0879,T3_Fall,Program_B_C09,3,C,1,0
Student_0879,T2_Spring,Program_B_C13,3,W,0,1
Student_0880,T1_Fall,Program_D_C01,3,W,0,1
Student_0880,T1_Fall,Program_D_C02,3,F,0,0
Student_0880,T2_Spring,Program_D_C02,3,C,1,0
Student_0880,T1_Fall,Program_D_C04,4,B,1,0
Student_0880,T1_Fall,Program_D_C05,3,C,1,0
Student_0880,T2_Spring,Program_D_C08,4,F,0,0
Student_0880,T2_Spring,Program_D_C09,3,C,1,0
Student_0880,T2_Spring,Program_D_C13,3,F,0,0
Student_0881,T1_Fall,Program_C_C01,3,C,1,0
Student_0881,T1_Fall,Program_C_C02,3,F,0,0
Student_0881,T2_Spring,Program_C_C02,3,C,1,0
Student_0881,T1_Fall,Program_C_C03,3,C,1,0
Student_0881,T1_Fall,Program_C_C04,4,F,0,0
Student_0881,T2_Spring,Program_C_C05,3,C,1,0
Student_0881,T2_Spring,Program_C_C06,3,C,1,0
Student_0881,T2_Spring,Program_C_C07,3,F,0,0
Student_0881,T3_Fall,Program_C_C07,3,C,1,0
Student_0882,T1_Fall,Program_C_C01,3,W,0,1
Student_0882,T2_Spring,Program_C_C01,3,C,1,0
Student_0883,T1_Fall,Program_B_C01,3,B,1,0
Student_0883,T1_Fall,Program_B_C02,3,B,1,0
Student_0883,T1_Fall,Program_B_C03,3,F,0,0
Student_0883,T2_Spring,Program_B_C03,3,C,1,0
Student_0884,T1_Fall,Program_A_C01,3,B,1,0
Student_0884,T1_Fall,Program_A_C02,3,C,1,0
Student_0884,T1_Fall,Program_A_C03,3,B,1,0
Student_0884,T1_Fall,Program_A_C04,4,B,1,0
Student_0884,T2_Spring,Program_A_C05,3,C,1,0
Student_0885,T1_Fall,Program_C_C01,3,B,1,0
Student_0885,T1_Fall,Program_C_C02,3,B,1,0
Student_0886,T1_Fall,Program_A_C01,3,C,1,0
Student_0886,T1_Fall,Program_A_C02,3,B,1,0
Student_0886,T1_Fall,Program_A_C03,3,B,1,0
Student_0886,T1_Fall,Program_A_C04,4,C,1,0
Student_0886,T2_Spring,Program_A_C05,3,F,0,0
Student_0886,T2_Spring,Program_A_C06,3,B,1,0
Student_0886,T2_Spring,Program_A_C07,3,C,1,0
Student_0886,T2_Spring,Program_A_C08,4,F,0,0
Student_0886,T3_Fall,Program_A_C10,3,F,0,0
Student_0886,T4_Spring,Program_A_C10,3,C,1,0
Student_0886,T3_Fall,Program_A_C11,3,C,1,0
Student_0887,T1_Fall,Program_C_C01,3,B,1,0
Student_0887,T1_Fall,Program_C_C02,3,W,0,1
Student_0887,T2_Spring,Program_C_C02,3,C,1,0
Student_0887,T1_Fall,Program_C_C03,3,B,1,0
Student_0887,T1_Fall,Program_C_C04,4,B,1,0
Student_0887,T2_Spring,Program_C_C05,3,B,1,0
Student_0887,T2_Spring,Program_C_C06,3,F,0,0
Student_0887,T3_Fall,Program_C_C06,3,C,1,0
Student_0887,T2_Spring,Program_C_C07,3,B,1,0
Student_0887,T2_Spring,Program_C_C08,4,B,1,0
Student_0887,T3_Fall,Program_C_C09,3,B,1,0
Student_0887,T3_Fall,Program_C_C10,3,F,0,0
Student_0887,T4_Spring,Program_C_C10,3,C,1,0
Student_0887,T3_Fall,Program_C_C11,3,C,1,0
Student_0888,T1_Fall,Program_B_C01,3,C,1,0
Student_0888,T1_Fall,Program_B_C02,3,F,0,0
Student_0888,T1_Fall,Program_B_C03,3,C,1,0
Student_0888,T1_Fall,Program_B_C06,3,C,1,0
Student_0888,T2_Spring,Program_B_C07,3,C,1,0
Student_0888,T2_Spring,Program_B_C10,3,C,1,0
Student_0888,T2_Spring,Program_B_C11,3,C,1,0
Student_0889,T1_Fall,Program_A_C01,3,B,1,0
Student_0889,T1_Fall,Program_A_C02,3,B,1,0
Student_0890,T1_Fall,Program_A_C01,3,A,1,0
Student_0890,T1_Fall,Program_A_C02,3,B,1,0
Student_0890,T1_Fall,Program_A_C03,3,B,1,0
Student_0890,T1_Fall,Program_A_C04,4,B,1,0
Student_0890,T2_Spring,Program_A_C05,3,B,1,0
Student_0890,T2_Spring,Program_A_C06,3,B,1,0
Student_0890,T2_Spring,Program_A_C07,3,B,1,0
Student_0890,T2_Spring,Program_A_C08,4,B,1,0
Student_0890,T3_Fall,Program_A_C09,3,B,1,0
Student_0891,T1_Fall,Program_D_C01,3,C,1,0
Student_0891,T1_Fall,Program_D_C02,3,B,1,0
Student_0891,T1_Fall,Program_D_C03,3,B,1,0
Student_0891,T1_Fall,Program_D_C04,4,F,0,0
Student_0891,T2_Spring,Program_D_C04,4,C,1,0
Student_0891,T2_Spring,Program_D_C05,3,C,1,0
Student_0891,T2_Spring,Program_D_C06,3,W,0,1
Student_0891,T2_Spring,Program_D_C07,3,F,0,0
Student_0891,T3_Fall,Program_D_C07,3,C,1,0
Student_0891,T2_Spring,Program_D_C08,4,F,0,0
Student_0891,T3_Fall,Program_D_C09,3,C,1,0
Student_0891,T3_Fall,Program_D_C11,3,W,0,1
Student_0891,T4_Spring,Program_D_C11,3,C,1,0
Student_0891,T3_Fall,Program_D_C13,3,F,0,0
Student_0891,T4_Spring,Program_D_C13,3,C,1,0
Student_0892,T1_Fall,Program_C_C01,3,C,1,0
Student_0892,T1_Fall,Program_C_C02,3,B,1,0
Student_0892,T1_Fall,Program_C_C03,3,B,1,0
Student_0892,T1_Fall,Program_C_C04,4,B,1,0
Student_0892,T2_Spring,Program_C_C05,3,B,1,0
Student_0892,T2_Spring,Program_C_C06,3,B,1,0
Student_0892,T2_Spring,Program_C_C07,3,B,1,0
Student_0892,T2_Spring,Program_C_C08,4,C,1,0
Student_0892,T3_Fall,Program_C_C09,3,C,1,0
Student_0892,T3_Fall,Program_C_C10,3,B,1,0
Student_0892,T3_Fall,Program_C_C11,3,C,1,0
Student_0893,T1_Fall,Program_A_C01,3,D,1,0
Student_0893,T1_Fall,Program_A_C02,3,B,1,0
Student_0893,T1_Fall,Program_A_C03,3,C,1,0
Student_0893,T1_Fall,Program_A_C04,4,F,0,0
Student_0893,T2_Spring,Program_A_C05,3,C,1,0
Student_0893,T2_Spring,Program_A_C06,3,W,0,1
Student_0893,T2_Spring,Program_A_C07,3,B,1,0
Student_0893,T2_Spring,Program_A_C09,3,D,1,0
Student_0893,T3_Fall,Program_A_C11,3,C,1,0
Student_0893,T3_Fall,Program_A_C13,3,C,1,0
Student_0893,T3_Fall,Program_A_C15,3,D,1,0
Student_0894,T1_Fall,Program_B_C01,3,B,1,0
Student_0894,T1_Fall,Program_B_C02,3,B,1,0
Student_0894,T1_Fall,Program_B_C03,3,B,1,0
Student_0895,T1_Fall,Program_B_C01,3,C,1,0
Student_0895,T1_Fall,Program_B_C02,3,B,1,0
Student_0895,T1_Fall,Program_B_C03,3,B,1,0
Student_0895,T1_Fall,Program_B_C04,4,B,1,0
Student_0895,T2_Spring,Program_B_C05,3,W,0,1
Student_0895,T2_Spring,Program_B_C06,3,C,1,0
Student_0895,T2_Spring,Program_B_C07,3,B,1,0
Student_0895,T2_Spring,Program_B_C08,4,B,1,0
Student_0895,T3_Fall,Program_B_C10,3,W,0,1
Student_0895,T3_Fall,Program_B_C11,3,B,1,0
Student_0895,T3_Fall,Program_B_C12,4,B,1,0
Student_0895,T3_Fall,Program_B_C15,3,B,1,0
Student_0896,T1_Fall,Program_A_C01,3,B,1,0
Student_0896,T1_Fall,Program_A_C02,3,A,1,0
Student_0896,T1_Fall,Program_A_C03,3,A,1,0
Student_0897,T1_Fall,Program_B_C01,3,W,0,1
Student_0897,T2_Spring,Program_B_C01,3,C,1,0
Student_0897,T1_Fall,Program_B_C02,3,C,1,0
Student_0897,T1_Fall,Program_B_C03,3,C,1,0
Student_0897,T1_Fall,Program_B_C04,4,F,0,0
Student_0897,T2_Spring,Program_B_C05,3,C,1,0
Student_0898,T1_Fall,Program_D_C01,3,F,0,0
Student_0898,T2_Spring,Program_D_C01,3,F,0,0
Student_0898,T1_Fall,Program_D_C02,3,F,0,0
Student_0899,T1_Fall,Program_A_C01,3,F,0,0
Student_0899,T2_Spring,Program_A_C01,3,C,1,0
Student_0899,T1_Fall,Program_A_C02,3,C,1,0
Student_0899,T1_Fall,Program_A_C03,3,C,1,0
Student_0899,T1_Fall,Program_A_C04,4,W,0,1
Student_0899,T2_Spring,Program_A_C05,3,F,0,0
Student_0899,T2_Spring,Program_A_C06,3,F,0,0
Student_0899,T2_Spring,Program_A_C07,3,C,1,0
Student_0899,T2_Spring,Program_A_C11,3,C,1,0
Student_0900,T1_Fall,Program_A_C01,3,C,1,0
Student_0901,T1_Fall,Program_B_C01,3,C,1,0
Student_0901,T1_Fall,Program_B_C02,3,B,1,0
Student_0901,T1_Fall,Program_B_C03,3,B,1,0
Student_0901,T1_Fall,Program_B_C04,4,C,1,0
Student_0901,T2_Spring,Program_B_C05,3,F,0,0
Student_0901,T2_Spring,Program_B_C06,3,B,1,0
Student_0901,T2_Spring,Program_B_C07,3,B,1,0
Student_0901,T2_Spring,Program_B_C08,4,C,1,0
Student_0901,T3_Fall,Program_B_C10,3,C,1,0
Student_0901,T3_Fall,Program_B_C11,3,B,1,0
Student_0902,T1_Fall,Program_C_C01,3,B,1,0
Student_0902,T1_Fall,Program_C_C02,3,C,1,0
Student_0902,T1_Fall,Program_C_C03,3,B,1,0
Student_0902,T1_Fall,Program_C_C04,4,B,1,0
Student_0902,T2_Spring,Program_C_C05,3,W,0,1
Student_0902,T2_Spring,Program_C_C06,3,B,1,0
Student_0902,T2_Spring,Program_C_C07,3,B,1,0
Student_0902,T2_Spring,Program_C_C08,4,F,0,0
Student_0902,T3_Fall,Program_C_C08,4,F,0,0
Student_0902,T3_Fall,Program_C_C10,3,C,1,0
Student_0902,T3_Fall,Program_C_C11,3,C,1,0
Student_0903,T1_Fall,Program_A_C01,3,F,0,0
Student_0903,T1_Fall,Program_A_C02,3,C,1,0
Student_0903,T1_Fall,Program_A_C04,4,A,1,0
Student_0903,T1_Fall,Program_A_C05,3,B,1,0
Student_0903,T2_Spring,Program_A_C08,4,A,1,0
Student_0903,T2_Spring,Program_A_C09,3,B,1,0
Student_0904,T1_Fall,Program_A_C01,3,F,0,0
Student_0904,T2_Spring,Program_A_C01,3,C,1,0
Student_0904,T1_Fall,Program_A_C02,3,F,0,0
Student_0904,T2_Spring,Program_A_C02,3,C,1,0
Student_0905,T1_Fall,Program_C_C01,3,C,1,0
Student_0905,T1_Fall,Program_C_C02,3,F,0,0
Student_0905,T1_Fall,Program_C_C03,3,B,1,0
Student_0905,T1_Fall,Program_C_C06,3,C,1,0
Student_0905,T2_Spring,Program_C_C07,3,C,1,0
Student_0905,T2_Spring,Program_C_C10,3,F,0,0
Student_0905,T3_Fall,Program_C_C10,3,F,0,0
Student_0905,T2_Spring,Program_C_C11,3,B,1,0
Student_0905,T2_Spring,Program_C_C15,3,F,0,0
Student_0906,T1_Fall,Program_C_C01,3,C,1,0
Student_0906,T1_Fall,Program_C_C02,3,F,0,0
Student_0906,T1_Fall,Program_C_C03,3,F,0,0
Student_0907,T1_Fall,Program_D_C01,3,C,1,0
Student_0907,T1_Fall,Program_D_C02,3,C,1,0
Student_0907,T1_Fall,Program_D_C03,3,C,1,0
Student_0907,T1_Fall,Program_D_C04,4,C,1,0
Student_0908,T1_Fall,Program_D_C01,3,B,1,0
Student_0909,T1_Fall,Program_D_C01,3,C,1,0
Student_0909,T1_Fall,Program_D_C02,3,F,0,0
Student_0909,T2_Spring,Program_D_C02,3,C,1,0
Student_0909,T1_Fall,Program_D_C03,3,F,0,0
Student_0909,T1_Fall,Program_D_C04,4,B,1,0
Student_0909,T2_Spring,Program_D_C05,3,F,0,0
Student_0909,T3_Fall,Program_D_C05,3,C,1,0
Student_0909,T2_Spring,Program_D_C08,4,C,1,0
Student_0909,T2_Spring,Program_D_C09,3,C,1,0
Student_0910,T1_Fall,Program_B_C01,3,C,1,0
Student_0910,T1_Fall,Program_B_C02,3,B,1,0
Student_0910,T1_Fall,Program_B_C03,3,F,0,0
Student_0910,T1_Fall,Program_B_C04,4,C,1,0
Student_0910,T2_Spring,Program_B_C05,3,W,0,1
Student_0910,T2_Spring,Program_B_C08,4,C,1,0
Student_0910,T2_Spring,Program_B_C12,4,C,1,0
Student_0910,T2_Spring,Program_B_C16,3,B,1,0
Student_0911,T1_Fall,Program_D_C01,3,C,1,0
Student_0911,T1_Fall,Program_D_C02,3,B,1,0
Student_0911,T1_Fall,Program_D_C03,3,C,1,0
Student_0912,T1_Fall,Program_C_C01,3,B,1,0
Student_0912,T1_Fall,Program_C_C02,3,A,1,0
Student_0912,T1_Fall,Program_C_C03,3,B,1,0
Student_0912,T1_Fall,Program_C_C04,4,B,1,0
Student_0912,T2_Spring,Program_C_C05,3,B,1,0
Student_0912,T2_Spring,Program_C_C06,3,C,1,0
Student_0912,T2_Spring,Program_C_C07,3,C,1,0
Student_0912,T2_Spring,Program_C_C08,4,B,1,0
Student_0912,T3_Fall,Program_C_C09,3,F,0,0
Student_0912,T4_Spring,Program_C_C09,3,C,1,0
Student_0913,T1_Fall,Program_D_C01,3,A,1,0
Student_0913,T1_Fall,Program_D_C02,3,A,1,0
Student_0913,T1_Fall,Program_D_C03,3,A,1,0
Student_0913,T1_Fall,Program_D_C04,4,A,1,0
Student_0913,T2_Spring,Program_D_C05,3,B,1,0
Student_0913,T2_Spring,Program_D_C06,3,A,1,0
Student_0913,T2_Spring,Program_D_C07,3,B,1,0
Student_0913,T2_Spring,Program_D_C08,4,A,1,0
Student_0913,T3_Fall,Program_D_C09,3,B,1,0
Student_0913,T3_Fall,Program_D_C10,3,B,1,0
Student_0914,T1_Fall,Program_A_C01,3,B,1,0
Student_0914,T1_Fall,Program_A_C02,3,W,0,1
Student_0914,T1_Fall,Program_A_C03,3,F,0,0
Student_0915,T1_Fall,Program_D_C01,3,F,0,0
Student_0915,T1_Fall,Program_D_C02,3,C,1,0
Student_0915,T1_Fall,Program_D_C04,4,F,0,0
Student_0915,T2_Spring,Program_D_C04,4,C,1,0
Student_0915,T1_Fall,Program_D_C05,3,B,1,0
Student_0915,T2_Spring,Program_D_C08,4,F,0,0
Student_0915,T3_Fall,Program_D_C08,4,C,1,0
Student_0915,T2_Spring,Program_D_C09,3,F,0,0
Student_0915,T3_Fall,Program_D_C09,3,C,1,0
Student_0915,T2_Spring,Program_D_C12,4,C,1,0
Student_0916,T1_Fall,Program_B_C01,3,B,1,0
Student_0916,T1_Fall,Program_B_C02,3,B,1,0
Student_0916,T1_Fall,Program_B_C03,3,W,0,1
Student_0916,T2_Spring,Program_B_C03,3,F,0,0
Student_0916,T1_Fall,Program_B_C04,4,F,0,0
Student_0916,T2_Spring,Program_B_C04,4,C,1,0
Student_0916,T2_Spring,Program_B_C05,3,C,1,0
Student_0916,T2_Spring,Program_B_C08,4,W,0,1
Student_0916,T2_Spring,Program_B_C09,3,B,1,0
Student_0917,T1_Fall,Program_B_C01,3,B,1,0
Student_0917,T1_Fall,Program_B_C02,3,A,1,0
Student_0917,T1_Fall,Program_B_C03,3,C,1,0
Student_0917,T1_Fall,Program_B_C04,4,B,1,0
Student_0917,T2_Spring,Program_B_C05,3,B,1,0
Student_0917,T2_Spring,Program_B_C06,3,F,0,0
Student_0917,T3_Fall,Program_B_C06,3,C,1,0
Student_0917,T2_Spring,Program_B_C07,3,C,1,0
Student_0917,T2_Spring,Program_B_C08,4,C,1,0
Student_0918,T1_Fall,Program_D_C01,3,C,1,0
Student_0918,T1_Fall,Program_D_C02,3,B,1,0
Student_0918,T1_Fall,Program_D_C03,3,B,1,0
Student_0918,T1_Fall,Program_D_C04,4,C,1,0
Student_0918,T2_Spring,Program_D_C05,3,B,1,0
Student_0918,T2_Spring,Program_D_C06,3,B,1,0
Student_0918,T2_Spring,Program_D_C07,3,B,1,0
Student_0918,T2_Spring,Program_D_C08,4,B,1,0
Student_0918,T3_Fall,Program_D_C09,3,C,1,0
Student_0918,T3_Fall,Program_D_C10,3,B,1,0
Student_0918,T3_Fall,Program_D_C11,3,B,1,0
Student_0918,T3_Fall,Program_D_C12,4,F,0,0
Student_0918,T4_Spring,Program_D_C12,4,C,1,0
Student_0919,T1_Fall,Program_A_C01,3,C,1,0
Student_0919,T1_Fall,Program_A_C02,3,B,1,0
Student_0919,T1_Fall,Program_A_C03,3,F,0,0
Student_0919,T2_Spring,Program_A_C03,3,F,0,0
Student_0919,T1_Fall,Program_A_C04,4,C,1,0
Student_0919,T2_Spring,Program_A_C05,3,C,1,0
Student_0919,T2_Spring,Program_A_C08,4,B,1,0
Student_0919,T2_Spring,Program_A_C09,3,B,1,0
Student_0919,T2_Spring,Program_A_C12,4,B,1,0
Student_0919,T3_Fall,Program_A_C13,3,W,0,1
Student_0919,T3_Fall,Program_A_C16,3,C,1,0
Student_0920,T1_Fall,Program_B_C01,3,W,0,1
Student_0920,T1_Fall,Program_B_C02,3,B,1,0
Student_0920,T1_Fall,Program_B_C04,4,F,0,0
Student_0920,T2_Spring,Program_B_C04,4,C,1,0
Student_0920,T1_Fall,Program_B_C05,3,W,0,1
Student_0920,T2_Spring,Program_B_C08,4,B,1,0
Student_0920,T2_Spring,Program_B_C12,4,C,1,0
Student_0920,T2_Spring,Program_B_C16,3,F,0,0
Student_0920,T3_Fall,Program_B_C16,3,C,1,0
Student_0921,T1_Fall,Program_C_C01,3,C,1,0
Student_0921,T1_Fall,Program_C_C02,3,B,1,0
Student_0922,T1_Fall,Program_B_C01,3,C,1,0
Student_0922,T1_Fall,Program_B_C02,3,B,1,0
Student_0922,T1_Fall,Program_B_C03,3,W,0,1
Student_0922,T2_Spring,Program_B_C03,3,C,1,0
Student_0922,T1_Fall,Program_B_C04,4,C,1,0
Student_0922,T2_Spring,Program_B_C05,3,F,0,0
Student_0922,T3_Fall,Program_B_C05,3,C,1,0
Student_0923,T1_Fall,Program_C_C01,3,A,1,0
Student_0923,T1_Fall,Program_C_C02,3,A,1,0
Student_0924,T1_Fall,Program_B_C01,3,W,0,1
Student_0924,T1_Fall,Program_B_C02,3,B,1,0
Student_0924,T1_Fall,Program_B_C04,4,B,1,0
Student_0924,T1_Fall,Program_B_C05,3,B,1,0
Student_0924,T2_Spring,Program_B_C08,4,B,1,0
Student_0924,T2_Spring,Program_B_C09,3,F,0,0
Student_0924,T3_Fall,Program_B_C09,3,C,1,0
Student_0924,T2_Spring,Program_B_C12,4,B,1,0
Student_0924,T2_Spring,Program_B_C13,3,C,1,0
Student_0924,T3_Fall,Program_B_C16,3,B,1,0
Student_0925,T1_Fall,Program_B_C01,3,B,1,0
Student_0925,T1_Fall,Program_B_C02,3,B,1,0
Student_0925,T1_Fall,Program_B_C03,3,B,1,0
Student_0925,T1_Fall,Program_B_C04,4,B,1,0
Student_0926,T1_Fall,Program_D_C01,3,B,1,0
Student_0926,T1_Fall,Program_D_C02,3,B,1,0
Student_0926,T1_Fall,Program_D_C03,3,B,1,0
Student_0926,T1_Fall,Program_D_C04,4,B,1,0
Student_0926,T2_Spring,Program_D_C05,3,C,1,0
Student_0926,T2_Spring,Program_D_C06,3,B,1,0
Student_0926,T2_Spring,Program_D_C07,3,B,1,0
Student_0926,T2_Spring,Program_D_C08,4,B,1,0
Student_0926,T3_Fall,Program_D_C09,3,B,1,0
Student_0926,T3_Fall,Program_D_C10,3,B,1,0
Student_0927,T1_Fall,Program_D_C01,3,B,1,0
Student_0927,T1_Fall,Program_D_C02,3,F,0,0
Student_0927,T1_Fall,Program_D_C03,3,F,0,0
Student_0928,T1_Fall,Program_B_C01,3,B,1,0
Student_0929,T1_Fall,Program_B_C01,3,C,1,0
Student_0929,T1_Fall,Program_B_C02,3,W,0,1
Student_0929,T2_Spring,Program_B_C02,3,C,1,0
Student_0929,T1_Fall,Program_B_C03,3,W,0,1
Student_0929,T2_Spring,Program_B_C03,3,F,0,0
Student_0929,T1_Fall,Program_B_C04,4,C,1,0
Student_0929,T2_Spring,Program_B_C05,3,F,0,0
Student_0929,T2_Spring,Program_B_C08,4,W,0,1
Student_0929,T3_Fall,Program_B_C08,4,C,1,0
Student_0929,T2_Spring,Program_B_C12,4,C,1,0
Student_0929,T2_Spring,Program_B_C16,3,W,0,1
Student_0929,T3_Fall,Program_B_C16,3,C,1,0
Student_0930,T1_Fall,Program_C_C01,3,C,1,0
Student_0930,T1_Fall,Program_C_C02,3,B,1,0
Student_0930,T1_Fall,Program_C_C03,3,B,1,0
Student_0930,T1_Fall,Program_C_C04,4,B,1,0
Student_0930,T2_Spring,Program_C_C05,3,C,1,0
Student_0930,T2_Spring,Program_C_C06,3,B,1,0
Student_0930,T2_Spring,Program_C_C07,3,B,1,0
Student_0930,T2_Spring,Program_C_C08,4,B,1,0
Student_0930,T3_Fall,Program_C_C09,3,C,1,0
Student_0930,T3_Fall,Program_C_C10,3,F,0,0
Student_0930,T3_Fall,Program_C_C11,3,C,1,0
Student_0930,T3_Fall,Program_C_C12,4,C,1,0
Student_0930,T4_Spring,Program_C_C13,3,C,1,0
Student_0931,T1_Fall,Program_D_C01,3,B,1,0
Student_0931,T1_Fall,Program_D_C02,3,B,1,0
Student_0931,T1_Fall,Program_D_C03,3,W,0,1
Student_0931,T1_Fall,Program_D_C04,4,C,1,0
Student_0931,T2_Spring,Program_D_C05,3,A,1,0
Student_0931,T2_Spring,Program_D_C08,4,C,1,0
Student_0931,T2_Spring,Program_D_C09,3,C,1,0
Student_0931,T2_Spring,Program_D_C12,4,C,1,0
Student_0931,T3_Fall,Program_D_C13,3,C,1,0
Student_0931,T3_Fall,Program_D_C16,3,F,0,0
Student_0931,T4_Spring,Program_D_C16,3,C,1,0
Student_0932,T1_Fall,Program_D_C01,3,B,1,0
Student_0933,T1_Fall,Program_C_C01,3,F,0,0
Student_0933,T2_Spring,Program_C_C01,3,C,1,0
Student_0933,T1_Fall,Program_C_C02,3,C,1,0
Student_0933,T1_Fall,Program_C_C03,3,W,0,1
Student_0933,T1_Fall,Program_C_C04,4,C,1,0
Student_0933,T2_Spring,Program_C_C05,3,W,0,1
Student_0933,T3_Fall,Program_C_C05,3,F,0,0
Student_0933,T2_Spring,Program_C_C08,4,F,0,0
Student_0934,T1_Fall,Program_D_C01,3,A,1,0
Student_0934,T1_Fall,Program_D_C02,3,B,1,0
Student_0934,T1_Fall,Program_D_C03,3,A,1,0
Student_0934,T1_Fall,Program_D_C04,4,F,0,0
Student_0934,T2_Spring,Program_D_C04,4,C,1,0
Student_0934,T2_Spring,Program_D_C05,3,A,1,0
Student_0934,T2_Spring,Program_D_C06,3,B,1,0
Student_0934,T2_Spring,Program_D_C07,3,B,1,0
Student_0934,T2_Spring,Program_D_C08,4,B,1,0
Student_0934,T3_Fall,Program_D_C09,3,B,1,0
Student_0935,T1_Fall,Program_C_C01,3,F,0,0
Student_0935,T2_Spring,Program_C_C01,3,F,0,0
Student_0935,T1_Fall,Program_C_C02,3,F,0,0
Student_0936,T1_Fall,Program_A_C01,3,C,1,0
Student_0936,T1_Fall,Program_A_C02,3,B,1,0
Student_0936,T1_Fall,Program_A_C03,3,B,1,0
Student_0936,T1_Fall,Program_A_C04,4,W,0,1
Student_0936,T2_Spring,Program_A_C04,4,C,1,0
Student_0936,T2_Spring,Program_A_C05,3,D,1,0
Student_0936,T2_Spring,Program_A_C06,3,B,1,0
Student_0936,T2_Spring,Program_A_C07,3,F,0,0
Student_0936,T3_Fall,Program_A_C07,3,C,1,0
Student_0936,T2_Spring,Program_A_C08,4,W,0,1
Student_0936,T3_Fall,Program_A_C08,4,C,1,0
Student_0936,T3_Fall,Program_A_C09,3,W,0,1
Student_0936,T4_Spring,Program_A_C09,3,C,1,0
Student_0937,T1_Fall,Program_C_C01,3,B,1,0
Student_0937,T1_Fall,Program_C_C02,3,A,1,0
Student_0937,T1_Fall,Program_C_C03,3,B,1,0
Student_0937,T1_Fall,Program_C_C04,4,B,1,0
Student_0937,T2_Spring,Program_C_C05,3,B,1,0
Student_0937,T2_Spring,Program_C_C06,3,B,1,0
Student_0937,T2_Spring,Program_C_C07,3,B,1,0
Student_0938,T1_Fall,Program_C_C01,3,B,1,0
Student_0938,T1_Fall,Program_C_C02,3,W,0,1
Student_0938,T2_Spring,Program_C_C02,3,C,1,0
Student_0938,T1_Fall,Program_C_C03,3,B,1,0
Student_0938,T1_Fall,Program_C_C04,4,B,1,0
Student_0938,T2_Spring,Program_C_C05,3,C,1,0
Student_0938,T2_Spring,Program_C_C06,3,B,1,0
Student_0938,T2_Spring,Program_C_C07,3,W,0,1
Student_0938,T3_Fall,Program_C_C07,3,C,1,0
Student_0938,T2_Spring,Program_C_C08,4,C,1,0
Student_0939,T1_Fall,Program_D_C01,3,F,0,0
Student_0939,T2_Spring,Program_D_C01,3,F,0,0
Student_0939,T1_Fall,Program_D_C02,3,F,0,0
Student_0940,T1_Fall,Program_B_C01,3,F,0,0
Student_0940,T1_Fall,Program_B_C02,3,W,0,1
Student_0940,T2_Spring,Program_B_C02,3,F,0,0
Student_0941,T1_Fall,Program_D_C01,3,B,1,0
Student_0941,T1_Fall,Program_D_C02,3,C,1,0
Student_0941,T1_Fall,Program_D_C03,3,A,1,0
Student_0941,T1_Fall,Program_D_C04,4,B,1,0
Student_0942,T1_Fall,Program_C_C01,3,C,1,0
Student_0942,T1_Fall,Program_C_C02,3,C,1,0
Student_0942,T1_Fall,Program_C_C03,3,C,1,0
Student_0942,T1_Fall,Program_C_C04,4,C,1,0
Student_0942,T2_Spring,Program_C_C05,3,C,1,0
Student_0943,T1_Fall,Program_D_C01,3,B,1,0
Student_0943,T1_Fall,Program_D_C02,3,A,1,0
Student_0943,T1_Fall,Program_D_C03,3,B,1,0
Student_0943,T1_Fall,Program_D_C04,4,B,1,0
Student_0943,T2_Spring,Program_D_C05,3,A,1,0
Student_0944,T1_Fall,Program_A_C01,3,F,0,0
Student_0944,T2_Spring,Program_A_C01,3,C,1,0
Student_0944,T1_Fall,Program_A_C02,3,C,1,0
Student_0944,T1_Fall,Program_A_C03,3,B,1,0
Student_0944,T1_Fall,Program_A_C04,4,B,1,0
Student_0945,T1_Fall,Program_D_C01,3,B,1,0
Student_0946,T1_Fall,Program_C_C01,3,B,1,0
Student_0947,T1_Fall,Program_A_C01,3,B,1,0
Student_0947,T1_Fall,Program_A_C02,3,F,0,0
Student_0947,T1_Fall,Program_A_C03,3,B,1,0
Student_0947,T1_Fall,Program_A_C06,3,B,1,0
Student_0947,T2_Spring,Program_A_C07,3,B,1,0
Student_0947,T2_Spring,Program_A_C10,3,B,1,0
Student_0947,T2_Spring,Program_A_C11,3,B,1,0
Student_0947,T2_Spring,Program_A_C14,3,B,1,0
Student_0947,T3_Fall,Program_A_C15,3,W,0,1
Student_0948,T1_Fall,Program_D_C01,3,B,1,0
Student_0948,T1_Fall,Program_D_C02,3,B,1,0
Student_0948,T1_Fall,Program_D_C03,3,B,1,0
Student_0949,T1_Fall,Program_C_C01,3,C,1,0
Student_0949,T1_Fall,Program_C_C02,3,B,1,0
Student_0949,T1_Fall,Program_C_C03,3,A,1,0
Student_0949,T1_Fall,Program_C_C04,4,B,1,0
Student_0950,T1_Fall,Program_D_C01,3,A,1,0
Student_0950,T1_Fall,Program_D_C02,3,B,1,0
Student_0950,T1_Fall,Program_D_C03,3,B,1,0
Student_0950,T1_Fall,Program_D_C04,4,F,0,0
Student_0950,T2_Spring,Program_D_C05,3,B,1,0
Student_0951,T1_Fall,Program_D_C01,3,F,0,0
Student_0951,T1_Fall,Program_D_C02,3,F,0,0
Student_0951,T2_Spring,Program_D_C02,3,C,1,0
Student_0951,T1_Fall,Program_D_C04,4,B,1,0
Student_0951,T1_Fall,Program_D_C05,3,B,1,0
Student_0951,T2_Spring,Program_D_C08,4,B,1,0
Student_0951,T2_Spring,Program_D_C09,3,A,1,0
Student_0951,T2_Spring,Program_D_C12,4,B,1,0
Student_0951,T2_Spring,Program_D_C13,3,B,1,0
Student_0952,T1_Fall,Program_C_C01,3,B,1,0
Student_0952,T1_Fall,Program_C_C02,3,A,1,0
Student_0952,T1_Fall,Program_C_C03,3,B,1,0
Student_0952,T1_Fall,Program_C_C04,4,B,1,0
Student_0952,T2_Spring,Program_C_C05,3,B,1,0
Student_0952,T2_Spring,Program_C_C06,3,A,1,0
Student_0952,T2_Spring,Program_C_C07,3,B,1,0
Student_0952,T2_Spring,Program_C_C08,4,B,1,0
Student_0952,T3_Fall,Program_C_C09,3,B,1,0
Student_0953,T1_Fall,Program_D_C01,3,A,1,0
Student_0953,T1_Fall,Program_D_C02,3,B,1,0
Student_0953,T1_Fall,Program_D_C03,3,B,1,0
Student_0953,T1_Fall,Program_D_C04,4,A,1,0
Student_0953,T2_Spring,Program_D_C05,3,C,1,0
Student_0954,T1_Fall,Program_D_C01,3,B,1,0
Student_0954,T1_Fall,Program_D_C02,3,C,1,0
Student_0954,T1_Fall,Program_D_C03,3,B,1,0
Student_0954,T1_Fall,Program_D_C04,4,C,1,0
Student_0954,T2_Spring,Program_D_C05,3,B,1,0
Student_0954,T2_Spring,Program_D_C06,3,B,1,0
Student_0954,T2_Spring,Program_D_C07,3,B,1,0
Student_0954,T2_Spring,Program_D_C08,4,A,1,0
Student_0954,T3_Fall,Program_D_C09,3,C,1,0
Student_0954,T3_Fall,Program_D_C10,3,C,1,0
Student_0955,T1_Fall,Program_D_C01,3,C,1,0
Student_0955,T1_Fall,Program_D_C02,3,B,1,0
Student_0955,T1_Fall,Program_D_C03,3,F,0,0
Student_0955,T1_Fall,Program_D_C04,4,C,1,0
Student_0955,T2_Spring,Program_D_C05,3,B,1,0
Student_0955,T2_Spring,Program_D_C08,4,B,1,0
Student_0955,T2_Spring,Program_D_C09,3,B,1,0
Student_0955,T2_Spring,Program_D_C12,4,C,1,0
Student_0956,T1_Fall,Program_A_C01,3,B,1,0
Student_0957,T1_Fall,Program_C_C01,3,B,1,0
Student_0957,T1_Fall,Program_C_C02,3,A,1,0
Student_0957,T1_Fall,Program_C_C03,3,B,1,0
Student_0957,T1_Fall,Program_C_C04,4,C,1,0
Student_0957,T2_Spring,Program_C_C05,3,B,1,0
Student_0957,T2_Spring,Program_C_C06,3,B,1,0
Student_0957,T2_Spring,Program_C_C07,3,B,1,0
Student_0957,T2_Spring,Program_C_C08,4,C,1,0
Student_0957,T3_Fall,Program_C_C09,3,B,1,0
Student_0957,T3_Fall,Program_C_C10,3,B,1,0
Student_0958,T1_Fall,Program_C_C01,3,W,0,1
Student_0958,T2_Spring,Program_C_C01,3,F,0,0
Student_0958,T1_Fall,Program_C_C02,3,F,0,0
Student_0958,T2_Spring,Program_C_C02,3,C,1,0
Student_0958,T1_Fall,Program_C_C04,4,W,0,1
Student_0958,T1_Fall,Program_C_C05,3,F,0,0
Student_0958,T2_Spring,Program_C_C05,3,C,1,0
Student_0958,T2_Spring,Program_C_C09,3,F,0,0
Student_0959,T1_Fall,Program_A_C01,3,B,1,0
Student_0959,T1_Fall,Program_A_C02,3,B,1,0
Student_0959,T1_Fall,Program_A_C03,3,C,1,0
Student_0959,T1_Fall,Program_A_C04,4,B,1,0
Student_0959,T2_Spring,Program_A_C05,3,C,1,0
Student_0959,T2_Spring,Program_A_C06,3,B,1,0
Student_0959,T2_Spring,Program_A_C07,3,B,1,0
Student_0959,T2_Spring,Program_A_C08,4,B,1,0
Student_0960,T1_Fall,Program_C_C01,3,B,1,0
Student_0961,T1_Fall,Program_B_C01,3,C,1,0
Student_0961,T1_Fall,Program_B_C02,3,C,1,0
Student_0961,T1_Fall,Program_B_C03,3,C,1,0
Student_0961,T1_Fall,Program_B_C04,4,F,0,0
Student_0961,T2_Spring,Program_B_C04,4,C,1,0
Student_0962,T1_Fall,Program_B_C01,3,F,0,0
Student_0962,T1_Fall,Program_B_C02,3,W,0,1
Student_0962,T2_Spring,Program_B_C02,3,C,1,0
Student_0962,T1_Fall,Program_B_C04,4,F,0,0
Student_0962,T1_Fall,Program_B_C05,3,C,1,0
Student_0962,T2_Spring,Program_B_C09,3,D,1,0
Student_0962,T2_Spring,Program_B_C13,3,W,0,1
Student_0962,T3_Fall,Program_B_C13,3,C,1,0
Student_0963,T1_Fall,Program_B_C01,3,B,1,0
Student_0963,T1_Fall,Program_B_C02,3,B,1,0
Student_0963,T1_Fall,Program_B_C03,3,B,1,0
Student_0963,T1_Fall,Program_B_C04,4,B,1,0
Student_0963,T2_Spring,Program_B_C05,3,B,1,0
Student_0964,T1_Fall,Program_B_C01,3,W,0,1
Student_0964,T1_Fall,Program_B_C02,3,B,1,0
Student_0964,T1_Fall,Program_B_C04,4,B,1,0
Student_0964,T1_Fall,Program_B_C05,3,B,1,0
Student_0964,T2_Spring,Program_B_C08,4,D,1,0
Student_0965,T1_Fall,Program_D_C01,3,C,1,0
Student_0965,T1_Fall,Program_D_C02,3,F,0,0
Student_0965,T1_Fall,Program_D_C03,3,C,1,0
Student_0965,T1_Fall,Program_D_C06,3,C,1,0
Student_0965,T2_Spring,Program_D_C07,3,C,1,0
Student_0965,T2_Spring,Program_D_C10,3,B,1,0
Student_0965,T2_Spring,Program_D_C11,3,C,1,0
Student_0965,T2_Spring,Program_D_C14,3,B,1,0
Student_0965,T3_Fall,Program_D_C15,3,C,1,0
Student_0966,T1_Fall,Program_B_C01,3,C,1,0
Student_0966,T1_Fall,Program_B_C02,3,B,1,0
Student_0966,T1_Fall,Program_B_C03,3,C,1,0
Student_0966,T1_Fall,Program_B_C04,4,C,1,0
Student_0966,T2_Spring,Program_B_C05,3,B,1,0
Student_0966,T2_Spring,Program_B_C06,3,C,1,0
Student_0966,T2_Spring,Program_B_C07,3,C,1,0
Student_0967,T1_Fall,Program_C_C01,3,F,0,0
Student_0967,T1_Fall,Program_C_C02,3,C,1,0
Student_0967,T1_Fall,Program_C_C04,4,C,1,0
Student_0967,T1_Fall,Program_C_C05,3,C,1,0
Student_0967,T2_Spring,Program_C_C08,4,B,1,0
Student_0967,T2_Spring,Program_C_C09,3,B,1,0
Student_0967,T2_Spring,Program_C_C12,4,C,1,0
Student_0967,T2_Spring,Program_C_C13,3,B,1,0
Student_0967,T3_Fall,Program_C_C16,3,B,1,0
Student_0968,T1_Fall,Program_B_C01,3,A,1,0
Student_0968,T1_Fall,Program_B_C02,3,B,1,0
Student_0968,T1_Fall,Program_B_C03,3,A,1,0
Student_0968,T1_Fall,Program_B_C04,4,A,1,0
Student_0968,T2_Spring,Program_B_C05,3,B,1,0
Student_0968,T2_Spring,Program_B_C06,3,A,1,0
Student_0968,T2_Spring,Program_B_C07,3,B,1,0
Student_0968,T2_Spring,Program_B_C08,4,B,1,0
Student_0968,T3_Fall,Program_B_C09,3,B,1,0
Student_0969,T1_Fall,Program_A_C01,3,B,1,0
Student_0969,T1_Fall,Program_A_C02,3,B,1,0
Student_0969,T1_Fall,Program_A_C03,3,B,1,0
Student_0970,T1_Fall,Program_A_C01,3,C,1,0
Student_0970,T1_Fall,Program_A_C02,3,F,0,0
Student_0970,T2_Spring,Program_A_C02,3,F,0,0
Student_0970,T1_Fall,Program_A_C03,3,F,0,0
Student_0971,T1_Fall,Program_C_C01,3,B,1,0
Student_0971,T1_Fall,Program_C_C02,3,B,1,0
Student_0971,T1_Fall,Program_C_C03,3,B,1,0
Student_0971,T1_Fall,Program_C_C04,4,B,1,0
Student_0971,T2_Spring,Program_C_C05,3,B,1,0
Student_0971,T2_Spring,Program_C_C06,3,A,1,0
Student_0971,T2_Spring,Program_C_C07,3,F,0,0
Student_0971,T3_Fall,Program_C_C07,3,F,0,0
Student_0971,T2_Spring,Program_C_C08,4,A,1,0
Student_0971,T3_Fall,Program_C_C09,3,B,1,0
Student_0972,T1_Fall,Program_C_C01,3,B,1,0
Student_0972,T1_Fall,Program_C_C02,3,B,1,0
Student_0972,T1_Fall,Program_C_C03,3,B,1,0
Student_0972,T1_Fall,Program_C_C04,4,W,0,1
Student_0972,T2_Spring,Program_C_C04,4,C,1,0
Student_0973,T1_Fall,Program_C_C01,3,B,1,0
Student_0973,T1_Fall,Program_C_C02,3,C,1,0
Student_0973,T1_Fall,Program_C_C03,3,C,1,0
Student_0973,T1_Fall,Program_C_C04,4,C,1,0
Student_0973,T2_Spring,Program_C_C05,3,C,1,0
Student_0973,T2_Spring,Program_C_C06,3,C,1,0
Student_0973,T2_Spring,Program_C_C07,3,C,1,0
Student_0974,T1_Fall,Program_C_C01,3,B,1,0
Student_0974,T1_Fall,Program_C_C02,3,B,1,0
Student_0974,T1_Fall,Program_C_C03,3,B,1,0
Student_0974,T1_Fall,Program_C_C04,4,B,1,0
Student_0974,T2_Spring,Program_C_C05,3,F,0,0
Student_0974,T3_Fall,Program_C_C05,3,C,1,0
Student_0974,T2_Spring,Program_C_C06,3,B,1,0
Student_0974,T2_Spring,Program_C_C07,3,B,1,0
Student_0974,T2_Spring,Program_C_C08,4,B,1,0
Student_0974,T3_Fall,Program_C_C09,3,A,1,0
Student_0975,T1_Fall,Program_B_C01,3,B,1,0
Student_0976,T1_Fall,Program_B_C01,3,F,0,0
Student_0976,T2_Spring,Program_B_C01,3,C,1,0
Student_0976,T1_Fall,Program_B_C02,3,C,1,0
Student_0976,T1_Fall,Program_B_C03,3,C,1,0
Student_0976,T1_Fall,Program_B_C04,4,C,1,0
Student_0976,T2_Spring,Program_B_C05,3,C,1,0
Student_0976,T2_Spring,Program_B_C06,3,F,0,0
Student_0976,T3_Fall,Program_B_C06,3,C,1,0
Student_0977,T1_Fall,Program_D_C01,3,A,1,0
Student_0977,T1_Fall,Program_D_C02,3,B,1,0
Student_0977,T1_Fall,Program_D_C03,3,B,1,0
Student_0978,T1_Fall,Program_A_C01,3,W,0,1
Student_0978,T2_Spring,Program_A_C01,3,C,1,0
Student_0978,T1_Fall,Program_A_C02,3,F,0,0
Student_0978,T2_Spring,Program_A_C02,3,C,1,0
Student_0978,T1_Fall,Program_A_C03,3,B,1,0
Student_0978,T1_Fall,Program_A_C04,4,C,1,0
Student_0978,T2_Spring,Program_A_C05,3,F,0,0
Student_0978,T2_Spring,Program_A_C06,3,W,0,1
Student_0978,T2_Spring,Program_A_C07,3,W,0,1
Student_0978,T2_Spring,Program_A_C08,4,F,0,0
Student_0979,T1_Fall,Program_A_C01,3,B,1,0
Student_0979,T1_Fall,Program_A_C02,3,B,1,0
Student_0979,T1_Fall,Program_A_C03,3,C,1,0
Student_0979,T1_Fall,Program_A_C04,4,B,1,0
Student_0979,T2_Spring,Program_A_C05,3,C,1,0
Student_0979,T2_Spring,Program_A_C06,3,C,1,0
Student_0979,T2_Spring,Program_A_C07,3,C,1,0
Student_0979,T2_Spring,Program_A_C08,4,C,1,0
Student_0979,T3_Fall,Program_A_C09,3,F,0,0
Student_0979,T3_Fall,Program_A_C10,3,W,0,1
Student_0979,T3_Fall,Program_A_C11,3,C,1,0
Student_0980,T1_Fall,Program_B_C01,3,B,1,0
Student_0981,T1_Fall,Program_A_C01,3,B,1,0
Student_0981,T1_Fall,Program_A_C02,3,B,1,0
Student_0981,T1_Fall,Program_A_C03,3,B,1,0
Student_0982,T1_Fall,Program_D_C01,3,B,1,0
Student_0982,T1_Fall,Program_D_C02,3,B,1,0
Student_0982,T1_Fall,Program_D_C03,3,C,1,0
Student_0982,T1_Fall,Program_D_C04,4,B,1,0
Student_0982,T2_Spring,Program_D_C05,3,W,0,1
Student_0982,T3_Fall,Program_D_C05,3,C,1,0
Student_0982,T2_Spring,Program_D_C06,3,W,0,1
Student_0982,T3_Fall,Program_D_C06,3,C,1,0
Student_0982,T2_Spring,Program_D_C07,3,B,1,0
Student_0983,T1_Fall,Program_A_C01,3,C,1,0
Student_0983,T1_Fall,Program_A_C02,3,W,0,1
Student_0983,T2_Spring,Program_A_C02,3,C,1,0
Student_0983,T1_Fall,Program_A_C03,3,F,0,0
Student_0983,T2_Spring,Program_A_C03,3,C,1,0
Student_0983,T1_Fall,Program_A_C04,4,D,1,0
Student_0983,T2_Spring,Program_A_C05,3,C,1,0
Student_0983,T2_Spring,Program_A_C06,3,W,0,1
Student_0983,T2_Spring,Program_A_C07,3,D,1,0
Student_0983,T2_Spring,Program_A_C08,4,F,0,0
Student_0983,T3_Fall,Program_A_C08,4,C,1,0
Student_0983,T3_Fall,Program_A_C09,3,C,1,0
Student_0983,T3_Fall,Program_A_C11,3,F,0,0
Student_0983,T4_Spring,Program_A_C11,3,C,1,0
Student_0983,T3_Fall,Program_A_C12,4,W,0,1
Student_0983,T4_Spring,Program_A_C12,4,C,1,0
Student_0983,T3_Fall,Program_A_C13,3,F,0,0
Student_0983,T4_Spring,Program_A_C13,3,C,1,0
Student_0983,T4_Spring,Program_A_C15,3,C,1,0
Student_0984,T1_Fall,Program_B_C01,3,B,1,0
Student_0984,T1_Fall,Program_B_C02,3,B,1,0
Student_0984,T1_Fall,Program_B_C03,3,B,1,0
Student_0984,T1_Fall,Program_B_C04,4,B,1,0
Student_0984,T2_Spring,Program_B_C05,3,B,1,0
Student_0984,T2_Spring,Program_B_C06,3,B,1,0
Student_0985,T1_Fall,Program_A_C01,3,B,1,0
Student_0985,T1_Fall,Program_A_C02,3,C,1,0
Student_0985,T1_Fall,Program_A_C03,3,B,1,0
Student_0985,T1_Fall,Program_A_C04,4,A,1,0
Student_0985,T2_Spring,Program_A_C05,3,B,1,0
Student_0985,T2_Spring,Program_A_C06,3,A,1,0
Student_0985,T2_Spring,Program_A_C07,3,B,1,0
Student_0986,T1_Fall,Program_A_C01,3,B,1,0
Student_0986,T1_Fall,Program_A_C02,3,B,1,0
Student_0986,T1_Fall,Program_A_C03,3,B,1,0
Student_0987,T1_Fall,Program_B_C01,3,F,0,0
Student_0987,T2_Spring,Program_B_C01,3,C,1,0
Student_0987,T1_Fall,Program_B_C02,3,F,0,0
Student_0987,T2_Spring,Program_B_C02,3,F,0,0
Student_0987,T1_Fall,Program_B_C03,3,C,1,0
Student_0987,T1_Fall,Program_B_C06,3,F,0,0
Student_0987,T2_Spring,Program_B_C07,3,F,0,0
Student_0987,T3_Fall,Program_B_C07,3,C,1,0
Student_0987,T2_Spring,Program_B_C11,3,C,1,0
Student_0987,T2_Spring,Program_B_C15,3,F,0,0
Student_0988,T1_Fall,Program_C_C01,3,F,0,0
Student_0988,T2_Spring,Program_C_C01,3,C,1,0
Student_0988,T1_Fall,Program_C_C02,3,C,1,0
Student_0988,T1_Fall,Program_C_C03,3,B,1,0
Student_0989,T1_Fall,Program_B_C01,3,F,0,0
Student_0989,T1_Fall,Program_B_C02,3,C,1,0
Student_0990,T1_Fall,Program_A_C01,3,B,1,0
Student_0990,T1_Fall,Program_A_C02,3,B,1,0
Student_0990,T1_Fall,Program_A_C03,3,B,1,0
Student_0990,T1_Fall,Program_A_C04,4,B,1,0
Student_0990,T2_Spring,Program_A_C05,3,A,1,0
Student_0991,T1_Fall,Program_D_C01,3,A,1,0
Student_0991,T1_Fall,Program_D_C02,3,B,1,0
Student_0991,T1_Fall,Program_D_C03,3,B,1,0
Student_0991,T1_Fall,Program_D_C04,4,F,0,0
Student_0991,T2_Spring,Program_D_C05,3,W,0,1
Student_0991,T3_Fall,Program_D_C05,3,C,1,0
Student_0991,T2_Spring,Program_D_C06,3,F,0,0
Student_0991,T2_Spring,Program_D_C07,3,D,1,0
Student_0991,T2_Spring,Program_D_C09,3,C,1,0
Student_0991,T3_Fall,Program_D_C11,3,B,1,0
Student_0991,T3_Fall,Program_D_C13,3,A,1,0
Student_0991,T3_Fall,Program_D_C15,3,B,1,0
Student_0992,T1_Fall,Program_A_C01,3,B,1,0
Student_0992,T1_Fall,Program_A_C02,3,A,1,0
Student_0992,T1_Fall,Program_A_C03,3,B,1,0
Student_0992,T1_Fall,Program_A_C04,4,A,1,0
Student_0992,T2_Spring,Program_A_C05,3,A,1,0
Student_0992,T2_Spring,Program_A_C06,3,B,1,0
Student_0992,T2_Spring,Program_A_C07,3,B,1,0
Student_0992,T2_Spring,Program_A_C08,4,B,1,0
Student_0992,T3_Fall,Program_A_C09,3,B,1,0
Student_0993,T1_Fall,Program_A_C01,3,C,1,0
Student_0993,T1_Fall,Program_A_C02,3,C,1,0
Student_0994,T1_Fall,Program_B_C01,3,B,1,0
Student_0994,T1_Fall,Program_B_C02,3,F,0,0
Student_0994,T2_Spring,Program_B_C02,3,C,1,0
Student_0995,T1_Fall,Program_D_C01,3,C,1,0
Student_0995,T1_Fall,Program_D_C02,3,W,0,1
Student_0995,T2_Spring,Program_D_C02,3,F,0,0
Student_0995,T1_Fall,Program_D_C03,3,F,0,0
Student_0995,T2_Spring,Program_D_C03,3,C,1,0
Student_0995,T1_Fall,Program_D_C06,3,C,1,0
Student_0995,T2_Spring,Program_D_C07,3,B,1,0
Student_0995,T2_Spring,Program_D_C10,3,C,1,0
Student_0995,T2_Spring,Program_D_C11,3,C,1,0
Student_0996,T1_Fall,Program_A_C01,3,C,1,0
Student_0996,T1_Fall,Program_A_C02,3,C,1,0
Student_0996,T1_Fall,Program_A_C03,3,C,1,0
Student_0996,T1_Fall,Program_A_C04,4,B,1,0
Student_0997,T1_Fall,Program_A_C01,3,F,0,0
Student_0997,T2_Spring,Program_A_C01,3,C,1,0
Student_0997,T1_Fall,Program_A_C02,3,F,0,0
Student_0997,T2_Spring,Program_A_C02,3,C,1,0
Student_0997,T1_Fall,Program_A_C03,3,C,1,0
Student_0997,T1_Fall,Program_A_C04,4,C,1,0
Student_0997,T2_Spring,Program_A_C05,3,C,1,0
Student_0997,T2_Spring,Program_A_C06,3,C,1,0
Student_0998,T1_Fall,Program_A_C01,3,W,0,1
Student_0998,T2_Spring,Program_A_C01,3,C,1,0
Student_0998,T1_Fall,Program_A_C02,3,D,1,0
Student_0998,T1_Fall,Program_A_C03,3,C,1,0
Student_0998,T1_Fall,Program_A_C04,4,C,1,0
Student_0998,T2_Spring,Program_A_C05,3,C,1,0
Student_0998,T2_Spring,Program_A_C06,3,F,0,0
Student_0998,T2_Spring,Program_A_C07,3,C,1,0
Student_0998,T2_Spring,Program_A_C08,4,C,1,0
Student_0998,T3_Fall,Program_A_C09,3,C,1,0
Student_0998,T3_Fall,Program_A_C11,3,W,0,1
Student_0998,T4_Spring,Program_A_C11,3,C,1,0
Student_0998,T3_Fall,Program_A_C12,4,D,1,0
Student_0999,T1_Fall,Program_C_C01,3,B,1,0
Student_0999,T1_Fall,Program_C_C02,3,C,1,0
Student_0999,T1_Fall,Program_C_C03,3,F,0,0
Student_0999,T1_Fall,Program_C_C04,4,B,1,0
Student_0999,T2_Spring,Program_C_C05,3,F,0,0
Student_0999,T2_Spring,Program_C_C08,4,C,1,0
Student_0999,T2_Spring,Program_C_C12,4,B,1,0
Student_0999,T2_Spring,Program_C_C16,3,F,0,0
Student_0999,T3_Fall,Program_C_C16,3,C,1,0
Student_1000,T1_Fall,Program_D_C01,3,B,1,0
Student_1000,T1_Fall,Program_D_C02,3,B,1,0
Student_1000,T1_Fall,Program_D_C03,3,B,1,0
Student_1000,T1_Fall,Program_D_C04,4,B,1,0
Student_1000,T2_Spring,Program_D_C05,3,B,1,0
Student_1000,T2_Spring,Program_D_C06,3,B,1,0
Student_1000,T2_Spring,Program_D_C07,3,C,1,0
Student_1000,T2_Spring,Program_D_C08,4,C,1,0
Student_1000,T3_Fall,Program_D_C09,3,B,1,0
Student_1001,T1_Fall,Program_A_C01,3,F,0,0
Student_1001,T2_Spring,Program_A_C01,3,C,1,0
Student_1001,T1_Fall,Program_A_C02,3,B,1,0
Student_1001,T1_Fall,Program_A_C03,3,C,1,0
Student_1002,T1_Fall,Program_A_C01,3,F,0,0
Student_1002,T1_Fall,Program_A_C02,3,B,1,0
Student_1002,T1_Fall,Program_A_C04,4,W,0,1
Student_1002,T1_Fall,Program_A_C05,3,A,1,0
Student_1002,T2_Spring,Program_A_C09,3,C,1,0
Student_1002,T2_Spring,Program_A_C13,3,C,1,0
Student_1003,T1_Fall,Program_C_C01,3,W,0,1
Student_1003,T2_Spring,Program_C_C01,3,C,1,0
Student_1003,T1_Fall,Program_C_C02,3,B,1,0
Student_1003,T1_Fall,Program_C_C03,3,B,1,0
Student_1003,T1_Fall,Program_C_C04,4,B,1,0
Student_1003,T2_Spring,Program_C_C05,3,B,1,0
Student_1003,T2_Spring,Program_C_C06,3,W,0,1
Student_1003,T3_Fall,Program_C_C06,3,C,1,0
Student_1003,T2_Spring,Program_C_C07,3,B,1,0
Student_1003,T2_Spring,Program_C_C08,4,B,1,0
Student_1003,T3_Fall,Program_C_C09,3,C,1,0
Student_1003,T3_Fall,Program_C_C10,3,F,0,0
Student_1003,T3_Fall,Program_C_C11,3,B,1,0
Student_1003,T3_Fall,Program_C_C12,4,F,0,0
Student_1003,T4_Spring,Program_C_C12,4,C,1,0
Student_1004,T1_Fall,Program_A_C01,3,W,0,1
Student_1004,T1_Fall,Program_A_C02,3,W,0,1
Student_1004,T2_Spring,Program_A_C02,3,C,1,0
Student_1004,T1_Fall,Program_A_C04,4,D,1,0
Student_1004,T1_Fall,Program_A_C05,3,C,1,0
Student_1004,T2_Spring,Program_A_C08,4,W,0,1
Student_1004,T2_Spring,Program_A_C09,3,D,1,0
Student_1005,T1_Fall,Program_D_C01,3,F,0,0
Student_1005,T1_Fall,Program_D_C02,3,B,1,0
Student_1005,T1_Fall,Program_D_C04,4,A,1,0
Student_1005,T1_Fall,Program_D_C05,3,B,1,0
Student_1005,T2_Spring,Program_D_C08,4,B,1,0
Student_1005,T2_Spring,Program_D_C09,3,B,1,0
Student_1005,T2_Spring,Program_D_C12,4,W,0,1
Student_1005,T3_Fall,Program_D_C12,4,C,1,0
Student_1006,T1_Fall,Program_B_C01,3,F,0,0
Student_1006,T2_Spring,Program_B_C01,3,F,0,0
Student_1006,T1_Fall,Program_B_C02,3,F,0,0
Student_1006,T2_Spring,Program_B_C02,3,F,0,0
Student_1007,T1_Fall,Program_C_C01,3,C,1,0
Student_1007,T1_Fall,Program_C_C02,3,D,1,0
Student_1007,T1_Fall,Program_C_C03,3,F,0,0
Student_1007,T1_Fall,Program_C_C04,4,B,1,0
Student_1007,T2_Spring,Program_C_C05,3,C,1,0
Student_1008,T1_Fall,Program_A_C01,3,B,1,0
Student_1008,T1_Fall,Program_A_C02,3,F,0,0
Student_1008,T2_Spring,Program_A_C02,3,C,1,0
Student_1008,T1_Fall,Program_A_C03,3,B,1,0
Student_1008,T1_Fall,Program_A_C04,4,C,1,0
Student_1008,T2_Spring,Program_A_C05,3,F,0,0
Student_1008,T3_Fall,Program_A_C05,3,F,0,0
Student_1008,T2_Spring,Program_A_C06,3,F,0,0
Student_1008,T3_Fall,Program_A_C06,3,C,1,0
Student_1008,T2_Spring,Program_A_C07,3,C,1,0
Student_1008,T2_Spring,Program_A_C08,4,C,1,0
Student_1008,T3_Fall,Program_A_C10,3,C,1,0
Student_1008,T3_Fall,Program_A_C11,3,C,1,0
Student_1009,T1_Fall,Program_C_C01,3,F,0,0
Student_1009,T1_Fall,Program_C_C02,3,C,1,0
Student_1009,T1_Fall,Program_C_C04,4,F,0,0
Student_1009,T2_Spring,Program_C_C04,4,C,1,0
Student_1009,T1_Fall,Program_C_C05,3,B,1,0
Student_1009,T2_Spring,Program_C_C08,4,F,0,0
Student_1009,T3_Fall,Program_C_C08,4,C,1,0
Student_1009,T2_Spring,Program_C_C09,3,B,1,0
Student_1009,T2_Spring,Program_C_C12,4,F,0,0
Student_1009,T2_Spring,Program_C_C13,3,W,0,1
Student_1010,T1_Fall,Program_A_C01,3,C,1,0
Student_1010,T1_Fall,Program_A_C02,3,B,1,0
Student_1010,T1_Fall,Program_A_C03,3,B,1,0
Student_1010,T1_Fall,Program_A_C04,4,B,1,0
Student_1010,T2_Spring,Program_A_C05,3,F,0,0
Student_1010,T3_Fall,Program_A_C05,3,C,1,0
Student_1010,T2_Spring,Program_A_C06,3,B,1,0
Student_1011,T1_Fall,Program_B_C01,3,B,1,0
Student_1011,T1_Fall,Program_B_C02,3,B,1,0
Student_1011,T1_Fall,Program_B_C03,3,B,1,0
Student_1011,T1_Fall,Program_B_C04,4,A,1,0
Student_1011,T2_Spring,Program_B_C05,3,B,1,0
Student_1011,T2_Spring,Program_B_C06,3,A,1,0
Student_1012,T1_Fall,Program_B_C01,3,C,1,0
Student_1012,T1_Fall,Program_B_C02,3,C,1,0
Student_1012,T1_Fall,Program_B_C03,3,B,1,0
Student_1012,T1_Fall,Program_B_C04,4,C,1,0
Student_1012,T2_Spring,Program_B_C05,3,C,1,0
Student_1012,T2_Spring,Program_B_C06,3,F,0,0
Student_1012,T2_Spring,Program_B_C07,3,C,1,0
Student_1012,T2_Spring,Program_B_C08,4,C,1,0
Student_1012,T3_Fall,Program_B_C09,3,C,1,0
Student_1013,T1_Fall,Program_A_C01,3,C,1,0
Student_1014,T1_Fall,Program_D_C01,3,C,1,0
Student_1014,T1_Fall,Program_D_C02,3,B,1,0
Student_1014,T1_Fall,Program_D_C03,3,C,1,0
Student_1014,T1_Fall,Program_D_C04,4,B,1,0
Student_1014,T2_Spring,Program_D_C05,3,F,0,0
Student_1014,T2_Spring,Program_D_C06,3,F,0,0
Student_1014,T2_Spring,Program_D_C07,3,F,0,0
Student_1014,T3_Fall,Program_D_C07,3,C,1,0
Student_1014,T2_Spring,Program_D_C08,4,F,0,0
Student_1014,T3_Fall,Program_D_C11,3,F,0,0
Student_1014,T4_Spring,Program_D_C11,3,C,1,0
Student_1014,T3_Fall,Program_D_C15,3,B,1,0
Student_1015,T1_Fall,Program_A_C01,3,B,1,0
Student_1015,T1_Fall,Program_A_C02,3,B,1,0
Student_1015,T1_Fall,Program_A_C03,3,B,1,0
Student_1016,T1_Fall,Program_A_C01,3,B,1,0
Student_1016,T1_Fall,Program_A_C02,3,B,1,0
Student_1017,T1_Fall,Program_D_C01,3,W,0,1
Student_1017,T2_Spring,Program_D_C01,3,C,1,0
Student_1018,T1_Fall,Program_C_C01,3,W,0,1
Student_1018,T2_Spring,Program_C_C01,3,C,1,0
Student_1018,T1_Fall,Program_C_C02,3,F,0,0
Student_1018,T1_Fall,Program_C_C03,3,F,0,0
Student_1019,T1_Fall,Program_D_C01,3,B,1,0
Student_1019,T1_Fall,Program_D_C02,3,B,1,0
Student_1019,T1_Fall,Program_D_C03,3,W,0,1
Student_1019,T2_Spring,Program_D_C03,3,C,1,0
Student_1019,T1_Fall,Program_D_C04,4,B,1,0
Student_1019,T2_Spring,Program_D_C05,3,C,1,0
Student_1019,T2_Spring,Program_D_C06,3,C,1,0
Student_1019,T2_Spring,Program_D_C07,3,C,1,0
Student_1019,T2_Spring,Program_D_C08,4,C,1,0
Student_1019,T3_Fall,Program_D_C09,3,B,1,0
Student_1019,T3_Fall,Program_D_C10,3,F,0,0
Student_1019,T4_Spring,Program_D_C10,3,C,1,0
Student_1019,T3_Fall,Program_D_C11,3,C,1,0
Student_1019,T3_Fall,Program_D_C12,4,C,1,0
Student_1020,T1_Fall,Program_C_C01,3,B,1,0
Student_1020,T1_Fall,Program_C_C02,3,B,1,0
Student_1020,T1_Fall,Program_C_C03,3,B,1,0
Student_1020,T1_Fall,Program_C_C04,4,A,1,0
Student_1020,T2_Spring,Program_C_C05,3,B,1,0
Student_1020,T2_Spring,Program_C_C06,3,B,1,0
Student_1021,T1_Fall,Program_D_C01,3,C,1,0
Student_1021,T1_Fall,Program_D_C02,3,C,1,0
Student_1021,T1_Fall,Program_D_C03,3,C,1,0
Student_1021,T1_Fall,Program_D_C04,4,C,1,0
Student_1021,T2_Spring,Program_D_C05,3,F,0,0
Student_1021,T3_Fall,Program_D_C05,3,F,0,0
Student_1021,T2_Spring,Program_D_C06,3,C,1,0
Student_1021,T2_Spring,Program_D_C07,3,C,1,0
Student_1022,T1_Fall,Program_D_C01,3,C,1,0
Student_1023,T1_Fall,Program_A_C01,3,B,1,0
Student_1023,T1_Fall,Program_A_C02,3,W,0,1
Student_1023,T1_Fall,Program_A_C03,3,F,0,0
Student_1023,T2_Spring,Program_A_C03,3,C,1,0
Student_1023,T1_Fall,Program_A_C06,3,C,1,0
Student_1023,T2_Spring,Program_A_C07,3,C,1,0
Student_1023,T2_Spring,Program_A_C10,3,C,1,0
Student_1023,T2_Spring,Program_A_C11,3,D,1,0
Student_1024,T1_Fall,Program_C_C01,3,C,1,0
Student_1024,T1_Fall,Program_C_C02,3,C,1,0
Student_1024,T1_Fall,Program_C_C03,3,C,1,0
Student_1024,T1_Fall,Program_C_C04,4,W,0,1
Student_1024,T2_Spring,Program_C_C04,4,C,1,0
Student_1024,T2_Spring,Program_C_C05,3,W,0,1
Student_1024,T2_Spring,Program_C_C06,3,W,0,1
Student_1024,T3_Fall,Program_C_C06,3,C,1,0
Student_1024,T2_Spring,Program_C_C07,3,W,0,1
Student_1024,T3_Fall,Program_C_C07,3,C,1,0
Student_1025,T1_Fall,Program_D_C01,3,C,1,0
Student_1026,T1_Fall,Program_D_C01,3,C,1,0
Student_1026,T1_Fall,Program_D_C02,3,B,1,0
Student_1026,T1_Fall,Program_D_C03,3,B,1,0
Student_1026,T1_Fall,Program_D_C04,4,W,0,1
Student_1026,T2_Spring,Program_D_C05,3,F,0,0
Student_1026,T2_Spring,Program_D_C06,3,B,1,0
Student_1026,T2_Spring,Program_D_C07,3,C,1,0
Student_1027,T1_Fall,Program_C_C01,3,B,1,0
Student_1027,T1_Fall,Program_C_C02,3,C,1,0
Student_1027,T1_Fall,Program_C_C03,3,B,1,0
Student_1027,T1_Fall,Program_C_C04,4,B,1,0
Student_1027,T2_Spring,Program_C_C05,3,B,1,0
Student_1027,T2_Spring,Program_C_C06,3,F,0,0
Student_1027,T2_Spring,Program_C_C07,3,B,1,0
Student_1028,T1_Fall,Program_D_C01,3,B,1,0
Student_1028,T1_Fall,Program_D_C02,3,F,0,0
Student_1028,T1_Fall,Program_D_C03,3,F,0,0
Student_1029,T1_Fall,Program_C_C01,3,A,1,0
Student_1029,T1_Fall,Program_C_C02,3,B,1,0
Student_1029,T1_Fall,Program_C_C03,3,A,1,0
Student_1029,T1_Fall,Program_C_C04,4,A,1,0
Student_1029,T2_Spring,Program_C_C05,3,B,1,0
Student_1029,T2_Spring,Program_C_C06,3,B,1,0
Student_1029,T2_Spring,Program_C_C07,3,B,1,0
Student_1029,T2_Spring,Program_C_C08,4,A,1,0
Student_1029,T3_Fall,Program_C_C09,3,B,1,0
Student_1029,T3_Fall,Program_C_C10,3,B,1,0
Student_1029,T3_Fall,Program_C_C11,3,C,1,0
Student_1029,T3_Fall,Program_C_C12,4,B,1,0
Student_1030,T1_Fall,Program_A_C01,3,D,1,0
Student_1030,T1_Fall,Program_A_C02,3,C,1,0
Student_1030,T1_Fall,Program_A_C03,3,B,1,0
Student_1030,T1_Fall,Program_A_C04,4,W,0,1
Student_1030,T2_Spring,Program_A_C05,3,B,1,0
Student_1030,T2_Spring,Program_A_C06,3,C,1,0
Student_1030,T2_Spring,Program_A_C07,3,F,0,0
Student_1030,T3_Fall,Program_A_C07,3,C,1,0
Student_1030,T2_Spring,Program_A_C09,3,F,0,0
Student_1030,T3_Fall,Program_A_C09,3,C,1,0
Student_1030,T3_Fall,Program_A_C10,3,F,0,0
Student_1030,T3_Fall,Program_A_C11,3,B,1,0
Student_1030,T3_Fall,Program_A_C13,3,B,1,0
Student_1030,T3_Fall,Program_A_C15,3,D,1,0
Student_1031,T1_Fall,Program_B_C01,3,F,0,0
Student_1031,T2_Spring,Program_B_C01,3,C,1,0
Student_1031,T1_Fall,Program_B_C02,3,C,1,0
Student_1031,T1_Fall,Program_B_C03,3,C,1,0
Student_1031,T1_Fall,Program_B_C04,4,W,0,1
Student_1031,T2_Spring,Program_B_C04,4,C,1,0
Student_1032,T1_Fall,Program_B_C01,3,D,1,0
Student_1032,T1_Fall,Program_B_C02,3,C,1,0
Student_1032,T1_Fall,Program_B_C03,3,C,1,0
Student_1032,T1_Fall,Program_B_C04,4,C,1,0
Student_1032,T2_Spring,Program_B_C05,3,C,1,0
Student_1032,T2_Spring,Program_B_C06,3,B,1,0
Student_1033,T1_Fall,Program_A_C01,3,B,1,0
Student_1033,T1_Fall,Program_A_C02,3,B,1,0
Student_1033,T1_Fall,Program_A_C03,3,C,1,0
Student_1033,T1_Fall,Program_A_C04,4,W,0,1
Student_1033,T2_Spring,Program_A_C05,3,C,1,0
Student_1033,T2_Spring,Program_A_C06,3,B,1,0
Student_1033,T2_Spring,Program_A_C07,3,B,1,0
Student_1033,T2_Spring,Program_A_C09,3,C,1,0
Student_1033,T3_Fall,Program_A_C10,3,C,1,0
Student_1033,T3_Fall,Program_A_C11,3,B,1,0
Student_1033,T3_Fall,Program_A_C13,3,B,1,0
Student_1034,T1_Fall,Program_C_C01,3,F,0,0
Student_1034,T1_Fall,Program_C_C02,3,C,1,0
Student_1034,T1_Fall,Program_C_C04,4,W,0,1
Student_1034,T2_Spring,Program_C_C04,4,C,1,0
Student_1034,T1_Fall,Program_C_C05,3,F,0,0
Student_1034,T2_Spring,Program_C_C05,3,C,1,0
Student_1034,T2_Spring,Program_C_C08,4,W,0,1
Student_1034,T2_Spring,Program_C_C09,3,D,1,0
Student_1034,T2_Spring,Program_C_C13,3,F,0,0
Student_1035,T1_Fall,Program_A_C01,3,A,1,0
Student_1035,T1_Fall,Program_A_C02,3,B,1,0
Student_1035,T1_Fall,Program_A_C03,3,B,1,0
Student_1035,T1_Fall,Program_A_C04,4,B,1,0
Student_1035,T2_Spring,Program_A_C05,3,B,1,0
Student_1035,T2_Spring,Program_A_C06,3,A,1,0
Student_1035,T2_Spring,Program_A_C07,3,A,1,0
Student_1035,T2_Spring,Program_A_C08,4,A,1,0
Student_1035,T3_Fall,Program_A_C09,3,B,1,0
Student_1035,T3_Fall,Program_A_C10,3,A,1,0
Student_1036,T1_Fall,Program_D_C01,3,D,1,0
Student_1036,T1_Fall,Program_D_C02,3,B,1,0
Student_1036,T1_Fall,Program_D_C03,3,B,1,0
Student_1036,T1_Fall,Program_D_C04,4,B,1,0
Student_1036,T2_Spring,Program_D_C05,3,B,1,0
Student_1036,T2_Spring,Program_D_C06,3,B,1,0
Student_1036,T2_Spring,Program_D_C07,3,B,1,0
Student_1036,T2_Spring,Program_D_C08,4,C,1,0
Student_1036,T3_Fall,Program_D_C09,3,B,1,0
Student_1037,T1_Fall,Program_B_C01,3,F,0,0
Student_1037,T1_Fall,Program_B_C02,3,C,1,0
Student_1037,T1_Fall,Program_B_C04,4,C,1,0
Student_1037,T1_Fall,Program_B_C05,3,B,1,0
Student_1037,T2_Spring,Program_B_C08,4,C,1,0
Student_1037,T2_Spring,Program_B_C09,3,C,1,0
Student_1037,T2_Spring,Program_B_C12,4,B,1,0
Student_1037,T2_Spring,Program_B_C13,3,C,1,0
Student_1038,T1_Fall,Program_C_C01,3,A,1,0
Student_1038,T1_Fall,Program_C_C02,3,A,1,0
Student_1038,T1_Fall,Program_C_C03,3,B,1,0
Student_1038,T1_Fall,Program_C_C04,4,A,1,0
Student_1038,T2_Spring,Program_C_C05,3,A,1,0
Student_1038,T2_Spring,Program_C_C06,3,B,1,0
Student_1038,T2_Spring,Program_C_C07,3,B,1,0
Student_1038,T2_Spring,Program_C_C08,4,B,1,0
Student_1038,T3_Fall,Program_C_C09,3,B,1,0
Student_1038,T3_Fall,Program_C_C10,3,A,1,0
Student_1039,T1_Fall,Program_A_C01,3,F,0,0
Student_1039,T1_Fall,Program_A_C02,3,W,0,1
Student_1039,T2_Spring,Program_A_C02,3,C,1,0
Student_1039,T1_Fall,Program_A_C04,4,F,0,0
Student_1039,T2_Spring,Program_A_C04,4,C,1,0
Student_1039,T1_Fall,Program_A_C05,3,F,0,0
Student_1039,T2_Spring,Program_A_C05,3,C,1,0
Student_1040,T1_Fall,Program_A_C01,3,B,1,0
Student_1040,T1_Fall,Program_A_C02,3,C,1,0
Student_1041,T1_Fall,Program_D_C01,3,A,1,0
Student_1041,T1_Fall,Program_D_C02,3,F,0,0
Student_1041,T2_Spring,Program_D_C02,3,C,1,0
Student_1041,T1_Fall,Program_D_C03,3,A,1,0
Student_1041,T1_Fall,Program_D_C04,4,B,1,0
Student_1041,T2_Spring,Program_D_C05,3,B,1,0
Student_1041,T2_Spring,Program_D_C06,3,B,1,0
Student_1042,T1_Fall,Program_B_C01,3,A,1,0
Student_1042,T1_Fall,Program_B_C02,3,B,1,0
Student_1042,T1_Fall,Program_B_C03,3,B,1,0
Student_1042,T1_Fall,Program_B_C04,4,B,1,0
Student_1042,T2_Spring,Program_B_C05,3,C,1,0
Student_1042,T2_Spring,Program_B_C06,3,B,1,0
Student_1042,T2_Spring,Program_B_C07,3,B,1,0
Student_1042,T2_Spring,Program_B_C08,4,F,0,0
Student_1042,T3_Fall,Program_B_C08,4,C,1,0
Student_1042,T3_Fall,Program_B_C09,3,B,1,0
Student_1042,T3_Fall,Program_B_C10,3,B,1,0
Student_1042,T3_Fall,Program_B_C11,3,B,1,0
Student_1043,T1_Fall,Program_A_C01,3,B,1,0
Student_1043,T1_Fall,Program_A_C02,3,B,1,0
Student_1043,T1_Fall,Program_A_C03,3,A,1,0
Student_1043,T1_Fall,Program_A_C04,4,B,1,0
Student_1043,T2_Spring,Program_A_C05,3,B,1,0
Student_1043,T2_Spring,Program_A_C06,3,B,1,0
Student_1043,T2_Spring,Program_A_C07,3,B,1,0
Student_1043,T2_Spring,Program_A_C08,4,A,1,0
Student_1043,T3_Fall,Program_A_C09,3,B,1,0
Student_1044,T1_Fall,Program_D_C01,3,B,1,0
Student_1044,T1_Fall,Program_D_C02,3,A,1,0
Student_1044,T1_Fall,Program_D_C03,3,C,1,0
Student_1044,T1_Fall,Program_D_C04,4,B,1,0
Student_1044,T2_Spring,Program_D_C05,3,B,1,0
Student_1044,T2_Spring,Program_D_C06,3,A,1,0
Student_1045,T1_Fall,Program_D_C01,3,B,1,0
Student_1045,T1_Fall,Program_D_C02,3,B,1,0
Student_1045,T1_Fall,Program_D_C03,3,B,1,0
Student_1045,T1_Fall,Program_D_C04,4,B,1,0
Student_1045,T2_Spring,Program_D_C05,3,C,1,0
Student_1045,T2_Spring,Program_D_C06,3,B,1,0
Student_1045,T2_Spring,Program_D_C07,3,C,1,0
Student_1045,T2_Spring,Program_D_C08,4,B,1,0
Student_1045,T3_Fall,Program_D_C09,3,C,1,0
Student_1046,T1_Fall,Program_C_C01,3,B,1,0
Student_1046,T1_Fall,Program_C_C02,3,C,1,0
Student_1046,T1_Fall,Program_C_C03,3,A,1,0
Student_1046,T1_Fall,Program_C_C04,4,F,0,0
Student_1046,T2_Spring,Program_C_C05,3,B,1,0
Student_1046,T2_Spring,Program_C_C06,3,B,1,0
Student_1047,T1_Fall,Program_A_C01,3,C,1,0
Student_1047,T1_Fall,Program_A_C02,3,B,1,0
Student_1047,T1_Fall,Program_A_C03,3,B,1,0
Student_1047,T1_Fall,Program_A_C04,4,B,1,0
Student_1048,T1_Fall,Program_D_C01,3,F,0,0
Student_1048,T1_Fall,Program_D_C02,3,F,0,0
Student_1048,T2_Spring,Program_D_C02,3,C,1,0
Student_1048,T1_Fall,Program_D_C04,4,C,1,0
Student_1048,T1_Fall,Program_D_C05,3,W,0,1
Student_1048,T2_Spring,Program_D_C08,4,F,0,0
Student_1049,T1_Fall,Program_A_C01,3,F,0,0
Student_1049,T1_Fall,Program_A_C02,3,B,1,0
Student_1050,T1_Fall,Program_B_C01,3,B,1,0
Student_1050,T1_Fall,Program_B_C02,3,B,1,0
Student_1050,T1_Fall,Program_B_C03,3,W,0,1
Student_1050,T1_Fall,Program_B_C04,4,B,1,0
Student_1050,T2_Spring,Program_B_C05,3,A,1,0
Student_1050,T2_Spring,Program_B_C08,4,B,1,0
Student_1051,T1_Fall,Program_A_C01,3,B,1,0
Student_1051,T1_Fall,Program_A_C02,3,F,0,0
Student_1051,T2_Spring,Program_A_C02,3,C,1,0
Student_1051,T1_Fall,Program_A_C03,3,B,1,0
Student_1051,T1_Fall,Program_A_C04,4,F,0,0
Student_1051,T2_Spring,Program_A_C05,3,F,0,0
Student_1051,T3_Fall,Program_A_C05,3,C,1,0
Student_1051,T2_Spring,Program_A_C06,3,C,1,0
Student_1051,T2_Spring,Program_A_C07,3,B,1,0
Student_1051,T2_Spring,Program_A_C09,3,C,1,0
Student_1051,T3_Fall,Program_A_C10,3,B,1,0
Student_1051,T3_Fall,Program_A_C11,3,C,1,0
Student_1051,T3_Fall,Program_A_C13,3,W,0,1
Student_1051,T3_Fall,Program_A_C14,3,B,1,0
Student_1051,T4_Spring,Program_A_C15,3,C,1,0
Student_1052,T1_Fall,Program_D_C01,3,C,1,0
Student_1052,T1_Fall,Program_D_C02,3,F,0,0
Student_1052,T2_Spring,Program_D_C02,3,F,0,0
Student_1052,T1_Fall,Program_D_C03,3,B,1,0
Student_1052,T1_Fall,Program_D_C06,3,W,0,1
Student_1052,T2_Spring,Program_D_C06,3,C,1,0
Student_1052,T2_Spring,Program_D_C07,3,W,0,1
Student_1052,T3_Fall,Program_D_C07,3,C,1,0
Student_1052,T2_Spring,Program_D_C10,3,F,0,0
Student_1052,T3_Fall,Program_D_C10,3,C,1,0
Student_1052,T2_Spring,Program_D_C11,3,F,0,0
Student_1052,T3_Fall,Program_D_C11,3,F,0,0
Student_1052,T2_Spring,Program_D_C14,3,C,1,0
Student_1053,T1_Fall,Program_C_C01,3,A,1,0
Student_1053,T1_Fall,Program_C_C02,3,C,1,0
Student_1053,T1_Fall,Program_C_C03,3,C,1,0
Student_1053,T1_Fall,Program_C_C04,4,C,1,0
Student_1053,T2_Spring,Program_C_C05,3,F,0,0
Student_1053,T2_Spring,Program_C_C06,3,B,1,0
Student_1053,T2_Spring,Program_C_C07,3,B,1,0
Student_1053,T2_Spring,Program_C_C08,4,D,1,0
Student_1053,T3_Fall,Program_C_C10,3,C,1,0
Student_1053,T3_Fall,Program_C_C11,3,C,1,0
Student_1053,T3_Fall,Program_C_C12,4,B,1,0
Student_1054,T1_Fall,Program_A_C01,3,B,1,0
Student_1054,T1_Fall,Program_A_C02,3,B,1,0
Student_1054,T1_Fall,Program_A_C03,3,B,1,0
Student_1054,T1_Fall,Program_A_C04,4,C,1,0
Student_1054,T2_Spring,Program_A_C05,3,B,1,0
Student_1054,T2_Spring,Program_A_C06,3,B,1,0
Student_1054,T2_Spring,Program_A_C07,3,W,0,1
Student_1054,T2_Spring,Program_A_C08,4,C,1,0
Student_1054,T3_Fall,Program_A_C09,3,F,0,0
Student_1054,T3_Fall,Program_A_C10,3,B,1,0
Student_1054,T3_Fall,Program_A_C12,4,B,1,0
Student_1054,T3_Fall,Program_A_C14,3,B,1,0
Student_1055,T1_Fall,Program_D_C01,3,F,0,0
Student_1055,T1_Fall,Program_D_C02,3,B,1,0
Student_1055,T1_Fall,Program_D_C04,4,B,1,0
Student_1055,T1_Fall,Program_D_C05,3,B,1,0
Student_1055,T2_Spring,Program_D_C08,4,W,0,1
Student_1055,T3_Fall,Program_D_C08,4,C,1,0
Student_1055,T2_Spring,Program_D_C09,3,F,0,0
Student_1055,T2_Spring,Program_D_C12,4,B,1,0
Student_1055,T2_Spring,Program_D_C16,3,F,0,0
Student_1055,T3_Fall,Program_D_C16,3,C,1,0
Student_1056,T1_Fall,Program_A_C01,3,B,1,0
Student_1056,T1_Fall,Program_A_C02,3,F,0,0
Student_1056,T1_Fall,Program_A_C03,3,C,1,0
Student_1056,T1_Fall,Program_A_C06,3,C,1,0
Student_1056,T2_Spring,Program_A_C07,3,B,1,0
Student_1057,T1_Fall,Program_D_C01,3,B,1,0
Student_1057,T1_Fall,Program_D_C02,3,B,1,0
Student_1057,T1_Fall,Program_D_C03,3,C,1,0
Student_1058,T1_Fall,Program_D_C01,3,B,1,0
Student_1058,T1_Fall,Program_D_C02,3,F,0,0
Student_1058,T2_Spring,Program_D_C02,3,C,1,0
Student_1058,T1_Fall,Program_D_C03,3,W,0,1
Student_1058,T2_Spring,Program_D_C03,3,C,1,0
Student_1058,T1_Fall,Program_D_C04,4,B,1,0
Student_1058,T2_Spring,Program_D_C05,3,B,1,0
Student_1058,T2_Spring,Program_D_C06,3,F,0,0
Student_1058,T2_Spring,Program_D_C07,3,B,1,0
Student_1058,T2_Spring,Program_D_C08,4,C,1,0
Student_1058,T3_Fall,Program_D_C09,3,F,0,0
Student_1058,T4_Spring,Program_D_C09,3,C,1,0
Student_1058,T3_Fall,Program_D_C11,3,F,0,0
Student_1058,T3_Fall,Program_D_C12,4,F,0,0
Student_1058,T3_Fall,Program_D_C13,3,C,1,0
Student_1059,T1_Fall,Program_A_C01,3,F,0,0
Student_1059,T1_Fall,Program_A_C02,3,A,1,0
Student_1060,T1_Fall,Program_C_C01,3,B,1,0
Student_1060,T1_Fall,Program_C_C02,3,B,1,0
Student_1060,T1_Fall,Program_C_C03,3,B,1,0
Student_1060,T1_Fall,Program_C_C04,4,B,1,0
Student_1060,T2_Spring,Program_C_C05,3,C,1,0
Student_1061,T1_Fall,Program_A_C01,3,C,1,0
Student_1061,T1_Fall,Program_A_C02,3,F,0,0
Student_1061,T2_Spring,Program_A_C02,3,C,1,0
Student_1061,T1_Fall,Program_A_C03,3,C,1,0
Student_1061,T1_Fall,Program_A_C04,4,B,1,0
Student_1061,T2_Spring,Program_A_C05,3,B,1,0
Student_1061,T2_Spring,Program_A_C06,3,C,1,0
Student_1062,T1_Fall,Program_A_C01,3,F,0,0
Student_1062,T1_Fall,Program_A_C02,3,W,0,1
Student_1062,T2_Spring,Program_A_C02,3,C,1,0
Student_1062,T1_Fall,Program_A_C04,4,W,0,1
Student_1062,T2_Spring,Program_A_C04,4,F,0,0
Student_1062,T1_Fall,Program_A_C05,3,C,1,0
Student_1062,T2_Spring,Program_A_C09,3,C,1,0
Student_1062,T2_Spring,Program_A_C13,3,W,0,1
Student_1063,T1_Fall,Program_B_C01,3,C,1,0
Student_1063,T1_Fall,Program_B_C02,3,C,1,0
Student_1063,T1_Fall,Program_B_C03,3,B,1,0
Student_1063,T1_Fall,Program_B_C04,4,C,1,0
Student_1063,T2_Spring,Program_B_C05,3,F,0,0
Student_1063,T2_Spring,Program_B_C06,3,B,1,0
Student_1063,T2_Spring,Program_B_C07,3,B,1,0
Student_1063,T2_Spring,Program_B_C08,4,B,1,0
Student_1063,T3_Fall,Program_B_C10,3,F,0,0
Student_1063,T4_Spring,Program_B_C10,3,C,1,0
Student_1063,T3_Fall,Program_B_C11,3,B,1,0
Student_1063,T3_Fall,Program_B_C12,4,D,1,0
Student_1063,T3_Fall,Program_B_C14,3,C,1,0
Student_1064,T1_Fall,Program_A_C01,3,W,0,1
Student_1064,T1_Fall,Program_A_C02,3,A,1,0
Student_1065,T1_Fall,Program_D_C01,3,C,1,0
Student_1065,T1_Fall,Program_D_C02,3,B,1,0
Student_1065,T1_Fall,Program_D_C03,3,B,1,0
Student_1065,T1_Fall,Program_D_C04,4,B,1,0
Student_1065,T2_Spring,Program_D_C05,3,B,1,0
Student_1065,T2_Spring,Program_D_C06,3,C,1,0
Student_1065,T2_Spring,Program_D_C07,3,B,1,0
Student_1065,T2_Spring,Program_D_C08,4,C,1,0
Student_1065,T3_Fall,Program_D_C09,3,B,1,0
Student_1066,T1_Fall,Program_A_C01,3,A,1,0
Student_1066,T1_Fall,Program_A_C02,3,B,1,0
Student_1066,T1_Fall,Program_A_C03,3,B,1,0
Student_1066,T1_Fall,Program_A_C04,4,B,1,0
Student_1066,T2_Spring,Program_A_C05,3,B,1,0
Student_1066,T2_Spring,Program_A_C06,3,B,1,0
Student_1066,T2_Spring,Program_A_C07,3,B,1,0
Student_1066,T2_Spring,Program_A_C08,4,B,1,0
Student_1066,T3_Fall,Program_A_C09,3,F,0,0
Student_1066,T3_Fall,Program_A_C10,3,F,0,0
Student_1066,T3_Fall,Program_A_C11,3,B,1,0
Student_1066,T3_Fall,Program_A_C12,4,B,1,0
Student_1066,T4_Spring,Program_A_C15,3,C,1,0
Student_1066,T4_Spring,Program_A_C16,3,B,1,0
Student_1067,T1_Fall,Program_A_C01,3,B,1,0
Student_1067,T1_Fall,Program_A_C02,3,B,1,0
Student_1067,T1_Fall,Program_A_C03,3,A,1,0
Student_1067,T1_Fall,Program_A_C04,4,A,1,0
Student_1067,T2_Spring,Program_A_C05,3,F,0,0
Student_1067,T3_Fall,Program_A_C05,3,C,1,0
Student_1067,T2_Spring,Program_A_C06,3,A,1,0
Student_1068,T1_Fall,Program_A_C01,3,F,0,0
Student_1068,T2_Spring,Program_A_C01,3,C,1,0
Student_1068,T1_Fall,Program_A_C02,3,F,0,0
Student_1068,T2_Spring,Program_A_C02,3,C,1,0
Student_1068,T1_Fall,Program_A_C03,3,B,1,0
Student_1068,T1_Fall,Program_A_C04,4,W,0,1
Student_1068,T2_Spring,Program_A_C05,3,C,1,0
Student_1068,T2_Spring,Program_A_C06,3,W,0,1
Student_1068,T3_Fall,Program_A_C06,3,C,1,0
Student_1068,T2_Spring,Program_A_C07,3,C,1,0
Student_1068,T2_Spring,Program_A_C09,3,C,1,0
Student_1068,T3_Fall,Program_A_C10,3,C,1,0
Student_1068,T3_Fall,Program_A_C11,3,W,0,1
Student_1068,T4_Spring,Program_A_C11,3,F,0,0
Student_1068,T3_Fall,Program_A_C13,3,W,0,1
Student_1068,T4_Spring,Program_A_C13,3,C,1,0
Student_1069,T1_Fall,Program_B_C01,3,F,0,0
Student_1069,T1_Fall,Program_B_C02,3,F,0,0
Student_1069,T2_Spring,Program_B_C02,3,C,1,0
Student_1069,T1_Fall,Program_B_C04,4,C,1,0
Student_1070,T1_Fall,Program_C_C01,3,A,1,0
Student_1070,T1_Fall,Program_C_C02,3,B,1,0
Student_1070,T1_Fall,Program_C_C03,3,A,1,0
Student_1071,T1_Fall,Program_B_C01,3,A,1,0
Student_1071,T1_Fall,Program_B_C02,3,A,1,0
Student_1072,T1_Fall,Program_D_C01,3,C,1,0
Student_1072,T1_Fall,Program_D_C02,3,C,1,0
Student_1072,T1_Fall,Program_D_C03,3,C,1,0
Student_1073,T1_Fall,Program_D_C01,3,B,1,0
Student_1073,T1_Fall,Program_D_C02,3,C,1,0
Student_1073,T1_Fall,Program_D_C03,3,W,0,1
Student_1073,T1_Fall,Program_D_C04,4,B,1,0
Student_1073,T2_Spring,Program_D_C05,3,B,1,0
Student_1073,T2_Spring,Program_D_C08,4,B,1,0
Student_1073,T2_Spring,Program_D_C09,3,F,0,0
Student_1073,T2_Spring,Program_D_C12,4,C,1,0
Student_1074,T1_Fall,Program_A_C01,3,A,1,0
Student_1075,T1_Fall,Program_B_C01,3,B,1,0
Student_1075,T1_Fall,Program_B_C02,3,C,1,0
Student_1075,T1_Fall,Program_B_C03,3,F,0,0
Student_1075,T1_Fall,Program_B_C04,4,B,1,0
Student_1075,T2_Spring,Program_B_C05,3,C,1,0
Student_1075,T2_Spring,Program_B_C08,4,B,1,0
Student_1075,T2_Spring,Program_B_C09,3,C,1,0
Student_1075,T2_Spring,Program_B_C12,4,B,1,0
Student_1075,T3_Fall,Program_B_C13,3,B,1,0
Student_1075,T3_Fall,Program_B_C16,3,B,1,0
Student_1076,T1_Fall,Program_B_C01,3,C,1,0
Student_1076,T1_Fall,Program_B_C02,3,B,1,0
Student_1076,T1_Fall,Program_B_C03,3,F,0,0
Student_1076,T2_Spring,Program_B_C03,3,C,1,0
Student_1076,T1_Fall,Program_B_C04,4,W,0,1
Student_1076,T2_Spring,Program_B_C04,4,F,0,0
Student_1076,T2_Spring,Program_B_C05,3,W,0,1
Student_1076,T2_Spring,Program_B_C06,3,C,1,0
Student_1076,T2_Spring,Program_B_C07,3,B,1,0
Student_1076,T2_Spring,Program_B_C10,3,F,0,0
Student_1076,T3_Fall,Program_B_C11,3,B,1,0
Student_1076,T3_Fall,Program_B_C15,3,C,1,0
Student_1077,T1_Fall,Program_D_C01,3,F,0,0
Student_1077,T2_Spring,Program_D_C01,3,C,1,0
Student_1077,T1_Fall,Program_D_C02,3,F,0,0
Student_1077,T2_Spring,Program_D_C02,3,C,1,0
Student_1077,T1_Fall,Program_D_C03,3,W,0,1
Student_1077,T1_Fall,Program_D_C04,4,W,0,1
Student_1077,T2_Spring,Program_D_C05,3,F,0,0
Student_1077,T3_Fall,Program_D_C05,3,F,0,0
Student_1078,T1_Fall,Program_D_C01,3,B,1,0
Student_1078,T1_Fall,Program_D_C02,3,B,1,0
Student_1078,T1_Fall,Program_D_C03,3,B,1,0
Student_1078,T1_Fall,Program_D_C04,4,B,1,0
Student_1078,T2_Spring,Program_D_C05,3,B,1,0
Student_1078,T2_Spring,Program_D_C06,3,B,1,0
Student_1079,T1_Fall,Program_A_C01,3,B,1,0
Student_1079,T1_Fall,Program_A_C02,3,W,0,1
Student_1079,T2_Spring,Program_A_C02,3,C,1,0
Student_1080,T1_Fall,Program_B_C01,3,F,0,0
Student_1080,T2_Spring,Program_B_C01,3,C,1,0
Student_1080,T1_Fall,Program_B_C02,3,B,1,0
Student_1080,T1_Fall,Program_B_C03,3,F,0,0
Student_1080,T2_Spring,Program_B_C03,3,C,1,0
Student_1080,T1_Fall,Program_B_C04,4,W,0,1
Student_1080,T2_Spring,Program_B_C04,4,C,1,0
Student_1080,T2_Spring,Program_B_C05,3,F,0,0
Student_1080,T2_Spring,Program_B_C06,3,F,0,0
Student_1080,T3_Fall,Program_B_C06,3,C,1,0
Student_1080,T2_Spring,Program_B_C07,3,C,1,0
Student_1080,T2_Spring,Program_B_C08,4,D,1,0
Student_1080,T3_Fall,Program_B_C10,3,C,1,0
Student_1080,T3_Fall,Program_B_C11,3,F,0,0
Student_1080,T3_Fall,Program_B_C12,4,C,1,0
Student_1080,T3_Fall,Program_B_C14,3,C,1,0
Student_1081,T1_Fall,Program_C_C01,3,B,1,0
Student_1081,T1_Fall,Program_C_C02,3,B,1,0
Student_1081,T1_Fall,Program_C_C03,3,A,1,0
Student_1081,T1_Fall,Program_C_C04,4,A,1,0
Student_1081,T2_Spring,Program_C_C05,3,B,1,0
Student_1081,T2_Spring,Program_C_C06,3,B,1,0
Student_1082,T1_Fall,Program_A_C01,3,B,1,0
Student_1082,T1_Fall,Program_A_C02,3,B,1,0
Student_1082,T1_Fall,Program_A_C03,3,C,1,0
Student_1082,T1_Fall,Program_A_C04,4,B,1,0
Student_1082,T2_Spring,Program_A_C05,3,C,1,0
Student_1082,T2_Spring,Program_A_C06,3,B,1,0
Student_1083,T1_Fall,Program_C_C01,3,B,1,0
Student_1084,T1_Fall,Program_D_C01,3,A,1,0
Student_1084,T1_Fall,Program_D_C02,3,B,1,0
Student_1084,T1_Fall,Program_D_C03,3,B,1,0
Student_1084,T1_Fall,Program_D_C04,4,B,1,0
Student_1085,T1_Fall,Program_C_C01,3,C,1,0
Student_1085,T1_Fall,Program_C_C02,3,B,1,0
Student_1085,T1_Fall,Program_C_C03,3,W,0,1
Student_1085,T2_Spring,Program_C_C03,3,C,1,0
Student_1085,T1_Fall,Program_C_C04,4,B,1,0
Student_1085,T2_Spring,Program_C_C05,3,B,1,0
Student_1085,T2_Spring,Program_C_C06,3,B,1,0
Student_1085,T2_Spring,Program_C_C07,3,B,1,0
Student_1085,T2_Spring,Program_C_C08,4,C,1,0
Student_1085,T3_Fall,Program_C_C09,3,C,1,0
Student_1085,T3_Fall,Program_C_C10,3,C,1,0
Student_1086,T1_Fall,Program_A_C01,3,F,0,0
Student_1086,T1_Fall,Program_A_C02,3,F,0,0
Student_1086,T2_Spring,Program_A_C02,3,C,1,0
Student_1086,T1_Fall,Program_A_C04,4,F,0,0
Student_1086,T2_Spring,Program_A_C04,4,C,1,0
Student_1086,T1_Fall,Program_A_C05,3,F,0,0
Student_1086,T2_Spring,Program_A_C08,4,C,1,0
Student_1086,T2_Spring,Program_A_C12,4,C,1,0
Student_1086,T2_Spring,Program_A_C16,3,W,0,1
Student_1086,T3_Fall,Program_A_C16,3,C,1,0
Student_1087,T1_Fall,Program_B_C01,3,C,1,0
Student_1087,T1_Fall,Program_B_C02,3,C,1,0
Student_1087,T1_Fall,Program_B_C03,3,C,1,0
Student_1087,T1_Fall,Program_B_C04,4,F,0,0
Student_1087,T2_Spring,Program_B_C04,4,C,1,0
Student_1087,T2_Spring,Program_B_C05,3,B,1,0
Student_1087,T2_Spring,Program_B_C06,3,B,1,0
Student_1087,T2_Spring,Program_B_C07,3,C,1,0
Student_1087,T2_Spring,Program_B_C08,4,F,0,0
Student_1087,T3_Fall,Program_B_C09,3,W,0,1
Student_1087,T3_Fall,Program_B_C10,3,C,1,0
Student_1087,T3_Fall,Program_B_C11,3,C,1,0
Student_1088,T1_Fall,Program_B_C01,3,A,1,0
Student_1088,T1_Fall,Program_B_C02,3,A,1,0
Student_1088,T1_Fall,Program_B_C03,3,A,1,0
Student_1088,T1_Fall,Program_B_C04,4,A,1,0
Student_1089,T1_Fall,Program_B_C01,3,B,1,0
Student_1089,T1_Fall,Program_B_C02,3,B,1,0
Student_1089,T1_Fall,Program_B_C03,3,W,0,1
Student_1089,T2_Spring,Program_B_C03,3,C,1,0
Student_1090,T1_Fall,Program_A_C01,3,B,1,0
Student_1090,T1_Fall,Program_A_C02,3,C,1,0
Student_1090,T1_Fall,Program_A_C03,3,C,1,0
Student_1090,T1_Fall,Program_A_C04,4,F,0,0
Student_1090,T2_Spring,Program_A_C04,4,C,1,0
Student_1090,T2_Spring,Program_A_C05,3,W,0,1
Student_1090,T2_Spring,Program_A_C06,3,C,1,0
Student_1090,T2_Spring,Program_A_C07,3,C,1,0
Student_1090,T2_Spring,Program_A_C08,4,B,1,0
Student_1090,T3_Fall,Program_A_C10,3,C,1,0
Student_1090,T3_Fall,Program_A_C11,3,B,1,0
Student_1090,T3_Fall,Program_A_C12,4,C,1,0
Student_1091,T1_Fall,Program_C_C01,3,C,1,0
Student_1092,T1_Fall,Program_D_C01,3,W,0,1
Student_1092,T2_Spring,Program_D_C01,3,F,0,0
Student_1092,T1_Fall,Program_D_C02,3,C,1,0
Student_1092,T1_Fall,Program_D_C04,4,F,0,0
Student_1092,T1_Fall,Program_D_C05,3,C,1,0
Student_1092,T2_Spring,Program_D_C09,3,F,0,0
Student_1093,T1_Fall,Program_C_C01,3,F,0,0
Student_1093,T1_Fall,Program_C_C02,3,F,0,0
Student_1093,T2_Spring,Program_C_C02,3,C,1,0
Student_1094,T1_Fall,Program_B_C01,3,C,1,0
Student_1094,T1_Fall,Program_B_C02,3,B,1,0
Student_1094,T1_Fall,Program_B_C03,3,B,1,0
Student_1095,T1_Fall,Program_A_C01,3,F,0,0
Student_1095,T1_Fall,Program_A_C02,3,C,1,0
Student_1095,T1_Fall,Program_A_C04,4,B,1,0
Student_1095,T1_Fall,Program_A_C05,3,C,1,0
Student_1095,T2_Spring,Program_A_C08,4,C,1,0
Student_1095,T2_Spring,Program_A_C09,3,C,1,0
Student_1096,T1_Fall,Program_A_C01,3,W,0,1
Student_1096,T2_Spring,Program_A_C01,3,C,1,0
Student_1096,T1_Fall,Program_A_C02,3,W,0,1
Student_1096,T1_Fall,Program_A_C03,3,C,1,0
Student_1096,T1_Fall,Program_A_C06,3,F,0,0
Student_1096,T2_Spring,Program_A_C06,3,C,1,0
Student_1096,T2_Spring,Program_A_C07,3,F,0,0
Student_1096,T3_Fall,Program_A_C07,3,C,1,0
Student_1096,T2_Spring,Program_A_C10,3,D,1,0
Student_1096,T2_Spring,Program_A_C11,3,F,0,0
Student_1096,T2_Spring,Program_A_C14,3,W,0,1
Student_1096,T3_Fall,Program_A_C14,3,F,0,0
Student_1097,T1_Fall,Program_B_C01,3,C,1,0
Student_1098,T1_Fall,Program_C_C01,3,W,0,1
Student_1098,T2_Spring,Program_C_C01,3,C,1,0
Student_1098,T1_Fall,Program_C_C02,3,B,1,0
Student_1098,T1_Fall,Program_C_C03,3,B,1,0
Student_1098,T1_Fall,Program_C_C04,4,B,1,0
Student_1098,T2_Spring,Program_C_C05,3,B,1,0
Student_1098,T2_Spring,Program_C_C06,3,B,1,0
Student_1098,T2_Spring,Program_C_C07,3,B,1,0
Student_1098,T2_Spring,Program_C_C08,4,A,1,0
Student_1099,T1_Fall,Program_C_C01,3,F,0,0
Student_1099,T2_Spring,Program_C_C01,3,F,0,0
Student_1099,T1_Fall,Program_C_C02,3,C,1,0
Student_1099,T1_Fall,Program_C_C04,4,F,0,0
Student_1099,T2_Spring,Program_C_C04,4,C,1,0
Student_1099,T1_Fall,Program_C_C05,3,W,0,1
Student_1099,T2_Spring,Program_C_C05,3,F,0,0
Student_1099,T2_Spring,Program_C_C08,4,W,0,1
Student_1099,T3_Fall,Program_C_C08,4,C,1,0
Student_1099,T2_Spring,Program_C_C12,4,W,0,1
Student_1100,T1_Fall,Program_A_C01,3,B,1,0
Student_1100,T1_Fall,Program_A_C02,3,B,1,0
Student_1100,T1_Fall,Program_A_C03,3,C,1,0
Student_1100,T1_Fall,Program_A_C04,4,C,1,0
Student_1100,T2_Spring,Program_A_C05,3,B,1,0
Student_1100,T2_Spring,Program_A_C06,3,B,1,0
Student_1100,T2_Spring,Program_A_C07,3,B,1,0
Student_1100,T2_Spring,Program_A_C08,4,C,1,0
Student_1100,T3_Fall,Program_A_C09,3,C,1,0
Student_1100,T3_Fall,Program_A_C10,3,C,1,0
Student_1100,T3_Fall,Program_A_C11,3,B,1,0
Student_1100,T3_Fall,Program_A_C12,4,C,1,0
Student_1101,T1_Fall,Program_B_C01,3,W,0,1
Student_1101,T2_Spring,Program_B_C01,3,C,1,0
Student_1101,T1_Fall,Program_B_C02,3,C,1,0
Student_1101,T1_Fall,Program_B_C03,3,F,0,0
Student_1101,T2_Spring,Program_B_C03,3,C,1,0
Student_1101,T1_Fall,Program_B_C04,4,B,1,0
Student_1101,T2_Spring,Program_B_C05,3,B,1,0
Student_1101,T2_Spring,Program_B_C06,3,B,1,0
Student_1101,T2_Spring,Program_B_C07,3,W,0,1
Student_1101,T3_Fall,Program_B_C07,3,C,1,0
Student_1101,T2_Spring,Program_B_C08,4,C,1,0
Student_1101,T3_Fall,Program_B_C09,3,B,1,0
Student_1101,T3_Fall,Program_B_C10,3,B,1,0
Student_1102,T1_Fall,Program_C_C01,3,C,1,0
Student_1102,T1_Fall,Program_C_C02,3,F,0,0
Student_1102,T1_Fall,Program_C_C03,3,C,1,0
Student_1102,T1_Fall,Program_C_C06,3,W,0,1
Student_1102,T2_Spring,Program_C_C06,3,C,1,0
Student_1102,T2_Spring,Program_C_C07,3,F,0,0
Student_1102,T2_Spring,Program_C_C10,3,F,0,0
Student_1102,T3_Fall,Program_C_C10,3,C,1,0
Student_1103,T1_Fall,Program_D_C01,3,B,1,0
Student_1103,T1_Fall,Program_D_C02,3,B,1,0
Student_1103,T1_Fall,Program_D_C03,3,C,1,0
Student_1103,T1_Fall,Program_D_C04,4,B,1,0
Student_1103,T2_Spring,Program_D_C05,3,B,1,0
Student_1103,T2_Spring,Program_D_C06,3,F,0,0
Student_1103,T3_Fall,Program_D_C06,3,C,1,0
Student_1103,T2_Spring,Program_D_C07,3,C,1,0
Student_1103,T2_Spring,Program_D_C08,4,C,1,0
Student_1103,T3_Fall,Program_D_C09,3,B,1,0
Student_1103,T3_Fall,Program_D_C10,3,B,1,0
Student_1103,T3_Fall,Program_D_C11,3,B,1,0
Student_1103,T3_Fall,Program_D_C12,4,B,1,0
Student_1104,T1_Fall,Program_A_C01,3,F,0,0
Student_1104,T1_Fall,Program_A_C02,3,B,1,0
Student_1105,T1_Fall,Program_C_C01,3,C,1,0
Student_1105,T1_Fall,Program_C_C02,3,B,1,0
Student_1105,T1_Fall,Program_C_C03,3,F,0,0
Student_1105,T1_Fall,Program_C_C04,4,B,1,0
Student_1105,T2_Spring,Program_C_C05,3,F,0,0
Student_1105,T3_Fall,Program_C_C05,3,C,1,0
Student_1105,T2_Spring,Program_C_C08,4,B,1,0
Student_1106,T1_Fall,Program_B_C01,3,C,1,0
Student_1106,T1_Fall,Program_B_C02,3,B,1,0
Student_1106,T1_Fall,Program_B_C03,3,B,1,0
Student_1106,T1_Fall,Program_B_C04,4,C,1,0
Student_1106,T2_Spring,Program_B_C05,3,F,0,0
Student_1106,T2_Spring,Program_B_C06,3,W,0,1
Student_1106,T2_Spring,Program_B_C07,3,C,1,0
Student_1106,T2_Spring,Program_B_C08,4,C,1,0
Student_1106,T3_Fall,Program_B_C11,3,C,1,0
Student_1107,T1_Fall,Program_B_C01,3,B,1,0
Student_1107,T1_Fall,Program_B_C02,3,B,1,0
Student_1107,T1_Fall,Program_B_C03,3,B,1,0
Student_1108,T1_Fall,Program_B_C01,3,C,1,0
Student_1108,T1_Fall,Program_B_C02,3,C,1,0
Student_1108,T1_Fall,Program_B_C03,3,C,1,0
Student_1109,T1_Fall,Program_C_C01,3,C,1,0
Student_1109,T1_Fall,Program_C_C02,3,W,0,1
Student_1109,T2_Spring,Program_C_C02,3,C,1,0
Student_1109,T1_Fall,Program_C_C03,3,B,1,0
Student_1109,T1_Fall,Program_C_C04,4,B,1,0
Student_1109,T2_Spring,Program_C_C05,3,B,1,0
Student_1109,T2_Spring,Program_C_C06,3,B,1,0
Student_1109,T2_Spring,Program_C_C07,3,B,1,0
Student_1109,T2_Spring,Program_C_C08,4,B,1,0
Student_1109,T3_Fall,Program_C_C09,3,B,1,0
Student_1109,T3_Fall,Program_C_C10,3,C,1,0
Student_1109,T3_Fall,Program_C_C11,3,B,1,0
Student_1110,T1_Fall,Program_D_C01,3,B,1,0
Student_1110,T1_Fall,Program_D_C02,3,F,0,0
Student_1110,T2_Spring,Program_D_C02,3,C,1,0
Student_1110,T1_Fall,Program_D_C03,3,B,1,0
Student_1111,T1_Fall,Program_A_C01,3,B,1,0
Student_1111,T1_Fall,Program_A_C02,3,A,1,0
Student_1111,T1_Fall,Program_A_C03,3,B,1,0
Student_1112,T1_Fall,Program_D_C01,3,B,1,0
Student_1113,T1_Fall,Program_A_C01,3,B,1,0
Student_1113,T1_Fall,Program_A_C02,3,F,0,0
Student_1113,T2_Spring,Program_A_C02,3,C,1,0
Student_1114,T1_Fall,Program_D_C01,3,B,1,0
Student_1114,T1_Fall,Program_D_C02,3,B,1,0
Student_1114,T1_Fall,Program_D_C03,3,B,1,0
Student_1114,T1_Fall,Program_D_C04,4,A,1,0
Student_1114,T2_Spring,Program_D_C05,3,B,1,0
Student_1114,T2_Spring,Program_D_C06,3,B,1,0
Student_1115,T1_Fall,Program_A_C01,3,A,1,0
Student_1115,T1_Fall,Program_A_C02,3,A,1,0
Student_1115,T1_Fall,Program_A_C03,3,B,1,0
Student_1115,T1_Fall,Program_A_C04,4,A,1,0
Student_1115,T2_Spring,Program_A_C05,3,A,1,0
Student_1115,T2_Spring,Program_A_C06,3,B,1,0
Student_1115,T2_Spring,Program_A_C07,3,B,1,0
Student_1115,T2_Spring,Program_A_C08,4,A,1,0
Student_1115,T3_Fall,Program_A_C09,3,B,1,0
Student_1115,T3_Fall,Program_A_C10,3,B,1,0
Student_1116,T1_Fall,Program_A_C01,3,B,1,0
Student_1116,T1_Fall,Program_A_C02,3,A,1,0
Student_1116,T1_Fall,Program_A_C03,3,B,1,0
Student_1117,T1_Fall,Program_B_C01,3,W,0,1
Student_1117,T2_Spring,Program_B_C01,3,F,0,0
Student_1117,T1_Fall,Program_B_C02,3,F,0,0
Student_1117,T2_Spring,Program_B_C02,3,C,1,0
Student_1117,T1_Fall,Program_B_C04,4,F,0,0
Student_1117,T2_Spring,Program_B_C04,4,F,0,0
Student_1117,T1_Fall,Program_B_C05,3,F,0,0
Student_1117,T2_Spring,Program_B_C05,3,F,0,0
Student_1118,T1_Fall,Program_A_C01,3,F,0,0
Student_1118,T1_Fall,Program_A_C02,3,D,1,0
Student_1118,T1_Fall,Program_A_C04,4,F,0,0
Student_1118,T1_Fall,Program_A_C05,3,F,0,0
Student_1119,T1_Fall,Program_D_C01,3,B,1,0
Student_1119,T1_Fall,Program_D_C02,3,B,1,0
Student_1119,T1_Fall,Program_D_C03,3,W,0,1
Student_1119,T2_Spring,Program_D_C03,3,C,1,0
Student_1119,T1_Fall,Program_D_C04,4,B,1,0
Student_1119,T2_Spring,Program_D_C05,3,B,1,0
Student_1119,T2_Spring,Program_D_C06,3,F,0,0
Student_1119,T2_Spring,Program_D_C07,3,B,1,0
Student_1119,T2_Spring,Program_D_C08,4,C,1,0
Student_1119,T3_Fall,Program_D_C09,3,C,1,0
Student_1119,T3_Fall,Program_D_C11,3,F,0,0
Student_1119,T4_Spring,Program_D_C11,3,C,1,0
Student_1120,T1_Fall,Program_B_C01,3,B,1,0
Student_1120,T1_Fall,Program_B_C02,3,A,1,0
Student_1120,T1_Fall,Program_B_C03,3,A,1,0
Student_1120,T1_Fall,Program_B_C04,4,B,1,0
Student_1120,T2_Spring,Program_B_C05,3,B,1,0
Student_1120,T2_Spring,Program_B_C06,3,B,1,0
Student_1120,T2_Spring,Program_B_C07,3,B,1,0
Student_1120,T2_Spring,Program_B_C08,4,A,1,0
Student_1120,T3_Fall,Program_B_C09,3,A,1,0
Student_1121,T1_Fall,Program_C_C01,3,C,1,0
Student_1121,T1_Fall,Program_C_C02,3,B,1,0
Student_1121,T1_Fall,Program_C_C03,3,B,1,0
Student_1121,T1_Fall,Program_C_C04,4,F,0,0
Student_1121,T2_Spring,Program_C_C05,3,C,1,0
Student_1121,T2_Spring,Program_C_C06,3,B,1,0
Student_1121,T2_Spring,Program_C_C07,3,F,0,0
Student_1121,T3_Fall,Program_C_C07,3,F,0,0
Student_1121,T2_Spring,Program_C_C09,3,B,1,0
Student_1121,T3_Fall,Program_C_C10,3,B,1,0
Student_1121,T3_Fall,Program_C_C13,3,C,1,0
Student_1121,T3_Fall,Program_C_C14,3,C,1,0
Student_1122,T1_Fall,Program_B_C01,3,W,0,1
Student_1122,T2_Spring,Program_B_C01,3,F,0,0
Student_1122,T1_Fall,Program_B_C02,3,F,0,0
Student_1123,T1_Fall,Program_C_C01,3,D,1,0
Student_1123,T1_Fall,Program_C_C02,3,W,0,1
Student_1123,T2_Spring,Program_C_C02,3,C,1,0
Student_1123,T1_Fall,Program_C_C03,3,F,0,0
Student_1123,T2_Spring,Program_C_C03,3,C,1,0
Student_1123,T1_Fall,Program_C_C04,4,W,0,1
Student_1123,T2_Spring,Program_C_C05,3,F,0,0
Student_1123,T2_Spring,Program_C_C06,3,F,0,0
Student_1123,T2_Spring,Program_C_C07,3,W,0,1
Student_1123,T3_Fall,Program_C_C07,3,C,1,0
Student_1123,T2_Spring,Program_C_C11,3,D,1,0
Student_1123,T3_Fall,Program_C_C15,3,F,0,0
Student_1124,T1_Fall,Program_B_C01,3,C,1,0
Student_1124,T1_Fall,Program_B_C02,3,C,1,0
Student_1125,T1_Fall,Program_A_C01,3,B,1,0
Student_1125,T1_Fall,Program_A_C02,3,B,1,0
Student_1125,T1_Fall,Program_A_C03,3,C,1,0
Student_1125,T1_Fall,Program_A_C04,4,B,1,0
Student_1125,T2_Spring,Program_A_C05,3,B,1,0
Student_1125,T2_Spring,Program_A_C06,3,B,1,0
Student_1125,T2_Spring,Program_A_C07,3,B,1,0
Student_1125,T2_Spring,Program_A_C08,4,B,1,0
Student_1126,T1_Fall,Program_B_C01,3,A,1,0
Student_1126,T1_Fall,Program_B_C02,3,A,1,0
Student_1126,T1_Fall,Program_B_C03,3,B,1,0
Student_1127,T1_Fall,Program_C_C01,3,C,1,0
Student_1127,T1_Fall,Program_C_C02,3,C,1,0
Student_1127,T1_Fall,Program_C_C03,3,C,1,0
Student_1127,T1_Fall,Program_C_C04,4,W,0,1
Student_1127,T2_Spring,Program_C_C04,4,C,1,0
Student_1127,T2_Spring,Program_C_C05,3,F,0,0
Student_1127,T2_Spring,Program_C_C06,3,W,0,1
Student_1127,T2_Spring,Program_C_C07,3,F,0,0
Student_1127,T3_Fall,Program_C_C07,3,C,1,0
Student_1128,T1_Fall,Program_A_C01,3,F,0,0
Student_1128,T2_Spring,Program_A_C01,3,C,1,0
Student_1128,T1_Fall,Program_A_C02,3,W,0,1
Student_1128,T2_Spring,Program_A_C02,3,C,1,0
Student_1128,T1_Fall,Program_A_C03,3,F,0,0
Student_1128,T1_Fall,Program_A_C04,4,F,0,0
Student_1128,T2_Spring,Program_A_C04,4,C,1,0
Student_1128,T2_Spring,Program_A_C05,3,F,0,0
Student_1128,T3_Fall,Program_A_C05,3,F,0,0
Student_1128,T2_Spring,Program_A_C08,4,F,0,0
Student_1128,T3_Fall,Program_A_C08,4,C,1,0
Student_1128,T2_Spring,Program_A_C12,4,C,1,0
Student_1128,T2_Spring,Program_A_C16,3,C,1,0
Student_1129,T1_Fall,Program_D_C01,3,B,1,0
Student_1129,T1_Fall,Program_D_C02,3,B,1,0
Student_1129,T1_Fall,Program_D_C03,3,B,1,0
Student_1130,T1_Fall,Program_B_C01,3,W,0,1
Student_1130,T2_Spring,Program_B_C01,3,C,1,0
Student_1130,T1_Fall,Program_B_C02,3,B,1,0
Student_1130,T1_Fall,Program_B_C03,3,C,1,0
Student_1131,T1_Fall,Program_C_C01,3,F,0,0
Student_1131,T2_Spring,Program_C_C01,3,C,1,0
Student_1131,T1_Fall,Program_C_C02,3,F,0,0
Student_1131,T2_Spring,Program_C_C02,3,F,0,0
Student_1131,T1_Fall,Program_C_C03,3,F,0,0
Student_1131,T2_Spring,Program_C_C03,3,F,0,0
Student_1132,T1_Fall,Program_D_C01,3,C,1,0
Student_1132,T1_Fall,Program_D_C02,3,C,1,0
Student_1132,T1_Fall,Program_D_C03,3,C,1,0
Student_1132,T1_Fall,Program_D_C04,4,F,0,0
Student_1132,T2_Spring,Program_D_C04,4,C,1,0
Student_1132,T2_Spring,Program_D_C05,3,F,0,0
Student_1132,T3_Fall,Program_D_C05,3,C,1,0
Student_1133,T1_Fall,Program_B_C01,3,C,1,0
Student_1133,T1_Fall,Program_B_C02,3,C,1,0
Student_1133,T1_Fall,Program_B_C03,3,B,1,0
Student_1134,T1_Fall,Program_B_C01,3,C,1,0
Student_1134,T1_Fall,Program_B_C02,3,B,1,0
Student_1134,T1_Fall,Program_B_C03,3,A,1,0
Student_1135,T1_Fall,Program_A_C01,3,C,1,0
Student_1135,T1_Fall,Program_A_C02,3,B,1,0
Student_1135,T1_Fall,Program_A_C03,3,B,1,0
Student_1135,T1_Fall,Program_A_C04,4,B,1,0
Student_1135,T2_Spring,Program_A_C05,3,B,1,0
Student_1135,T2_Spring,Program_A_C06,3,B,1,0
Student_1136,T1_Fall,Program_D_C01,3,C,1,0
Student_1136,T1_Fall,Program_D_C02,3,F,0,0
Student_1136,T2_Spring,Program_D_C02,3,C,1,0
Student_1136,T1_Fall,Program_D_C03,3,D,1,0
Student_1136,T1_Fall,Program_D_C04,4,C,1,0
Student_1136,T2_Spring,Program_D_C05,3,W,0,1
Student_1136,T3_Fall,Program_D_C05,3,F,0,0
Student_1136,T2_Spring,Program_D_C06,3,C,1,0
Student_1136,T2_Spring,Program_D_C07,3,W,0,1
Student_1136,T3_Fall,Program_D_C07,3,F,0,0
Student_1136,T2_Spring,Program_D_C08,4,F,0,0
Student_1136,T3_Fall,Program_D_C08,4,F,0,0
Student_1136,T3_Fall,Program_D_C10,3,W,0,1
Student_1136,T4_Spring,Program_D_C10,3,F,0,0
Student_1137,T1_Fall,Program_C_C01,3,A,1,0
Student_1137,T1_Fall,Program_C_C02,3,B,1,0
Student_1137,T1_Fall,Program_C_C03,3,B,1,0
Student_1137,T1_Fall,Program_C_C04,4,B,1,0
Student_1137,T2_Spring,Program_C_C05,3,B,1,0
Student_1137,T2_Spring,Program_C_C06,3,W,0,1
Student_1137,T3_Fall,Program_C_C06,3,C,1,0
Student_1137,T2_Spring,Program_C_C07,3,B,1,0
Student_1137,T2_Spring,Program_C_C08,4,F,0,0
Student_1137,T3_Fall,Program_C_C08,4,C,1,0
Student_1137,T3_Fall,Program_C_C09,3,A,1,0
Student_1138,T1_Fall,Program_B_C01,3,B,1,0
Student_1138,T1_Fall,Program_B_C02,3,A,1,0
Student_1138,T1_Fall,Program_B_C03,3,B,1,0
Student_1138,T1_Fall,Program_B_C04,4,B,1,0
Student_1138,T2_Spring,Program_B_C05,3,C,1,0
Student_1138,T2_Spring,Program_B_C06,3,B,1,0
Student_1139,T1_Fall,Program_C_C01,3,B,1,0
Student_1139,T1_Fall,Program_C_C02,3,B,1,0
Student_1139,T1_Fall,Program_C_C03,3,C,1,0
Student_1139,T1_Fall,Program_C_C04,4,C,1,0
Student_1139,T2_Spring,Program_C_C05,3,C,1,0
Student_1139,T2_Spring,Program_C_C06,3,B,1,0
Student_1139,T2_Spring,Program_C_C07,3,B,1,0
Student_1139,T2_Spring,Program_C_C08,4,F,0,0
Student_1139,T3_Fall,Program_C_C08,4,F,0,0
Student_1139,T3_Fall,Program_C_C09,3,C,1,0
Student_1139,T3_Fall,Program_C_C10,3,C,1,0
Student_1139,T3_Fall,Program_C_C11,3,B,1,0
Student_1139,T3_Fall,Program_C_C13,3,B,1,0
Student_1140,T1_Fall,Program_A_C01,3,C,1,0
Student_1140,T1_Fall,Program_A_C02,3,F,0,0
Student_1140,T1_Fall,Program_A_C03,3,B,1,0
Student_1140,T1_Fall,Program_A_C06,3,B,1,0
Student_1141,T1_Fall,Program_C_C01,3,F,0,0
Student_1141,T2_Spring,Program_C_C01,3,C,1,0
Student_1141,T1_Fall,Program_C_C02,3,B,1,0
Student_1141,T1_Fall,Program_C_C03,3,W,0,1
Student_1141,T2_Spring,Program_C_C03,3,C,1,0
Student_1141,T1_Fall,Program_C_C04,4,C,1,0
Student_1141,T2_Spring,Program_C_C05,3,B,1,0
Student_1141,T2_Spring,Program_C_C06,3,W,0,1
Student_1141,T3_Fall,Program_C_C06,3,F,0,0
Student_1141,T2_Spring,Program_C_C07,3,F,0,0
Student_1141,T2_Spring,Program_C_C08,4,B,1,0
Student_1141,T3_Fall,Program_C_C09,3,C,1,0
Student_1142,T1_Fall,Program_D_C01,3,C,1,0
Student_1142,T1_Fall,Program_D_C02,3,B,1,0
Student_1142,T1_Fall,Program_D_C03,3,B,1,0
Student_1143,T1_Fall,Program_D_C01,3,A,1,0
Student_1143,T1_Fall,Program_D_C02,3,A,1,0
Student_1143,T1_Fall,Program_D_C03,3,B,1,0
Student_1143,T1_Fall,Program_D_C04,4,B,1,0
Student_1143,T2_Spring,Program_D_C05,3,B,1,0
Student_1143,T2_Spring,Program_D_C06,3,B,1,0
Student_1143,T2_Spring,Program_D_C07,3,B,1,0
Student_1143,T2_Spring,Program_D_C08,4,B,1,0
Student_1144,T1_Fall,Program_D_C01,3,W,0,1
Student_1144,T2_Spring,Program_D_C01,3,C,1,0
Student_1145,T1_Fall,Program_A_C01,3,F,0,0
Student_1145,T1_Fall,Program_A_C02,3,B,1,0
Student_1145,T1_Fall,Program_A_C04,4,F,0,0
Student_1145,T1_Fall,Program_A_C05,3,W,0,1
Student_1146,T1_Fall,Program_D_C01,3,B,1,0
Student_1146,T1_Fall,Program_D_C02,3,W,0,1
Student_1146,T1_Fall,Program_D_C03,3,F,0,0
Student_1147,T1_Fall,Program_B_C01,3,B,1,0
Student_1148,T1_Fall,Program_D_C01,3,B,1,0
Student_1148,T1_Fall,Program_D_C02,3,A,1,0
Student_1148,T1_Fall,Program_D_C03,3,B,1,0
Student_1148,T1_Fall,Program_D_C04,4,A,1,0
Student_1148,T2_Spring,Program_D_C05,3,W,0,1
Student_1148,T3_Fall,Program_D_C05,3,C,1,0
Student_1148,T2_Spring,Program_D_C06,3,A,1,0
Student_1148,T2_Spring,Program_D_C07,3,A,1,0
Student_1148,T2_Spring,Program_D_C08,4,B,1,0
Student_1148,T3_Fall,Program_D_C09,3,A,1,0
Student_1149,T1_Fall,Program_C_C01,3,C,1,0
Student_1149,T1_Fall,Program_C_C02,3,B,1,0
Student_1149,T1_Fall,Program_C_C03,3,B,1,0
Student_1150,T1_Fall,Program_B_C01,3,B,1,0
Student_1150,T1_Fall,Program_B_C02,3,A,1,0
Student_1150,T1_Fall,Program_B_C03,3,B,1,0
Student_1150,T1_Fall,Program_B_C04,4,B,1,0
Student_1151,T1_Fall,Program_C_C01,3,C,1,0
Student_1151,T1_Fall,Program_C_C02,3,C,1,0
Student_1151,T1_Fall,Program_C_C03,3,B,1,0
Student_1151,T1_Fall,Program_C_C04,4,C,1,0
Student_1151,T2_Spring,Program_C_C05,3,W,0,1
Student_1151,T2_Spring,Program_C_C06,3,B,1,0
Student_1151,T2_Spring,Program_C_C07,3,F,0,0
Student_1151,T2_Spring,Program_C_C08,4,B,1,0
Student_1152,T1_Fall,Program_A_C01,3,F,0,0
Student_1152,T1_Fall,Program_A_C02,3,B,1,0
Student_1152,T1_Fall,Program_A_C04,4,B,1,0
Student_1153,T1_Fall,Program_C_C01,3,B,1,0
Student_1153,T1_Fall,Program_C_C02,3,F,0,0
Student_1153,T2_Spring,Program_C_C02,3,C,1,0
Student_1153,T1_Fall,Program_C_C03,3,B,1,0
Student_1154,T1_Fall,Program_D_C01,3,A,1,0
Student_1154,T1_Fall,Program_D_C02,3,B,1,0
Student_1154,T1_Fall,Program_D_C03,3,A,1,0
Student_1154,T1_Fall,Program_D_C04,4,A,1,0
Student_1154,T2_Spring,Program_D_C05,3,A,1,0
Student_1155,T1_Fall,Program_B_C01,3,B,1,0
Student_1155,T1_Fall,Program_B_C02,3,B,1,0
Student_1155,T1_Fall,Program_B_C03,3,C,1,0
Student_1155,T1_Fall,Program_B_C04,4,A,1,0
Student_1155,T2_Spring,Program_B_C05,3,A,1,0
Student_1155,T2_Spring,Program_B_C06,3,B,1,0
Student_1156,T1_Fall,Program_C_C01,3,B,1,0
Student_1156,T1_Fall,Program_C_C02,3,A,1,0
Student_1156,T1_Fall,Program_C_C03,3,B,1,0
Student_1156,T1_Fall,Program_C_C04,4,B,1,0
Student_1156,T2_Spring,Program_C_C05,3,B,1,0
Student_1156,T2_Spring,Program_C_C06,3,A,1,0
Student_1157,T1_Fall,Program_C_C01,3,B,1,0
Student_1157,T1_Fall,Program_C_C02,3,C,1,0
Student_1157,T1_Fall,Program_C_C03,3,B,1,0
Student_1157,T1_Fall,Program_C_C04,4,B,1,0
Student_1157,T2_Spring,Program_C_C05,3,F,0,0
Student_1157,T2_Spring,Program_C_C06,3,B,1,0
Student_1157,T2_Spring,Program_C_C07,3,B,1,0
Student_1157,T2_Spring,Program_C_C08,4,B,1,0
Student_1158,T1_Fall,Program_A_C01,3,A,1,0
Student_1158,T1_Fall,Program_A_C02,3,B,1,0
Student_1158,T1_Fall,Program_A_C03,3,B,1,0
Student_1158,T1_Fall,Program_A_C04,4,C,1,0
Student_1159,T1_Fall,Program_D_C01,3,B,1,0
Student_1159,T1_Fall,Program_D_C02,3,B,1,0
Student_1159,T1_Fall,Program_D_C03,3,B,1,0
Student_1160,T1_Fall,Program_C_C01,3,F,0,0
Student_1160,T1_Fall,Program_C_C02,3,W,0,1
Student_1161,T1_Fall,Program_A_C01,3,B,1,0
Student_1161,T1_Fall,Program_A_C02,3,C,1,0
Student_1161,T1_Fall,Program_A_C03,3,F,0,0
Student_1161,T2_Spring,Program_A_C03,3,C,1,0
Student_1161,T1_Fall,Program_A_C04,4,B,1,0
Student_1162,T1_Fall,Program_B_C01,3,C,1,0
Student_1162,T1_Fall,Program_B_C02,3,C,1,0
Student_1162,T1_Fall,Program_B_C03,3,D,1,0
Student_1162,T1_Fall,Program_B_C04,4,W,0,1
Student_1162,T2_Spring,Program_B_C04,4,C,1,0
Student_1162,T2_Spring,Program_B_C05,3,F,0,0
Student_1162,T3_Fall,Program_B_C05,3,C,1,0
Student_1162,T2_Spring,Program_B_C06,3,F,0,0
Student_1162,T3_Fall,Program_B_C06,3,C,1,0
Student_1162,T2_Spring,Program_B_C07,3,F,0,0
Student_1162,T3_Fall,Program_B_C07,3,C,1,0
Student_1163,T1_Fall,Program_B_C01,3,F,0,0
Student_1163,T2_Spring,Program_B_C01,3,C,1,0
Student_1163,T1_Fall,Program_B_C02,3,C,1,0
Student_1163,T1_Fall,Program_B_C03,3,F,0,0
Student_1163,T1_Fall,Program_B_C04,4,W,0,1
Student_1163,T2_Spring,Program_B_C05,3,C,1,0
Student_1164,T1_Fall,Program_A_C01,3,B,1,0
Student_1164,T1_Fall,Program_A_C02,3,B,1,0
Student_1164,T1_Fall,Program_A_C03,3,B,1,0
Student_1165,T1_Fall,Program_A_C01,3,C,1,0
Student_1165,T1_Fall,Program_A_C02,3,C,1,0
Student_1165,T1_Fall,Program_A_C03,3,F,0,0
Student_1165,T2_Spring,Program_A_C03,3,C,1,0
Student_1165,T1_Fall,Program_A_C04,4,B,1,0
Student_1165,T2_Spring,Program_A_C05,3,B,1,0
Student_1165,T2_Spring,Program_A_C06,3,B,1,0
Student_1165,T2_Spring,Program_A_C07,3,C,1,0
Student_1165,T2_Spring,Program_A_C08,4,B,1,0
Student_1165,T3_Fall,Program_A_C09,3,F,0,0
Student_1165,T4_Spring,Program_A_C09,3,C,1,0
Student_1166,T1_Fall,Program_D_C01,3,C,1,0
Student_1166,T1_Fall,Program_D_C02,3,B,1,0
Student_1166,T1_Fall,Program_D_C03,3,A,1,0
Student_1166,T1_Fall,Program_D_C04,4,B,1,0
Student_1166,T2_Spring,Program_D_C05,3,B,1,0
Student_1166,T2_Spring,Program_D_C06,3,A,1,0
Student_1166,T2_Spring,Program_D_C07,3,B,1,0
Student_1166,T2_Spring,Program_D_C08,4,F,0,0
Student_1166,T3_Fall,Program_D_C09,3,B,1,0
Student_1166,T3_Fall,Program_D_C10,3,B,1,0
Student_1166,T3_Fall,Program_D_C11,3,B,1,0
Student_1167,T1_Fall,Program_C_C01,3,F,0,0
Student_1167,T2_Spring,Program_C_C01,3,C,1,0
Student_1167,T1_Fall,Program_C_C02,3,D,1,0
Student_1167,T1_Fall,Program_C_C03,3,C,1,0
Student_1168,T1_Fall,Program_A_C01,3,B,1,0
Student_1168,T1_Fall,Program_A_C02,3,C,1,0
Student_1168,T1_Fall,Program_A_C03,3,C,1,0
Student_1168,T1_Fall,Program_A_C04,4,B,1,0
Student_1168,T2_Spring,Program_A_C05,3,C,1,0
Student_1168,T2_Spring,Program_A_C06,3,B,1,0
Student_1168,T2_Spring,Program_A_C07,3,C,1,0
Student_1168,T2_Spring,Program_A_C08,4,F,0,0
Student_1168,T3_Fall,Program_A_C08,4,C,1,0
Student_1169,T1_Fall,Program_C_C01,3,B,1,0
Student_1169,T1_Fall,Program_C_C02,3,A,1,0
Student_1170,T1_Fall,Program_B_C01,3,B,1,0
Student_1170,T1_Fall,Program_B_C02,3,F,0,0
Student_1170,T2_Spring,Program_B_C02,3,C,1,0
Student_1170,T1_Fall,Program_B_C03,3,F,0,0
Student_1170,T1_Fall,Program_B_C04,4,B,1,0
Student_1170,T2_Spring,Program_B_C05,3,B,1,0
Student_1170,T2_Spring,Program_B_C08,4,B,1,0
Student_1170,T2_Spring,Program_B_C09,3,C,1,0
Student_1170,T2_Spring,Program_B_C12,4,B,1,0
Student_1170,T3_Fall,Program_B_C13,3,C,1,0
Student_1170,T3_Fall,Program_B_C16,3,C,1,0
Student_1171,T1_Fall,Program_C_C01,3,A,1,0
Student_1172,T1_Fall,Program_D_C01,3,B,1,0
Student_1172,T1_Fall,Program_D_C02,3,B,1,0
Student_1172,T1_Fall,Program_D_C03,3,C,1,0
Student_1172,T1_Fall,Program_D_C04,4,B,1,0
Student_1173,T1_Fall,Program_A_C01,3,B,1,0
Student_1173,T1_Fall,Program_A_C02,3,W,0,1
Student_1173,T1_Fall,Program_A_C03,3,C,1,0
Student_1173,T1_Fall,Program_A_C06,3,C,1,0
Student_1173,T2_Spring,Program_A_C07,3,C,1,0
Student_1173,T2_Spring,Program_A_C10,3,C,1,0
Student_1173,T2_Spring,Program_A_C11,3,F,0,0
Student_1173,T2_Spring,Program_A_C14,3,C,1,0
Student_1174,T1_Fall,Program_B_C01,3,B,1,0
Student_1174,T1_Fall,Program_B_C02,3,F,0,0
Student_1174,T1_Fall,Program_B_C03,3,C,1,0
Student_1174,T1_Fall,Program_B_C06,3,B,1,0
Student_1174,T2_Spring,Program_B_C07,3,W,0,1
Student_1174,T3_Fall,Program_B_C07,3,C,1,0
Student_1174,T2_Spring,Program_B_C10,3,B,1,0
Student_1174,T2_Spring,Program_B_C11,3,C,1,0
Student_1174,T2_Spring,Program_B_C14,3,W,0,1
Student_1174,T3_Fall,Program_B_C15,3,C,1,0
Student_1175,T1_Fall,Program_D_C01,3,A,1,0
Student_1175,T1_Fall,Program_D_C02,3,B,1,0
Student_1175,T1_Fall,Program_D_C03,3,B,1,0
Student_1175,T1_Fall,Program_D_C04,4,A,1,0
Student_1175,T2_Spring,Program_D_C05,3,A,1,0
Student_1175,T2_Spring,Program_D_C06,3,A,1,0
Student_1175,T2_Spring,Program_D_C07,3,B,1,0
Student_1175,T2_Spring,Program_D_C08,4,A,1,0
Student_1175,T3_Fall,Program_D_C09,3,A,1,0
Student_1175,T3_Fall,Program_D_C10,3,A,1,0
Student_1175,T3_Fall,Program_D_C11,3,B,1,0
Student_1176,T1_Fall,Program_C_C01,3,C,1,0
Student_1176,T1_Fall,Program_C_C02,3,C,1,0
Student_1176,T1_Fall,Program_C_C03,3,B,1,0
Student_1176,T1_Fall,Program_C_C04,4,B,1,0
Student_1177,T1_Fall,Program_D_C01,3,B,1,0
Student_1177,T1_Fall,Program_D_C02,3,C,1,0
Student_1177,T1_Fall,Program_D_C03,3,A,1,0
Student_1177,T1_Fall,Program_D_C04,4,C,1,0
Student_1177,T2_Spring,Program_D_C05,3,B,1,0
Student_1177,T2_Spring,Program_D_C06,3,B,1,0
Student_1177,T2_Spring,Program_D_C07,3,B,1,0
Student_1177,T2_Spring,Program_D_C08,4,C,1,0
Student_1177,T3_Fall,Program_D_C09,3,C,1,0
Student_1178,T1_Fall,Program_D_C01,3,C,1,0
Student_1178,T1_Fall,Program_D_C02,3,A,1,0
Student_1178,T1_Fall,Program_D_C03,3,A,1,0
Student_1178,T1_Fall,Program_D_C04,4,F,0,0
Student_1178,T2_Spring,Program_D_C04,4,C,1,0
Student_1178,T2_Spring,Program_D_C05,3,B,1,0
Student_1178,T2_Spring,Program_D_C06,3,B,1,0
Student_1179,T1_Fall,Program_C_C01,3,W,0,1
Student_1179,T2_Spring,Program_C_C01,3,C,1,0
Student_1179,T1_Fall,Program_C_C02,3,C,1,0
Student_1179,T1_Fall,Program_C_C03,3,F,0,0
Student_1179,T2_Spring,Program_C_C03,3,C,1,0
Student_1179,T1_Fall,Program_C_C04,4,F,0,0
Student_1179,T2_Spring,Program_C_C05,3,W,0,1
Student_1179,T3_Fall,Program_C_C05,3,C,1,0
Student_1179,T2_Spring,Program_C_C06,3,W,0,1
Student_1179,T3_Fall,Program_C_C06,3,F,0,0
Student_1179,T2_Spring,Program_C_C07,3,W,0,1
Student_1179,T3_Fall,Program_C_C07,3,F,0,0
Student_1179,T2_Spring,Program_C_C09,3,W,0,1
Student_1179,T3_Fall,Program_C_C09,3,F,0,0
Student_1180,T1_Fall,Program_A_C01,3,C,1,0
Student_1180,T1_Fall,Program_A_C02,3,B,1,0
Student_1180,T1_Fall,Program_A_C03,3,C,1,0
Student_1180,T1_Fall,Program_A_C04,4,B,1,0
Student_1180,T2_Spring,Program_A_C05,3,C,1,0
Student_1180,T2_Spring,Program_A_C06,3,B,1,0
Student_1180,T2_Spring,Program_A_C07,3,B,1,0
Student_1180,T2_Spring,Program_A_C08,4,B,1,0
Student_1180,T3_Fall,Program_A_C09,3,F,0,0
Student_1180,T4_Spring,Program_A_C09,3,C,1,0
Student_1181,T1_Fall,Program_A_C01,3,B,1,0
Student_1181,T1_Fall,Program_A_C02,3,B,1,0
Student_1181,T1_Fall,Program_A_C03,3,A,1,0
Student_1181,T1_Fall,Program_A_C04,4,B,1,0
Student_1181,T2_Spring,Program_A_C05,3,B,1,0
Student_1182,T1_Fall,Program_C_C01,3,C,1,0
Student_1182,T1_Fall,Program_C_C02,3,C,1,0
Student_1182,T1_Fall,Program_C_C03,3,F,0,0
Student_1182,T2_Spring,Program_C_C03,3,C,1,0
Student_1182,T1_Fall,Program_C_C04,4,C,1,0
Student_1182,T2_Spring,Program_C_C05,3,C,1,0
Student_1182,T2_Spring,Program_C_C06,3,B,1,0
Student_1182,T2_Spring,Program_C_C07,3,B,1,0
Student_1182,T2_Spring,Program_C_C08,4,C,1,0
Student_1182,T3_Fall,Program_C_C09,3,C,1,0
Student_1182,T3_Fall,Program_C_C10,3,B,1,0
Student_1182,T3_Fall,Program_C_C11,3,B,1,0
Student_1183,T1_Fall,Program_C_C01,3,B,1,0
Student_1184,T1_Fall,Program_A_C01,3,B,1,0
Student_1184,T1_Fall,Program_A_C02,3,F,0,0
Student_1184,T1_Fall,Program_A_C03,3,F,0,0
Student_1184,T2_Spring,Program_A_C03,3,C,1,0
Student_1184,T1_Fall,Program_A_C06,3,B,1,0
Student_1184,T2_Spring,Program_A_C07,3,C,1,0
Student_1184,T2_Spring,Program_A_C10,3,W,0,1
Student_1184,T3_Fall,Program_A_C10,3,C,1,0
Student_1184,T2_Spring,Program_A_C11,3,C,1,0
Student_1184,T2_Spring,Program_A_C14,3,C,1,0
Student_1184,T3_Fall,Program_A_C15,3,C,1,0
Student_1185,T1_Fall,Program_C_C01,3,B,1,0
Student_1185,T1_Fall,Program_C_C02,3,B,1,0
Student_1185,T1_Fall,Program_C_C03,3,A,1,0
Student_1185,T1_Fall,Program_C_C04,4,B,1,0
Student_1185,T2_Spring,Program_C_C05,3,B,1,0
Student_1185,T2_Spring,Program_C_C06,3,C,1,0
Student_1185,T2_Spring,Program_C_C07,3,B,1,0
Student_1185,T2_Spring,Program_C_C08,4,B,1,0
Student_1185,T3_Fall,Program_C_C09,3,B,1,0
Student_1186,T1_Fall,Program_A_C01,3,B,1,0
Student_1186,T1_Fall,Program_A_C02,3,C,1,0
Student_1186,T1_Fall,Program_A_C03,3,C,1,0
Student_1186,T1_Fall,Program_A_C04,4,F,0,0
Student_1186,T2_Spring,Program_A_C05,3,D,1,0
Student_1186,T2_Spring,Program_A_C06,3,C,1,0
Student_1186,T2_Spring,Program_A_C07,3,C,1,0
Student_1186,T2_Spring,Program_A_C09,3,F,0,0
Student_1186,T3_Fall,Program_A_C09,3,C,1,0
Student_1186,T3_Fall,Program_A_C10,3,C,1,0
Student_1186,T3_Fall,Program_A_C11,3,C,1,0
Student_1187,T1_Fall,Program_B_C01,3,B,1,0
Student_1187,T1_Fall,Program_B_C02,3,A,1,0
Student_1187,T1_Fall,Program_B_C03,3,B,1,0
Student_1187,T1_Fall,Program_B_C04,4,B,1,0
Student_1187,T2_Spring,Program_B_C05,3,A,1,0
Student_1187,T2_Spring,Program_B_C06,3,B,1,0
Student_1187,T2_Spring,Program_B_C07,3,A,1,0
Student_1187,T2_Spring,Program_B_C08,4,C,1,0
Student_1188,T1_Fall,Program_A_C01,3,W,0,1
Student_1188,T1_Fall,Program_A_C02,3,F,0,0
Student_1188,T2_Spring,Program_A_C02,3,C,1,0
Student_1188,T1_Fall,Program_A_C04,4,F,0,0
Student_1188,T2_Spring,Program_A_C04,4,C,1,0
Student_1188,T1_Fall,Program_A_C05,3,C,1,0
Student_1188,T2_Spring,Program_A_C08,4,F,0,0
Student_1188,T3_Fall,Program_A_C08,4,C,1,0
Student_1188,T2_Spring,Program_A_C09,3,F,0,0
Student_1188,T2_Spring,Program_A_C12,4,C,1,0
Student_1188,T2_Spring,Program_A_C16,3,W,0,1
Student_1188,T3_Fall,Program_A_C16,3,C,1,0
Student_1189,T1_Fall,Program_D_C01,3,B,1,0
Student_1189,T1_Fall,Program_D_C02,3,B,1,0
Student_1189,T1_Fall,Program_D_C03,3,B,1,0
Student_1189,T1_Fall,Program_D_C04,4,B,1,0
Student_1189,T2_Spring,Program_D_C05,3,B,1,0
Student_1189,T2_Spring,Program_D_C06,3,F,0,0
Student_1189,T2_Spring,Program_D_C07,3,C,1,0
Student_1189,T2_Spring,Program_D_C08,4,B,1,0
Student_1189,T3_Fall,Program_D_C09,3,A,1,0
Student_1190,T1_Fall,Program_B_C01,3,B,1,0
Student_1190,T1_Fall,Program_B_C02,3,A,1,0
Student_1190,T1_Fall,Program_B_C03,3,F,0,0
Student_1190,T2_Spring,Program_B_C03,3,C,1,0
Student_1190,T1_Fall,Program_B_C04,4,A,1,0
Student_1190,T2_Spring,Program_B_C05,3,B,1,0
Student_1190,T2_Spring,Program_B_C06,3,C,1,0
Student_1191,T1_Fall,Program_A_C01,3,C,1,0
Student_1191,T1_Fall,Program_A_C02,3,C,1,0
Student_1191,T1_Fall,Program_A_C03,3,C,1,0
Student_1191,T1_Fall,Program_A_C04,4,C,1,0
Student_1191,T2_Spring,Program_A_C05,3,W,0,1
Student_1191,T2_Spring,Program_A_C06,3,F,0,0
Student_1191,T2_Spring,Program_A_C07,3,C,1,0
Student_1191,T2_Spring,Program_A_C08,4,F,0,0
Student_1191,T3_Fall,Program_A_C08,4,C,1,0
Student_1192,T1_Fall,Program_B_C01,3,C,1,0
Student_1192,T1_Fall,Program_B_C02,3,W,0,1
Student_1192,T2_Spring,Program_B_C02,3,C,1,0
Student_1192,T1_Fall,Program_B_C03,3,C,1,0
Student_1193,T1_Fall,Program_B_C01,3,F,0,0
Student_1193,T2_Spring,Program_B_C01,3,F,0,0
Student_1193,T1_Fall,Program_B_C02,3,B,1,0
Student_1193,T1_Fall,Program_B_C04,4,F,0,0
Student_1193,T1_Fall,Program_B_C05,3,F,0,0
Student_1193,T2_Spring,Program_B_C05,3,F,0,0
Student_1194,T1_Fall,Program_C_C01,3,C,1,0
Student_1194,T1_Fall,Program_C_C02,3,C,1,0
Student_1194,T1_Fall,Program_C_C03,3,B,1,0
Student_1194,T1_Fall,Program_C_C04,4,B,1,0
Student_1194,T2_Spring,Program_C_C05,3,B,1,0
Student_1194,T2_Spring,Program_C_C06,3,B,1,0
Student_1194,T2_Spring,Program_C_C07,3,C,1,0
Student_1195,T1_Fall,Program_C_C01,3,B,1,0
Student_1195,T1_Fall,Program_C_C02,3,B,1,0
Student_1195,T1_Fall,Program_C_C03,3,C,1,0
Student_1196,T1_Fall,Program_B_C01,3,A,1,0
Student_1196,T1_Fall,Program_B_C02,3,B,1,0
Student_1196,T1_Fall,Program_B_C03,3,A,1,0
Student_1196,T1_Fall,Program_B_C04,4,A,1,0
Student_1196,T2_Spring,Program_B_C05,3,B,1,0
Student_1196,T2_Spring,Program_B_C06,3,B,1,0
Student_1196,T2_Spring,Program_B_C07,3,B,1,0
Student_1196,T2_Spring,Program_B_C08,4,W,0,1
Student_1196,T3_Fall,Program_B_C08,4,F,0,0
Student_1196,T3_Fall,Program_B_C09,3,A,1,0
Student_1197,T1_Fall,Program_A_C01,3,B,1,0
Student_1197,T1_Fall,Program_A_C02,3,F,0,0
Student_1197,T2_Spring,Program_A_C02,3,C,1,0
Student_1197,T1_Fall,Program_A_C03,3,F,0,0
Student_1197,T1_Fall,Program_A_C04,4,C,1,0
Student_1197,T2_Spring,Program_A_C05,3,C,1,0
Student_1197,T2_Spring,Program_A_C08,4,W,0,1
Student_1197,T3_Fall,Program_A_C08,4,C,1,0
Student_1197,T2_Spring,Program_A_C09,3,B,1,0
Student_1198,T1_Fall,Program_A_C01,3,F,0,0
Student_1198,T2_Spring,Program_A_C01,3,C,1,0
Student_1198,T1_Fall,Program_A_C02,3,B,1,0
Student_1198,T1_Fall,Program_A_C03,3,F,0,0
Student_1198,T1_Fall,Program_A_C04,4,F,0,0
Student_1198,T2_Spring,Program_A_C04,4,C,1,0
Student_1198,T2_Spring,Program_A_C05,3,B,1,0
Student_1198,T2_Spring,Program_A_C08,4,C,1,0
Student_1198,T2_Spring,Program_A_C09,3,C,1,0
Student_1199,T1_Fall,Program_A_C01,3,C,1,0
Student_1199,T1_Fall,Program_A_C02,3,C,1,0
Student_1199,T1_Fall,Program_A_C03,3,D,1,0
Student_1199,T1_Fall,Program_A_C04,4,C,1,0
Student_1200,T1_Fall,Program_A_C01,3,B,1,0
Student_1200,T1_Fall,Program_A_C02,3,W,0,1
Student_1200,T1_Fall,Program_A_C03,3,C,1,0
Student_1200,T1_Fall,Program_A_C06,3,W,0,1
Student_1200,T2_Spring,Program_A_C07,3,C,1,0
Student_1200,T2_Spring,Program_A_C11,3,C,1,0
Student_1200,T2_Spring,Program_A_C15,3,F,0,0
Student_1201,T1_Fall,Program_C_C01,3,C,1,0
Student_1201,T1_Fall,Program_C_C02,3,B,1,0
Student_1201,T1_Fall,Program_C_C03,3,B,1,0
Student_1202,T1_Fall,Program_D_C01,3,W,0,1
Student_1202,T1_Fall,Program_D_C02,3,C,1,0
Student_1202,T1_Fall,Program_D_C04,4,B,1,0
Student_1202,T1_Fall,Program_D_C05,3,C,1,0
Student_1202,T2_Spring,Program_D_C08,4,W,0,1
Student_1202,T2_Spring,Program_D_C09,3,C,1,0
Student_1202,T2_Spring,Program_D_C13,3,F,0,0
Student_1202,T3_Fall,Program_D_C13,3,C,1,0
Student_1203,T1_Fall,Program_A_C01,3,C,1,0
Student_1203,T1_Fall,Program_A_C02,3,B,1,0
Student_1203,T1_Fall,Program_A_C03,3,F,0,0
Student_1203,T1_Fall,Program_A_C04,4,B,1,0
Student_1203,T2_Spring,Program_A_C05,3,B,1,0
Student_1203,T2_Spring,Program_A_C08,4,C,1,0
Student_1203,T2_Spring,Program_A_C09,3,C,1,0
Student_1203,T2_Spring,Program_A_C12,4,B,1,0
Student_1203,T3_Fall,Program_A_C13,3,B,1,0
Student_1203,T3_Fall,Program_A_C16,3,C,1,0
Student_1204,T1_Fall,Program_B_C01,3,B,1,0
Student_1205,T1_Fall,Program_D_C01,3,B,1,0
Student_1205,T1_Fall,Program_D_C02,3,C,1,0
Student_1205,T1_Fall,Program_D_C03,3,C,1,0
Student_1205,T1_Fall,Program_D_C04,4,B,1,0
Student_1205,T2_Spring,Program_D_C05,3,B,1,0
Student_1205,T2_Spring,Program_D_C06,3,W,0,1
Student_1205,T3_Fall,Program_D_C06,3,C,1,0
Student_1205,T2_Spring,Program_D_C07,3,C,1,0
Student_1205,T2_Spring,Program_D_C08,4,F,0,0
Student_1205,T3_Fall,Program_D_C09,3,B,1,0
Student_1205,T3_Fall,Program_D_C10,3,F,0,0
Student_1205,T4_Spring,Program_D_C10,3,C,1,0
Student_1206,T1_Fall,Program_D_C01,3,F,0,0
Student_1206,T2_Spring,Program_D_C01,3,C,1,0
Student_1206,T1_Fall,Program_D_C02,3,B,1,0
Student_1206,T1_Fall,Program_D_C03,3,F,0,0
Student_1206,T2_Spring,Program_D_C03,3,C,1,0
Student_1207,T1_Fall,Program_A_C01,3,A,1,0
Student_1207,T1_Fall,Program_A_C02,3,F,0,0
Student_1207,T1_Fall,Program_A_C03,3,B,1,0
Student_1207,T1_Fall,Program_A_C06,3,F,0,0
Student_1207,T2_Spring,Program_A_C06,3,C,1,0
Student_1207,T2_Spring,Program_A_C07,3,C,1,0
Student_1207,T2_Spring,Program_A_C10,3,C,1,0
Student_1207,T2_Spring,Program_A_C11,3,F,0,0
Student_1207,T3_Fall,Program_A_C11,3,C,1,0
Student_1207,T2_Spring,Program_A_C14,3,B,1,0
Student_1207,T3_Fall,Program_A_C15,3,B,1,0
Student_1208,T1_Fall,Program_D_C01,3,B,1,0
Student_1208,T1_Fall,Program_D_C02,3,F,0,0
Student_1208,T1_Fall,Program_D_C03,3,B,1,0
Student_1208,T1_Fall,Program_D_C06,3,A,1,0
Student_1208,T2_Spring,Program_D_C07,3,B,1,0
Student_1209,T1_Fall,Program_D_C01,3,B,1,0
Student_1209,T1_Fall,Program_D_C02,3,A,1,0
Student_1209,T1_Fall,Program_D_C03,3,B,1,0
Student_1209,T1_Fall,Program_D_C04,4,B,1,0
Student_1209,T2_Spring,Program_D_C05,3,B,1,0
Student_1209,T2_Spring,Program_D_C06,3,B,1,0
Student_1209,T2_Spring,Program_D_C07,3,B,1,0
Student_1209,T2_Spring,Program_D_C08,4,B,1,0
Student_1209,T3_Fall,Program_D_C09,3,F,0,0
Student_1209,T4_Spring,Program_D_C09,3,C,1,0
Student_1210,T1_Fall,Program_D_C01,3,W,0,1
Student_1210,T1_Fall,Program_D_C02,3,F,0,0
Student_1211,T1_Fall,Program_C_C01,3,B,1,0
Student_1211,T1_Fall,Program_C_C02,3,B,1,0
Student_1211,T1_Fall,Program_C_C03,3,B,1,0
Student_1211,T1_Fall,Program_C_C04,4,B,1,0
Student_1211,T2_Spring,Program_C_C05,3,B,1,0
Student_1211,T2_Spring,Program_C_C06,3,B,1,0
Student_1211,T2_Spring,Program_C_C07,3,B,1,0
Student_1212,T1_Fall,Program_A_C01,3,F,0,0
Student_1212,T2_Spring,Program_A_C01,3,F,0,0
Student_1212,T1_Fall,Program_A_C02,3,F,0,0
Student_1212,T2_Spring,Program_A_C02,3,C,1,0
Student_1212,T1_Fall,Program_A_C04,4,B,1,0
Student_1212,T1_Fall,Program_A_C05,3,F,0,0
Student_1212,T2_Spring,Program_A_C05,3,C,1,0
Student_1212,T2_Spring,Program_A_C08,4,W,0,1
Student_1212,T2_Spring,Program_A_C09,3,C,1,0
Student_1212,T2_Spring,Program_A_C13,3,C,1,0
Student_1213,T1_Fall,Program_D_C01,3,B,1,0
Student_1213,T1_Fall,Program_D_C02,3,B,1,0
Student_1213,T1_Fall,Program_D_C03,3,B,1,0
Student_1213,T1_Fall,Program_D_C04,4,A,1,0
Student_1213,T2_Spring,Program_D_C05,3,A,1,0
Student_1213,T2_Spring,Program_D_C06,3,B,1,0
Student_1213,T2_Spring,Program_D_C07,3,B,1,0
Student_1213,T2_Spring,Program_D_C08,4,B,1,0
Student_1213,T3_Fall,Program_D_C09,3,B,1,0
Student_1213,T3_Fall,Program_D_C10,3,B,1,0
Student_1213,T3_Fall,Program_D_C11,3,A,1,0
Student_1213,T3_Fall,Program_D_C12,4,B,1,0
Student_1214,T1_Fall,Program_A_C01,3,B,1,0
Student_1214,T1_Fall,Program_A_C02,3,B,1,0
Student_1214,T1_Fall,Program_A_C03,3,B,1,0
Student_1215,T1_Fall,Program_B_C01,3,B,1,0
Student_1216,T1_Fall,Program_B_C01,3,B,1,0
Student_1216,T1_Fall,Program_B_C02,3,B,1,0
Student_1216,T1_Fall,Program_B_C03,3,B,1,0
Student_1217,T1_Fall,Program_C_C01,3,W,0,1
Student_1217,T2_Spring,Program_C_C01,3,C,1,0
Student_1217,T1_Fall,Program_C_C02,3,C,1,0
Student_1217,T1_Fall,Program_C_C03,3,C,1,0
Student_1217,T1_Fall,Program_C_C04,4,W,0,1
Student_1217,T2_Spring,Program_C_C05,3,D,1,0
Student_1217,T2_Spring,Program_C_C06,3,F,0,0
Student_1217,T2_Spring,Program_C_C07,3,F,0,0
Student_1217,T3_Fall,Program_C_C07,3,F,0,0
Student_1217,T2_Spring,Program_C_C09,3,F,0,0
Student_1217,T3_Fall,Program_C_C09,3,F,0,0
Student_1218,T1_Fall,Program_A_C01,3,C,1,0
Student_1218,T1_Fall,Program_A_C02,3,F,0,0
Student_1218,T2_Spring,Program_A_C02,3,C,1,0
Student_1218,T1_Fall,Program_A_C03,3,C,1,0
Student_1218,T1_Fall,Program_A_C04,4,B,1,0
Student_1218,T2_Spring,Program_A_C05,3,W,0,1
Student_1218,T2_Spring,Program_A_C06,3,W,0,1
Student_1218,T2_Spring,Program_A_C07,3,B,1,0
Student_1218,T2_Spring,Program_A_C08,4,C,1,0
Student_1218,T3_Fall,Program_A_C11,3,F,0,0
Student_1218,T4_Spring,Program_A_C11,3,C,1,0
Student_1218,T3_Fall,Program_A_C12,4,B,1,0
Student_1218,T3_Fall,Program_A_C15,3,B,1,0
Student_1218,T3_Fall,Program_A_C16,3,F,0,0
Student_1218,T4_Spring,Program_A_C16,3,C,1,0
Student_1219,T1_Fall,Program_D_C01,3,A,1,0
Student_1220,T1_Fall,Program_C_C01,3,W,0,1
Student_1220,T2_Spring,Program_C_C01,3,C,1,0
Student_1220,T1_Fall,Program_C_C02,3,C,1,0
Student_1220,T1_Fall,Program_C_C03,3,F,0,0
Student_1220,T2_Spring,Program_C_C03,3,F,0,0
Student_1220,T1_Fall,Program_C_C04,4,C,1,0
Student_1220,T2_Spring,Program_C_C05,3,F,0,0
Student_1220,T3_Fall,Program_C_C05,3,C,1,0
Student_1220,T2_Spring,Program_C_C08,4,F,0,0
Student_1220,T2_Spring,Program_C_C09,3,C,1,0
Student_1220,T2_Spring,Program_C_C13,3,D,1,0
Student_1221,T1_Fall,Program_D_C01,3,B,1,0
Student_1221,T1_Fall,Program_D_C02,3,C,1,0
Student_1221,T1_Fall,Program_D_C03,3,W,0,1
Student_1221,T1_Fall,Program_D_C04,4,C,1,0
Student_1221,T2_Spring,Program_D_C05,3,C,1,0
Student_1221,T2_Spring,Program_D_C08,4,W,0,1
Student_1221,T3_Fall,Program_D_C08,4,C,1,0
Student_1221,T2_Spring,Program_D_C09,3,B,1,0
Student_1221,T2_Spring,Program_D_C12,4,C,1,0
Student_1221,T3_Fall,Program_D_C13,3,C,1,0
Student_1221,T3_Fall,Program_D_C16,3,C,1,0
Student_1222,T1_Fall,Program_C_C01,3,C,1,0
Student_1223,T1_Fall,Program_B_C01,3,F,0,0
Student_1223,T2_Spring,Program_B_C01,3,C,1,0
Student_1224,T1_Fall,Program_D_C01,3,C,1,0
Student_1224,T1_Fall,Program_D_C02,3,F,0,0
Student_1224,T2_Spring,Program_D_C02,3,F,0,0
Student_1224,T1_Fall,Program_D_C03,3,C,1,0
Student_1224,T1_Fall,Program_D_C06,3,C,1,0
Student_1224,T2_Spring,Program_D_C07,3,C,1,0
Student_1224,T2_Spring,Program_D_C10,3,F,0,0
Student_1224,T2_Spring,Program_D_C11,3,C,1,0
Student_1224,T2_Spring,Program_D_C15,3,F,0,0
Student_1224,T3_Fall,Program_D_C15,3,F,0,0
Student_1225,T1_Fall,Program_A_C01,3,F,0,0
Student_1225,T2_Spring,Program_A_C01,3,F,0,0
Student_1225,T1_Fall,Program_A_C02,3,F,0,0
Student_1226,T1_Fall,Program_C_C01,3,B,1,0
Student_1226,T1_Fall,Program_C_C02,3,W,0,1
Student_1226,T2_Spring,Program_C_C02,3,C,1,0
Student_1226,T1_Fall,Program_C_C03,3,F,0,0
Student_1226,T2_Spring,Program_C_C03,3,C,1,0
Student_1226,T1_Fall,Program_C_C04,4,C,1,0
Student_1226,T2_Spring,Program_C_C05,3,F,0,0
Student_1226,T2_Spring,Program_C_C06,3,F,0,0
Student_1226,T3_Fall,Program_C_C06,3,F,0,0
Student_1226,T2_Spring,Program_C_C07,3,C,1,0
Student_1226,T2_Spring,Program_C_C08,4,F,0,0
Student_1226,T3_Fall,Program_C_C11,3,C,1,0
Student_1226,T3_Fall,Program_C_C15,3,C,1,0
Student_1227,T1_Fall,Program_A_C01,3,F,0,0
Student_1227,T2_Spring,Program_A_C01,3,C,1,0
Student_1227,T1_Fall,Program_A_C02,3,B,1,0
Student_1227,T1_Fall,Program_A_C03,3,B,1,0
Student_1227,T1_Fall,Program_A_C04,4,B,1,0
Student_1227,T2_Spring,Program_A_C05,3,B,1,0
Student_1227,T2_Spring,Program_A_C06,3,B,1,0
Student_1227,T2_Spring,Program_A_C07,3,B,1,0
Student_1227,T2_Spring,Program_A_C08,4,B,1,0
Student_1227,T3_Fall,Program_A_C09,3,B,1,0
Student_1227,T3_Fall,Program_A_C10,3,W,0,1
Student_1227,T3_Fall,Program_A_C11,3,F,0,0
Student_1227,T3_Fall,Program_A_C12,4,B,1,0
Student_1227,T4_Spring,Program_A_C13,3,C,1,0
Student_1228,T1_Fall,Program_D_C01,3,C,1,0
Student_1228,T1_Fall,Program_D_C02,3,F,0,0
Student_1228,T2_Spring,Program_D_C02,3,C,1,0
Student_1228,T1_Fall,Program_D_C03,3,C,1,0
Student_1229,T1_Fall,Program_A_C01,3,B,1,0
Student_1229,T1_Fall,Program_A_C02,3,F,0,0
Student_1229,T1_Fall,Program_A_C03,3,C,1,0
Student_1229,T1_Fall,Program_A_C06,3,B,1,0
Student_1229,T2_Spring,Program_A_C07,3,B,1,0
Student_1229,T2_Spring,Program_A_C10,3,C,1,0
Student_1229,T2_Spring,Program_A_C11,3,B,1,0
Student_1230,T1_Fall,Program_D_C01,3,B,1,0
Student_1231,T1_Fall,Program_D_C01,3,B,1,0
Student_1231,T1_Fall,Program_D_C02,3,A,1,0
Student_1231,T1_Fall,Program_D_C03,3,B,1,0
Student_1231,T1_Fall,Program_D_C04,4,C,1,0
Student_1231,T2_Spring,Program_D_C05,3,B,1,0
Student_1231,T2_Spring,Program_D_C06,3,A,1,0
Student_1231,T2_Spring,Program_D_C07,3,C,1,0
Student_1231,T2_Spring,Program_D_C08,4,W,0,1
Student_1231,T3_Fall,Program_D_C08,4,C,1,0
Student_1231,T3_Fall,Program_D_C09,3,B,1,0
Student_1231,T3_Fall,Program_D_C10,3,C,1,0
Student_1231,T3_Fall,Program_D_C11,3,F,0,0
Student_1231,T3_Fall,Program_D_C12,4,B,1,0
Student_1231,T4_Spring,Program_D_C13,3,F,0,0
Student_1231,T4_Spring,Program_D_C13,3,C,1,0
Student_1232,T1_Fall,Program_B_C01,3,D,1,0
Student_1232,T1_Fall,Program_B_C02,3,W,0,1
Student_1232,T1_Fall,Program_B_C03,3,C,1,0
Student_1232,T1_Fall,Program_B_C06,3,C,1,0
Student_1232,T2_Spring,Program_B_C07,3,F,0,0
Student_1232,T2_Spring,Program_B_C10,3,B,1,0
Student_1232,T2_Spring,Program_B_C14,3,C,1,0
Student_1233,T1_Fall,Program_A_C01,3,B,1,0
Student_1233,T1_Fall,Program_A_C02,3,C,1,0
Student_1233,T1_Fall,Program_A_C03,3,B,1,0
Student_1233,T1_Fall,Program_A_C04,4,F,0,0
Student_1233,T2_Spring,Program_A_C04,4,C,1,0
Student_1233,T2_Spring,Program_A_C05,3,B,1,0
Student_1234,T1_Fall,Program_C_C01,3,C,1,0
Student_1234,T1_Fall,Program_C_C02,3,C,1,0
Student_1234,T1_Fall,Program_C_C03,3,C,1,0
Student_1234,T1_Fall,Program_C_C04,4,B,1,0
Student_1234,T2_Spring,Program_C_C05,3,C,1,0
Student_1234,T2_Spring,Program_C_C06,3,F,0,0
Student_1234,T2_Spring,Program_C_C07,3,B,1,0
Student_1234,T2_Spring,Program_C_C08,4,C,1,0
Student_1235,T1_Fall,Program_D_C01,3,F,0,0
Student_1235,T1_Fall,Program_D_C02,3,C,1,0
Student_1235,T1_Fall,Program_D_C04,4,F,0,0
Student_1235,T1_Fall,Program_D_C05,3,W,0,1
Student_1235,T2_Spring,Program_D_C05,3,F,0,0
Student_1236,T1_Fall,Program_A_C01,3,W,0,1
Student_1236,T2_Spring,Program_A_C01,3,C,1,0
Student_1236,T1_Fall,Program_A_C02,3,C,1,0
Student_1236,T1_Fall,Program_A_C03,3,F,0,0
Student_1236,T2_Spring,Program_A_C03,3,C,1,0
Student_1236,T1_Fall,Program_A_C04,4,C,1,0
Student_1236,T2_Spring,Program_A_C05,3,D,1,0
Student_1236,T2_Spring,Program_A_C06,3,C,1,0
Student_1237,T1_Fall,Program_B_C01,3,B,1,0
Student_1237,T1_Fall,Program_B_C02,3,F,0,0
Student_1237,T2_Spring,Program_B_C02,3,C,1,0
Student_1237,T1_Fall,Program_B_C03,3,B,1,0
Student_1237,T1_Fall,Program_B_C04,4,B,1,0
Student_1237,T2_Spring,Program_B_C05,3,C,1,0
Student_1237,T2_Spring,Program_B_C06,3,B,1,0
Student_1237,T2_Spring,Program_B_C07,3,B,1,0
Student_1237,T2_Spring,Program_B_C08,4,F,0,0
Student_1237,T3_Fall,Program_B_C08,4,C,1,0
Student_1238,T1_Fall,Program_D_C01,3,B,1,0
Student_1238,T1_Fall,Program_D_C02,3,W,0,1
Student_1238,T2_Spring,Program_D_C02,3,C,1,0
Student_1238,T1_Fall,Program_D_C03,3,C,1,0
Student_1238,T1_Fall,Program_D_C04,4,B,1,0
Student_1238,T2_Spring,Program_D_C05,3,C,1,0
Student_1239,T1_Fall,Program_C_C01,3,B,1,0
Student_1239,T1_Fall,Program_C_C02,3,C,1,0
Student_1239,T1_Fall,Program_C_C03,3,B,1,0
Student_1239,T1_Fall,Program_C_C04,4,B,1,0
Student_1239,T2_Spring,Program_C_C05,3,B,1,0
Student_1239,T2_Spring,Program_C_C06,3,A,1,0
Student_1239,T2_Spring,Program_C_C07,3,B,1,0
Student_1240,T1_Fall,Program_D_C01,3,F,0,0
Student_1240,T1_Fall,Program_D_C02,3,W,0,1
Student_1240,T2_Spring,Program_D_C02,3,C,1,0
Student_1240,T1_Fall,Program_D_C04,4,B,1,0
Student_1240,T1_Fall,Program_D_C05,3,W,0,1
Student_1240,T2_Spring,Program_D_C05,3,F,0,0
Student_1240,T2_Spring,Program_D_C08,4,F,0,0
Student_1240,T3_Fall,Program_D_C08,4,C,1,0
Student_1240,T2_Spring,Program_D_C12,4,D,1,0
Student_1240,T2_Spring,Program_D_C16,3,B,1,0
Student_1241,T1_Fall,Program_A_C01,3,B,1,0
Student_1241,T1_Fall,Program_A_C02,3,B,1,0
Student_1241,T1_Fall,Program_A_C03,3,C,1,0
Student_1242,T1_Fall,Program_D_C01,3,B,1,0
Student_1242,T1_Fall,Program_D_C02,3,F,0,0
Student_1242,T2_Spring,Program_D_C02,3,C,1,0
Student_1243,T1_Fall,Program_A_C01,3,B,1,0
Student_1243,T1_Fall,Program_A_C02,3,B,1,0
Student_1243,T1_Fall,Program_A_C03,3,C,1,0
Student_1243,T1_Fall,Program_A_C04,4,W,0,1
Student_1243,T2_Spring,Program_A_C05,3,C,1,0
Student_1243,T2_Spring,Program_A_C06,3,B,1,0
Student_1243,T2_Spring,Program_A_C07,3,C,1,0
Student_1243,T2_Spring,Program_A_C09,3,B,1,0
Student_1243,T3_Fall,Program_A_C10,3,B,1,0
Student_1243,T3_Fall,Program_A_C11,3,C,1,0
Student_1243,T3_Fall,Program_A_C13,3,F,0,0
Student_1243,T3_Fall,Program_A_C14,3,B,1,0
Student_1243,T4_Spring,Program_A_C15,3,W,0,1
Student_1243,T4_Spring,Program_A_C15,3,C,1,0
Student_1244,T1_Fall,Program_C_C01,3,F,0,0
Student_1244,T2_Spring,Program_C_C01,3,C,1,0
Student_1244,T1_Fall,Program_C_C02,3,C,1,0
Student_1245,T1_Fall,Program_B_C01,3,F,0,0
Student_1245,T1_Fall,Program_B_C02,3,W,0,1
Student_1246,T1_Fall,Program_D_C01,3,B,1,0
Student_1246,T1_Fall,Program_D_C02,3,A,1,0
Student_1246,T1_Fall,Program_D_C03,3,A,1,0
Student_1246,T1_Fall,Program_D_C04,4,B,1,0
Student_1247,T1_Fall,Program_D_C01,3,C,1,0
Student_1247,T1_Fall,Program_D_C02,3,C,1,0
Student_1247,T1_Fall,Program_D_C03,3,F,0,0
Student_1247,T2_Spring,Program_D_C03,3,C,1,0
Student_1247,T1_Fall,Program_D_C04,4,C,1,0
Student_1247,T2_Spring,Program_D_C05,3,W,0,1
Student_1247,T2_Spring,Program_D_C06,3,C,1,0
Student_1247,T2_Spring,Program_D_C07,3,C,1,0
Student_1248,T1_Fall,Program_B_C01,3,B,1,0
Student_1249,T1_Fall,Program_A_C01,3,C,1,0
Student_1250,T1_Fall,Program_B_C01,3,F,0,0
Student_1250,T2_Spring,Program_B_C01,3,C,1,0
Student_1250,T1_Fall,Program_B_C02,3,C,1,0
Student_1250,T1_Fall,Program_B_C03,3,C,1,0
Student_1250,T1_Fall,Program_B_C04,4,F,0,0
Student_1250,T2_Spring,Program_B_C05,3,C,1,0
Student_1250,T2_Spring,Program_B_C06,3,C,1,0
Student_1250,T2_Spring,Program_B_C07,3,C,1,0
Student_1250,T2_Spring,Program_B_C09,3,F,0,0
Student_1250,T3_Fall,Program_B_C10,3,F,0,0
Student_1250,T4_Spring,Program_B_C10,3,C,1,0
Student_1250,T3_Fall,Program_B_C11,3,F,0,0
Student_1250,T3_Fall,Program_B_C14,3,C,1,0
Student_1251,T1_Fall,Program_D_C01,3,B,1,0
Student_1251,T1_Fall,Program_D_C02,3,B,1,0
Student_1251,T1_Fall,Program_D_C03,3,A,1,0
Student_1251,T1_Fall,Program_D_C04,4,B,1,0
Student_1251,T2_Spring,Program_D_C05,3,B,1,0
Student_1251,T2_Spring,Program_D_C06,3,B,1,0
Student_1252,T1_Fall,Program_B_C01,3,C,1,0
Student_1252,T1_Fall,Program_B_C02,3,W,0,1
Student_1252,T1_Fall,Program_B_C03,3,C,1,0
Student_1252,T1_Fall,Program_B_C06,3,B,1,0
Student_1253,T1_Fall,Program_D_C01,3,F,0,0
Student_1253,T2_Spring,Program_D_C01,3,C,1,0
Student_1253,T1_Fall,Program_D_C02,3,C,1,0
Student_1253,T1_Fall,Program_D_C03,3,F,0,0
Student_1253,T1_Fall,Program_D_C04,4,F,0,0
Student_1253,T2_Spring,Program_D_C04,4,C,1,0
Student_1253,T2_Spring,Program_D_C05,3,F,0,0
Student_1253,T3_Fall,Program_D_C05,3,C,1,0
Student_1254,T1_Fall,Program_D_C01,3,B,1,0
Student_1254,T1_Fall,Program_D_C02,3,B,1,0
Student_1254,T1_Fall,Program_D_C03,3,F,0,0
Student_1254,T2_Spring,Program_D_C03,3,C,1,0
Student_1254,T1_Fall,Program_D_C04,4,F,0,0
Student_1254,T2_Spring,Program_D_C04,4,C,1,0
Student_1254,T2_Spring,Program_D_C05,3,B,1,0
Student_1254,T2_Spring,Program_D_C06,3,B,1,0
Student_1254,T2_Spring,Program_D_C07,3,C,1,0
Student_1254,T2_Spring,Program_D_C08,4,C,1,0
Student_1254,T3_Fall,Program_D_C09,3,F,0,0
Student_1254,T3_Fall,Program_D_C10,3,C,1,0
Student_1255,T1_Fall,Program_D_C01,3,A,1,0
Student_1255,T1_Fall,Program_D_C02,3,A,1,0
Student_1255,T1_Fall,Program_D_C03,3,B,1,0
Student_1255,T1_Fall,Program_D_C04,4,C,1,0
Student_1255,T2_Spring,Program_D_C05,3,B,1,0
Student_1255,T2_Spring,Program_D_C06,3,B,1,0
Student_1255,T2_Spring,Program_D_C07,3,B,1,0
Student_1255,T2_Spring,Program_D_C08,4,W,0,1
Student_1255,T3_Fall,Program_D_C09,3,C,1,0
Student_1255,T3_Fall,Program_D_C10,3,B,1,0
Student_1256,T1_Fall,Program_A_C01,3,W,0,1
Student_1256,T2_Spring,Program_A_C01,3,C,1,0
Student_1256,T1_Fall,Program_A_C02,3,W,0,1
Student_1256,T2_Spring,Program_A_C02,3,C,1,0
Student_1256,T1_Fall,Program_A_C03,3,F,0,0
Student_1256,T2_Spring,Program_A_C03,3,F,0,0
Student_1256,T1_Fall,Program_A_C04,4,C,1,0
Student_1256,T2_Spring,Program_A_C05,3,C,1,0
Student_1256,T2_Spring,Program_A_C08,4,C,1,0
Student_1256,T2_Spring,Program_A_C09,3,W,0,1
Student_1256,T2_Spring,Program_A_C12,4,F,0,0
Student_1256,T3_Fall,Program_A_C12,4,C,1,0
Student_1257,T1_Fall,Program_C_C01,3,W,0,1
Student_1257,T2_Spring,Program_C_C01,3,C,1,0
Student_1257,T1_Fall,Program_C_C02,3,B,1,0
Student_1257,T1_Fall,Program_C_C03,3,B,1,0
Student_1257,T1_Fall,Program_C_C04,4,C,1,0
Student_1257,T2_Spring,Program_C_C05,3,F,0,0
Student_1257,T2_Spring,Program_C_C06,3,C,1,0
Student_1257,T2_Spring,Program_C_C07,3,C,1,0
Student_1258,T1_Fall,Program_A_C01,3,B,1,0
Student_1258,T1_Fall,Program_A_C02,3,C,1,0
Student_1258,T1_Fall,Program_A_C03,3,F,0,0
Student_1258,T1_Fall,Program_A_C04,4,A,1,0
Student_1258,T2_Spring,Program_A_C05,3,C,1,0
Student_1258,T2_Spring,Program_A_C08,4,F,0,0
Student_1258,T3_Fall,Program_A_C08,4,C,1,0
Student_1258,T2_Spring,Program_A_C09,3,F,0,0
Student_1258,T3_Fall,Program_A_C09,3,C,1,0
Student_1258,T2_Spring,Program_A_C12,4,F,0,0
Student_1258,T3_Fall,Program_A_C12,4,C,1,0
Student_1258,T3_Fall,Program_A_C13,3,C,1,0
Student_1258,T3_Fall,Program_A_C16,3,F,0,0
Student_1259,T1_Fall,Program_A_C01,3,F,0,0
Student_1259,T1_Fall,Program_A_C02,3,B,1,0
Student_1259,T1_Fall,Program_A_C04,4,C,1,0
Student_1260,T1_Fall,Program_D_C01,3,B,1,0
Student_1260,T1_Fall,Program_D_C02,3,C,1,0
Student_1260,T1_Fall,Program_D_C03,3,C,1,0
Student_1260,T1_Fall,Program_D_C04,4,B,1,0
Student_1260,T2_Spring,Program_D_C05,3,B,1,0
Student_1260,T2_Spring,Program_D_C06,3,F,0,0
Student_1260,T2_Spring,Program_D_C07,3,C,1,0
Student_1261,T1_Fall,Program_B_C01,3,C,1,0
Student_1261,T1_Fall,Program_B_C02,3,B,1,0
Student_1261,T1_Fall,Program_B_C03,3,B,1,0
Student_1262,T1_Fall,Program_D_C01,3,W,0,1
Student_1262,T2_Spring,Program_D_C01,3,C,1,0
Student_1262,T1_Fall,Program_D_C02,3,F,0,0
Student_1262,T1_Fall,Program_D_C03,3,F,0,0
Student_1262,T2_Spring,Program_D_C03,3,C,1,0
Student_1262,T1_Fall,Program_D_C06,3,F,0,0
Student_1262,T2_Spring,Program_D_C07,3,F,0,0
Student_1263,T1_Fall,Program_D_C01,3,B,1,0
Student_1263,T1_Fall,Program_D_C02,3,B,1,0
Student_1263,T1_Fall,Program_D_C03,3,B,1,0
Student_1263,T1_Fall,Program_D_C04,4,C,1,0
Student_1263,T2_Spring,Program_D_C05,3,C,1,0
Student_1263,T2_Spring,Program_D_C06,3,W,0,1
Student_1263,T3_Fall,Program_D_C06,3,C,1,0
Student_1263,T2_Spring,Program_D_C07,3,A,1,0
Student_1264,T1_Fall,Program_B_C01,3,F,0,0
Student_1264,T2_Spring,Program_B_C01,3,C,1,0
Student_1264,T1_Fall,Program_B_C02,3,B,1,0
Student_1264,T1_Fall,Program_B_C03,3,B,1,0
Student_1264,T1_Fall,Program_B_C04,4,C,1,0
Student_1264,T2_Spring,Program_B_C05,3,B,1,0
Student_1264,T2_Spring,Program_B_C06,3,C,1,0
Student_1264,T2_Spring,Program_B_C07,3,B,1,0
Student_1264,T2_Spring,Program_B_C08,4,C,1,0
Student_1264,T3_Fall,Program_B_C09,3,B,1,0
Student_1264,T3_Fall,Program_B_C10,3,C,1,0
Student_1264,T3_Fall,Program_B_C11,3,B,1,0
Student_1264,T3_Fall,Program_B_C12,4,A,1,0
Student_1265,T1_Fall,Program_A_C01,3,B,1,0
Student_1265,T1_Fall,Program_A_C02,3,B,1,0
Student_1265,T1_Fall,Program_A_C03,3,B,1,0
Student_1266,T1_Fall,Program_D_C01,3,F,0,0
Student_1266,T2_Spring,Program_D_C01,3,F,0,0
Student_1266,T1_Fall,Program_D_C02,3,C,1,0
Student_1266,T1_Fall,Program_D_C04,4,C,1,0
Student_1266,T1_Fall,Program_D_C05,3,F,0,0
Student_1266,T2_Spring,Program_D_C08,4,F,0,0
Student_1267,T1_Fall,Program_B_C01,3,F,0,0
Student_1267,T1_Fall,Program_B_C02,3,B,1,0
Student_1267,T1_Fall,Program_B_C04,4,B,1,0
Student_1267,T1_Fall,Program_B_C05,3,B,1,0
Student_1267,T2_Spring,Program_B_C08,4,B,1,0
Student_1267,T2_Spring,Program_B_C09,3,B,1,0
Student_1267,T2_Spring,Program_B_C12,4,B,1,0
Student_1268,T1_Fall,Program_B_C01,3,C,1,0
Student_1269,T1_Fall,Program_A_C01,3,C,1,0
Student_1269,T1_Fall,Program_A_C02,3,F,0,0
Student_1269,T2_Spring,Program_A_C02,3,F,0,0
Student_1269,T1_Fall,Program_A_C03,3,D,1,0
Student_1269,T1_Fall,Program_A_C06,3,C,1,0
Student_1269,T2_Spring,Program_A_C07,3,F,0,0
Student_1269,T3_Fall,Program_A_C07,3,F,0,0
Student_1269,T2_Spring,Program_A_C10,3,F,0,0
Student_1270,T1_Fall,Program_B_C01,3,B,1,0
Student_1270,T1_Fall,Program_B_C02,3,B,1,0
Student_1270,T1_Fall,Program_B_C03,3,B,1,0
Student_1270,T1_Fall,Program_B_C04,4,C,1,0
Student_1270,T2_Spring,Program_B_C05,3,B,1,0
Student_1270,T2_Spring,Program_B_C06,3,C,1,0
Student_1270,T2_Spring,Program_B_C07,3,B,1,0
Student_1270,T2_Spring,Program_B_C08,4,B,1,0
Student_1270,T3_Fall,Program_B_C09,3,C,1,0
Student_1271,T1_Fall,Program_D_C01,3,C,1,0
Student_1271,T1_Fall,Program_D_C02,3,D,1,0
Student_1271,T1_Fall,Program_D_C03,3,C,1,0
Student_1271,T1_Fall,Program_D_C04,4,C,1,0
Student_1271,T2_Spring,Program_D_C05,3,C,1,0
Student_1271,T2_Spring,Program_D_C06,3,C,1,0
Student_1272,T1_Fall,Program_D_C01,3,B,1,0
Student_1272,T1_Fall,Program_D_C02,3,B,1,0
Student_1272,T1_Fall,Program_D_C03,3,W,0,1
Student_1272,T2_Spring,Program_D_C03,3,C,1,0
Student_1272,T1_Fall,Program_D_C04,4,B,1,0
Student_1272,T2_Spring,Program_D_C05,3,B,1,0
Student_1272,T2_Spring,Program_D_C06,3,B,1,0
Student_1273,T1_Fall,Program_D_C01,3,C,1,0
Student_1273,T1_Fall,Program_D_C02,3,B,1,0
Student_1273,T1_Fall,Program_D_C03,3,B,1,0
Student_1273,T1_Fall,Program_D_C04,4,C,1,0
Student_1273,T2_Spring,Program_D_C05,3,C,1,0
Student_1273,T2_Spring,Program_D_C06,3,C,1,0
Student_1273,T2_Spring,Program_D_C07,3,C,1,0
Student_1273,T2_Spring,Program_D_C08,4,F,0,0
Student_1273,T3_Fall,Program_D_C08,4,C,1,0
Student_1273,T3_Fall,Program_D_C09,3,C,1,0
Student_1273,T3_Fall,Program_D_C10,3,B,1,0
Student_1274,T1_Fall,Program_C_C01,3,B,1,0
Student_1274,T1_Fall,Program_C_C02,3,B,1,0
Student_1274,T1_Fall,Program_C_C03,3,C,1,0
Student_1275,T1_Fall,Program_C_C01,3,B,1,0
Student_1275,T1_Fall,Program_C_C02,3,B,1,0
Student_1275,T1_Fall,Program_C_C03,3,A,1,0
Student_1275,T1_Fall,Program_C_C04,4,A,1,0
Student_1275,T2_Spring,Program_C_C05,3,F,0,0
Student_1275,T2_Spring,Program_C_C06,3,B,1,0
Student_1276,T1_Fall,Program_D_C01,3,F,0,0
Student_1276,T1_Fall,Program_D_C02,3,D,1,0
Student_1276,T1_Fall,Program_D_C04,4,C,1,0
Student_1276,T1_Fall,Program_D_C05,3,B,1,0
Student_1276,T2_Spring,Program_D_C08,4,C,1,0
Student_1276,T2_Spring,Program_D_C09,3,F,0,0
Student_1276,T3_Fall,Program_D_C09,3,C,1,0
Student_1276,T2_Spring,Program_D_C12,4,C,1,0
Student_1276,T2_Spring,Program_D_C13,3,B,1,0
Student_1276,T3_Fall,Program_D_C16,3,F,0,0
Student_1277,T1_Fall,Program_D_C01,3,W,0,1
Student_1277,T1_Fall,Program_D_C02,3,F,0,0
Student_1277,T2_Spring,Program_D_C02,3,C,1,0
Student_1277,T1_Fall,Program_D_C04,4,C,1,0
Student_1277,T1_Fall,Program_D_C05,3,W,0,1
Student_1277,T2_Spring,Program_D_C05,3,C,1,0
Student_1277,T2_Spring,Program_D_C08,4,W,0,1
Student_1277,T3_Fall,Program_D_C08,4,F,0,0
Student_1277,T2_Spring,Program_D_C09,3,F,0,0
Student_1278,T1_Fall,Program_B_C01,3,B,1,0
Student_1278,T1_Fall,Program_B_C02,3,B,1,0
Student_1278,T1_Fall,Program_B_C03,3,F,0,0
Student_1278,T2_Spring,Program_B_C03,3,C,1,0
Student_1278,T1_Fall,Program_B_C04,4,B,1,0
Student_1278,T2_Spring,Program_B_C05,3,C,1,0
Student_1278,T2_Spring,Program_B_C06,3,B,1,0
Student_1278,T2_Spring,Program_B_C07,3,F,0,0
Student_1278,T3_Fall,Program_B_C07,3,C,1,0
Student_1278,T2_Spring,Program_B_C08,4,C,1,0
Student_1278,T3_Fall,Program_B_C09,3,C,1,0
Student_1278,T3_Fall,Program_B_C10,3,B,1,0
Student_1278,T3_Fall,Program_B_C11,3,B,1,0
Student_1279,T1_Fall,Program_A_C01,3,W,0,1
Student_1279,T1_Fall,Program_A_C02,3,C,1,0
Student_1279,T1_Fall,Program_A_C04,4,F,0,0
Student_1279,T2_Spring,Program_A_C04,4,C,1,0
Student_1279,T1_Fall,Program_A_C05,3,C,1,0
Student_1279,T2_Spring,Program_A_C08,4,W,0,1
Student_1279,T2_Spring,Program_A_C09,3,C,1,0
Student_1279,T2_Spring,Program_A_C13,3,F,0,0
Student_1280,T1_Fall,Program_C_C01,3,C,1,0
Student_1280,T1_Fall,Program_C_C02,3,F,0,0
Student_1280,T2_Spring,Program_C_C02,3,C,1,0
Student_1280,T1_Fall,Program_C_C03,3,C,1,0
Student_1280,T1_Fall,Program_C_C04,4,B,1,0
Student_1280,T2_Spring,Program_C_C05,3,F,0,0
Student_1280,T2_Spring,Program_C_C06,3,C,1,0
Student_1280,T2_Spring,Program_C_C07,3,W,0,1
Student_1280,T3_Fall,Program_C_C07,3,F,0,0
Student_1280,T2_Spring,Program_C_C08,4,C,1,0
Student_1280,T3_Fall,Program_C_C10,3,F,0,0
Student_1280,T4_Spring,Program_C_C10,3,C,1,0
Student_1280,T3_Fall,Program_C_C12,4,F,0,0
Student_1280,T4_Spring,Program_C_C12,4,F,0,0
Student_1280,T3_Fall,Program_C_C14,3,W,0,1
Student_1280,T4_Spring,Program_C_C14,3,C,1,0
Student_1281,T1_Fall,Program_A_C01,3,B,1,0
Student_1281,T1_Fall,Program_A_C02,3,B,1,0
Student_1281,T1_Fall,Program_A_C03,3,A,1,0
Student_1281,T1_Fall,Program_A_C04,4,A,1,0
Student_1281,T2_Spring,Program_A_C05,3,A,1,0
Student_1282,T1_Fall,Program_C_C01,3,B,1,0
Student_1282,T1_Fall,Program_C_C02,3,F,0,0
Student_1282,T1_Fall,Program_C_C03,3,A,1,0
Student_1282,T1_Fall,Program_C_C06,3,F,0,0
Student_1282,T2_Spring,Program_C_C07,3,B,1,0
Student_1283,T1_Fall,Program_C_C01,3,F,0,0
Student_1283,T1_Fall,Program_C_C02,3,F,0,0
Student_1284,T1_Fall,Program_B_C01,3,F,0,0
Student_1284,T2_Spring,Program_B_C01,3,C,1,0
Student_1284,T1_Fall,Program_B_C02,3,C,1,0
Student_1284,T1_Fall,Program_B_C03,3,C,1,0
Student_1284,T1_Fall,Program_B_C04,4,B,1,0
Student_1284,T2_Spring,Program_B_C05,3,C,1,0
Student_1285,T1_Fall,Program_B_C01,3,W,0,1
Student_1285,T2_Spring,Program_B_C01,3,C,1,0
Student_1285,T1_Fall,Program_B_C02,3,F,0,0
Student_1285,T1_Fall,Program_B_C03,3,C,1,0
Student_1286,T1_Fall,Program_A_C01,3,W,0,1
Student_1286,T1_Fall,Program_A_C02,3,B,1,0
Student_1287,T1_Fall,Program_D_C01,3,F,0,0
Student_1287,T2_Spring,Program_D_C01,3,C,1,0
Student_1287,T1_Fall,Program_D_C02,3,B,1,0
Student_1288,T1_Fall,Program_C_C01,3,D,1,0
Student_1288,T1_Fall,Program_C_C02,3,C,1,0
Student_1288,T1_Fall,Program_C_C03,3,W,0,1
Student_1288,T1_Fall,Program_C_C04,4,F,0,0
Student_1288,T2_Spring,Program_C_C05,3,F,0,0
Student_1288,T3_Fall,Program_C_C05,3,C,1,0
Student_1288,T2_Spring,Program_C_C09,3,F,0,0
Student_1288,T3_Fall,Program_C_C09,3,F,0,0
Student_1289,T1_Fall,Program_B_C01,3,B,1,0
Student_1290,T1_Fall,Program_A_C01,3,C,1,0
Student_1291,T1_Fall,Program_C_C01,3,C,1,0
Student_1291,T1_Fall,Program_C_C02,3,C,1,0
Student_1291,T1_Fall,Program_C_C03,3,C,1,0
Student_1291,T1_Fall,Program_C_C04,4,C,1,0
Student_1291,T2_Spring,Program_C_C05,3,B,1,0
Student_1291,T2_Spring,Program_C_C06,3,C,1,0
Student_1292,T1_Fall,Program_A_C01,3,B,1,0
Student_1292,T1_Fall,Program_A_C02,3,B,1,0
Student_1292,T1_Fall,Program_A_C03,3,B,1,0
Student_1292,T1_Fall,Program_A_C04,4,B,1,0
Student_1292,T2_Spring,Program_A_C05,3,B,1,0
Student_1292,T2_Spring,Program_A_C06,3,C,1,0
Student_1292,T2_Spring,Program_A_C07,3,B,1,0
Student_1292,T2_Spring,Program_A_C08,4,C,1,0
Student_1292,T3_Fall,Program_A_C09,3,A,1,0
Student_1292,T3_Fall,Program_A_C10,3,C,1,0
Student_1293,T1_Fall,Program_C_C01,3,C,1,0
Student_1293,T1_Fall,Program_C_C02,3,B,1,0
Student_1293,T1_Fall,Program_C_C03,3,B,1,0
Student_1293,T1_Fall,Program_C_C04,4,B,1,0
Student_1294,T1_Fall,Program_C_C01,3,B,1,0
Student_1294,T1_Fall,Program_C_C02,3,A,1,0
Student_1294,T1_Fall,Program_C_C03,3,A,1,0
Student_1295,T1_Fall,Program_B_C01,3,F,0,0
Student_1295,T1_Fall,Program_B_C02,3,B,1,0
Student_1296,T1_Fall,Program_B_C01,3,B,1,0
Student_1296,T1_Fall,Program_B_C02,3,F,0,0
Student_1296,T1_Fall,Program_B_C03,3,W,0,1
Student_1297,T1_Fall,Program_C_C01,3,F,0,0
Student_1297,T2_Spring,Program_C_C01,3,C,1,0
Student_1297,T1_Fall,Program_C_C02,3,F,0,0
Student_1297,T1_Fall,Program_C_C03,3,C,1,0
Student_1297,T1_Fall,Program_C_C06,3,C,1,0
Student_1297,T2_Spring,Program_C_C07,3,W,0,1
Student_1297,T2_Spring,Program_C_C10,3,F,0,0
Student_1298,T1_Fall,Program_A_C01,3,F,0,0
Student_1298,T2_Spring,Program_A_C01,3,C,1,0
Student_1298,T1_Fall,Program_A_C02,3,C,1,0
Student_1298,T1_Fall,Program_A_C03,3,C,1,0
Student_1298,T1_Fall,Program_A_C04,4,W,0,1
Student_1298,T2_Spring,Program_A_C05,3,F,0,0
Student_1298,T3_Fall,Program_A_C05,3,C,1,0
Student_1298,T2_Spring,Program_A_C06,3,W,0,1
Student_1298,T3_Fall,Program_A_C06,3,C,1,0
Student_1298,T2_Spring,Program_A_C07,3,F,0,0
Student_1298,T3_Fall,Program_A_C07,3,C,1,0
Student_1299,T1_Fall,Program_A_C01,3,B,1,0
Student_1299,T1_Fall,Program_A_C02,3,C,1,0
Student_1299,T1_Fall,Program_A_C03,3,F,0,0
Student_1299,T2_Spring,Program_A_C03,3,C,1,0
Student_1299,T1_Fall,Program_A_C04,4,C,1,0
Student_1299,T2_Spring,Program_A_C05,3,D,1,0
Student_1299,T2_Spring,Program_A_C06,3,F,0,0
Student_1299,T3_Fall,Program_A_C06,3,C,1,0
Student_1299,T2_Spring,Program_A_C07,3,W,0,1
Student_1299,T2_Spring,Program_A_C08,4,B,1,0
Student_1299,T3_Fall,Program_A_C09,3,F,0,0
Student_1299,T4_Spring,Program_A_C09,3,F,0,0
Student_1299,T3_Fall,Program_A_C10,3,F,0,0
Student_1299,T3_Fall,Program_A_C12,4,B,1,0
Student_1299,T3_Fall,Program_A_C16,3,B,1,0
Student_1300,T1_Fall,Program_B_C01,3,B,1,0
Student_1300,T1_Fall,Program_B_C02,3,C,1,0
Student_1300,T1_Fall,Program_B_C03,3,B,1,0
Student_1300,T1_Fall,Program_B_C04,4,B,1,0
Student_1300,T2_Spring,Program_B_C05,3,F,0,0
Student_1300,T3_Fall,Program_B_C05,3,C,1,0
Student_1301,T1_Fall,Program_C_C01,3,B,1,0
Student_1302,T1_Fall,Program_A_C01,3,B,1,0
Student_1302,T1_Fall,Program_A_C02,3,B,1,0
Student_1302,T1_Fall,Program_A_C03,3,B,1,0
Student_1302,T1_Fall,Program_A_C04,4,B,1,0
Student_1302,T2_Spring,Program_A_C05,3,W,0,1
Student_1302,T3_Fall,Program_A_C05,3,C,1,0
Student_1302,T2_Spring,Program_A_C06,3,B,1,0
Student_1302,T2_Spring,Program_A_C07,3,W,0,1
Student_1302,T3_Fall,Program_A_C07,3,C,1,0
Student_1302,T2_Spring,Program_A_C08,4,C,1,0
Student_1302,T3_Fall,Program_A_C09,3,B,1,0
Student_1302,T3_Fall,Program_A_C10,3,B,1,0
Student_1302,T3_Fall,Program_A_C11,3,C,1,0
Student_1302,T3_Fall,Program_A_C12,4,C,1,0
Student_1303,T1_Fall,Program_B_C01,3,C,1,0
Student_1303,T1_Fall,Program_B_C02,3,B,1,0
Student_1303,T1_Fall,Program_B_C03,3,C,1,0
Student_1303,T1_Fall,Program_B_C04,4,F,0,0
Student_1303,T2_Spring,Program_B_C04,4,F,0,0
Student_1303,T2_Spring,Program_B_C05,3,B,1,0
Student_1304,T1_Fall,Program_D_C01,3,F,0,0
Student_1304,T2_Spring,Program_D_C01,3,C,1,0
Student_1304,T1_Fall,Program_D_C02,3,C,1,0
Student_1304,T1_Fall,Program_D_C03,3,C,1,0
Student_1304,T1_Fall,Program_D_C04,4,F,0,0
Student_1304,T2_Spring,Program_D_C04,4,C,1,0
Student_1304,T2_Spring,Program_D_C05,3,C,1,0
Student_1304,T2_Spring,Program_D_C06,3,B,1,0
Student_1305,T1_Fall,Program_B_C01,3,C,1,0
Student_1305,T1_Fall,Program_B_C02,3,F,0,0
Student_1305,T2_Spring,Program_B_C02,3,F,0,0
Student_1305,T1_Fall,Program_B_C03,3,F,0,0
Student_1305,T2_Spring,Program_B_C03,3,F,0,0
Student_1306,T1_Fall,Program_D_C01,3,F,0,0
Student_1306,T2_Spring,Program_D_C01,3,C,1,0
Student_1306,T1_Fall,Program_D_C02,3,B,1,0
Student_1306,T1_Fall,Program_D_C03,3,A,1,0
Student_1306,T1_Fall,Program_D_C04,4,A,1,0
Student_1306,T2_Spring,Program_D_C05,3,C,1,0
Student_1306,T2_Spring,Program_D_C06,3,B,1,0
Student_1306,T2_Spring,Program_D_C07,3,B,1,0
Student_1306,T2_Spring,Program_D_C08,4,F,0,0
Student_1306,T3_Fall,Program_D_C08,4,C,1,0
Student_1306,T3_Fall,Program_D_C09,3,B,1,0
Student_1306,T3_Fall,Program_D_C10,3,B,1,0
Student_1306,T3_Fall,Program_D_C11,3,B,1,0
Student_1307,T1_Fall,Program_B_C01,3,C,1,0
Student_1307,T1_Fall,Program_B_C02,3,C,1,0
Student_1307,T1_Fall,Program_B_C03,3,B,1,0
Student_1307,T1_Fall,Program_B_C04,4,B,1,0
Student_1307,T2_Spring,Program_B_C05,3,B,1,0
Student_1307,T2_Spring,Program_B_C06,3,W,0,1
Student_1307,T3_Fall,Program_B_C06,3,C,1,0
Student_1308,T1_Fall,Program_A_C01,3,W,0,1
Student_1308,T2_Spring,Program_A_C01,3,C,1,0
Student_1308,T1_Fall,Program_A_C02,3,A,1,0
Student_1308,T1_Fall,Program_A_C03,3,B,1,0
Student_1309,T1_Fall,Program_A_C01,3,B,1,0
Student_1309,T1_Fall,Program_A_C02,3,C,1,0
Student_1309,T1_Fall,Program_A_C03,3,B,1,0
Student_1309,T1_Fall,Program_A_C04,4,C,1,0
Student_1309,T2_Spring,Program_A_C05,3,B,1,0
Student_1309,T2_Spring,Program_A_C06,3,B,1,0
Student_1309,T2_Spring,Program_A_C07,3,B,1,0
Student_1309,T2_Spring,Program_A_C08,4,B,1,0
Student_1310,T1_Fall,Program_A_C01,3,C,1,0
Student_1310,T1_Fall,Program_A_C02,3,B,1,0
Student_1310,T1_Fall,Program_A_C03,3,W,0,1
Student_1310,T2_Spring,Program_A_C03,3,C,1,0
Student_1311,T1_Fall,Program_C_C01,3,A,1,0
Student_1311,T1_Fall,Program_C_C02,3,A,1,0
Student_1312,T1_Fall,Program_C_C01,3,B,1,0
Student_1312,T1_Fall,Program_C_C02,3,A,1,0
Student_1312,T1_Fall,Program_C_C03,3,W,0,1
Student_1312,T2_Spring,Program_C_C03,3,C,1,0
Student_1312,T1_Fall,Program_C_C04,4,A,1,0
Student_1313,T1_Fall,Program_B_C01,3,F,0,0
Student_1313,T1_Fall,Program_B_C02,3,F,0,0
Student_1313,T2_Spring,Program_B_C02,3,C,1,0
Student_1314,T1_Fall,Program_D_C01,3,B,1,0
Student_1314,T1_Fall,Program_D_C02,3,B,1,0
Student_1314,T1_Fall,Program_D_C03,3,A,1,0
Student_1314,T1_Fall,Program_D_C04,4,F,0,0
Student_1314,T2_Spring,Program_D_C05,3,B,1,0
Student_1314,T2_Spring,Program_D_C06,3,B,1,0
Student_1314,T2_Spring,Program_D_C07,3,F,0,0
Student_1314,T2_Spring,Program_D_C09,3,F,0,0
Student_1314,T3_Fall,Program_D_C09,3,C,1,0
Student_1314,T3_Fall,Program_D_C10,3,F,0,0
Student_1314,T3_Fall,Program_D_C13,3,F,0,0
Student_1314,T4_Spring,Program_D_C13,3,C,1,0
Student_1315,T1_Fall,Program_A_C01,3,W,0,1
Student_1315,T1_Fall,Program_A_C02,3,C,1,0
Student_1315,T1_Fall,Program_A_C04,4,C,1,0
Student_1315,T1_Fall,Program_A_C05,3,F,0,0
Student_1315,T2_Spring,Program_A_C05,3,C,1,0
Student_1316,T1_Fall,Program_C_C01,3,B,1,0
Student_1316,T1_Fall,Program_C_C02,3,B,1,0
Student_1316,T1_Fall,Program_C_C03,3,B,1,0
Student_1317,T1_Fall,Program_C_C01,3,B,1,0
Student_1318,T1_Fall,Program_D_C01,3,F,0,0
Student_1318,T2_Spring,Program_D_C01,3,F,0,0
Student_1318,T1_Fall,Program_D_C02,3,C,1,0
Student_1318,T1_Fall,Program_D_C04,4,F,0,0
Student_1318,T1_Fall,Program_D_C05,3,C,1,0
Student_1318,T2_Spring,Program_D_C09,3,F,0,0
Student_1319,T1_Fall,Program_B_C01,3,C,1,0
Student_1319,T1_Fall,Program_B_C02,3,B,1,0
Student_1319,T1_Fall,Program_B_C03,3,B,1,0
Student_1319,T1_Fall,Program_B_C04,4,A,1,0
Student_1319,T2_Spring,Program_B_C05,3,B,1,0
Student_1320,T1_Fall,Program_B_C01,3,F,0,0
Student_1320,T2_Spring,Program_B_C01,3,F,0,0
Student_1320,T1_Fall,Program_B_C02,3,B,1,0
Student_1320,T1_Fall,Program_B_C04,4,F,0,0
Student_1320,T2_Spring,Program_B_C04,4,C,1,0
Student_1320,T1_Fall,Program_B_C05,3,F,0,0
Student_1320,T2_Spring,Program_B_C08,4,B,1,0
Student_1320,T2_Spring,Program_B_C12,4,B,1,0
Student_1321,T1_Fall,Program_C_C01,3,B,1,0
Student_1321,T1_Fall,Program_C_C02,3,B,1,0
Student_1321,T1_Fall,Program_C_C03,3,B,1,0
Student_1321,T1_Fall,Program_C_C04,4,B,1,0
Student_1321,T2_Spring,Program_C_C05,3,B,1,0
Student_1322,T1_Fall,Program_C_C01,3,F,0,0
Student_1322,T1_Fall,Program_C_C02,3,C,1,0
Student_1322,T1_Fall,Program_C_C04,4,W,0,1
Student_1322,T1_Fall,Program_C_C05,3,D,1,0
Student_1322,T2_Spring,Program_C_C09,3,C,1,0
Student_1323,T1_Fall,Program_A_C01,3,W,0,1
Student_1323,T2_Spring,Program_A_C01,3,C,1,0
Student_1323,T1_Fall,Program_A_C02,3,F,0,0
Student_1323,T2_Spring,Program_A_C02,3,F,0,0
Student_1323,T1_Fall,Program_A_C03,3,F,0,0
Student_1324,T1_Fall,Program_A_C01,3,F,0,0
Student_1324,T2_Spring,Program_A_C01,3,F,0,0
Student_1324,T1_Fall,Program_A_C02,3,W,0,1
Student_1325,T1_Fall,Program_B_C01,3,B,1,0
Student_1325,T1_Fall,Program_B_C02,3,A,1,0
Student_1325,T1_Fall,Program_B_C03,3,B,1,0
Student_1325,T1_Fall,Program_B_C04,4,B,1,0
Student_1325,T2_Spring,Program_B_C05,3,A,1,0
Student_1325,T2_Spring,Program_B_C06,3,A,1,0
Student_1326,T1_Fall,Program_A_C01,3,F,0,0
Student_1326,T2_Spring,Program_A_C01,3,C,1,0
Student_1326,T1_Fall,Program_A_C02,3,F,0,0
Student_1326,T1_Fall,Program_A_C03,3,F,0,0
Student_1327,T1_Fall,Program_C_C01,3,B,1,0
Student_1328,T1_Fall,Program_B_C01,3,D,1,0
Student_1328,T1_Fall,Program_B_C02,3,W,0,1
Student_1328,T2_Spring,Program_B_C02,3,C,1,0
Student_1328,T1_Fall,Program_B_C03,3,W,0,1
Student_1328,T1_Fall,Program_B_C04,4,C,1,0
Student_1329,T1_Fall,Program_D_C01,3,B,1,0
Student_1330,T1_Fall,Program_B_C01,3,C,1,0
Student_1330,T1_Fall,Program_B_C02,3,C,1,0
Student_1330,T1_Fall,Program_B_C03,3,W,0,1
Student_1330,T1_Fall,Program_B_C04,4,W,0,1
Student_1330,T2_Spring,Program_B_C04,4,C,1,0
Student_1330,T2_Spring,Program_B_C05,3,C,1,0
Student_1330,T2_Spring,Program_B_C08,4,F,0,0
Student_1330,T3_Fall,Program_B_C08,4,C,1,0
Student_1330,T2_Spring,Program_B_C09,3,B,1,0
Student_1330,T2_Spring,Program_B_C12,4,W,0,1
Student_1330,T3_Fall,Program_B_C13,3,F,0,0
Student_1330,T4_Spring,Program_B_C13,3,C,1,0
Student_1331,T1_Fall,Program_B_C01,3,B,1,0
Student_1331,T1_Fall,Program_B_C02,3,C,1,0
Student_1331,T1_Fall,Program_B_C03,3,C,1,0
Student_1331,T1_Fall,Program_B_C04,4,B,1,0
Student_1331,T2_Spring,Program_B_C05,3,C,1,0
Student_1331,T2_Spring,Program_B_C06,3,B,1,0
Student_1332,T1_Fall,Program_D_C01,3,C,1,0
Student_1332,T1_Fall,Program_D_C02,3,C,1,0
Student_1332,T1_Fall,Program_D_C03,3,C,1,0
Student_1332,T1_Fall,Program_D_C04,4,F,0,0
Student_1332,T2_Spring,Program_D_C04,4,C,1,0
Student_1332,T2_Spring,Program_D_C05,3,B,1,0
Student_1333,T1_Fall,Program_A_C01,3,C,1,0
Student_1333,T1_Fall,Program_A_C02,3,D,1,0
Student_1333,T1_Fall,Program_A_C03,3,B,1,0
Student_1334,T1_Fall,Program_B_C01,3,W,0,1
Student_1334,T1_Fall,Program_B_C02,3,B,1,0
Student_1334,T1_Fall,Program_B_C04,4,C,1,0
Student_1334,T1_Fall,Program_B_C05,3,B,1,0
Student_1334,T2_Spring,Program_B_C08,4,B,1,0
Student_1334,T2_Spring,Program_B_C09,3,B,1,0
Student_1335,T1_Fall,Program_A_C01,3,D,1,0
Student_1336,T1_Fall,Program_A_C01,3,C,1,0
Student_1336,T1_Fall,Program_A_C02,3,C,1,0
Student_1336,T1_Fall,Program_A_C03,3,C,1,0
Student_1336,T1_Fall,Program_A_C04,4,C,1,0
Student_1336,T2_Spring,Program_A_C05,3,C,1,0
Student_1337,T1_Fall,Program_A_C01,3,B,1,0
Student_1337,T1_Fall,Program_A_C02,3,C,1,0
Student_1337,T1_Fall,Program_A_C03,3,B,1,0
Student_1338,T1_Fall,Program_C_C01,3,C,1,0
Student_1339,T1_Fall,Program_B_C01,3,F,0,0
Student_1339,T2_Spring,Program_B_C01,3,F,0,0
Student_1339,T1_Fall,Program_B_C02,3,F,0,0
Student_1339,T2_Spring,Program_B_C02,3,F,0,0
Student_1340,T1_Fall,Program_D_C01,3,C,1,0
Student_1340,T1_Fall,Program_D_C02,3,F,0,0
Student_1340,T2_Spring,Program_D_C02,3,C,1,0
Student_1340,T1_Fall,Program_D_C03,3,C,1,0
Student_1340,T1_Fall,Program_D_C04,4,C,1,0
Student_1340,T2_Spring,Program_D_C05,3,C,1,0
Student_1340,T2_Spring,Program_D_C06,3,B,1,0
Student_1340,T2_Spring,Program_D_C07,3,F,0,0
Student_1340,T2_Spring,Program_D_C08,4,F,0,0
Student_1340,T3_Fall,Program_D_C08,4,C,1,0
Student_1340,T3_Fall,Program_D_C09,3,C,1,0
Student_1340,T3_Fall,Program_D_C10,3,D,1,0
Student_1340,T3_Fall,Program_D_C12,4,B,1,0
Student_1340,T3_Fall,Program_D_C13,3,F,0,0
Student_1340,T4_Spring,Program_D_C14,3,C,1,0
Student_1341,T1_Fall,Program_B_C01,3,C,1,0
Student_1341,T1_Fall,Program_B_C02,3,C,1,0
Student_1341,T1_Fall,Program_B_C03,3,C,1,0
Student_1342,T1_Fall,Program_C_C01,3,F,0,0
Student_1342,T1_Fall,Program_C_C02,3,F,0,0
Student_1342,T2_Spring,Program_C_C02,3,C,1,0
Student_1342,T1_Fall,Program_C_C04,4,F,0,0
Student_1342,T1_Fall,Program_C_C05,3,F,0,0
Student_1342,T2_Spring,Program_C_C05,3,F,0,0
Student_1343,T1_Fall,Program_B_C01,3,F,0,0
Student_1343,T2_Spring,Program_B_C01,3,F,0,0
Student_1343,T1_Fall,Program_B_C02,3,F,0,0
Student_1343,T2_Spring,Program_B_C02,3,C,1,0
Student_1343,T1_Fall,Program_B_C04,4,F,0,0
Student_1343,T2_Spring,Program_B_C04,4,F,0,0
Student_1343,T1_Fall,Program_B_C05,3,F,0,0
Student_1343,T2_Spring,Program_B_C05,3,F,0,0
Student_1344,T1_Fall,Program_A_C01,3,C,1,0
Student_1344,T1_Fall,Program_A_C02,3,W,0,1
Student_1344,T2_Spring,Program_A_C02,3,C,1,0
Student_1344,T1_Fall,Program_A_C03,3,F,0,0
Student_1344,T1_Fall,Program_A_C04,4,F,0,0
Student_1344,T2_Spring,Program_A_C04,4,F,0,0
Student_1344,T2_Spring,Program_A_C05,3,B,1,0
Student_1344,T2_Spring,Program_A_C09,3,C,1,0
Student_1344,T2_Spring,Program_A_C13,3,W,0,1
Student_1345,T1_Fall,Program_C_C01,3,B,1,0
Student_1345,T1_Fall,Program_C_C02,3,C,1,0
Student_1345,T1_Fall,Program_C_C03,3,C,1,0
Student_1345,T1_Fall,Program_C_C04,4,C,1,0
Student_1345,T2_Spring,Program_C_C05,3,F,0,0
Student_1345,T3_Fall,Program_C_C05,3,C,1,0
Student_1345,T2_Spring,Program_C_C06,3,B,1,0
Student_1345,T2_Spring,Program_C_C07,3,C,1,0
Student_1345,T2_Spring,Program_C_C08,4,F,0,0
Student_1345,T3_Fall,Program_C_C08,4,F,0,0
Student_1345,T3_Fall,Program_C_C09,3,C,1,0
Student_1345,T3_Fall,Program_C_C10,3,B,1,0
Student_1345,T3_Fall,Program_C_C11,3,W,0,1
Student_1345,T4_Spring,Program_C_C11,3,F,0,0
Student_1345,T3_Fall,Program_C_C13,3,C,1,0
Student_1345,T4_Spring,Program_C_C14,3,D,1,0
Student_1346,T1_Fall,Program_C_C01,3,C,1,0
Student_1346,T1_Fall,Program_C_C02,3,C,1,0
Student_1346,T1_Fall,Program_C_C03,3,B,1,0
Student_1346,T1_Fall,Program_C_C04,4,B,1,0
Student_1346,T2_Spring,Program_C_C05,3,B,1,0
Student_1346,T2_Spring,Program_C_C06,3,B,1,0
Student_1346,T2_Spring,Program_C_C07,3,B,1,0
Student_1346,T2_Spring,Program_C_C08,4,B,1,0
Student_1346,T3_Fall,Program_C_C09,3,B,1,0
Student_1347,T1_Fall,Program_C_C01,3,C,1,0
Student_1347,T1_Fall,Program_C_C02,3,B,1,0
Student_1347,T1_Fall,Program_C_C03,3,B,1,0
Student_1348,T1_Fall,Program_D_C01,3,B,1,0
Student_1348,T1_Fall,Program_D_C02,3,A,1,0
Student_1348,T1_Fall,Program_D_C03,3,B,1,0
Student_1349,T1_Fall,Program_C_C01,3,F,0,0
Student_1349,T1_Fall,Program_C_C02,3,W,0,1
Student_1349,T2_Spring,Program_C_C02,3,C,1,0
Student_1350,T1_Fall,Program_C_C01,3,B,1,0
Student_1351,T1_Fall,Program_B_C01,3,F,0,0
Student_1351,T1_Fall,Program_B_C02,3,C,1,0
Student_1351,T1_Fall,Program_B_C04,4,B,1,0
Student_1351,T1_Fall,Program_B_C05,3,C,1,0
Student_1351,T2_Spring,Program_B_C08,4,B,1,0
Student_1352,T1_Fall,Program_A_C01,3,W,0,1
Student_1352,T1_Fall,Program_A_C02,3,F,0,0
Student_1353,T1_Fall,Program_A_C01,3,B,1,0
Student_1353,T1_Fall,Program_A_C02,3,B,1,0
Student_1353,T1_Fall,Program_A_C03,3,B,1,0
Student_1353,T1_Fall,Program_A_C04,4,B,1,0
Student_1353,T2_Spring,Program_A_C05,3,C,1,0
Student_1353,T2_Spring,Program_A_C06,3,C,1,0
Student_1353,T2_Spring,Program_A_C07,3,B,1,0
Student_1353,T2_Spring,Program_A_C08,4,F,0,0
Student_1353,T3_Fall,Program_A_C08,4,C,1,0
Student_1353,T3_Fall,Program_A_C09,3,W,0,1
Student_1353,T4_Spring,Program_A_C09,3,F,0,0
Student_1353,T3_Fall,Program_A_C10,3,C,1,0
Student_1353,T3_Fall,Program_A_C11,3,B,1,0
Student_1353,T3_Fall,Program_A_C12,4,F,0,0
Student_1353,T4_Spring,Program_A_C12,4,C,1,0
Student_1353,T4_Spring,Program_A_C14,3,C,1,0
Student_1354,T1_Fall,Program_D_C01,3,B,1,0
Student_1355,T1_Fall,Program_B_C01,3,C,1,0
Student_1355,T1_Fall,Program_B_C02,3,C,1,0
Student_1355,T1_Fall,Program_B_C03,3,B,1,0
Student_1355,T1_Fall,Program_B_C04,4,B,1,0
Student_1355,T2_Spring,Program_B_C05,3,C,1,0
Student_1355,T2_Spring,Program_B_C06,3,B,1,0
Student_1355,T2_Spring,Program_B_C07,3,C,1,0
Student_1355,T2_Spring,Program_B_C08,4,C,1,0
Student_1355,T3_Fall,Program_B_C09,3,F,0,0
Student_1355,T4_Spring,Program_B_C09,3,C,1,0
Student_1355,T3_Fall,Program_B_C10,3,C,1,0
Student_1355,T3_Fall,Program_B_C11,3,W,0,1
Student_1355,T4_Spring,Program_B_C11,3,C,1,0
Student_1356,T1_Fall,Program_C_C01,3,W,0,1
Student_1356,T2_Spring,Program_C_C01,3,C,1,0
Student_1356,T1_Fall,Program_C_C02,3,B,1,0
Student_1356,T1_Fall,Program_C_C03,3,C,1,0
Student_1356,T1_Fall,Program_C_C04,4,C,1,0
Student_1356,T2_Spring,Program_C_C05,3,B,1,0
Student_1357,T1_Fall,Program_B_C01,3,F,0,0
Student_1357,T1_Fall,Program_B_C02,3,C,1,0
Student_1357,T1_Fall,Program_B_C04,4,W,0,1
Student_1357,T2_Spring,Program_B_C04,4,C,1,0
Student_1357,T1_Fall,Program_B_C05,3,W,0,1
Student_1357,T2_Spring,Program_B_C08,4,F,0,0
Student_1357,T3_Fall,Program_B_C08,4,C,1,0
Student_1357,T2_Spring,Program_B_C12,4,C,1,0
Student_1357,T2_Spring,Program_B_C16,3,F,0,0
Student_1357,T3_Fall,Program_B_C16,3,C,1,0
Student_1358,T1_Fall,Program_A_C01,3,A,1,0
Student_1359,T1_Fall,Program_A_C01,3,F,0,0
Student_1359,T2_Spring,Program_A_C01,3,C,1,0
Student_1359,T1_Fall,Program_A_C02,3,B,1,0
Student_1359,T1_Fall,Program_A_C03,3,F,0,0
Student_1359,T2_Spring,Program_A_C03,3,C,1,0
Student_1360,T1_Fall,Program_B_C01,3,C,1,0
Student_1360,T1_Fall,Program_B_C02,3,C,1,0
Student_1360,T1_Fall,Program_B_C03,3,F,0,0
Student_1360,T2_Spring,Program_B_C03,3,C,1,0
Student_1360,T1_Fall,Program_B_C04,4,F,0,0
Student_1360,T2_Spring,Program_B_C04,4,C,1,0
Student_1360,T2_Spring,Program_B_C05,3,F,0,0
Student_1360,T3_Fall,Program_B_C05,3,C,1,0
Student_1360,T2_Spring,Program_B_C06,3,F,0,0
Student_1360,T3_Fall,Program_B_C06,3,C,1,0
Student_1360,T2_Spring,Program_B_C07,3,B,1,0
Student_1360,T2_Spring,Program_B_C08,4,C,1,0
Student_1360,T3_Fall,Program_B_C09,3,W,0,1
Student_1360,T3_Fall,Program_B_C10,3,W,0,1
Student_1360,T4_Spring,Program_B_C10,3,F,0,0
Student_1360,T3_Fall,Program_B_C11,3,W,0,1
Student_1360,T4_Spring,Program_B_C11,3,F,0,0
Student_1360,T3_Fall,Program_B_C12,4,W,0,1
Student_1361,T1_Fall,Program_B_C01,3,C,1,0
Student_1361,T1_Fall,Program_B_C02,3,C,1,0
Student_1361,T1_Fall,Program_B_C03,3,C,1,0
Student_1361,T1_Fall,Program_B_C04,4,W,0,1
Student_1361,T2_Spring,Program_B_C05,3,D,1,0
Student_1361,T2_Spring,Program_B_C06,3,W,0,1
Student_1361,T3_Fall,Program_B_C06,3,C,1,0
Student_1361,T2_Spring,Program_B_C07,3,C,1,0
Student_1361,T2_Spring,Program_B_C09,3,F,0,0
Student_1361,T3_Fall,Program_B_C09,3,F,0,0
Student_1361,T3_Fall,Program_B_C10,3,C,1,0
Student_1362,T1_Fall,Program_A_C01,3,B,1,0
Student_1362,T1_Fall,Program_A_C02,3,C,1,0
Student_1362,T1_Fall,Program_A_C03,3,B,1,0
Student_1362,T1_Fall,Program_A_C04,4,B,1,0
Student_1362,T2_Spring,Program_A_C05,3,B,1,0
Student_1362,T2_Spring,Program_A_C06,3,W,0,1
Student_1362,T3_Fall,Program_A_C06,3,C,1,0
Student_1362,T2_Spring,Program_A_C07,3,B,1,0
Student_1362,T2_Spring,Program_A_C08,4,B,1,0
Student_1363,T1_Fall,Program_C_C01,3,C,1,0
Student_1364,T1_Fall,Program_C_C01,3,C,1,0
Student_1365,T1_Fall,Program_A_C01,3,C,1,0
Student_1365,T1_Fall,Program_A_C02,3,A,1,0
Student_1365,T1_Fall,Program_A_C03,3,C,1,0
Student_1365,T1_Fall,Program_A_C04,4,F,0,0
Student_1365,T2_Spring,Program_A_C04,4,C,1,0
Student_1365,T2_Spring,Program_A_C05,3,C,1,0
Student_1365,T2_Spring,Program_A_C06,3,B,1,0
Student_1365,T2_Spring,Program_A_C07,3,C,1,0
Student_1365,T2_Spring,Program_A_C08,4,B,1,0
Student_1365,T3_Fall,Program_A_C09,3,B,1,0
Student_1366,T1_Fall,Program_D_C01,3,W,0,1
Student_1366,T2_Spring,Program_D_C01,3,C,1,0
Student_1366,T1_Fall,Program_D_C02,3,C,1,0
Student_1366,T1_Fall,Program_D_C03,3,B,1,0
Student_1366,T1_Fall,Program_D_C04,4,W,0,1
Student_1366,T2_Spring,Program_D_C04,4,C,1,0
Student_1366,T2_Spring,Program_D_C05,3,F,0,0
Student_1366,T2_Spring,Program_D_C06,3,C,1,0
Student_1366,T2_Spring,Program_D_C07,3,C,1,0
Student_1367,T1_Fall,Program_D_C01,3,W,0,1
Student_1367,T1_Fall,Program_D_C02,3,C,1,0
Student_1367,T1_Fall,Program_D_C04,4,B,1,0
Student_1367,T1_Fall,Program_D_C05,3,B,1,0
Student_1367,T2_Spring,Program_D_C08,4,F,0,0
Student_1367,T2_Spring,Program_D_C09,3,C,1,0
Student_1368,T1_Fall,Program_C_C01,3,C,1,0
Student_1368,T1_Fall,Program_C_C02,3,F,0,0
Student_1368,T2_Spring,Program_C_C02,3,C,1,0
Student_1368,T1_Fall,Program_C_C03,3,B,1,0
Student_1368,T1_Fall,Program_C_C04,4,C,1,0
Student_1368,T2_Spring,Program_C_C05,3,F,0,0
Student_1368,T3_Fall,Program_C_C05,3,C,1,0
Student_1368,T2_Spring,Program_C_C06,3,F,0,0
Student_1368,T3_Fall,Program_C_C06,3,F,0,0
Student_1368,T2_Spring,Program_C_C07,3,W,0,1
Student_1368,T3_Fall,Program_C_C07,3,F,0,0
Student_1368,T2_Spring,Program_C_C08,4,F,0,0
Student_1368,T3_Fall,Program_C_C08,4,C,1,0
Student_1368,T3_Fall,Program_C_C09,3,F,0,0
Student_1368,T4_Spring,Program_C_C09,3,C,1,0
Student_1368,T3_Fall,Program_C_C12,4,F,0,0
Student_1368,T3_Fall,Program_C_C13,3,B,1,0
Student_1369,T1_Fall,Program_A_C01,3,C,1,0
Student_1369,T1_Fall,Program_A_C02,3,F,0,0
Student_1369,T1_Fall,Program_A_C03,3,D,1,0
Student_1369,T1_Fall,Program_A_C06,3,B,1,0
Student_1369,T2_Spring,Program_A_C07,3,W,0,1
Student_1369,T3_Fall,Program_A_C07,3,F,0,0
Student_1369,T2_Spring,Program_A_C10,3,F,0,0
Student_1369,T3_Fall,Program_A_C10,3,C,1,0
Student_1369,T2_Spring,Program_A_C14,3,D,1,0
Student_1370,T1_Fall,Program_B_C01,3,C,1,0
Student_1370,T1_Fall,Program_B_C02,3,C,1,0
Student_1370,T1_Fall,Program_B_C03,3,C,1,0
Student_1370,T1_Fall,Program_B_C04,4,C,1,0
Student_1370,T2_Spring,Program_B_C05,3,C,1,0
Student_1370,T2_Spring,Program_B_C06,3,C,1,0
Student_1370,T2_Spring,Program_B_C07,3,C,1,0
Student_1370,T2_Spring,Program_B_C08,4,C,1,0
Student_1370,T3_Fall,Program_B_C09,3,B,1,0
Student_1371,T1_Fall,Program_D_C01,3,B,1,0
Student_1371,T1_Fall,Program_D_C02,3,B,1,0
Student_1371,T1_Fall,Program_D_C03,3,C,1,0
Student_1371,T1_Fall,Program_D_C04,4,F,0,0
Student_1371,T2_Spring,Program_D_C04,4,C,1,0
Student_1371,T2_Spring,Program_D_C05,3,B,1,0
Student_1371,T2_Spring,Program_D_C06,3,B,1,0
Student_1371,T2_Spring,Program_D_C07,3,B,1,0
Student_1371,T2_Spring,Program_D_C08,4,C,1,0
Student_1372,T1_Fall,Program_B_C01,3,C,1,0
Student_1372,T1_Fall,Program_B_C02,3,B,1,0
Student_1373,T1_Fall,Program_A_C01,3,F,0,0
Student_1373,T2_Spring,Program_A_C01,3,C,1,0
Student_1373,T1_Fall,Program_A_C02,3,C,1,0
Student_1373,T1_Fall,Program_A_C03,3,B,1,0
Student_1373,T1_Fall,Program_A_C04,4,B,1,0
Student_1373,T2_Spring,Program_A_C05,3,B,1,0
Student_1374,T1_Fall,Program_A_C01,3,C,1,0
Student_1374,T1_Fall,Program_A_C02,3,C,1,0
Student_1374,T1_Fall,Program_A_C03,3,C,1,0
Student_1375,T1_Fall,Program_D_C01,3,W,0,1
Student_1375,T2_Spring,Program_D_C01,3,C,1,0
Student_1375,T1_Fall,Program_D_C02,3,A,1,0
Student_1375,T1_Fall,Program_D_C03,3,B,1,0
Student_1375,T1_Fall,Program_D_C04,4,B,1,0
Student_1375,T2_Spring,Program_D_C05,3,B,1,0
Student_1375,T2_Spring,Program_D_C06,3,C,1,0
Student_1375,T2_Spring,Program_D_C07,3,B,1,0
Student_1375,T2_Spring,Program_D_C08,4,B,1,0
Student_1375,T3_Fall,Program_D_C09,3,B,1,0
Student_1376,T1_Fall,Program_B_C01,3,C,1,0
Student_1376,T1_Fall,Program_B_C02,3,B,1,0
Student_1376,T1_Fall,Program_B_C03,3,B,1,0
Student_1376,T1_Fall,Program_B_C04,4,F,0,0
Student_1376,T2_Spring,Program_B_C05,3,C,1,0
Student_1376,T2_Spring,Program_B_C06,3,F,0,0
Student_1376,T3_Fall,Program_B_C06,3,C,1,0
Student_1376,T2_Spring,Program_B_C07,3,B,1,0
Student_1377,T1_Fall,Program_B_C01,3,F,0,0
Student_1377,T1_Fall,Program_B_C02,3,F,0,0
Student_1377,T2_Spring,Program_B_C02,3,C,1,0
Student_1377,T1_Fall,Program_B_C04,4,C,1,0
Student_1377,T1_Fall,Program_B_C05,3,W,0,1
Student_1377,T2_Spring,Program_B_C08,4,W,0,1
Student_1378,T1_Fall,Program_D_C01,3,B,1,0
Student_1378,T1_Fall,Program_D_C02,3,A,1,0
Student_1378,T1_Fall,Program_D_C03,3,A,1,0
Student_1378,T1_Fall,Program_D_C04,4,B,1,0
Student_1378,T2_Spring,Program_D_C05,3,B,1,0
Student_1378,T2_Spring,Program_D_C06,3,F,0,0
Student_1378,T2_Spring,Program_D_C07,3,B,1,0
Student_1379,T1_Fall,Program_A_C01,3,C,1,0
Student_1379,T1_Fall,Program_A_C02,3,B,1,0
Student_1379,T1_Fall,Program_A_C03,3,B,1,0
Student_1379,T1_Fall,Program_A_C04,4,F,0,0
Student_1379,T2_Spring,Program_A_C05,3,B,1,0
Student_1379,T2_Spring,Program_A_C06,3,B,1,0
Student_1379,T2_Spring,Program_A_C07,3,C,1,0
Student_1380,T1_Fall,Program_C_C01,3,D,1,0
Student_1380,T1_Fall,Program_C_C02,3,C,1,0
Student_1380,T1_Fall,Program_C_C03,3,F,0,0
Student_1380,T2_Spring,Program_C_C03,3,C,1,0
Student_1380,T1_Fall,Program_C_C04,4,C,1,0
Student_1380,T2_Spring,Program_C_C05,3,F,0,0
Student_1380,T3_Fall,Program_C_C05,3,C,1,0
Student_1380,T2_Spring,Program_C_C06,3,C,1,0
Student_1380,T2_Spring,Program_C_C07,3,W,0,1
Student_1380,T3_Fall,Program_C_C07,3,F,0,0
Student_1380,T2_Spring,Program_C_C08,4,C,1,0
Student_1380,T3_Fall,Program_C_C09,3,D,1,0
Student_1381,T1_Fall,Program_A_C01,3,B,1,0
Student_1381,T1_Fall,Program_A_C02,3,B,1,0
Student_1381,T1_Fall,Program_A_C03,3,F,0,0
Student_1381,T1_Fall,Program_A_C04,4,C,1,0
Student_1381,T2_Spring,Program_A_C05,3,C,1,0
Student_1381,T2_Spring,Program_A_C08,4,B,1,0
Student_1381,T2_Spring,Program_A_C09,3,F,0,0
Student_1381,T2_Spring,Program_A_C12,4,A,1,0
Student_1381,T3_Fall,Program_A_C16,3,B,1,0
Student_1382,T1_Fall,Program_D_C01,3,D,1,0
Student_1383,T1_Fall,Program_C_C01,3,F,0,0
Student_1383,T2_Spring,Program_C_C01,3,C,1,0
Student_1383,T1_Fall,Program_C_C02,3,F,0,0
Student_1383,T2_Spring,Program_C_C02,3,C,1,0
Student_1383,T1_Fall,Program_C_C03,3,C,1,0
Student_1383,T1_Fall,Program_C_C04,4,W,0,1
Student_1383,T2_Spring,Program_C_C05,3,C,1,0
Student_1383,T2_Spring,Program_C_C06,3,A,1,0
Student_1384,T1_Fall,Program_B_C01,3,C,1,0
Student_1384,T1_Fall,Program_B_C02,3,C,1,0
Student_1384,T1_Fall,Program_B_C03,3,C,1,0
Student_1384,T1_Fall,Program_B_C04,4,F,0,0
Student_1384,T2_Spring,Program_B_C04,4,C,1,0
Student_1384,T2_Spring,Program_B_C05,3,B,1,0
Student_1385,T1_Fall,Program_A_C01,3,W,0,1
Student_1385,T2_Spring,Program_A_C01,3,C,1,0
Student_1385,T1_Fall,Program_A_C02,3,B,1,0
Student_1385,T1_Fall,Program_A_C03,3,C,1,0
Student_1385,T1_Fall,Program_A_C04,4,F,0,0
Student_1385,T2_Spring,Program_A_C05,3,B,1,0
Student_1386,T1_Fall,Program_A_C01,3,F,0,0
Student_1386,T1_Fall,Program_A_C02,3,B,1,0
Student_1386,T1_Fall,Program_A_C04,4,F,0,0
Student_1386,T2_Spring,Program_A_C04,4,F,0,0
Student_1386,T1_Fall,Program_A_C05,3,F,0,0
Student_1387,T1_Fall,Program_B_C01,3,F,0,0
Student_1387,T2_Spring,Program_B_C01,3,C,1,0
Student_1387,T1_Fall,Program_B_C02,3,B,1,0
Student_1387,T1_Fall,Program_B_C03,3,F,0,0
Student_1387,T1_Fall,Program_B_C04,4,C,1,0
Student_1387,T2_Spring,Program_B_C05,3,F,0,0
Student_1387,T2_Spring,Program_B_C08,4,C,1,0
Student_1387,T2_Spring,Program_B_C12,4,F,0,0
Student_1388,T1_Fall,Program_B_C01,3,B,1,0
Student_1388,T1_Fall,Program_B_C02,3,B,1,0
Student_1388,T1_Fall,Program_B_C03,3,B,1,0
Student_1389,T1_Fall,Program_C_C01,3,C,1,0
Student_1389,T1_Fall,Program_C_C02,3,C,1,0
Student_1390,T1_Fall,Program_C_C01,3,B,1,0
Student_1390,T1_Fall,Program_C_C02,3,B,1,0
Student_1390,T1_Fall,Program_C_C03,3,C,1,0
Student_1390,T1_Fall,Program_C_C04,4,F,0,0
Student_1390,T2_Spring,Program_C_C04,4,C,1,0
Student_1390,T2_Spring,Program_C_C05,3,W,0,1
Student_1390,T2_Spring,Program_C_C06,3,B,1,0
Student_1391,T1_Fall,Program_C_C01,3,C,1,0
Student_1391,T1_Fall,Program_C_C02,3,D,1,0
Student_1391,T1_Fall,Program_C_C03,3,F,0,0
Student_1391,T2_Spring,Program_C_C03,3,C,1,0
Student_1391,T1_Fall,Program_C_C04,4,F,0,0
Student_1391,T2_Spring,Program_C_C05,3,C,1,0
Student_1391,T2_Spring,Program_C_C06,3,F,0,0
Student_1391,T3_Fall,Program_C_C06,3,C,1,0
Student_1391,T2_Spring,Program_C_C07,3,C,1,0
Student_1391,T2_Spring,Program_C_C09,3,W,0,1
Student_1391,T3_Fall,Program_C_C10,3,B,1,0
Student_1391,T3_Fall,Program_C_C11,3,B,1,0
Student_1391,T3_Fall,Program_C_C14,3,C,1,0
Student_1391,T3_Fall,Program_C_C15,3,F,0,0
Student_1391,T4_Spring,Program_C_C15,3,C,1,0
Student_1392,T1_Fall,Program_A_C01,3,C,1,0
Student_1392,T1_Fall,Program_A_C02,3,B,1,0
Student_1392,T1_Fall,Program_A_C03,3,F,0,0
Student_1392,T1_Fall,Program_A_C04,4,C,1,0
Student_1392,T2_Spring,Program_A_C05,3,W,0,1
Student_1392,T2_Spring,Program_A_C08,4,D,1,0
Student_1393,T1_Fall,Program_A_C01,3,B,1,0
Student_1393,T1_Fall,Program_A_C02,3,B,1,0
Student_1393,T1_Fall,Program_A_C03,3,B,1,0
Student_1393,T1_Fall,Program_A_C04,4,C,1,0
Student_1393,T2_Spring,Program_A_C05,3,B,1,0
Student_1393,T2_Spring,Program_A_C06,3,B,1,0
Student_1393,T2_Spring,Program_A_C07,3,B,1,0
Student_1393,T2_Spring,Program_A_C08,4,B,1,0
Student_1394,T1_Fall,Program_C_C01,3,B,1,0
Student_1394,T1_Fall,Program_C_C02,3,C,1,0
Student_1394,T1_Fall,Program_C_C03,3,F,0,0
Student_1394,T2_Spring,Program_C_C03,3,C,1,0
Student_1395,T1_Fall,Program_C_C01,3,B,1,0
Student_1395,T1_Fall,Program_C_C02,3,B,1,0
Student_1395,T1_Fall,Program_C_C03,3,F,0,0
Student_1395,T1_Fall,Program_C_C04,4,C,1,0
Student_1395,T2_Spring,Program_C_C05,3,C,1,0
Student_1395,T2_Spring,Program_C_C08,4,B,1,0
Student_1395,T2_Spring,Program_C_C09,3,B,1,0
Student_1395,T2_Spring,Program_C_C12,4,C,1,0
Student_1395,T3_Fall,Program_C_C13,3,C,1,0
Student_1395,T3_Fall,Program_C_C16,3,B,1,0
Student_1396,T1_Fall,Program_A_C01,3,C,1,0
Student_1396,T1_Fall,Program_A_C02,3,B,1,0
Student_1396,T1_Fall,Program_A_C03,3,B,1,0
Student_1397,T1_Fall,Program_C_C01,3,W,0,1
Student_1397,T2_Spring,Program_C_C01,3,C,1,0
Student_1397,T1_Fall,Program_C_C02,3,C,1,0
Student_1397,T1_Fall,Program_C_C03,3,W,0,1
Student_1397,T2_Spring,Program_C_C03,3,C,1,0
Student_1397,T1_Fall,Program_C_C04,4,F,0,0
Student_1397,T2_Spring,Program_C_C04,4,C,1,0
Student_1397,T2_Spring,Program_C_C05,3,D,1,0
Student_1397,T2_Spring,Program_C_C06,3,F,0,0
Student_1397,T3_Fall,Program_C_C06,3,F,0,0
Student_1397,T2_Spring,Program_C_C07,3,C,1,0
Student_1398,T1_Fall,Program_A_C01,3,B,1,0
Student_1398,T1_Fall,Program_A_C02,3,C,1,0
Student_1398,T1_Fall,Program_A_C03,3,B,1,0
Student_1398,T1_Fall,Program_A_C04,4,C,1,0
Student_1399,T1_Fall,Program_C_C01,3,W,0,1
Student_1399,T2_Spring,Program_C_C01,3,C,1,0
Student_1399,T1_Fall,Program_C_C02,3,C,1,0
Student_1399,T1_Fall,Program_C_C03,3,C,1,0
Student_1399,T1_Fall,Program_C_C04,4,C,1,0
Student_1399,T2_Spring,Program_C_C05,3,B,1,0
Student_1399,T2_Spring,Program_C_C06,3,F,0,0
Student_1399,T2_Spring,Program_C_C07,3,B,1,0
Student_1399,T2_Spring,Program_C_C08,4,B,1,0
Student_1399,T3_Fall,Program_C_C09,3,C,1,0
Student_1399,T3_Fall,Program_C_C11,3,F,0,0
Student_1399,T4_Spring,Program_C_C11,3,C,1,0
Student_1400,T1_Fall,Program_A_C01,3,A,1,0
Student_1400,T1_Fall,Program_A_C02,3,C,1,0
Student_1400,T1_Fall,Program_A_C03,3,C,1,0
Student_1401,T1_Fall,Program_D_C01,3,B,1,0
Student_1401,T1_Fall,Program_D_C02,3,B,1,0
Student_1401,T1_Fall,Program_D_C03,3,B,1,0
Student_1401,T1_Fall,Program_D_C04,4,F,0,0
Student_1401,T2_Spring,Program_D_C04,4,C,1,0
Student_1401,T2_Spring,Program_D_C05,3,B,1,0
Student_1401,T2_Spring,Program_D_C06,3,B,1,0
Student_1401,T2_Spring,Program_D_C07,3,W,0,1
Student_1401,T2_Spring,Program_D_C08,4,B,1,0
Student_1401,T3_Fall,Program_D_C09,3,C,1,0
Student_1401,T3_Fall,Program_D_C10,3,B,1,0
Student_1401,T3_Fall,Program_D_C12,4,C,1,0
Student_1401,T3_Fall,Program_D_C13,3,F,0,0
Student_1401,T4_Spring,Program_D_C14,3,B,1,0
Student_1402,T1_Fall,Program_A_C01,3,B,1,0
Student_1402,T1_Fall,Program_A_C02,3,B,1,0
Student_1402,T1_Fall,Program_A_C03,3,B,1,0
Student_1403,T1_Fall,Program_C_C01,3,A,1,0
Student_1403,T1_Fall,Program_C_C02,3,B,1,0
Student_1404,T1_Fall,Program_C_C01,3,F,0,0
Student_1404,T1_Fall,Program_C_C02,3,F,0,0
Student_1404,T2_Spring,Program_C_C02,3,C,1,0
Student_1404,T1_Fall,Program_C_C04,4,C,1,0
Student_1404,T1_Fall,Program_C_C05,3,C,1,0
Student_1404,T2_Spring,Program_C_C08,4,F,0,0
Student_1404,T3_Fall,Program_C_C08,4,C,1,0
Student_1404,T2_Spring,Program_C_C09,3,B,1,0
Student_1404,T2_Spring,Program_C_C12,4,F,0,0
Student_1404,T3_Fall,Program_C_C12,4,C,1,0
Student_1404,T2_Spring,Program_C_C13,3,B,1,0
Student_1404,T3_Fall,Program_C_C16,3,C,1,0
Student_1405,T1_Fall,Program_C_C01,3,F,0,0
Student_1405,T2_Spring,Program_C_C01,3,C,1,0
Student_1405,T1_Fall,Program_C_C02,3,B,1,0
Student_1405,T1_Fall,Program_C_C03,3,W,0,1
Student_1405,T2_Spring,Program_C_C03,3,C,1,0
Student_1405,T1_Fall,Program_C_C04,4,F,0,0
Student_1405,T2_Spring,Program_C_C04,4,C,1,0
Student_1405,T2_Spring,Program_C_C05,3,B,1,0
Student_1405,T2_Spring,Program_C_C06,3,C,1,0
Student_1406,T1_Fall,Program_A_C01,3,B,1,0
Student_1406,T1_Fall,Program_A_C02,3,F,0,0
Student_1406,T2_Spring,Program_A_C02,3,C,1,0
Student_1406,T1_Fall,Program_A_C03,3,B,1,0
Student_1406,T1_Fall,Program_A_C04,4,C,1,0
Student_1406,T2_Spring,Program_A_C05,3,C,1,0
Student_1406,T2_Spring,Program_A_C06,3,A,1,0
Student_1406,T2_Spring,Program_A_C07,3,B,1,0
Student_1407,T1_Fall,Program_C_C01,3,B,1,0
Student_1407,T1_Fall,Program_C_C02,3,C,1,0
Student_1407,T1_Fall,Program_C_C03,3,W,0,1
Student_1407,T1_Fall,Program_C_C04,4,B,1,0
Student_1408,T1_Fall,Program_B_C01,3,W,0,1
Student_1408,T1_Fall,Program_B_C02,3,F,0,0
Student_1408,T2_Spring,Program_B_C02,3,C,1,0
Student_1408,T1_Fall,Program_B_C04,4,W,0,1
Student_1408,T2_Spring,Program_B_C04,4,F,0,0
Student_1408,T1_Fall,Program_B_C05,3,W,0,1
Student_1409,T1_Fall,Program_B_C01,3,B,1,0
Student_1409,T1_Fall,Program_B_C02,3,B,1,0
Student_1409,T1_Fall,Program_B_C03,3,C,1,0
Student_1409,T1_Fall,Program_B_C04,4,W,0,1
Student_1409,T2_Spring,Program_B_C04,4,C,1,0
Student_1409,T2_Spring,Program_B_C05,3,F,0,0
Student_1409,T2_Spring,Program_B_C06,3,C,1,0
Student_1409,T2_Spring,Program_B_C07,3,C,1,0
Student_1409,T2_Spring,Program_B_C08,4,C,1,0
Student_1410,T1_Fall,Program_D_C01,3,F,0,0
Student_1410,T1_Fall,Program_D_C02,3,B,1,0
Student_1410,T1_Fall,Program_D_C04,4,B,1,0
Student_1410,T1_Fall,Program_D_C05,3,F,0,0
Student_1410,T2_Spring,Program_D_C08,4,F,0,0
Student_1411,T1_Fall,Program_C_C01,3,F,0,0
Student_1411,T2_Spring,Program_C_C01,3,C,1,0
Student_1411,T1_Fall,Program_C_C02,3,F,0,0
Student_1411,T1_Fall,Program_C_C03,3,C,1,0
Student_1411,T1_Fall,Program_C_C06,3,D,1,0
Student_1411,T2_Spring,Program_C_C07,3,C,1,0
Student_1411,T2_Spring,Program_C_C10,3,W,0,1
Student_1411,T2_Spring,Program_C_C11,3,C,1,0
Student_1412,T1_Fall,Program_A_C01,3,C,1,0
Student_1412,T1_Fall,Program_A_C02,3,C,1,0
Student_1412,T1_Fall,Program_A_C03,3,F,0,0
Student_1412,T1_Fall,Program_A_C04,4,C,1,0
Student_1412,T2_Spring,Program_A_C05,3,W,0,1
Student_1412,T3_Fall,Program_A_C05,3,C,1,0
Student_1412,T2_Spring,Program_A_C08,4,F,0,0
Student_1412,T3_Fall,Program_A_C08,4,C,1,0
Student_1412,T2_Spring,Program_A_C09,3,F,0,0
Student_1412,T2_Spring,Program_A_C12,4,F,0,0
Student_1413,T1_Fall,Program_A_C01,3,B,1,0
Student_1413,T1_Fall,Program_A_C02,3,W,0,1
Student_1413,T2_Spring,Program_A_C02,3,C,1,0
Student_1413,T1_Fall,Program_A_C03,3,B,1,0
Student_1413,T1_Fall,Program_A_C04,4,B,1,0
Student_1413,T2_Spring,Program_A_C05,3,B,1,0
Student_1413,T2_Spring,Program_A_C06,3,W,0,1
Student_1413,T3_Fall,Program_A_C06,3,C,1,0
Student_1413,T2_Spring,Program_A_C07,3,A,1,0
Student_1413,T2_Spring,Program_A_C08,4,B,1,0
Student_1413,T3_Fall,Program_A_C09,3,A,1,0
Student_1414,T1_Fall,Program_A_C01,3,A,1,0
Student_1414,T1_Fall,Program_A_C02,3,B,1,0
Student_1414,T1_Fall,Program_A_C03,3,B,1,0
Student_1414,T1_Fall,Program_A_C04,4,A,1,0
Student_1414,T2_Spring,Program_A_C05,3,A,1,0
Student_1414,T2_Spring,Program_A_C06,3,A,1,0
Student_1414,T2_Spring,Program_A_C07,3,B,1,0
Student_1414,T2_Spring,Program_A_C08,4,F,0,0
Student_1414,T3_Fall,Program_A_C09,3,A,1,0
Student_1414,T3_Fall,Program_A_C10,3,A,1,0
Student_1414,T3_Fall,Program_A_C11,3,B,1,0
Student_1414,T3_Fall,Program_A_C13,3,W,0,1
Student_1414,T4_Spring,Program_A_C14,3,C,1,0
Student_1415,T1_Fall,Program_D_C01,3,B,1,0
Student_1415,T1_Fall,Program_D_C02,3,A,1,0
Student_1415,T1_Fall,Program_D_C03,3,B,1,0
Student_1415,T1_Fall,Program_D_C04,4,B,1,0
Student_1415,T2_Spring,Program_D_C05,3,B,1,0
Student_1415,T2_Spring,Program_D_C06,3,B,1,0
Student_1415,T2_Spring,Program_D_C07,3,B,1,0
Student_1415,T2_Spring,Program_D_C08,4,A,1,0
Student_1415,T3_Fall,Program_D_C09,3,C,1,0
Student_1416,T1_Fall,Program_A_C01,3,A,1,0
Student_1416,T1_Fall,Program_A_C02,3,B,1,0
Student_1417,T1_Fall,Program_A_C01,3,B,1,0
Student_1417,T1_Fall,Program_A_C02,3,B,1,0
Student_1417,T1_Fall,Program_A_C03,3,B,1,0
Student_1417,T1_Fall,Program_A_C04,4,B,1,0
Student_1417,T2_Spring,Program_A_C05,3,B,1,0
Student_1417,T2_Spring,Program_A_C06,3,C,1,0
Student_1417,T2_Spring,Program_A_C07,3,B,1,0
Student_1418,T1_Fall,Program_B_C01,3,F,0,0
Student_1418,T2_Spring,Program_B_C01,3,F,0,0
Student_1418,T1_Fall,Program_B_C02,3,F,0,0
Student_1419,T1_Fall,Program_A_C01,3,C,1,0
Student_1419,T1_Fall,Program_A_C02,3,F,0,0
Student_1419,T2_Spring,Program_A_C02,3,C,1,0
Student_1419,T1_Fall,Program_A_C03,3,B,1,0
Student_1419,T1_Fall,Program_A_C04,4,F,0,0
Student_1419,T2_Spring,Program_A_C05,3,B,1,0
Student_1419,T2_Spring,Program_A_C06,3,F,0,0
Student_1419,T2_Spring,Program_A_C07,3,W,0,1
Student_1419,T2_Spring,Program_A_C09,3,W,0,1
Student_1419,T3_Fall,Program_A_C09,3,C,1,0
Student_1420,T1_Fall,Program_A_C01,3,B,1,0
Student_1420,T1_Fall,Program_A_C02,3,C,1,0
Student_1420,T1_Fall,Program_A_C03,3,A,1,0
Student_1420,T1_Fall,Program_A_C04,4,B,1,0
Student_1421,T1_Fall,Program_A_C01,3,B,1,0
Student_1422,T1_Fall,Program_B_C01,3,B,1,0
Student_1422,T1_Fall,Program_B_C02,3,B,1,0
Student_1422,T1_Fall,Program_B_C03,3,F,0,0
Student_1422,T2_Spring,Program_B_C03,3,C,1,0
Student_1422,T1_Fall,Program_B_C04,4,B,1,0
Student_1422,T2_Spring,Program_B_C05,3,C,1,0
Student_1422,T2_Spring,Program_B_C06,3,C,1,0
Student_1422,T2_Spring,Program_B_C07,3,B,1,0
Student_1422,T2_Spring,Program_B_C08,4,B,1,0
Student_1422,T3_Fall,Program_B_C09,3,B,1,0
Student_1423,T1_Fall,Program_B_C01,3,B,1,0
Student_1424,T1_Fall,Program_C_C01,3,F,0,0
Student_1424,T2_Spring,Program_C_C01,3,C,1,0
Student_1424,T1_Fall,Program_C_C02,3,F,0,0
Student_1424,T1_Fall,Program_C_C03,3,F,0,0
Student_1425,T1_Fall,Program_B_C01,3,A,1,0
Student_1425,T1_Fall,Program_B_C02,3,W,0,1
Student_1425,T2_Spring,Program_B_C02,3,C,1,0
Student_1425,T1_Fall,Program_B_C03,3,B,1,0
Student_1425,T1_Fall,Program_B_C04,4,B,1,0
Student_1425,T2_Spring,Program_B_C05,3,B,1,0
Student_1426,T1_Fall,Program_C_C01,3,C,1,0
Student_1426,T1_Fall,Program_C_C02,3,F,0,0
Student_1426,T1_Fall,Program_C_C03,3,C,1,0
Student_1426,T1_Fall,Program_C_C06,3,F,0,0
Student_1426,T2_Spring,Program_C_C06,3,F,0,0
Student_1426,T2_Spring,Program_C_C07,3,F,0,0
Student_1427,T1_Fall,Program_B_C01,3,C,1,0
Student_1427,T1_Fall,Program_B_C02,3,C,1,0
Student_1427,T1_Fall,Program_B_C03,3,C,1,0
Student_1428,T1_Fall,Program_A_C01,3,W,0,1
Student_1428,T2_Spring,Program_A_C01,3,C,1,0
Student_1428,T1_Fall,Program_A_C02,3,C,1,0
Student_1428,T1_Fall,Program_A_C03,3,C,1,0
Student_1428,T1_Fall,Program_A_C04,4,B,1,0
Student_1428,T2_Spring,Program_A_C05,3,C,1,0
Student_1428,T2_Spring,Program_A_C06,3,C,1,0
Student_1428,T2_Spring,Program_A_C07,3,B,1,0
Student_1428,T2_Spring,Program_A_C08,4,F,0,0
Student_1428,T3_Fall,Program_A_C09,3,F,0,0
Student_1428,T4_Spring,Program_A_C09,3,F,0,0
Student_1428,T3_Fall,Program_A_C10,3,C,1,0
Student_1428,T3_Fall,Program_A_C11,3,B,1,0
Student_1429,T1_Fall,Program_C_C01,3,C,1,0
Student_1429,T1_Fall,Program_C_C02,3,F,0,0
Student_1429,T1_Fall,Program_C_C03,3,F,0,0
Student_1430,T1_Fall,Program_B_C01,3,B,1,0
Student_1430,T1_Fall,Program_B_C02,3,B,1,0
Student_1430,T1_Fall,Program_B_C03,3,C,1,0
Student_1430,T1_Fall,Program_B_C04,4,C,1,0
Student_1430,T2_Spring,Program_B_C05,3,C,1,0
Student_1430,T2_Spring,Program_B_C06,3,C,1,0
Student_1430,T2_Spring,Program_B_C07,3,F,0,0
Student_1430,T2_Spring,Program_B_C08,4,B,1,0
Student_1430,T3_Fall,Program_B_C09,3,B,1,0
Student_1431,T1_Fall,Program_C_C01,3,W,0,1
Student_1431,T2_Spring,Program_C_C01,3,C,1,0
Student_1431,T1_Fall,Program_C_C02,3,W,0,1
Student_1431,T2_Spring,Program_C_C02,3,C,1,0
Student_1431,T1_Fall,Program_C_C03,3,W,0,1
Student_1431,T2_Spring,Program_C_C03,3,F,0,0
Student_1431,T1_Fall,Program_C_C04,4,F,0,0
Student_1431,T2_Spring,Program_C_C05,3,C,1,0
Student_1431,T2_Spring,Program_C_C09,3,C,1,0
Student_1432,T1_Fall,Program_D_C01,3,F,0,0
Student_1432,T2_Spring,Program_D_C01,3,C,1,0
Student_1432,T1_Fall,Program_D_C02,3,F,0,0
Student_1432,T1_Fall,Program_D_C03,3,B,1,0
Student_1432,T1_Fall,Program_D_C06,3,C,1,0
Student_1433,T1_Fall,Program_B_C01,3,B,1,0
Student_1433,T1_Fall,Program_B_C02,3,B,1,0
Student_1433,T1_Fall,Program_B_C03,3,C,1,0
Student_1433,T1_Fall,Program_B_C04,4,B,1,0
Student_1433,T2_Spring,Program_B_C05,3,B,1,0
Student_1433,T2_Spring,Program_B_C06,3,B,1,0
Student_1433,T2_Spring,Program_B_C07,3,C,1,0
Student_1433,T2_Spring,Program_B_C08,4,C,1,0
Student_1434,T1_Fall,Program_B_C01,3,B,1,0
Student_1434,T1_Fall,Program_B_C02,3,B,1,0
Student_1434,T1_Fall,Program_B_C03,3,B,1,0
Student_1435,T1_Fall,Program_B_C01,3,C,1,0
Student_1435,T1_Fall,Program_B_C02,3,B,1,0
Student_1435,T1_Fall,Program_B_C03,3,B,1,0
Student_1435,T1_Fall,Program_B_C04,4,C,1,0
Student_1435,T2_Spring,Program_B_C05,3,W,0,1
Student_1435,T3_Fall,Program_B_C05,3,C,1,0
Student_1436,T1_Fall,Program_A_C01,3,B,1,0
Student_1436,T1_Fall,Program_A_C02,3,C,1,0
Student_1436,T1_Fall,Program_A_C03,3,B,1,0
Student_1436,T1_Fall,Program_A_C04,4,B,1,0
Student_1436,T2_Spring,Program_A_C05,3,F,0,0
Student_1436,T2_Spring,Program_A_C06,3,C,1,0
Student_1436,T2_Spring,Program_A_C07,3,F,0,0
Student_1436,T3_Fall,Program_A_C07,3,C,1,0
Student_1436,T2_Spring,Program_A_C08,4,B,1,0
Student_1436,T3_Fall,Program_A_C10,3,F,0,0
Student_1436,T3_Fall,Program_A_C11,3,B,1,0
Student_1436,T3_Fall,Program_A_C12,4,B,1,0
Student_1436,T3_Fall,Program_A_C15,3,C,1,0
Student_1437,T1_Fall,Program_A_C01,3,C,1,0
Student_1437,T1_Fall,Program_A_C02,3,C,1,0
Student_1437,T1_Fall,Program_A_C03,3,B,1,0
Student_1437,T1_Fall,Program_A_C04,4,F,0,0
Student_1437,T2_Spring,Program_A_C04,4,C,1,0
Student_1437,T2_Spring,Program_A_C05,3,B,1,0
Student_1437,T2_Spring,Program_A_C06,3,F,0,0
Student_1437,T3_Fall,Program_A_C06,3,C,1,0
Student_1437,T2_Spring,Program_A_C07,3,C,1,0
Student_1437,T2_Spring,Program_A_C08,4,C,1,0
Student_1437,T3_Fall,Program_A_C09,3,F,0,0
Student_1437,T4_Spring,Program_A_C09,3,C,1,0
Student_1437,T3_Fall,Program_A_C10,3,B,1,0
Student_1438,T1_Fall,Program_D_C01,3,B,1,0
Student_1438,T1_Fall,Program_D_C02,3,B,1,0
Student_1438,T1_Fall,Program_D_C03,3,F,0,0
Student_1438,T2_Spring,Program_D_C03,3,C,1,0
Student_1438,T1_Fall,Program_D_C04,4,B,1,0
Student_1438,T2_Spring,Program_D_C05,3,C,1,0
Student_1439,T1_Fall,Program_C_C01,3,A,1,0
Student_1439,T1_Fall,Program_C_C02,3,C,1,0
Student_1439,T1_Fall,Program_C_C03,3,C,1,0
Student_1439,T1_Fall,Program_C_C04,4,A,1,0
Student_1440,T1_Fall,Program_A_C01,3,W,0,1
Student_1440,T1_Fall,Program_A_C02,3,F,0,0
Student_1440,T2_Spring,Program_A_C02,3,C,1,0
Student_1440,T1_Fall,Program_A_C04,4,W,0,1
Student_1440,T2_Spring,Program_A_C04,4,C,1,0
Student_1440,T1_Fall,Program_A_C05,3,C,1,0
Student_1440,T2_Spring,Program_A_C08,4,W,0,1
Student_1440,T2_Spring,Program_A_C09,3,C,1,0
Student_1440,T2_Spring,Program_A_C13,3,C,1,0
Student_1441,T1_Fall,Program_D_C01,3,C,1,0
Student_1442,T1_Fall,Program_B_C01,3,F,0,0
Student_1442,T2_Spring,Program_B_C01,3,C,1,0
Student_1442,T1_Fall,Program_B_C02,3,C,1,0
Student_1442,T1_Fall,Program_B_C03,3,C,1,0
Student_1442,T1_Fall,Program_B_C04,4,C,1,0
Student_1442,T2_Spring,Program_B_C05,3,B,1,0
Student_1443,T1_Fall,Program_D_C01,3,B,1,0
Student_1443,T1_Fall,Program_D_C02,3,F,0,0
Student_1443,T2_Spring,Program_D_C02,3,C,1,0
Student_1443,T1_Fall,Program_D_C03,3,B,1,0
Student_1443,T1_Fall,Program_D_C04,4,B,1,0
Student_1443,T2_Spring,Program_D_C05,3,A,1,0
Student_1443,T2_Spring,Program_D_C06,3,W,0,1
Student_1443,T2_Spring,Program_D_C07,3,B,1,0
Student_1443,T2_Spring,Program_D_C08,4,B,1,0
Student_1443,T3_Fall,Program_D_C09,3,C,1,0
Student_1443,T3_Fall,Program_D_C11,3,B,1,0
Student_1443,T3_Fall,Program_D_C12,4,B,1,0
Student_1444,T1_Fall,Program_B_C01,3,F,0,0
Student_1444,T2_Spring,Program_B_C01,3,C,1,0
Student_1444,T1_Fall,Program_B_C02,3,B,1,0
Student_1444,T1_Fall,Program_B_C03,3,F,0,0
Student_1444,T1_Fall,Program_B_C04,4,B,1,0
Student_1444,T2_Spring,Program_B_C05,3,C,1,0
Student_1444,T2_Spring,Program_B_C08,4,C,1,0
Student_1444,T2_Spring,Program_B_C09,3,F,0,0
Student_1444,T3_Fall,Program_B_C09,3,C,1,0
Student_1444,T2_Spring,Program_B_C12,4,C,1,0
Student_1445,T1_Fall,Program_C_C01,3,F,0,0
Student_1445,T1_Fall,Program_C_C02,3,C,1,0
Student_1445,T1_Fall,Program_C_C04,4,F,0,0
Student_1445,T1_Fall,Program_C_C05,3,C,1,0
Student_1445,T2_Spring,Program_C_C09,3,C,1,0
Student_1445,T2_Spring,Program_C_C13,3,C,1,0
Student_1446,T1_Fall,Program_B_C01,3,B,1,0
Student_1446,T1_Fall,Program_B_C02,3,A,1,0
Student_1446,T1_Fall,Program_B_C03,3,B,1,0
Student_1446,T1_Fall,Program_B_C04,4,B,1,0
Student_1446,T2_Spring,Program_B_C05,3,B,1,0
Student_1447,T1_Fall,Program_B_C01,3,B,1,0
Student_1447,T1_Fall,Program_B_C02,3,C,1,0
Student_1447,T1_Fall,Program_B_C03,3,C,1,0
Student_1447,T1_Fall,Program_B_C04,4,C,1,0
Student_1447,T2_Spring,Program_B_C05,3,F,0,0
Student_1447,T3_Fall,Program_B_C05,3,C,1,0
Student_1447,T2_Spring,Program_B_C06,3,D,1,0
Student_1447,T2_Spring,Program_B_C07,3,F,0,0
Student_1447,T2_Spring,Program_B_C08,4,C,1,0
Student_1447,T3_Fall,Program_B_C09,3,W,0,1
Student_1447,T4_Spring,Program_B_C09,3,C,1,0
Student_1447,T3_Fall,Program_B_C10,3,D,1,0
Student_1448,T1_Fall,Program_C_C01,3,B,1,0
Student_1448,T1_Fall,Program_C_C02,3,C,1,0
Student_1448,T1_Fall,Program_C_C03,3,B,1,0
Student_1448,T1_Fall,Program_C_C04,4,B,1,0
Student_1448,T2_Spring,Program_C_C05,3,B,1,0
Student_1449,T1_Fall,Program_B_C01,3,B,1,0
Student_1449,T1_Fall,Program_B_C02,3,B,1,0
Student_1449,T1_Fall,Program_B_C03,3,A,1,0
Student_1450,T1_Fall,Program_A_C01,3,C,1,0
Student_1450,T1_Fall,Program_A_C02,3,B,1,0
Student_1450,T1_Fall,Program_A_C03,3,B,1,0
Student_1450,T1_Fall,Program_A_C04,4,C,1,0
Student_1450,T2_Spring,Program_A_C05,3,W,0,1
Student_1450,T2_Spring,Program_A_C06,3,C,1,0
Student_1450,T2_Spring,Program_A_C07,3,B,1,0
Student_1450,T2_Spring,Program_A_C08,4,C,1,0
Student_1450,T3_Fall,Program_A_C10,3,B,1,0
Student_1451,T1_Fall,Program_A_C01,3,A,1,0
Student_1451,T1_Fall,Program_A_C02,3,F,0,0
Student_1451,T1_Fall,Program_A_C03,3,B,1,0
Student_1451,T1_Fall,Program_A_C06,3,B,1,0
Student_1451,T2_Spring,Program_A_C07,3,B,1,0
Student_1452,T1_Fall,Program_C_C01,3,F,0,0
Student_1452,T2_Spring,Program_C_C01,3,C,1,0
Student_1452,T1_Fall,Program_C_C02,3,F,0,0
Student_1452,T1_Fall,Program_C_C03,3,F,0,0
Student_1453,T1_Fall,Program_C_C01,3,B,1,0
Student_1453,T1_Fall,Program_C_C02,3,C,1,0
Student_1453,T1_Fall,Program_C_C03,3,F,0,0
Student_1453,T2_Spring,Program_C_C03,3,C,1,0
Student_1453,T1_Fall,Program_C_C04,4,B,1,0
Student_1453,T2_Spring,Program_C_C05,3,B,1,0
Student_1453,T2_Spring,Program_C_C06,3,B,1,0
Student_1453,T2_Spring,Program_C_C07,3,W,0,1
Student_1453,T2_Spring,Program_C_C08,4,F,0,0
Student_1453,T3_Fall,Program_C_C09,3,B,1,0
Student_1454,T1_Fall,Program_D_C01,3,B,1,0
Student_1454,T1_Fall,Program_D_C02,3,W,0,1
Student_1454,T2_Spring,Program_D_C02,3,C,1,0
Student_1454,T1_Fall,Program_D_C03,3,B,1,0
Student_1454,T1_Fall,Program_D_C04,4,B,1,0
Student_1454,T2_Spring,Program_D_C05,3,B,1,0
Student_1455,T1_Fall,Program_A_C01,3,C,1,0
Student_1455,T1_Fall,Program_A_C02,3,B,1,0
Student_1455,T1_Fall,Program_A_C03,3,B,1,0
Student_1455,T1_Fall,Program_A_C04,4,B,1,0
Student_1455,T2_Spring,Program_A_C05,3,C,1,0
Student_1455,T2_Spring,Program_A_C06,3,B,1,0
Student_1455,T2_Spring,Program_A_C07,3,B,1,0
Student_1455,T2_Spring,Program_A_C08,4,B,1,0
Student_1455,T3_Fall,Program_A_C09,3,C,1,0
Student_1455,T3_Fall,Program_A_C10,3,B,1,0
Student_1455,T3_Fall,Program_A_C11,3,B,1,0
Student_1456,T1_Fall,Program_D_C01,3,F,0,0
Student_1456,T2_Spring,Program_D_C01,3,C,1,0
Student_1456,T1_Fall,Program_D_C02,3,B,1,0
Student_1456,T1_Fall,Program_D_C03,3,B,1,0
Student_1456,T1_Fall,Program_D_C04,4,F,0,0
Student_1456,T2_Spring,Program_D_C05,3,C,1,0
Student_1456,T2_Spring,Program_D_C06,3,B,1,0
Student_1456,T2_Spring,Program_D_C07,3,C,1,0
Student_1457,T1_Fall,Program_B_C01,3,W,0,1
Student_1457,T1_Fall,Program_B_C02,3,C,1,0
Student_1457,T1_Fall,Program_B_C04,4,F,0,0
Student_1457,T1_Fall,Program_B_C05,3,W,0,1
Student_1458,T1_Fall,Program_A_C01,3,F,0,0
Student_1458,T2_Spring,Program_A_C01,3,C,1,0
Student_1458,T1_Fall,Program_A_C02,3,F,0,0
Student_1458,T1_Fall,Program_A_C03,3,C,1,0
Student_1458,T1_Fall,Program_A_C06,3,F,0,0
Student_1458,T2_Spring,Program_A_C06,3,F,0,0
Student_1458,T2_Spring,Program_A_C07,3,W,0,1
Student_1459,T1_Fall,Program_D_C01,3,B,1,0
Student_1460,T1_Fall,Program_A_C01,3,B,1,0
Student_1461,T1_Fall,Program_A_C01,3,F,0,0
Student_1461,T2_Spring,Program_A_C01,3,C,1,0
Student_1461,T1_Fall,Program_A_C02,3,B,1,0
Student_1461,T1_Fall,Program_A_C03,3,B,1,0
Student_1461,T1_Fall,Program_A_C04,4,B,1,0
Student_1461,T2_Spring,Program_A_C05,3,B,1,0
Student_1461,T2_Spring,Program_A_C06,3,B,1,0
Student_1461,T2_Spring,Program_A_C07,3,A,1,0
Student_1461,T2_Spring,Program_A_C08,4,B,1,0
Student_1461,T3_Fall,Program_A_C09,3,B,1,0
Student_1461,T3_Fall,Program_A_C10,3,C,1,0
Student_1461,T3_Fall,Program_A_C11,3,B,1,0
Student_1462,T1_Fall,Program_C_C01,3,F,0,0
Student_1462,T2_Spring,Program_C_C01,3,F,0,0
Student_1462,T1_Fall,Program_C_C02,3,F,0,0
Student_1463,T1_Fall,Program_D_C01,3,C,1,0
Student_1463,T1_Fall,Program_D_C02,3,C,1,0
Student_1463,T1_Fall,Program_D_C03,3,C,1,0
Student_1463,T1_Fall,Program_D_C04,4,B,1,0
Student_1463,T2_Spring,Program_D_C05,3,C,1,0
Student_1463,T2_Spring,Program_D_C06,3,B,1,0
Student_1463,T2_Spring,Program_D_C07,3,W,0,1
Student_1463,T3_Fall,Program_D_C07,3,F,0,0
Student_1463,T2_Spring,Program_D_C08,4,W,0,1
Student_1463,T3_Fall,Program_D_C08,4,C,1,0
Student_1463,T3_Fall,Program_D_C09,3,C,1,0
Student_1463,T3_Fall,Program_D_C10,3,C,1,0
Student_1464,T1_Fall,Program_C_C01,3,C,1,0
Student_1464,T1_Fall,Program_C_C02,3,B,1,0
Student_1464,T1_Fall,Program_C_C03,3,C,1,0
Student_1464,T1_Fall,Program_C_C04,4,B,1,0
Student_1464,T2_Spring,Program_C_C05,3,C,1,0
Student_1464,T2_Spring,Program_C_C06,3,C,1,0
Student_1464,T2_Spring,Program_C_C07,3,B,1,0
Student_1464,T2_Spring,Program_C_C08,4,B,1,0
Student_1464,T3_Fall,Program_C_C09,3,B,1,0
Student_1464,T3_Fall,Program_C_C10,3,C,1,0
Student_1464,T3_Fall,Program_C_C11,3,C,1,0
Student_1464,T3_Fall,Program_C_C12,4,D,1,0
Student_1465,T1_Fall,Program_A_C01,3,C,1,0
Student_1466,T1_Fall,Program_C_C01,3,A,1,0
Student_1466,T1_Fall,Program_C_C02,3,F,0,0
Student_1466,T1_Fall,Program_C_C03,3,B,1,0
Student_1466,T1_Fall,Program_C_C06,3,B,1,0
Student_1466,T2_Spring,Program_C_C07,3,A,1,0
Student_1466,T2_Spring,Program_C_C10,3,B,1,0
Student_1466,T2_Spring,Program_C_C11,3,B,1,0
Student_1467,T1_Fall,Program_A_C01,3,C,1,0
Student_1467,T1_Fall,Program_A_C02,3,F,0,0
Student_1467,T2_Spring,Program_A_C02,3,F,0,0
Student_1467,T1_Fall,Program_A_C03,3,W,0,1
Student_1468,T1_Fall,Program_B_C01,3,F,0,0
Student_1468,T2_Spring,Program_B_C01,3,C,1,0
Student_1468,T1_Fall,Program_B_C02,3,B,1,0
Student_1468,T1_Fall,Program_B_C03,3,F,0,0
Student_1468,T2_Spring,Program_B_C03,3,C,1,0
Student_1468,T1_Fall,Program_B_C04,4,F,0,0
Student_1468,T2_Spring,Program_B_C05,3,B,1,0
Student_1468,T2_Spring,Program_B_C06,3,F,0,0
Student_1468,T2_Spring,Program_B_C07,3,C,1,0
Student_1468,T2_Spring,Program_B_C09,3,F,0,0
Student_1468,T3_Fall,Program_B_C11,3,B,1,0
Student_1468,T3_Fall,Program_B_C15,3,B,1,0
Student_1469,T1_Fall,Program_B_C01,3,F,0,0
Student_1469,T2_Spring,Program_B_C01,3,C,1,0
Student_1469,T1_Fall,Program_B_C02,3,F,0,0
Student_1469,T1_Fall,Program_B_C03,3,F,0,0
Student_1469,T2_Spring,Program_B_C03,3,C,1,0
Student_1469,T1_Fall,Program_B_C06,3,W,0,1
Student_1469,T2_Spring,Program_B_C06,3,F,0,0
Student_1469,T2_Spring,Program_B_C07,3,W,0,1
Student_1470,T1_Fall,Program_B_C01,3,B,1,0
Student_1471,T1_Fall,Program_C_C01,3,F,0,0
Student_1471,T1_Fall,Program_C_C02,3,C,1,0
Student_1471,T1_Fall,Program_C_C04,4,B,1,0
Student_1471,T1_Fall,Program_C_C05,3,B,1,0
Student_1471,T2_Spring,Program_C_C08,4,B,1,0
Student_1471,T2_Spring,Program_C_C09,3,C,1,0
Student_1471,T2_Spring,Program_C_C12,4,F,0,0
Student_1471,T2_Spring,Program_C_C13,3,B,1,0
Student_1472,T1_Fall,Program_C_C01,3,F,0,0
Student_1472,T1_Fall,Program_C_C02,3,B,1,0
Student_1472,T1_Fall,Program_C_C04,4,B,1,0
Student_1472,T1_Fall,Program_C_C05,3,B,1,0
Student_1472,T2_Spring,Program_C_C08,4,F,0,0
Student_1472,T2_Spring,Program_C_C09,3,C,1,0
Student_1472,T2_Spring,Program_C_C13,3,F,0,0
Student_1472,T3_Fall,Program_C_C13,3,C,1,0
Student_1473,T1_Fall,Program_A_C01,3,A,1,0
Student_1474,T1_Fall,Program_C_C01,3,F,0,0
Student_1474,T2_Spring,Program_C_C01,3,C,1,0
Student_1475,T1_Fall,Program_C_C01,3,B,1,0
Student_1475,T1_Fall,Program_C_C02,3,B,1,0
Student_1475,T1_Fall,Program_C_C03,3,B,1,0
Student_1475,T1_Fall,Program_C_C04,4,B,1,0
Student_1475,T2_Spring,Program_C_C05,3,B,1,0
Student_1475,T2_Spring,Program_C_C06,3,B,1,0
Student_1475,T2_Spring,Program_C_C07,3,A,1,0
Student_1475,T2_Spring,Program_C_C08,4,B,1,0
Student_1475,T3_Fall,Program_C_C09,3,F,0,0
Student_1475,T4_Spring,Program_C_C09,3,C,1,0
Student_1475,T3_Fall,Program_C_C10,3,B,1,0
Student_1476,T1_Fall,Program_B_C01,3,B,1,0
Student_1476,T1_Fall,Program_B_C02,3,F,0,0
Student_1476,T1_Fall,Program_B_C03,3,A,1,0
Student_1476,T1_Fall,Program_B_C06,3,B,1,0
Student_1477,T1_Fall,Program_D_C01,3,C,1,0
Student_1477,T1_Fall,Program_D_C02,3,B,1,0
Student_1477,T1_Fall,Program_D_C03,3,F,0,0
Student_1477,T2_Spring,Program_D_C03,3,C,1,0
Student_1477,T1_Fall,Program_D_C04,4,B,1,0
Student_1477,T2_Spring,Program_D_C05,3,B,1,0
Student_1477,T2_Spring,Program_D_C06,3,B,1,0
Student_1477,T2_Spring,Program_D_C07,3,B,1,0
Student_1477,T2_Spring,Program_D_C08,4,B,1,0
Student_1477,T3_Fall,Program_D_C09,3,B,1,0
Student_1477,T3_Fall,Program_D_C10,3,W,0,1
Student_1477,T4_Spring,Program_D_C10,3,C,1,0
Student_1477,T3_Fall,Program_D_C11,3,A,1,0
Student_1478,T1_Fall,Program_B_C01,3,C,1,0
Student_1478,T1_Fall,Program_B_C02,3,C,1,0
Student_1478,T1_Fall,Program_B_C03,3,W,0,1
Student_1478,T1_Fall,Program_B_C04,4,F,0,0
Student_1478,T2_Spring,Program_B_C05,3,C,1,0
Student_1478,T2_Spring,Program_B_C09,3,F,0,0
Student_1479,T1_Fall,Program_D_C01,3,F,0,0
Student_1479,T2_Spring,Program_D_C01,3,F,0,0
Student_1479,T1_Fall,Program_D_C02,3,F,0,0
Student_1479,T2_Spring,Program_D_C02,3,F,0,0
Student_1480,T1_Fall,Program_B_C01,3,C,1,0
Student_1480,T1_Fall,Program_B_C02,3,C,1,0
Student_1480,T1_Fall,Program_B_C03,3,C,1,0
Student_1481,T1_Fall,Program_B_C01,3,B,1,0
Student_1481,T1_Fall,Program_B_C02,3,B,1,0
Student_1481,T1_Fall,Program_B_C03,3,B,1,0
Student_1481,T1_Fall,Program_B_C04,4,B,1,0
Student_1481,T2_Spring,Program_B_C05,3,F,0,0
Student_1481,T2_Spring,Program_B_C06,3,B,1,0
Student_1482,T1_Fall,Program_D_C01,3,C,1,0
Student_1482,T1_Fall,Program_D_C02,3,B,1,0
Student_1482,T1_Fall,Program_D_C03,3,B,1,0
Student_1483,T1_Fall,Program_A_C01,3,B,1,0
Student_1483,T1_Fall,Program_A_C02,3,B,1,0
Student_1483,T1_Fall,Program_A_C03,3,C,1,0
Student_1483,T1_Fall,Program_A_C04,4,W,0,1
Student_1483,T2_Spring,Program_A_C04,4,C,1,0
Student_1483,T2_Spring,Program_A_C05,3,B,1,0
Student_1483,T2_Spring,Program_A_C06,3,B,1,0
Student_1484,T1_Fall,Program_A_C01,3,C,1,0
Student_1484,T1_Fall,Program_A_C02,3,C,1,0
Student_1484,T1_Fall,Program_A_C03,3,D,1,0
Student_1484,T1_Fall,Program_A_C04,4,C,1,0
Student_1484,T2_Spring,Program_A_C05,3,W,0,1
Student_1484,T2_Spring,Program_A_C06,3,W,0,1
Student_1484,T2_Spring,Program_A_C07,3,F,0,0
Student_1484,T3_Fall,Program_A_C07,3,F,0,0
Student_1484,T2_Spring,Program_A_C08,4,W,0,1
Student_1485,T1_Fall,Program_A_C01,3,F,0,0
Student_1485,T2_Spring,Program_A_C01,3,C,1,0
Student_1485,T1_Fall,Program_A_C02,3,B,1,0
Student_1486,T1_Fall,Program_A_C01,3,C,1,0
Student_1486,T1_Fall,Program_A_C02,3,F,0,0
Student_1486,T1_Fall,Program_A_C03,3,C,1,0
Student_1487,T1_Fall,Program_C_C01,3,C,1,0
Student_1487,T1_Fall,Program_C_C02,3,W,0,1
Student_1487,T2_Spring,Program_C_C02,3,C,1,0
Student_1487,T1_Fall,Program_C_C03,3,B,1,0
Student_1487,T1_Fall,Program_C_C04,4,C,1,0
Student_1487,T2_Spring,Program_C_C05,3,C,1,0
Student_1488,T1_Fall,Program_D_C01,3,B,1,0
Student_1488,T1_Fall,Program_D_C02,3,B,1,0
Student_1488,T1_Fall,Program_D_C03,3,B,1,0
Student_1488,T1_Fall,Program_D_C04,4,C,1,0
Student_1488,T2_Spring,Program_D_C05,3,B,1,0
Student_1488,T2_Spring,Program_D_C06,3,C,1,0
Student_1488,T2_Spring,Program_D_C07,3,B,1,0
Student_1489,T1_Fall,Program_C_C01,3,C,1,0
Student_1489,T1_Fall,Program_C_C02,3,C,1,0
Student_1489,T1_Fall,Program_C_C03,3,B,1,0
Student_1489,T1_Fall,Program_C_C04,4,C,1,0
Student_1489,T2_Spring,Program_C_C05,3,F,0,0
Student_1489,T3_Fall,Program_C_C05,3,C,1,0
Student_1489,T2_Spring,Program_C_C06,3,C,1,0
Student_1490,T1_Fall,Program_A_C01,3,B,1,0
Student_1490,T1_Fall,Program_A_C02,3,B,1,0
Student_1490,T1_Fall,Program_A_C03,3,F,0,0
Student_1490,T1_Fall,Program_A_C04,4,B,1,0
Student_1491,T1_Fall,Program_D_C01,3,B,1,0
Student_1491,T1_Fall,Program_D_C02,3,B,1,0
Student_1491,T1_Fall,Program_D_C03,3,C,1,0
Student_1491,T1_Fall,Program_D_C04,4,F,0,0
Student_1491,T2_Spring,Program_D_C05,3,A,1,0
Student_1491,T2_Spring,Program_D_C06,3,B,1,0
Student_1491,T2_Spring,Program_D_C07,3,F,0,0
Student_1491,T3_Fall,Program_D_C07,3,C,1,0
Student_1491,T2_Spring,Program_D_C09,3,B,1,0
Student_1491,T3_Fall,Program_D_C10,3,F,0,0
Student_1491,T3_Fall,Program_D_C11,3,B,1,0
Student_1491,T3_Fall,Program_D_C13,3,C,1,0
Student_1491,T3_Fall,Program_D_C15,3,F,0,0
Student_1491,T4_Spring,Program_D_C15,3,C,1,0
Student_1492,T1_Fall,Program_B_C01,3,B,1,0
Student_1492,T1_Fall,Program_B_C02,3,W,0,1
Student_1492,T1_Fall,Program_B_C03,3,B,1,0
Student_1492,T1_Fall,Program_B_C06,3,B,1,0
Student_1493,T1_Fall,Program_C_C01,3,B,1,0
Student_1493,T1_Fall,Program_C_C02,3,B,1,0
Student_1493,T1_Fall,Program_C_C03,3,C,1,0
Student_1493,T1_Fall,Program_C_C04,4,B,1,0
Student_1493,T2_Spring,Program_C_C05,3,F,0,0
Student_1493,T3_Fall,Program_C_C05,3,F,0,0
Student_1493,T2_Spring,Program_C_C06,3,B,1,0
Student_1494,T1_Fall,Program_A_C01,3,B,1,0
Student_1494,T1_Fall,Program_A_C02,3,B,1,0
Student_1494,T1_Fall,Program_A_C03,3,B,1,0
Student_1494,T1_Fall,Program_A_C04,4,B,1,0
Student_1494,T2_Spring,Program_A_C05,3,A,1,0
Student_1494,T2_Spring,Program_A_C06,3,B,1,0
Student_1494,T2_Spring,Program_A_C07,3,A,1,0
Student_1494,T2_Spring,Program_A_C08,4,B,1,0
Student_1495,T1_Fall,Program_C_C01,3,B,1,0
Student_1495,T1_Fall,Program_C_C02,3,B,1,0
Student_1495,T1_Fall,Program_C_C03,3,B,1,0
Student_1495,T1_Fall,Program_C_C04,4,B,1,0
Student_1495,T2_Spring,Program_C_C05,3,F,0,0
Student_1495,T3_Fall,Program_C_C05,3,F,0,0
Student_1495,T2_Spring,Program_C_C06,3,B,1,0
Student_1495,T2_Spring,Program_C_C07,3,B,1,0
Student_1495,T2_Spring,Program_C_C08,4,B,1,0
Student_1495,T3_Fall,Program_C_C10,3,B,1,0
Student_1495,T3_Fall,Program_C_C11,3,W,0,1
Student_1495,T4_Spring,Program_C_C11,3,C,1,0
Student_1495,T3_Fall,Program_C_C12,4,C,1,0
Student_1495,T3_Fall,Program_C_C14,3,B,1,0
Student_1495,T4_Spring,Program_C_C15,3,C,1,0
Student_1496,T1_Fall,Program_C_C01,3,B,1,0
Student_1496,T1_Fall,Program_C_C02,3,A,1,0
Student_1496,T1_Fall,Program_C_C03,3,B,1,0
Student_1496,T1_Fall,Program_C_C04,4,C,1,0
Student_1496,T2_Spring,Program_C_C05,3,B,1,0
Student_1496,T2_Spring,Program_C_C06,3,A,1,0
Student_1496,T2_Spring,Program_C_C07,3,B,1,0
Student_1496,T2_Spring,Program_C_C08,4,B,1,0
Student_1497,T1_Fall,Program_C_C01,3,A,1,0
Student_1497,T1_Fall,Program_C_C02,3,A,1,0
Student_1497,T1_Fall,Program_C_C03,3,B,1,0
Student_1497,T1_Fall,Program_C_C04,4,A,1,0
Student_1498,T1_Fall,Program_D_C01,3,B,1,0
Student_1498,T1_Fall,Program_D_C02,3,B,1,0
Student_1498,T1_Fall,Program_D_C03,3,A,1,0
Student_1498,T1_Fall,Program_D_C04,4,W,0,1
Student_1498,T2_Spring,Program_D_C05,3,B,1,0
Student_1498,T2_Spring,Program_D_C06,3,B,1,0
Student_1498,T2_Spring,Program_D_C07,3,B,1,0
Student_1498,T2_Spring,Program_D_C09,3,F,0,0
Student_1498,T3_Fall,Program_D_C09,3,C,1,0
Student_1498,T3_Fall,Program_D_C10,3,B,1,0
Student_1498,T3_Fall,Program_D_C11,3,A,1,0
Student_1498,T3_Fall,Program_D_C13,3,B,1,0
Student_1498,T3_Fall,Program_D_C14,3,B,1,0
Student_1498,T4_Spring,Program_D_C15,3,B,1,0
Student_1499,T1_Fall,Program_D_C01,3,C,1,0
Student_1499,T1_Fall,Program_D_C02,3,B,1,0
Student_1499,T1_Fall,Program_D_C03,3,B,1,0
Student_1499,T1_Fall,Program_D_C04,4,B,1,0
Student_1499,T2_Spring,Program_D_C05,3,C,1,0
Student_1500,T1_Fall,Program_A_C01,3,B,1,0
Student_1500,T1_Fall,Program_A_C02,3,B,1,0
Student_1500,T1_Fall,Program_A_C03,3,B,1,0
Student_1500,T1_Fall,Program_A_C04,4,B,1,0
Student_1500,T2_Spring,Program_A_C05,3,F,0,0
Student_1500,T2_Spring,Program_A_C06,3,W,0,1
Student_1500,T3_Fall,Program_A_C06,3,C,1,0
Student_1500,T2_Spring,Program_A_C07,3,C,1,0
Student_1500,T2_Spring,Program_A_C08,4,B,1,0
Student_1500,T3_Fall,Program_A_C10,3,B,1,0
Student_1500,T3_Fall,Program_A_C11,3,B,1,0
Student_1501,T1_Fall,Program_B_C01,3,C,1,0
Student_1501,T1_Fall,Program_B_C02,3,F,0,0
Student_1501,T2_Spring,Program_B_C02,3,C,1,0
Student_1501,T1_Fall,Program_B_C03,3,F,0,0
Student_1501,T1_Fall,Program_B_C04,4,C,1,0
Student_1501,T2_Spring,Program_B_C05,3,C,1,0
Student_1501,T2_Spring,Program_B_C08,4,F,0,0
Student_1501,T3_Fall,Program_B_C08,4,C,1,0
Student_1501,T2_Spring,Program_B_C09,3,F,0,0
Student_1501,T2_Spring,Program_B_C12,4,C,1,0
Student_1501,T3_Fall,Program_B_C16,3,F,0,0
Student_1501,T4_Spring,Program_B_C16,3,C,1,0
Student_1502,T1_Fall,Program_B_C01,3,C,1,0
Student_1502,T1_Fall,Program_B_C02,3,B,1,0
Student_1502,T1_Fall,Program_B_C03,3,A,1,0
Student_1502,T1_Fall,Program_B_C04,4,C,1,0
Student_1502,T2_Spring,Program_B_C05,3,B,1,0
Student_1503,T1_Fall,Program_C_C01,3,A,1,0
Student_1503,T1_Fall,Program_C_C02,3,C,1,0
Student_1503,T1_Fall,Program_C_C03,3,B,1,0
Student_1504,T1_Fall,Program_A_C01,3,C,1,0
Student_1504,T1_Fall,Program_A_C02,3,C,1,0
Student_1504,T1_Fall,Program_A_C03,3,D,1,0
Student_1504,T1_Fall,Program_A_C04,4,C,1,0
Student_1504,T2_Spring,Program_A_C05,3,F,0,0
Student_1504,T3_Fall,Program_A_C05,3,C,1,0
Student_1505,T1_Fall,Program_B_C01,3,B,1,0
Student_1505,T1_Fall,Program_B_C02,3,B,1,0
Student_1506,T1_Fall,Program_A_C01,3,W,0,1
Student_1506,T2_Spring,Program_A_C01,3,C,1,0
Student_1506,T1_Fall,Program_A_C02,3,B,1,0
Student_1506,T1_Fall,Program_A_C03,3,F,0,0
Student_1506,T1_Fall,Program_A_C04,4,B,1,0
Student_1507,T1_Fall,Program_C_C01,3,B,1,0
Student_1507,T1_Fall,Program_C_C02,3,B,1,0
Student_1507,T1_Fall,Program_C_C03,3,F,0,0
Student_1507,T2_Spring,Program_C_C03,3,C,1,0
Student_1507,T1_Fall,Program_C_C04,4,B,1,0
Student_1507,T2_Spring,Program_C_C05,3,B,1,0
Student_1507,T2_Spring,Program_C_C06,3,C,1,0
Student_1507,T2_Spring,Program_C_C07,3,W,0,1
Student_1507,T3_Fall,Program_C_C07,3,C,1,0
Student_1507,T2_Spring,Program_C_C08,4,C,1,0
Student_1507,T3_Fall,Program_C_C09,3,B,1,0
Student_1507,T3_Fall,Program_C_C10,3,C,1,0
Student_1507,T3_Fall,Program_C_C11,3,B,1,0
Student_1507,T3_Fall,Program_C_C12,4,F,0,0
Student_1507,T4_Spring,Program_C_C12,4,C,1,0
Student_1508,T1_Fall,Program_B_C01,3,W,0,1
Student_1508,T1_Fall,Program_B_C02,3,C,1,0
Student_1508,T1_Fall,Program_B_C04,4,F,0,0
Student_1508,T1_Fall,Program_B_C05,3,D,1,0
Student_1508,T2_Spring,Program_B_C09,3,F,0,0
Student_1508,T3_Fall,Program_B_C09,3,C,1,0
Student_1508,T2_Spring,Program_B_C13,3,F,0,0
Student_1508,T3_Fall,Program_B_C13,3,F,0,0
Student_1509,T1_Fall,Program_C_C01,3,B,1,0
Student_1509,T1_Fall,Program_C_C02,3,W,0,1
Student_1509,T2_Spring,Program_C_C02,3,C,1,0
Student_1509,T1_Fall,Program_C_C03,3,C,1,0
Student_1509,T1_Fall,Program_C_C04,4,B,1,0
Student_1509,T2_Spring,Program_C_C05,3,C,1,0
Student_1509,T2_Spring,Program_C_C06,3,C,1,0
Student_1509,T2_Spring,Program_C_C07,3,B,1,0
Student_1509,T2_Spring,Program_C_C08,4,B,1,0
Student_1510,T1_Fall,Program_D_C01,3,B,1,0
Student_1510,T1_Fall,Program_D_C02,3,B,1,0
Student_1510,T1_Fall,Program_D_C03,3,B,1,0
Student_1511,T1_Fall,Program_A_C01,3,W,0,1
Student_1511,T2_Spring,Program_A_C01,3,C,1,0
Student_1511,T1_Fall,Program_A_C02,3,W,0,1
Student_1511,T1_Fall,Program_A_C03,3,F,0,0
Student_1511,T2_Spring,Program_A_C03,3,C,1,0
Student_1511,T1_Fall,Program_A_C06,3,B,1,0
Student_1511,T2_Spring,Program_A_C07,3,C,1,0
Student_1511,T2_Spring,Program_A_C10,3,F,0,0
Student_1511,T2_Spring,Program_A_C11,3,B,1,0
Student_1511,T2_Spring,Program_A_C15,3,W,0,1
Student_1512,T1_Fall,Program_A_C01,3,B,1,0
Student_1512,T1_Fall,Program_A_C02,3,F,0,0
Student_1512,T2_Spring,Program_A_C02,3,C,1,0
Student_1512,T1_Fall,Program_A_C03,3,C,1,0
Student_1512,T1_Fall,Program_A_C04,4,F,0,0
Student_1512,T2_Spring,Program_A_C05,3,B,1,0
Student_1512,T2_Spring,Program_A_C06,3,F,0,0
Student_1512,T3_Fall,Program_A_C06,3,C,1,0
Student_1512,T2_Spring,Program_A_C07,3,B,1,0
Student_1512,T2_Spring,Program_A_C09,3,C,1,0
Student_1513,T1_Fall,Program_D_C01,3,B,1,0
Student_1513,T1_Fall,Program_D_C02,3,A,1,0
Student_1513,T1_Fall,Program_D_C03,3,W,0,1
Student_1513,T1_Fall,Program_D_C04,4,F,0,0
Student_1513,T2_Spring,Program_D_C04,4,C,1,0
Student_1514,T1_Fall,Program_A_C01,3,B,1,0
Student_1514,T1_Fall,Program_A_C02,3,B,1,0
Student_1514,T1_Fall,Program_A_C03,3,A,1,0
Student_1514,T1_Fall,Program_A_C04,4,B,1,0
Student_1514,T2_Spring,Program_A_C05,3,B,1,0
Student_1514,T2_Spring,Program_A_C06,3,B,1,0
Student_1514,T2_Spring,Program_A_C07,3,B,1,0
Student_1514,T2_Spring,Program_A_C08,4,B,1,0
Student_1514,T3_Fall,Program_A_C09,3,A,1,0
Student_1515,T1_Fall,Program_B_C01,3,F,0,0
Student_1515,T1_Fall,Program_B_C02,3,F,0,0
Student_1515,T2_Spring,Program_B_C02,3,C,1,0
Student_1515,T1_Fall,Program_B_C04,4,W,0,1
Student_1515,T1_Fall,Program_B_C05,3,W,0,1
Student_1515,T2_Spring,Program_B_C05,3,C,1,0
Student_1515,T2_Spring,Program_B_C09,3,C,1,0
Student_1515,T2_Spring,Program_B_C13,3,C,1,0
Student_1516,T1_Fall,Program_B_C01,3,B,1,0
Student_1516,T1_Fall,Program_B_C02,3,C,1,0
Student_1516,T1_Fall,Program_B_C03,3,F,0,0
Student_1516,T2_Spring,Program_B_C03,3,F,0,0
Student_1516,T1_Fall,Program_B_C04,4,B,1,0
Student_1516,T2_Spring,Program_B_C05,3,B,1,0
Student_1516,T2_Spring,Program_B_C08,4,C,1,0
Student_1516,T2_Spring,Program_B_C09,3,F,0,0
Student_1516,T2_Spring,Program_B_C12,4,C,1,0
Student_1516,T3_Fall,Program_B_C16,3,C,1,0
Student_1517,T1_Fall,Program_A_C01,3,B,1,0
Student_1517,T1_Fall,Program_A_C02,3,B,1,0
Student_1517,T1_Fall,Program_A_C03,3,B,1,0
Student_1517,T1_Fall,Program_A_C04,4,C,1,0
Student_1517,T2_Spring,Program_A_C05,3,B,1,0
Student_1517,T2_Spring,Program_A_C06,3,B,1,0
Student_1517,T2_Spring,Program_A_C07,3,B,1,0
Student_1517,T2_Spring,Program_A_C08,4,C,1,0
Student_1517,T3_Fall,Program_A_C09,3,C,1,0
Student_1518,T1_Fall,Program_C_C01,3,B,1,0
Student_1518,T1_Fall,Program_C_C02,3,F,0,0
Student_1518,T1_Fall,Program_C_C03,3,F,0,0
Student_1519,T1_Fall,Program_B_C01,3,F,0,0
Student_1519,T1_Fall,Program_B_C02,3,C,1,0
Student_1519,T1_Fall,Program_B_C04,4,C,1,0
Student_1519,T1_Fall,Program_B_C05,3,F,0,0
Student_1519,T2_Spring,Program_B_C05,3,C,1,0
Student_1519,T2_Spring,Program_B_C08,4,F,0,0
Student_1519,T3_Fall,Program_B_C08,4,C,1,0
Student_1519,T2_Spring,Program_B_C09,3,W,0,1
Student_1519,T2_Spring,Program_B_C12,4,C,1,0
Student_1519,T2_Spring,Program_B_C16,3,C,1,0
Student_1520,T1_Fall,Program_D_C01,3,F,0,0
Student_1520,T1_Fall,Program_D_C02,3,C,1,0
Student_1520,T1_Fall,Program_D_C04,4,B,1,0
Student_1520,T1_Fall,Program_D_C05,3,C,1,0
Student_1520,T2_Spring,Program_D_C08,4,B,1,0
Student_1520,T2_Spring,Program_D_C09,3,B,1,0
Student_1520,T2_Spring,Program_D_C12,4,C,1,0
Student_1520,T2_Spring,Program_D_C13,3,B,1,0
Student_1521,T1_Fall,Program_A_C01,3,F,0,0
Student_1521,T2_Spring,Program_A_C01,3,F,0,0
Student_1521,T1_Fall,Program_A_C02,3,W,0,1
Student_1522,T1_Fall,Program_B_C01,3,C,1,0
Student_1522,T1_Fall,Program_B_C02,3,C,1,0
Student_1522,T1_Fall,Program_B_C03,3,C,1,0
Student_1522,T1_Fall,Program_B_C04,4,B,1,0
Student_1522,T2_Spring,Program_B_C05,3,B,1,0
Student_1522,T2_Spring,Program_B_C06,3,C,1,0
Student_1522,T2_Spring,Program_B_C07,3,B,1,0
Student_1522,T2_Spring,Program_B_C08,4,C,1,0
Student_1522,T3_Fall,Program_B_C09,3,B,1,0
Student_1522,T3_Fall,Program_B_C10,3,F,0,0
Student_1522,T4_Spring,Program_B_C10,3,C,1,0
Student_1523,T1_Fall,Program_C_C01,3,B,1,0
Student_1523,T1_Fall,Program_C_C02,3,B,1,0
Student_1523,T1_Fall,Program_C_C03,3,B,1,0
Student_1523,T1_Fall,Program_C_C04,4,B,1,0
Student_1523,T2_Spring,Program_C_C05,3,C,1,0
Student_1523,T2_Spring,Program_C_C06,3,B,1,0
Student_1523,T2_Spring,Program_C_C07,3,B,1,0
Student_1523,T2_Spring,Program_C_C08,4,B,1,0
Student_1523,T3_Fall,Program_C_C09,3,C,1,0
Student_1524,T1_Fall,Program_A_C01,3,C,1,0
Student_1524,T1_Fall,Program_A_C02,3,C,1,0
Student_1524,T1_Fall,Program_A_C03,3,C,1,0
Student_1524,T1_Fall,Program_A_C04,4,C,1,0
Student_1524,T2_Spring,Program_A_C05,3,F,0,0
Student_1524,T2_Spring,Program_A_C06,3,F,0,0
Student_1524,T3_Fall,Program_A_C06,3,F,0,0
Student_1524,T2_Spring,Program_A_C07,3,C,1,0
Student_1524,T2_Spring,Program_A_C08,4,F,0,0
Student_1524,T3_Fall,Program_A_C11,3,F,0,0
Student_1525,T1_Fall,Program_D_C01,3,W,0,1
Student_1525,T2_Spring,Program_D_C01,3,C,1,0
Student_1525,T1_Fall,Program_D_C02,3,D,1,0
Student_1525,T1_Fall,Program_D_C03,3,C,1,0
Student_1525,T1_Fall,Program_D_C04,4,C,1,0
Student_1525,T2_Spring,Program_D_C05,3,W,0,1
Student_1525,T2_Spring,Program_D_C06,3,B,1,0
Student_1525,T2_Spring,Program_D_C07,3,C,1,0
Student_1526,T1_Fall,Program_B_C01,3,B,1,0
Student_1526,T1_Fall,Program_B_C02,3,B,1,0
Student_1526,T1_Fall,Program_B_C03,3,B,1,0
Student_1526,T1_Fall,Program_B_C04,4,B,1,0
Student_1526,T2_Spring,Program_B_C05,3,B,1,0
Student_1526,T2_Spring,Program_B_C06,3,C,1,0
Student_1526,T2_Spring,Program_B_C07,3,C,1,0
Student_1526,T2_Spring,Program_B_C08,4,W,0,1
Student_1526,T3_Fall,Program_B_C08,4,C,1,0
Student_1526,T3_Fall,Program_B_C09,3,B,1,0
Student_1526,T3_Fall,Program_B_C10,3,B,1,0
Student_1526,T3_Fall,Program_B_C11,3,F,0,0
Student_1526,T3_Fall,Program_B_C12,4,B,1,0
Student_1527,T1_Fall,Program_B_C01,3,B,1,0
Student_1528,T1_Fall,Program_D_C01,3,B,1,0
Student_1528,T1_Fall,Program_D_C02,3,B,1,0
Student_1528,T1_Fall,Program_D_C03,3,A,1,0
Student_1528,T1_Fall,Program_D_C04,4,B,1,0
Student_1528,T2_Spring,Program_D_C05,3,B,1,0
Student_1528,T2_Spring,Program_D_C06,3,B,1,0
Student_1528,T2_Spring,Program_D_C07,3,B,1,0
Student_1528,T2_Spring,Program_D_C08,4,B,1,0
Student_1528,T3_Fall,Program_D_C09,3,B,1,0
Student_1528,T3_Fall,Program_D_C10,3,B,1,0
Student_1529,T1_Fall,Program_D_C01,3,B,1,0
Student_1529,T1_Fall,Program_D_C02,3,B,1,0
Student_1529,T1_Fall,Program_D_C03,3,B,1,0
Student_1529,T1_Fall,Program_D_C04,4,B,1,0
Student_1529,T2_Spring,Program_D_C05,3,C,1,0
Student_1529,T2_Spring,Program_D_C06,3,W,0,1
Student_1529,T3_Fall,Program_D_C06,3,C,1,0
Student_1530,T1_Fall,Program_A_C01,3,W,0,1
Student_1530,T1_Fall,Program_A_C02,3,C,1,0
Student_1531,T1_Fall,Program_A_C01,3,B,1,0
Student_1532,T1_Fall,Program_D_C01,3,A,1,0
Student_1532,T1_Fall,Program_D_C02,3,B,1,0
Student_1532,T1_Fall,Program_D_C03,3,B,1,0
Student_1532,T1_Fall,Program_D_C04,4,B,1,0
Student_1532,T2_Spring,Program_D_C05,3,A,1,0
Student_1532,T2_Spring,Program_D_C06,3,B,1,0
Student_1533,T1_Fall,Program_B_C01,3,B,1,0
Student_1533,T1_Fall,Program_B_C02,3,B,1,0
Student_1533,T1_Fall,Program_B_C03,3,B,1,0
Student_1533,T1_Fall,Program_B_C04,4,C,1,0
Student_1533,T2_Spring,Program_B_C05,3,B,1,0
Student_1533,T2_Spring,Program_B_C06,3,C,1,0
Student_1533,T2_Spring,Program_B_C07,3,B,1,0
Student_1533,T2_Spring,Program_B_C08,4,B,1,0
Student_1533,T3_Fall,Program_B_C09,3,C,1,0
Student_1533,T3_Fall,Program_B_C10,3,C,1,0
Student_1533,T3_Fall,Program_B_C11,3,C,1,0
Student_1534,T1_Fall,Program_D_C01,3,B,1,0
Student_1534,T1_Fall,Program_D_C02,3,B,1,0
Student_1534,T1_Fall,Program_D_C03,3,B,1,0
Student_1534,T1_Fall,Program_D_C04,4,W,0,1
Student_1534,T2_Spring,Program_D_C04,4,C,1,0
Student_1534,T2_Spring,Program_D_C05,3,B,1,0
Student_1534,T2_Spring,Program_D_C06,3,C,1,0
Student_1534,T2_Spring,Program_D_C07,3,F,0,0
Student_1534,T3_Fall,Program_D_C07,3,C,1,0
Student_1534,T2_Spring,Program_D_C08,4,W,0,1
Student_1534,T3_Fall,Program_D_C09,3,B,1,0
Student_1534,T3_Fall,Program_D_C10,3,B,1,0
Student_1535,T1_Fall,Program_C_C01,3,C,1,0
Student_1535,T1_Fall,Program_C_C02,3,A,1,0
Student_1535,T1_Fall,Program_C_C03,3,A,1,0
Student_1535,T1_Fall,Program_C_C04,4,B,1,0
Student_1535,T2_Spring,Program_C_C05,3,A,1,0
Student_1535,T2_Spring,Program_C_C06,3,B,1,0
Student_1535,T2_Spring,Program_C_C07,3,B,1,0
Student_1535,T2_Spring,Program_C_C08,4,B,1,0
Student_1535,T3_Fall,Program_C_C09,3,B,1,0
Student_1535,T3_Fall,Program_C_C10,3,W,0,1
Student_1535,T4_Spring,Program_C_C10,3,C,1,0
Student_1535,T3_Fall,Program_C_C11,3,B,1,0
Student_1536,T1_Fall,Program_C_C01,3,F,0,0
Student_1536,T2_Spring,Program_C_C01,3,C,1,0
Student_1536,T1_Fall,Program_C_C02,3,C,1,0
Student_1536,T1_Fall,Program_C_C03,3,B,1,0
Student_1537,T1_Fall,Program_B_C01,3,B,1,0
Student_1537,T1_Fall,Program_B_C02,3,B,1,0
Student_1537,T1_Fall,Program_B_C03,3,B,1,0
Student_1537,T1_Fall,Program_B_C04,4,B,1,0
Student_1537,T2_Spring,Program_B_C05,3,B,1,0
Student_1537,T2_Spring,Program_B_C06,3,F,0,0
Student_1537,T3_Fall,Program_B_C06,3,F,0,0
Student_1537,T2_Spring,Program_B_C07,3,W,0,1
Student_1537,T2_Spring,Program_B_C08,4,C,1,0
Student_1537,T3_Fall,Program_B_C09,3,W,0,1
Student_1537,T4_Spring,Program_B_C09,3,C,1,0
Student_1537,T3_Fall,Program_B_C12,4,W,0,1
Student_1537,T4_Spring,Program_B_C12,4,C,1,0
Student_1537,T3_Fall,Program_B_C13,3,C,1,0
Student_1537,T3_Fall,Program_B_C16,3,F,0,0
Student_1538,T1_Fall,Program_A_C01,3,A,1,0
Student_1538,T1_Fall,Program_A_C02,3,W,0,1
Student_1538,T1_Fall,Program_A_C03,3,B,1,0
Student_1538,T1_Fall,Program_A_C06,3,B,1,0
Student_1538,T2_Spring,Program_A_C07,3,C,1,0
Student_1538,T2_Spring,Program_A_C10,3,B,1,0
Student_1538,T2_Spring,Program_A_C11,3,B,1,0
Student_1538,T2_Spring,Program_A_C14,3,B,1,0
Student_1538,T3_Fall,Program_A_C15,3,B,1,0
Student_1539,T1_Fall,Program_C_C01,3,B,1,0
Student_1539,T1_Fall,Program_C_C02,3,B,1,0
Student_1539,T1_Fall,Program_C_C03,3,W,0,1
Student_1539,T1_Fall,Program_C_C04,4,C,1,0
Student_1539,T2_Spring,Program_C_C05,3,C,1,0
Student_1539,T2_Spring,Program_C_C08,4,W,0,1
Student_1539,T3_Fall,Program_C_C08,4,C,1,0
Student_1540,T1_Fall,Program_C_C01,3,B,1,0
Student_1540,T1_Fall,Program_C_C02,3,B,1,0
Student_1540,T1_Fall,Program_C_C03,3,C,1,0
Student_1540,T1_Fall,Program_C_C04,4,B,1,0
Student_1540,T2_Spring,Program_C_C05,3,B,1,0
Student_1540,T2_Spring,Program_C_C06,3,B,1,0
Student_1540,T2_Spring,Program_C_C07,3,B,1,0
Student_1540,T2_Spring,Program_C_C08,4,B,1,0
Student_1540,T3_Fall,Program_C_C09,3,B,1,0
Student_1540,T3_Fall,Program_C_C10,3,B,1,0
Student_1540,T3_Fall,Program_C_C11,3,B,1,0
Student_1540,T3_Fall,Program_C_C12,4,C,1,0
Student_1541,T1_Fall,Program_D_C01,3,C,1,0
Student_1541,T1_Fall,Program_D_C02,3,C,1,0
Student_1541,T1_Fall,Program_D_C03,3,F,0,0
Student_1541,T1_Fall,Program_D_C04,4,C,1,0
Student_1541,T2_Spring,Program_D_C05,3,C,1,0
Student_1541,T2_Spring,Program_D_C08,4,C,1,0
Student_1541,T2_Spring,Program_D_C09,3,F,0,0
Student_1541,T2_Spring,Program_D_C12,4,C,1,0
Student_1541,T3_Fall,Program_D_C16,3,C,1,0
Student_1542,T1_Fall,Program_B_C01,3,C,1,0
Student_1542,T1_Fall,Program_B_C02,3,F,0,0
Student_1542,T2_Spring,Program_B_C02,3,F,0,0
Student_1542,T1_Fall,Program_B_C03,3,C,1,0
Student_1543,T1_Fall,Program_B_C01,3,W,0,1
Student_1543,T2_Spring,Program_B_C01,3,F,0,0
Student_1543,T1_Fall,Program_B_C02,3,B,1,0
Student_1543,T1_Fall,Program_B_C04,4,C,1,0
Student_1543,T1_Fall,Program_B_C05,3,C,1,0
Student_1543,T2_Spring,Program_B_C08,4,D,1,0
Student_1544,T1_Fall,Program_B_C01,3,C,1,0
Student_1544,T1_Fall,Program_B_C02,3,F,0,0
Student_1544,T2_Spring,Program_B_C02,3,C,1,0
Student_1544,T1_Fall,Program_B_C03,3,F,0,0
Student_1544,T2_Spring,Program_B_C03,3,C,1,0
Student_1544,T1_Fall,Program_B_C04,4,F,0,0
Student_1544,T2_Spring,Program_B_C04,4,C,1,0
Student_1544,T2_Spring,Program_B_C05,3,W,0,1
Student_1544,T3_Fall,Program_B_C05,3,C,1,0
Student_1544,T2_Spring,Program_B_C06,3,C,1,0
Student_1545,T1_Fall,Program_A_C01,3,B,1,0
Student_1545,T1_Fall,Program_A_C02,3,B,1,0
Student_1545,T1_Fall,Program_A_C03,3,B,1,0
Student_1545,T1_Fall,Program_A_C04,4,W,0,1
Student_1545,T2_Spring,Program_A_C04,4,C,1,0
Student_1546,T1_Fall,Program_C_C01,3,C,1,0
Student_1546,T1_Fall,Program_C_C02,3,W,0,1
Student_1546,T1_Fall,Program_C_C03,3,C,1,0
Student_1546,T1_Fall,Program_C_C06,3,D,1,0
Student_1546,T2_Spring,Program_C_C07,3,W,0,1
Student_1546,T2_Spring,Program_C_C10,3,F,0,0
Student_1546,T3_Fall,Program_C_C10,3,C,1,0
Student_1547,T1_Fall,Program_A_C01,3,F,0,0
Student_1547,T2_Spring,Program_A_C01,3,C,1,0
Student_1547,T1_Fall,Program_A_C02,3,B,1,0
Student_1547,T1_Fall,Program_A_C03,3,C,1,0
Student_1547,T1_Fall,Program_A_C04,4,B,1,0
Student_1547,T2_Spring,Program_A_C05,3,B,1,0
Student_1547,T2_Spring,Program_A_C06,3,F,0,0
Student_1547,T3_Fall,Program_A_C06,3,C,1,0
Student_1547,T2_Spring,Program_A_C07,3,B,1,0
Student_1547,T2_Spring,Program_A_C08,4,C,1,0
Student_1547,T3_Fall,Program_A_C09,3,B,1,0
Student_1548,T1_Fall,Program_C_C01,3,B,1,0
Student_1548,T1_Fall,Program_C_C02,3,B,1,0
Student_1549,T1_Fall,Program_C_C01,3,B,1,0
Student_1549,T1_Fall,Program_C_C02,3,C,1,0
Student_1549,T1_Fall,Program_C_C03,3,A,1,0
Student_1549,T1_Fall,Program_C_C04,4,B,1,0
Student_1549,T2_Spring,Program_C_C05,3,C,1,0
Student_1549,T2_Spring,Program_C_C06,3,A,1,0
Student_1549,T2_Spring,Program_C_C07,3,B,1,0
Student_1550,T1_Fall,Program_D_C01,3,B,1,0
Student_1550,T1_Fall,Program_D_C02,3,B,1,0
Student_1551,T1_Fall,Program_A_C01,3,F,0,0
Student_1551,T2_Spring,Program_A_C01,3,C,1,0
Student_1552,T1_Fall,Program_C_C01,3,B,1,0
Student_1552,T1_Fall,Program_C_C02,3,B,1,0
Student_1552,T1_Fall,Program_C_C03,3,B,1,0
Student_1552,T1_Fall,Program_C_C04,4,C,1,0
Student_1553,T1_Fall,Program_B_C01,3,B,1,0
Student_1553,T1_Fall,Program_B_C02,3,B,1,0
Student_1553,T1_Fall,Program_B_C03,3,B,1,0
Student_1553,T1_Fall,Program_B_C04,4,B,1,0
Student_1553,T2_Spring,Program_B_C05,3,C,1,0
Student_1553,T2_Spring,Program_B_C06,3,C,1,0
Student_1553,T2_Spring,Program_B_C07,3,C,1,0
Student_1553,T2_Spring,Program_B_C08,4,C,1,0
Student_1554,T1_Fall,Program_D_C01,3,B,1,0
Student_1554,T1_Fall,Program_D_C02,3,C,1,0
Student_1554,T1_Fall,Program_D_C03,3,C,1,0
Student_1554,T1_Fall,Program_D_C04,4,F,0,0
Student_1554,T2_Spring,Program_D_C05,3,C,1,0
Student_1554,T2_Spring,Program_D_C06,3,C,1,0
Student_1554,T2_Spring,Program_D_C07,3,C,1,0
Student_1554,T2_Spring,Program_D_C09,3,B,1,0
Student_1554,T3_Fall,Program_D_C10,3,W,0,1
Student_1554,T4_Spring,Program_D_C10,3,C,1,0
Student_1554,T3_Fall,Program_D_C11,3,C,1,0
Student_1555,T1_Fall,Program_A_C01,3,B,1,0
Student_1555,T1_Fall,Program_A_C02,3,B,1,0
Student_1555,T1_Fall,Program_A_C03,3,A,1,0
Student_1555,T1_Fall,Program_A_C04,4,B,1,0
Student_1555,T2_Spring,Program_A_C05,3,B,1,0
Student_1556,T1_Fall,Program_B_C01,3,F,0,0
Student_1556,T1_Fall,Program_B_C02,3,W,0,1
Student_1557,T1_Fall,Program_B_C01,3,C,1,0
Student_1557,T1_Fall,Program_B_C02,3,F,0,0
Student_1557,T2_Spring,Program_B_C02,3,C,1,0
Student_1558,T1_Fall,Program_D_C01,3,F,0,0
Student_1558,T2_Spring,Program_D_C01,3,C,1,0
Student_1558,T1_Fall,Program_D_C02,3,W,0,1
Student_1558,T2_Spring,Program_D_C02,3,F,0,0
Student_1558,T1_Fall,Program_D_C03,3,B,1,0
Student_1558,T1_Fall,Program_D_C06,3,C,1,0
Student_1558,T2_Spring,Program_D_C07,3,C,1,0
Student_1558,T2_Spring,Program_D_C10,3,W,0,1
Student_1558,T3_Fall,Program_D_C10,3,C,1,0
Student_1558,T2_Spring,Program_D_C11,3,F,0,0
Student_1559,T1_Fall,Program_B_C01,3,C,1,0
Student_1559,T1_Fall,Program_B_C02,3,C,1,0
Student_1559,T1_Fall,Program_B_C03,3,F,0,0
Student_1559,T1_Fall,Program_B_C04,4,C,1,0
Student_1559,T2_Spring,Program_B_C05,3,C,1,0
Student_1559,T2_Spring,Program_B_C08,4,B,1,0
Student_1559,T2_Spring,Program_B_C09,3,W,0,1
Student_1559,T3_Fall,Program_B_C09,3,F,0,0
Student_1559,T2_Spring,Program_B_C12,4,W,0,1
Student_1560,T1_Fall,Program_C_C01,3,F,0,0
Student_1560,T2_Spring,Program_C_C01,3,C,1,0
Student_1560,T1_Fall,Program_C_C02,3,B,1,0
Student_1560,T1_Fall,Program_C_C03,3,B,1,0
Student_1560,T1_Fall,Program_C_C04,4,B,1,0
Student_1560,T2_Spring,Program_C_C05,3,C,1,0
Student_1560,T2_Spring,Program_C_C06,3,F,0,0
Student_1560,T2_Spring,Program_C_C07,3,C,1,0
Student_1560,T2_Spring,Program_C_C08,4,B,1,0
Student_1560,T3_Fall,Program_C_C09,3,B,1,0
Student_1560,T3_Fall,Program_C_C11,3,C,1,0
Student_1560,T3_Fall,Program_C_C12,4,F,0,0
Student_1560,T3_Fall,Program_C_C13,3,B,1,0
Student_1560,T4_Spring,Program_C_C15,3,C,1,0
Student_1561,T1_Fall,Program_B_C01,3,B,1,0
Student_1561,T1_Fall,Program_B_C02,3,B,1,0
Student_1561,T1_Fall,Program_B_C03,3,B,1,0
Student_1561,T1_Fall,Program_B_C04,4,B,1,0
Student_1561,T2_Spring,Program_B_C05,3,W,0,1
Student_1561,T3_Fall,Program_B_C05,3,C,1,0
Student_1561,T2_Spring,Program_B_C06,3,W,0,1
Student_1561,T2_Spring,Program_B_C07,3,F,0,0
Student_1561,T2_Spring,Program_B_C08,4,C,1,0
Student_1561,T3_Fall,Program_B_C09,3,C,1,0
Student_1561,T3_Fall,Program_B_C12,4,C,1,0
Student_1561,T3_Fall,Program_B_C13,3,B,1,0
Student_1561,T3_Fall,Program_B_C16,3,F,0,0
Student_1562,T1_Fall,Program_B_C01,3,B,1,0
Student_1562,T1_Fall,Program_B_C02,3,C,1,0
Student_1562,T1_Fall,Program_B_C03,3,B,1,0
Student_1562,T1_Fall,Program_B_C04,4,B,1,0
Student_1562,T2_Spring,Program_B_C05,3,C,1,0
Student_1562,T2_Spring,Program_B_C06,3,B,1,0
Student_1562,T2_Spring,Program_B_C07,3,F,0,0
Student_1562,T2_Spring,Program_B_C08,4,C,1,0
Student_1563,T1_Fall,Program_D_C01,3,C,1,0
Student_1563,T1_Fall,Program_D_C02,3,B,1,0
Student_1563,T1_Fall,Program_D_C03,3,C,1,0
Student_1563,T1_Fall,Program_D_C04,4,C,1,0
Student_1563,T2_Spring,Program_D_C05,3,C,1,0
Student_1563,T2_Spring,Program_D_C06,3,W,0,1
Student_1563,T2_Spring,Program_D_C07,3,W,0,1
Student_1563,T2_Spring,Program_D_C08,4,B,1,0
Student_1563,T3_Fall,Program_D_C09,3,C,1,0
Student_1563,T3_Fall,Program_D_C12,4,B,1,0
Student_1563,T3_Fall,Program_D_C13,3,C,1,0
Student_1564,T1_Fall,Program_D_C01,3,W,0,1
Student_1564,T2_Spring,Program_D_C01,3,C,1,0
Student_1564,T1_Fall,Program_D_C02,3,W,0,1
Student_1564,T2_Spring,Program_D_C02,3,F,0,0
Student_1564,T1_Fall,Program_D_C03,3,C,1,0
Student_1564,T1_Fall,Program_D_C06,3,C,1,0
Student_1564,T2_Spring,Program_D_C07,3,C,1,0
Student_1564,T2_Spring,Program_D_C10,3,F,0,0
Student_1564,T3_Fall,Program_D_C10,3,F,0,0
Student_1564,T2_Spring,Program_D_C11,3,C,1,0
Student_1564,T2_Spring,Program_D_C15,3,F,0,0
Student_1565,T1_Fall,Program_B_C01,3,B,1,0
Student_1565,T1_Fall,Program_B_C02,3,B,1,0
Student_1566,T1_Fall,Program_A_C01,3,F,0,0
Student_1566,T1_Fall,Program_A_C02,3,C,1,0
Student_1566,T1_Fall,Program_A_C04,4,C,1,0
Student_1566,T1_Fall,Program_A_C05,3,F,0,0
Student_1566,T2_Spring,Program_A_C05,3,F,0,0
Student_1566,T2_Spring,Program_A_C08,4,W,0,1
Student_1566,T3_Fall,Program_A_C08,4,C,1,0
Student_1566,T2_Spring,Program_A_C12,4,W,0,1
Student_1566,T3_Fall,Program_A_C12,4,C,1,0
Student_1566,T2_Spring,Program_A_C16,3,C,1,0
Student_1567,T1_Fall,Program_B_C01,3,B,1,0
Student_1568,T1_Fall,Program_A_C01,3,W,0,1
Student_1568,T1_Fall,Program_A_C02,3,B,1,0
Student_1568,T1_Fall,Program_A_C04,4,C,1,0
Student_1568,T1_Fall,Program_A_C05,3,F,0,0
Student_1568,T2_Spring,Program_A_C05,3,C,1,0
Student_1568,T2_Spring,Program_A_C08,4,W,0,1
Student_1568,T3_Fall,Program_A_C08,4,F,0,0
Student_1568,T2_Spring,Program_A_C09,3,F,0,0
Student_1569,T1_Fall,Program_B_C01,3,B,1,0
Student_1570,T1_Fall,Program_A_C01,3,C,1,0
Student_1570,T1_Fall,Program_A_C02,3,F,0,0
Student_1570,T1_Fall,Program_A_C03,3,B,1,0
Student_1570,T1_Fall,Program_A_C06,3,W,0,1
Student_1570,T2_Spring,Program_A_C07,3,C,1,0
Student_1570,T2_Spring,Program_A_C11,3,B,1,0
Student_1570,T2_Spring,Program_A_C15,3,F,0,0
Student_1571,T1_Fall,Program_A_C01,3,B,1,0
Student_1571,T1_Fall,Program_A_C02,3,B,1,0
Student_1571,T1_Fall,Program_A_C03,3,B,1,0
Student_1571,T1_Fall,Program_A_C04,4,B,1,0
Student_1571,T2_Spring,Program_A_C05,3,F,0,0
Student_1571,T2_Spring,Program_A_C06,3,B,1,0
Student_1571,T2_Spring,Program_A_C07,3,B,1,0
Student_1571,T2_Spring,Program_A_C08,4,C,1,0
Student_1571,T3_Fall,Program_A_C10,3,B,1,0
Student_1571,T3_Fall,Program_A_C11,3,B,1,0
Student_1572,T1_Fall,Program_A_C01,3,F,0,0
Student_1572,T2_Spring,Program_A_C01,3,C,1,0
Student_1572,T1_Fall,Program_A_C02,3,B,1,0
Student_1572,T1_Fall,Program_A_C03,3,C,1,0
Student_1572,T1_Fall,Program_A_C04,4,C,1,0
Student_1572,T2_Spring,Program_A_C05,3,D,1,0
Student_1572,T2_Spring,Program_A_C06,3,F,0,0
Student_1572,T2_Spring,Program_A_C07,3,B,1,0
Student_1572,T2_Spring,Program_A_C08,4,W,0,1
Student_1572,T3_Fall,Program_A_C08,4,C,1,0
Student_1572,T3_Fall,Program_A_C09,3,C,1,0
Student_1572,T3_Fall,Program_A_C11,3,C,1,0
Student_1573,T1_Fall,Program_D_C01,3,W,0,1
Student_1573,T1_Fall,Program_D_C02,3,C,1,0
Student_1574,T1_Fall,Program_C_C01,3,C,1,0
Student_1574,T1_Fall,Program_C_C02,3,F,0,0
Student_1574,T1_Fall,Program_C_C03,3,C,1,0
Student_1574,T1_Fall,Program_C_C06,3,W,0,1
Student_1574,T2_Spring,Program_C_C07,3,F,0,0
Student_1575,T1_Fall,Program_D_C01,3,B,1,0
Student_1575,T1_Fall,Program_D_C02,3,B,1,0
Student_1576,T1_Fall,Program_B_C01,3,C,1,0
Student_1577,T1_Fall,Program_C_C01,3,C,1,0
Student_1577,T1_Fall,Program_C_C02,3,B,1,0
Student_1577,T1_Fall,Program_C_C03,3,F,0,0
Student_1577,T2_Spring,Program_C_C03,3,C,1,0
Student_1577,T1_Fall,Program_C_C04,4,C,1,0
Student_1577,T2_Spring,Program_C_C05,3,C,1,0
Student_1577,T2_Spring,Program_C_C06,3,F,0,0
Student_1577,T2_Spring,Program_C_C07,3,F,0,0
Student_1577,T2_Spring,Program_C_C08,4,F,0,0
Student_1577,T3_Fall,Program_C_C08,4,C,1,0
Student_1577,T3_Fall,Program_C_C09,3,C,1,0
Student_1577,T3_Fall,Program_C_C12,4,C,1,0
Student_1577,T3_Fall,Program_C_C13,3,F,0,0
Student_1577,T4_Spring,Program_C_C13,3,C,1,0
Student_1577,T3_Fall,Program_C_C16,3,W,0,1
Student_1578,T1_Fall,Program_A_C01,3,C,1,0
Student_1578,T1_Fall,Program_A_C02,3,B,1,0
Student_1578,T1_Fall,Program_A_C03,3,C,1,0
Student_1578,T1_Fall,Program_A_C04,4,F,0,0
Student_1578,T2_Spring,Program_A_C04,4,C,1,0
Student_1578,T2_Spring,Program_A_C05,3,C,1,0
Student_1578,T2_Spring,Program_A_C06,3,C,1,0
Student_1578,T2_Spring,Program_A_C07,3,W,0,1
Student_1578,T2_Spring,Program_A_C08,4,F,0,0
Student_1578,T3_Fall,Program_A_C08,4,C,1,0
Student_1578,T3_Fall,Program_A_C09,3,W,0,1
Student_1578,T4_Spring,Program_A_C09,3,C,1,0
Student_1578,T3_Fall,Program_A_C10,3,C,1,0
Student_1578,T3_Fall,Program_A_C12,4,C,1,0
Student_1579,T1_Fall,Program_B_C01,3,F,0,0
Student_1579,T2_Spring,Program_B_C01,3,C,1,0
Student_1579,T1_Fall,Program_B_C02,3,C,1,0
Student_1579,T1_Fall,Program_B_C03,3,B,1,0
Student_1579,T1_Fall,Program_B_C04,4,B,1,0
Student_1579,T2_Spring,Program_B_C05,3,C,1,0
Student_1579,T2_Spring,Program_B_C06,3,W,0,1
Student_1579,T3_Fall,Program_B_C06,3,C,1,0
Student_1580,T1_Fall,Program_A_C01,3,B,1,0
Student_1580,T1_Fall,Program_A_C02,3,W,0,1
Student_1580,T2_Spring,Program_A_C02,3,C,1,0
Student_1580,T1_Fall,Program_A_C03,3,C,1,0
Student_1580,T1_Fall,Program_A_C04,4,A,1,0
Student_1580,T2_Spring,Program_A_C05,3,C,1,0
Student_1581,T1_Fall,Program_B_C01,3,F,0,0
Student_1581,T2_Spring,Program_B_C01,3,F,0,0
Student_1581,T1_Fall,Program_B_C02,3,C,1,0
Student_1581,T1_Fall,Program_B_C04,4,B,1,0
Student_1581,T1_Fall,Program_B_C05,3,C,1,0
Student_1581,T2_Spring,Program_B_C08,4,D,1,0
Student_1581,T2_Spring,Program_B_C09,3,C,1,0
Student_1581,T2_Spring,Program_B_C12,4,F,0,0
Student_1581,T2_Spring,Program_B_C13,3,F,0,0
Student_1581,T3_Fall,Program_B_C13,3,C,1,0
Student_1582,T1_Fall,Program_D_C01,3,W,0,1
Student_1582,T2_Spring,Program_D_C01,3,F,0,0
Student_1582,T1_Fall,Program_D_C02,3,C,1,0
Student_1582,T1_Fall,Program_D_C04,4,C,1,0
Student_1582,T1_Fall,Program_D_C05,3,W,0,1
Student_1582,T2_Spring,Program_D_C08,4,F,0,0
Student_1582,T3_Fall,Program_D_C08,4,F,0,0
Student_1583,T1_Fall,Program_B_C01,3,C,1,0
Student_1583,T1_Fall,Program_B_C02,3,B,1,0
Student_1584,T1_Fall,Program_B_C01,3,F,0,0
Student_1584,T1_Fall,Program_B_C02,3,W,0,1
Student_1585,T1_Fall,Program_A_C01,3,F,0,0
Student_1585,T1_Fall,Program_A_C02,3,F,0,0
Student_1586,T1_Fall,Program_B_C01,3,F,0,0
Student_1586,T2_Spring,Program_B_C01,3,C,1,0
Student_1586,T1_Fall,Program_B_C02,3,B,1,0
Student_1586,T1_Fall,Program_B_C03,3,C,1,0
Student_1586,T1_Fall,Program_B_C04,4,B,1,0
Student_1586,T2_Spring,Program_B_C05,3,B,1,0
Student_1587,T1_Fall,Program_A_C01,3,F,0,0
Student_1587,T1_Fall,Program_A_C02,3,W,0,1
Student_1588,T1_Fall,Program_D_C01,3,C,1,0
Student_1589,T1_Fall,Program_D_C01,3,B,1,0
Student_1589,T1_Fall,Program_D_C02,3,C,1,0
Student_1589,T1_Fall,Program_D_C03,3,F,0,0
Student_1589,T2_Spring,Program_D_C03,3,C,1,0
Student_1589,T1_Fall,Program_D_C04,4,C,1,0
Student_1589,T2_Spring,Program_D_C05,3,C,1,0
Student_1590,T1_Fall,Program_B_C01,3,B,1,0
Student_1590,T1_Fall,Program_B_C02,3,B,1,0
Student_1590,T1_Fall,Program_B_C03,3,F,0,0
Student_1590,T2_Spring,Program_B_C03,3,C,1,0
Student_1590,T1_Fall,Program_B_C04,4,C,1,0
Student_1590,T2_Spring,Program_B_C05,3,B,1,0
Student_1590,T2_Spring,Program_B_C06,3,B,1,0
Student_1590,T2_Spring,Program_B_C07,3,F,0,0
Student_1590,T2_Spring,Program_B_C08,4,C,1,0
Student_1591,T1_Fall,Program_A_C01,3,B,1,0
Student_1591,T1_Fall,Program_A_C02,3,B,1,0
Student_1591,T1_Fall,Program_A_C03,3,B,1,0
Student_1591,T1_Fall,Program_A_C04,4,B,1,0
Student_1591,T2_Spring,Program_A_C05,3,C,1,0
Student_1592,T1_Fall,Program_B_C01,3,F,0,0
Student_1592,T1_Fall,Program_B_C02,3,B,1,0
Student_1592,T1_Fall,Program_B_C04,4,C,1,0
Student_1592,T1_Fall,Program_B_C05,3,C,1,0
Student_1592,T2_Spring,Program_B_C08,4,C,1,0
Student_1592,T2_Spring,Program_B_C09,3,B,1,0
Student_1592,T2_Spring,Program_B_C12,4,C,1,0
Student_1592,T2_Spring,Program_B_C13,3,C,1,0
Student_1593,T1_Fall,Program_B_C01,3,W,0,1
Student_1593,T1_Fall,Program_B_C02,3,D,1,0
Student_1593,T1_Fall,Program_B_C04,4,F,0,0
Student_1593,T2_Spring,Program_B_C04,4,F,0,0
Student_1593,T1_Fall,Program_B_C05,3,F,0,0
Student_1594,T1_Fall,Program_C_C01,3,B,1,0
Student_1594,T1_Fall,Program_C_C02,3,B,1,0
Student_1594,T1_Fall,Program_C_C03,3,A,1,0
Student_1594,T1_Fall,Program_C_C04,4,B,1,0
Student_1594,T2_Spring,Program_C_C05,3,A,1,0
Student_1594,T2_Spring,Program_C_C06,3,A,1,0
Student_1594,T2_Spring,Program_C_C07,3,A,1,0
Student_1594,T2_Spring,Program_C_C08,4,B,1,0
Student_1594,T3_Fall,Program_C_C09,3,B,1,0
Student_1595,T1_Fall,Program_C_C01,3,C,1,0
Student_1596,T1_Fall,Program_D_C01,3,F,0,0
Student_1596,T1_Fall,Program_D_C02,3,C,1,0
Student_1596,T1_Fall,Program_D_C04,4,W,0,1
Student_1596,T2_Spring,Program_D_C04,4,C,1,0
Student_1596,T1_Fall,Program_D_C05,3,C,1,0
Student_1596,T2_Spring,Program_D_C08,4,C,1,0
Student_1596,T2_Spring,Program_D_C09,3,B,1,0
Student_1596,T2_Spring,Program_D_C12,4,W,0,1
Student_1596,T2_Spring,Program_D_C13,3,B,1,0
Student_1597,T1_Fall,Program_A_C01,3,W,0,1
Student_1597,T2_Spring,Program_A_C01,3,F,0,0
Student_1597,T1_Fall,Program_A_C02,3,F,0,0
Student_1597,T2_Spring,Program_A_C02,3,C,1,0
Student_1597,T1_Fall,Program_A_C04,4,W,0,1
Student_1597,T1_Fall,Program_A_C05,3,D,1,0
Student_1597,T2_Spring,Program_A_C09,3,C,1,0
Student_1598,T1_Fall,Program_C_C01,3,W,0,1
Student_1598,T2_Spring,Program_C_C01,3,C,1,0
Student_1598,T1_Fall,Program_C_C02,3,F,0,0
Student_1598,T1_Fall,Program_C_C03,3,W,0,1
Student_1599,T1_Fall,Program_D_C01,3,W,0,1
Student_1599,T1_Fall,Program_D_C02,3,F,0,0
Student_1599,T2_Spring,Program_D_C02,3,C,1,0
Student_1599,T1_Fall,Program_D_C04,4,F,0,0
Student_1599,T1_Fall,Program_D_C05,3,B,1,0
Student_1599,T2_Spring,Program_D_C09,3,B,1,0
Student_1600,T1_Fall,Program_C_C01,3,B,1,0
Student_1600,T1_Fall,Program_C_C02,3,B,1,0
Student_1600,T1_Fall,Program_C_C03,3,B,1,0
Student_1600,T1_Fall,Program_C_C04,4,B,1,0
Student_1600,T2_Spring,Program_C_C05,3,B,1,0
Student_1600,T2_Spring,Program_C_C06,3,B,1,0
Student_1600,T2_Spring,Program_C_C07,3,B,1,0
Student_1600,T2_Spring,Program_C_C08,4,A,1,0
Student_1600,T3_Fall,Program_C_C09,3,B,1,0
Student_1600,T3_Fall,Program_C_C10,3,B,1,0
Student_1600,T3_Fall,Program_C_C11,3,A,1,0
Student_1600,T3_Fall,Program_C_C12,4,B,1,0
Student_1601,T1_Fall,Program_B_C01,3,W,0,1
Student_1601,T2_Spring,Program_B_C01,3,C,1,0
Student_1601,T1_Fall,Program_B_C02,3,B,1,0
Student_1601,T1_Fall,Program_B_C03,3,W,0,1
Student_1601,T1_Fall,Program_B_C04,4,F,0,0
Student_1601,T2_Spring,Program_B_C04,4,C,1,0
Student_1602,T1_Fall,Program_A_C01,3,B,1,0
Student_1602,T1_Fall,Program_A_C02,3,B,1,0
Student_1602,T1_Fall,Program_A_C03,3,B,1,0
Student_1602,T1_Fall,Program_A_C04,4,B,1,0
Student_1602,T2_Spring,Program_A_C05,3,B,1,0
Student_1602,T2_Spring,Program_A_C06,3,B,1,0
Student_1602,T2_Spring,Program_A_C07,3,B,1,0
Student_1602,T2_Spring,Program_A_C08,4,A,1,0
Student_1602,T3_Fall,Program_A_C09,3,B,1,0
Student_1603,T1_Fall,Program_B_C01,3,B,1,0
Student_1603,T1_Fall,Program_B_C02,3,C,1,0
Student_1603,T1_Fall,Program_B_C03,3,C,1,0
Student_1603,T1_Fall,Program_B_C04,4,B,1,0
Student_1603,T2_Spring,Program_B_C05,3,B,1,0
Student_1603,T2_Spring,Program_B_C06,3,B,1,0
Student_1604,T1_Fall,Program_A_C01,3,B,1,0
Student_1604,T1_Fall,Program_A_C02,3,C,1,0
Student_1604,T1_Fall,Program_A_C03,3,B,1,0
Student_1604,T1_Fall,Program_A_C04,4,C,1,0
Student_1604,T2_Spring,Program_A_C05,3,F,0,0
Student_1604,T2_Spring,Program_A_C06,3,C,1,0
Student_1604,T2_Spring,Program_A_C07,3,F,0,0
Student_1604,T2_Spring,Program_A_C08,4,C,1,0
Student_1604,T3_Fall,Program_A_C10,3,C,1,0
Student_1604,T3_Fall,Program_A_C12,4,C,1,0
Student_1605,T1_Fall,Program_D_C01,3,C,1,0
Student_1605,T1_Fall,Program_D_C02,3,W,0,1
Student_1605,T1_Fall,Program_D_C03,3,B,1,0
Student_1605,T1_Fall,Program_D_C06,3,W,0,1
Student_1605,T2_Spring,Program_D_C06,3,C,1,0
Student_1605,T2_Spring,Program_D_C07,3,F,0,0
Student_1605,T3_Fall,Program_D_C07,3,C,1,0
Student_1605,T2_Spring,Program_D_C10,3,W,0,1
Student_1605,T2_Spring,Program_D_C11,3,C,1,0
Student_1605,T2_Spring,Program_D_C15,3,W,0,1
Student_1606,T1_Fall,Program_D_C01,3,F,0,0
Student_1606,T2_Spring,Program_D_C01,3,C,1,0
Student_1606,T1_Fall,Program_D_C02,3,C,1,0
Student_1606,T1_Fall,Program_D_C03,3,B,1,0
Student_1606,T1_Fall,Program_D_C04,4,B,1,0
Student_1606,T2_Spring,Program_D_C05,3,C,1,0
Student_1606,T2_Spring,Program_D_C06,3,F,0,0
Student_1606,T2_Spring,Program_D_C07,3,F,0,0
Student_1606,T2_Spring,Program_D_C08,4,F,0,0
Student_1606,T3_Fall,Program_D_C08,4,F,0,0
Student_1606,T3_Fall,Program_D_C09,3,C,1,0
Student_1606,T3_Fall,Program_D_C13,3,C,1,0
Student_1607,T1_Fall,Program_B_C01,3,B,1,0
Student_1607,T1_Fall,Program_B_C02,3,C,1,0
Student_1607,T1_Fall,Program_B_C03,3,C,1,0
Student_1607,T1_Fall,Program_B_C04,4,W,0,1
Student_1607,T2_Spring,Program_B_C04,4,F,0,0
Student_1607,T2_Spring,Program_B_C05,3,D,1,0
Student_1607,T2_Spring,Program_B_C06,3,B,1,0
Student_1607,T2_Spring,Program_B_C07,3,C,1,0
Student_1607,T2_Spring,Program_B_C09,3,B,1,0
Student_1607,T3_Fall,Program_B_C10,3,C,1,0
Student_1607,T3_Fall,Program_B_C11,3,C,1,0
Student_1608,T1_Fall,Program_A_C01,3,B,1,0
Student_1608,T1_Fall,Program_A_C02,3,F,0,0
Student_1608,T2_Spring,Program_A_C02,3,C,1,0
Student_1608,T1_Fall,Program_A_C03,3,B,1,0
Student_1608,T1_Fall,Program_A_C04,4,B,1,0
Student_1608,T2_Spring,Program_A_C05,3,F,0,0
Student_1608,T3_Fall,Program_A_C05,3,C,1,0
Student_1609,T1_Fall,Program_B_C01,3,F,0,0
Student_1609,T1_Fall,Program_B_C02,3,W,0,1
Student_1609,T2_Spring,Program_B_C02,3,F,0,0
Student_1610,T1_Fall,Program_D_C01,3,B,1,0
Student_1610,T1_Fall,Program_D_C02,3,B,1,0
Student_1610,T1_Fall,Program_D_C03,3,W,0,1
Student_1610,T2_Spring,Program_D_C03,3,C,1,0
Student_1610,T1_Fall,Program_D_C04,4,F,0,0
Student_1610,T2_Spring,Program_D_C05,3,C,1,0
Student_1610,T2_Spring,Program_D_C06,3,C,1,0
Student_1610,T2_Spring,Program_D_C07,3,F,0,0
Student_1610,T3_Fall,Program_D_C07,3,C,1,0
Student_1611,T1_Fall,Program_C_C01,3,A,1,0
Student_1611,T1_Fall,Program_C_C02,3,B,1,0
Student_1611,T1_Fall,Program_C_C03,3,B,1,0
Student_1612,T1_Fall,Program_C_C01,3,B,1,0
Student_1612,T1_Fall,Program_C_C02,3,B,1,0
Student_1612,T1_Fall,Program_C_C03,3,C,1,0
Student_1612,T1_Fall,Program_C_C04,4,C,1,0
Student_1612,T2_Spring,Program_C_C05,3,W,0,1
Student_1612,T3_Fall,Program_C_C05,3,C,1,0
Student_1612,T2_Spring,Program_C_C06,3,C,1,0
Student_1613,T1_Fall,Program_A_C01,3,A,1,0
Student_1613,T1_Fall,Program_A_C02,3,A,1,0
Student_1613,T1_Fall,Program_A_C03,3,A,1,0
Student_1613,T1_Fall,Program_A_C04,4,B,1,0
Student_1614,T1_Fall,Program_A_C01,3,C,1,0
Student_1615,T1_Fall,Program_D_C01,3,W,0,1
Student_1615,T2_Spring,Program_D_C01,3,C,1,0
Student_1616,T1_Fall,Program_C_C01,3,B,1,0
Student_1616,T1_Fall,Program_C_C02,3,B,1,0
Student_1617,T1_Fall,Program_D_C01,3,C,1,0
Student_1617,T1_Fall,Program_D_C02,3,C,1,0
Student_1617,T1_Fall,Program_D_C03,3,W,0,1
Student_1617,T2_Spring,Program_D_C03,3,C,1,0
Student_1617,T1_Fall,Program_D_C04,4,W,0,1
Student_1617,T2_Spring,Program_D_C04,4,C,1,0
Student_1618,T1_Fall,Program_C_C01,3,B,1,0
Student_1618,T1_Fall,Program_C_C02,3,B,1,0
Student_1618,T1_Fall,Program_C_C03,3,C,1,0
Student_1618,T1_Fall,Program_C_C04,4,B,1,0
Student_1618,T2_Spring,Program_C_C05,3,C,1,0
Student_1618,T2_Spring,Program_C_C06,3,C,1,0
Student_1618,T2_Spring,Program_C_C07,3,B,1,0
Student_1618,T2_Spring,Program_C_C08,4,B,1,0
Student_1618,T3_Fall,Program_C_C09,3,B,1,0
Student_1619,T1_Fall,Program_B_C01,3,C,1,0
Student_1619,T1_Fall,Program_B_C02,3,B,1,0
Student_1619,T1_Fall,Program_B_C03,3,B,1,0
Student_1619,T1_Fall,Program_B_C04,4,B,1,0
Student_1620,T1_Fall,Program_D_C01,3,B,1,0
Student_1620,T1_Fall,Program_D_C02,3,F,0,0
Student_1620,T2_Spring,Program_D_C02,3,C,1,0
Student_1620,T1_Fall,Program_D_C03,3,B,1,0
Student_1620,T1_Fall,Program_D_C04,4,B,1,0
Student_1620,T2_Spring,Program_D_C05,3,B,1,0
Student_1620,T2_Spring,Program_D_C06,3,A,1,0
Student_1620,T2_Spring,Program_D_C07,3,B,1,0
Student_1620,T2_Spring,Program_D_C08,4,B,1,0
Student_1621,T1_Fall,Program_B_C01,3,D,1,0
Student_1622,T1_Fall,Program_C_C01,3,C,1,0
Student_1622,T1_Fall,Program_C_C02,3,C,1,0
Student_1622,T1_Fall,Program_C_C03,3,C,1,0
Student_1622,T1_Fall,Program_C_C04,4,W,0,1
Student_1622,T2_Spring,Program_C_C04,4,C,1,0
Student_1622,T2_Spring,Program_C_C05,3,F,0,0
Student_1622,T2_Spring,Program_C_C06,3,B,1,0
Student_1622,T2_Spring,Program_C_C07,3,F,0,0
Student_1622,T3_Fall,Program_C_C07,3,C,1,0
Student_1623,T1_Fall,Program_D_C01,3,C,1,0
Student_1623,T1_Fall,Program_D_C02,3,C,1,0
Student_1623,T1_Fall,Program_D_C03,3,F,0,0
Student_1623,T2_Spring,Program_D_C03,3,F,0,0
Student_1623,T1_Fall,Program_D_C04,4,C,1,0
Student_1624,T1_Fall,Program_C_C01,3,B,1,0
Student_1624,T1_Fall,Program_C_C02,3,B,1,0
Student_1624,T1_Fall,Program_C_C03,3,B,1,0
Student_1625,T1_Fall,Program_D_C01,3,F,0,0
Student_1625,T2_Spring,Program_D_C01,3,F,0,0
Student_1625,T1_Fall,Program_D_C02,3,D,1,0
Student_1625,T1_Fall,Program_D_C04,4,F,0,0
Student_1625,T1_Fall,Program_D_C05,3,F,0,0
Student_1626,T1_Fall,Program_C_C01,3,B,1,0
Student_1626,T1_Fall,Program_C_C02,3,C,1,0
Student_1626,T1_Fall,Program_C_C03,3,C,1,0
Student_1626,T1_Fall,Program_C_C04,4,F,0,0
Student_1626,T2_Spring,Program_C_C05,3,B,1,0
Student_1626,T2_Spring,Program_C_C06,3,F,0,0
Student_1626,T3_Fall,Program_C_C06,3,C,1,0
Student_1627,T1_Fall,Program_A_C01,3,C,1,0
Student_1627,T1_Fall,Program_A_C02,3,F,0,0
Student_1627,T2_Spring,Program_A_C02,3,F,0,0
Student_1627,T1_Fall,Program_A_C03,3,F,0,0
Student_1628,T1_Fall,Program_D_C01,3,F,0,0
Student_1628,T2_Spring,Program_D_C01,3,C,1,0
Student_1628,T1_Fall,Program_D_C02,3,F,0,0
Student_1628,T1_Fall,Program_D_C03,3,C,1,0
Student_1628,T1_Fall,Program_D_C06,3,W,0,1
Student_1628,T2_Spring,Program_D_C06,3,F,0,0
Student_1628,T2_Spring,Program_D_C07,3,F,0,0
Student_1628,T3_Fall,Program_D_C07,3,C,1,0
Student_1628,T2_Spring,Program_D_C11,3,W,0,1
Student_1628,T3_Fall,Program_D_C11,3,C,1,0
Student_1628,T2_Spring,Program_D_C15,3,F,0,0
Student_1628,T3_Fall,Program_D_C15,3,C,1,0
Student_1629,T1_Fall,Program_D_C01,3,B,1,0
Student_1629,T1_Fall,Program_D_C02,3,B,1,0
Student_1629,T1_Fall,Program_D_C03,3,B,1,0
Student_1630,T1_Fall,Program_C_C01,3,W,0,1
Student_1630,T1_Fall,Program_C_C02,3,F,0,0
Student_1630,T2_Spring,Program_C_C02,3,F,0,0
Student_1631,T1_Fall,Program_C_C01,3,F,0,0
Student_1631,T1_Fall,Program_C_C02,3,W,0,1
Student_1632,T1_Fall,Program_A_C01,3,F,0,0
Student_1632,T2_Spring,Program_A_C01,3,C,1,0
Student_1632,T1_Fall,Program_A_C02,3,C,1,0
Student_1632,T1_Fall,Program_A_C03,3,B,1,0
Student_1633,T1_Fall,Program_B_C01,3,B,1,0
Student_1633,T1_Fall,Program_B_C02,3,C,1,0
Student_1633,T1_Fall,Program_B_C03,3,B,1,0
Student_1633,T1_Fall,Program_B_C04,4,B,1,0
Student_1633,T2_Spring,Program_B_C05,3,F,0,0
Student_1633,T3_Fall,Program_B_C05,3,C,1,0
Student_1633,T2_Spring,Program_B_C06,3,B,1,0
Student_1634,T1_Fall,Program_D_C01,3,B,1,0
Student_1634,T1_Fall,Program_D_C02,3,B,1,0
Student_1634,T1_Fall,Program_D_C03,3,C,1,0
Student_1634,T1_Fall,Program_D_C04,4,B,1,0
Student_1634,T2_Spring,Program_D_C05,3,B,1,0
Student_1634,T2_Spring,Program_D_C06,3,B,1,0
Student_1635,T1_Fall,Program_D_C01,3,C,1,0
Student_1636,T1_Fall,Program_A_C01,3,F,0,0
Student_1636,T2_Spring,Program_A_C01,3,C,1,0
Student_1636,T1_Fall,Program_A_C02,3,W,0,1
Student_1636,T1_Fall,Program_A_C03,3,C,1,0
Student_1636,T1_Fall,Program_A_C06,3,W,0,1
Student_1636,T2_Spring,Program_A_C06,3,F,0,0
Student_1636,T2_Spring,Program_A_C07,3,F,0,0
Student_1636,T3_Fall,Program_A_C07,3,C,1,0
Student_1636,T2_Spring,Program_A_C11,3,C,1,0
Student_1637,T1_Fall,Program_A_C01,3,B,1,0
Student_1637,T1_Fall,Program_A_C02,3,F,0,0
Student_1637,T2_Spring,Program_A_C02,3,C,1,0
Student_1637,T1_Fall,Program_A_C03,3,B,1,0
Student_1637,T1_Fall,Program_A_C04,4,A,1,0
Student_1637,T2_Spring,Program_A_C05,3,B,1,0
Student_1637,T2_Spring,Program_A_C06,3,B,1,0
Student_1638,T1_Fall,Program_C_C01,3,B,1,0
Student_1639,T1_Fall,Program_D_C01,3,B,1,0
Student_1639,T1_Fall,Program_D_C02,3,C,1,0
Student_1639,T1_Fall,Program_D_C03,3,B,1,0
Student_1639,T1_Fall,Program_D_C04,4,F,0,0
Student_1639,T2_Spring,Program_D_C04,4,C,1,0
Student_1639,T2_Spring,Program_D_C05,3,B,1,0
Student_1639,T2_Spring,Program_D_C06,3,C,1,0
Student_1639,T2_Spring,Program_D_C07,3,C,1,0
Student_1639,T2_Spring,Program_D_C08,4,C,1,0
Student_1639,T3_Fall,Program_D_C09,3,B,1,0
Student_1640,T1_Fall,Program_D_C01,3,F,0,0
Student_1640,T2_Spring,Program_D_C01,3,F,0,0
Student_1640,T1_Fall,Program_D_C02,3,C,1,0
Student_1640,T1_Fall,Program_D_C04,4,W,0,1
Student_1640,T2_Spring,Program_D_C04,4,C,1,0
Student_1640,T1_Fall,Program_D_C05,3,F,0,0
Student_1640,T2_Spring,Program_D_C05,3,F,0,0
Student_1640,T2_Spring,Program_D_C08,4,C,1,0
Student_1640,T2_Spring,Program_D_C12,4,D,1,0
Student_1640,T2_Spring,Program_D_C16,3,F,0,0
Student_1640,T3_Fall,Program_D_C16,3,F,0,0
Student_1641,T1_Fall,Program_A_C01,3,B,1,0
Student_1641,T1_Fall,Program_A_C02,3,B,1,0
Student_1641,T1_Fall,Program_A_C03,3,B,1,0
Student_1641,T1_Fall,Program_A_C04,4,B,1,0
Student_1641,T2_Spring,Program_A_C05,3,B,1,0
Student_1641,T2_Spring,Program_A_C06,3,B,1,0
Student_1641,T2_Spring,Program_A_C07,3,B,1,0
Student_1641,T2_Spring,Program_A_C08,4,B,1,0
Student_1641,T3_Fall,Program_A_C09,3,A,1,0
Student_1642,T1_Fall,Program_D_C01,3,B,1,0
Student_1642,T1_Fall,Program_D_C02,3,B,1,0
Student_1642,T1_Fall,Program_D_C03,3,F,0,0
Student_1642,T2_Spring,Program_D_C03,3,C,1,0
Student_1642,T1_Fall,Program_D_C04,4,B,1,0
Student_1642,T2_Spring,Program_D_C05,3,B,1,0
Student_1642,T2_Spring,Program_D_C06,3,C,1,0
Student_1642,T2_Spring,Program_D_C07,3,B,1,0
Student_1642,T2_Spring,Program_D_C08,4,F,0,0
Student_1642,T3_Fall,Program_D_C09,3,B,1,0
Student_1642,T3_Fall,Program_D_C10,3,B,1,0
Student_1642,T3_Fall,Program_D_C11,3,B,1,0
Student_1642,T3_Fall,Program_D_C13,3,C,1,0
Student_1643,T1_Fall,Program_A_C01,3,C,1,0
Student_1643,T1_Fall,Program_A_C02,3,C,1,0
Student_1643,T1_Fall,Program_A_C03,3,B,1,0
Student_1643,T1_Fall,Program_A_C04,4,C,1,0
Student_1643,T2_Spring,Program_A_C05,3,F,0,0
Student_1643,T3_Fall,Program_A_C05,3,C,1,0
Student_1643,T2_Spring,Program_A_C06,3,B,1,0
Student_1643,T2_Spring,Program_A_C07,3,C,1,0
Student_1644,T1_Fall,Program_B_C01,3,F,0,0
Student_1644,T2_Spring,Program_B_C01,3,C,1,0
Student_1644,T1_Fall,Program_B_C02,3,C,1,0
Student_1644,T1_Fall,Program_B_C03,3,F,0,0
Student_1644,T2_Spring,Program_B_C03,3,C,1,0
Student_1644,T1_Fall,Program_B_C04,4,F,0,0
Student_1644,T2_Spring,Program_B_C04,4,F,0,0
Student_1644,T2_Spring,Program_B_C05,3,F,0,0
Student_1644,T3_Fall,Program_B_C05,3,C,1,0
Student_1644,T2_Spring,Program_B_C06,3,C,1,0
Student_1644,T2_Spring,Program_B_C07,3,C,1,0
Student_1644,T2_Spring,Program_B_C09,3,F,0,0
Student_1644,T3_Fall,Program_B_C10,3,F,0,0
Student_1644,T4_Spring,Program_B_C10,3,F,0,0
Student_1644,T3_Fall,Program_B_C11,3,W,0,1
Student_1644,T4_Spring,Program_B_C11,3,F,0,0
Student_1645,T1_Fall,Program_A_C01,3,A,1,0
Student_1645,T1_Fall,Program_A_C02,3,B,1,0
Student_1645,T1_Fall,Program_A_C03,3,B,1,0
Student_1645,T1_Fall,Program_A_C04,4,W,0,1
Student_1645,T2_Spring,Program_A_C04,4,C,1,0
Student_1645,T2_Spring,Program_A_C05,3,B,1,0
Student_1645,T2_Spring,Program_A_C06,3,B,1,0
Student_1645,T2_Spring,Program_A_C07,3,B,1,0
Student_1645,T2_Spring,Program_A_C08,4,B,1,0
Student_1645,T3_Fall,Program_A_C09,3,B,1,0
Student_1645,T3_Fall,Program_A_C10,3,B,1,0
Student_1645,T3_Fall,Program_A_C11,3,C,1,0
Student_1645,T3_Fall,Program_A_C12,4,B,1,0
Student_1646,T1_Fall,Program_B_C01,3,C,1,0
Student_1646,T1_Fall,Program_B_C02,3,C,1,0
Student_1646,T1_Fall,Program_B_C03,3,C,1,0
Student_1646,T1_Fall,Program_B_C04,4,B,1,0
Student_1646,T2_Spring,Program_B_C05,3,B,1,0
Student_1646,T2_Spring,Program_B_C06,3,C,1,0
Student_1646,T2_Spring,Program_B_C07,3,F,0,0
Student_1646,T2_Spring,Program_B_C08,4,D,1,0
Student_1646,T3_Fall,Program_B_C09,3,F,0,0
Student_1646,T4_Spring,Program_B_C09,3,F,0,0
Student_1646,T3_Fall,Program_B_C10,3,C,1,0
Student_1646,T3_Fall,Program_B_C12,4,W,0,1
Student_1646,T4_Spring,Program_B_C12,4,F,0,0
Student_1646,T3_Fall,Program_B_C14,3,D,1,0
Student_1647,T1_Fall,Program_C_C01,3,B,1,0
Student_1647,T1_Fall,Program_C_C02,3,C,1,0
Student_1647,T1_Fall,Program_C_C03,3,W,0,1
Student_1647,T1_Fall,Program_C_C04,4,B,1,0
Student_1647,T2_Spring,Program_C_C05,3,B,1,0
Student_1647,T2_Spring,Program_C_C08,4,B,1,0
Student_1647,T2_Spring,Program_C_C09,3,B,1,0
Student_1648,T1_Fall,Program_C_C01,3,A,1,0
Student_1648,T1_Fall,Program_C_C02,3,B,1,0
Student_1648,T1_Fall,Program_C_C03,3,B,1,0
Student_1648,T1_Fall,Program_C_C04,4,B,1,0
Student_1648,T2_Spring,Program_C_C05,3,A,1,0
Student_1649,T1_Fall,Program_B_C01,3,B,1,0
Student_1649,T1_Fall,Program_B_C02,3,F,0,0
Student_1649,T2_Spring,Program_B_C02,3,C,1,0
Student_1649,T1_Fall,Program_B_C03,3,B,1,0
Student_1649,T1_Fall,Program_B_C04,4,B,1,0
Student_1649,T2_Spring,Program_B_C05,3,B,1,0
Student_1649,T2_Spring,Program_B_C06,3,A,1,0
Student_1650,T1_Fall,Program_A_C01,3,D,1,0
Student_1650,T1_Fall,Program_A_C02,3,F,0,0
Student_1650,T2_Spring,Program_A_C02,3,C,1,0
Student_1650,T1_Fall,Program_A_C03,3,C,1,0
Student_1650,T1_Fall,Program_A_C04,4,F,0,0
Student_1650,T2_Spring,Program_A_C05,3,D,1,0
Student_1650,T2_Spring,Program_A_C06,3,C,1,0
Student_1650,T2_Spring,Program_A_C07,3,F,0,0
Student_1650,T2_Spring,Program_A_C09,3,F,0,0
Student_1650,T3_Fall,Program_A_C09,3,C,1,0
Student_1650,T3_Fall,Program_A_C10,3,F,0,0
Student_1650,T4_Spring,Program_A_C10,3,C,1,0
Student_1650,T3_Fall,Program_A_C13,3,C,1,0
Student_1650,T3_Fall,Program_A_C14,3,F,0,0
Student_1651,T1_Fall,Program_A_C01,3,F,0,0
Student_1651,T1_Fall,Program_A_C02,3,W,0,1
Student_1651,T2_Spring,Program_A_C02,3,F,0,0
Student_1652,T1_Fall,Program_A_C01,3,A,1,0
Student_1652,T1_Fall,Program_A_C02,3,B,1,0
Student_1652,T1_Fall,Program_A_C03,3,B,1,0
Student_1652,T1_Fall,Program_A_C04,4,B,1,0
Student_1652,T2_Spring,Program_A_C05,3,B,1,0
Student_1652,T2_Spring,Program_A_C06,3,A,1,0
Student_1652,T2_Spring,Program_A_C07,3,C,1,0
Student_1652,T2_Spring,Program_A_C08,4,B,1,0
Student_1653,T1_Fall,Program_C_C01,3,C,1,0
Student_1653,T1_Fall,Program_C_C02,3,F,0,0
Student_1653,T2_Spring,Program_C_C02,3,C,1,0
Student_1653,T1_Fall,Program_C_C03,3,W,0,1
Student_1653,T1_Fall,Program_C_C04,4,F,0,0
Student_1653,T2_Spring,Program_C_C05,3,D,1,0
Student_1653,T2_Spring,Program_C_C09,3,W,0,1
Student_1653,T3_Fall,Program_C_C09,3,F,0,0
Student_1654,T1_Fall,Program_D_C01,3,F,0,0
Student_1654,T1_Fall,Program_D_C02,3,C,1,0
Student_1654,T1_Fall,Program_D_C04,4,W,0,1
Student_1654,T2_Spring,Program_D_C04,4,C,1,0
Student_1654,T1_Fall,Program_D_C05,3,B,1,0
Student_1654,T2_Spring,Program_D_C08,4,W,0,1
Student_1654,T3_Fall,Program_D_C08,4,C,1,0
Student_1655,T1_Fall,Program_D_C01,3,C,1,0
Student_1656,T1_Fall,Program_A_C01,3,B,1,0
Student_1656,T1_Fall,Program_A_C02,3,C,1,0
Student_1656,T1_Fall,Program_A_C03,3,F,0,0
Student_1656,T1_Fall,Program_A_C04,4,C,1,0
Student_1657,T1_Fall,Program_D_C01,3,C,1,0
Student_1657,T1_Fall,Program_D_C02,3,B,1,0
Student_1657,T1_Fall,Program_D_C03,3,B,1,0
Student_1657,T1_Fall,Program_D_C04,4,C,1,0
Student_1657,T2_Spring,Program_D_C05,3,C,1,0
Student_1657,T2_Spring,Program_D_C06,3,B,1,0
Student_1657,T2_Spring,Program_D_C07,3,B,1,0
Student_1657,T2_Spring,Program_D_C08,4,C,1,0
Student_1658,T1_Fall,Program_C_C01,3,B,1,0
Student_1658,T1_Fall,Program_C_C02,3,B,1,0
Student_1658,T1_Fall,Program_C_C03,3,C,1,0
Student_1658,T1_Fall,Program_C_C04,4,W,0,1
Student_1658,T2_Spring,Program_C_C05,3,F,0,0
Student_1658,T2_Spring,Program_C_C06,3,C,1,0
Student_1658,T2_Spring,Program_C_C07,3,C,1,0
Student_1658,T2_Spring,Program_C_C10,3,C,1,0
Student_1659,T1_Fall,Program_B_C01,3,B,1,0
Student_1659,T1_Fall,Program_B_C02,3,C,1,0
Student_1659,T1_Fall,Program_B_C03,3,D,1,0
Student_1659,T1_Fall,Program_B_C04,4,W,0,1
Student_1659,T2_Spring,Program_B_C04,4,C,1,0
Student_1659,T2_Spring,Program_B_C05,3,F,0,0
Student_1659,T3_Fall,Program_B_C05,3,C,1,0
Student_1659,T2_Spring,Program_B_C06,3,C,1,0
Student_1659,T2_Spring,Program_B_C07,3,F,0,0
Student_1659,T3_Fall,Program_B_C07,3,F,0,0
Student_1659,T2_Spring,Program_B_C08,4,C,1,0
Student_1659,T3_Fall,Program_B_C09,3,F,0,0
Student_1659,T4_Spring,Program_B_C09,3,C,1,0
Student_1660,T1_Fall,Program_A_C01,3,W,0,1
Student_1660,T2_Spring,Program_A_C01,3,C,1,0
Student_1660,T1_Fall,Program_A_C02,3,B,1,0
Student_1660,T1_Fall,Program_A_C03,3,C,1,0
Student_1660,T1_Fall,Program_A_C04,4,C,1,0
Student_1660,T2_Spring,Program_A_C05,3,C,1,0
Student_1661,T1_Fall,Program_C_C01,3,C,1,0
Student_1661,T1_Fall,Program_C_C02,3,B,1,0
Student_1661,T1_Fall,Program_C_C03,3,B,1,0
Student_1661,T1_Fall,Program_C_C04,4,W,0,1
Student_1661,T2_Spring,Program_C_C05,3,C,1,0
Student_1661,T2_Spring,Program_C_C06,3,B,1,0
Student_1661,T2_Spring,Program_C_C07,3,C,1,0
Student_1661,T2_Spring,Program_C_C09,3,B,1,0
Student_1661,T3_Fall,Program_C_C10,3,C,1,0
Student_1661,T3_Fall,Program_C_C11,3,C,1,0
Student_1662,T1_Fall,Program_B_C01,3,B,1,0
Student_1662,T1_Fall,Program_B_C02,3,C,1,0
Student_1662,T1_Fall,Program_B_C03,3,B,1,0
Student_1663,T1_Fall,Program_B_C01,3,A,1,0
Student_1663,T1_Fall,Program_B_C02,3,B,1,0
Student_1663,T1_Fall,Program_B_C03,3,B,1,0
Student_1663,T1_Fall,Program_B_C04,4,B,1,0
Student_1664,T1_Fall,Program_A_C01,3,C,1,0
Student_1664,T1_Fall,Program_A_C02,3,F,0,0
Student_1664,T2_Spring,Program_A_C02,3,C,1,0
Student_1664,T1_Fall,Program_A_C03,3,W,0,1
Student_1664,T1_Fall,Program_A_C04,4,C,1,0
Student_1664,T2_Spring,Program_A_C05,3,C,1,0
Student_1664,T2_Spring,Program_A_C08,4,C,1,0
Student_1664,T2_Spring,Program_A_C09,3,F,0,0
Student_1664,T3_Fall,Program_A_C09,3,C,1,0
Student_1664,T2_Spring,Program_A_C12,4,C,1,0
Student_1664,T3_Fall,Program_A_C13,3,D,1,0
Student_1664,T3_Fall,Program_A_C16,3,W,0,1
Student_1664,T4_Spring,Program_A_C16,3,C,1,0
Student_1665,T1_Fall,Program_A_C01,3,C,1,0
Student_1666,T1_Fall,Program_B_C01,3,B,1,0
Student_1666,T1_Fall,Program_B_C02,3,W,0,1
Student_1666,T1_Fall,Program_B_C03,3,B,1,0
Student_1666,T1_Fall,Program_B_C06,3,C,1,0
Student_1666,T2_Spring,Program_B_C07,3,C,1,0
Student_1666,T2_Spring,Program_B_C10,3,C,1,0
Student_1666,T2_Spring,Program_B_C11,3,C,1,0
Student_1667,T1_Fall,Program_D_C01,3,C,1,0
Student_1667,T1_Fall,Program_D_C02,3,C,1,0
Student_1667,T1_Fall,Program_D_C03,3,F,0,0
Student_1667,T1_Fall,Program_D_C04,4,B,1,0
Student_1667,T2_Spring,Program_D_C05,3,W,0,1
Student_1667,T3_Fall,Program_D_C05,3,C,1,0
Student_1667,T2_Spring,Program_D_C08,4,F,0,0
Student_1667,T3_Fall,Program_D_C08,4,F,0,0
Student_1667,T2_Spring,Program_D_C09,3,F,0,0
Student_1667,T3_Fall,Program_D_C09,3,C,1,0
Student_1668,T1_Fall,Program_B_C01,3,B,1,0
Student_1668,T1_Fall,Program_B_C02,3,B,1,0
Student_1669,T1_Fall,Program_B_C01,3,F,0,0
Student_1669,T2_Spring,Program_B_C01,3,F,0,0
Student_1669,T1_Fall,Program_B_C02,3,W,0,1
Student_1670,T1_Fall,Program_C_C01,3,F,0,0
Student_1670,T1_Fall,Program_C_C02,3,C,1,0
Student_1670,T1_Fall,Program_C_C04,4,D,1,0
Student_1670,T1_Fall,Program_C_C05,3,W,0,1
Student_1670,T2_Spring,Program_C_C05,3,C,1,0
Student_1670,T2_Spring,Program_C_C08,4,B,1,0
Student_1670,T2_Spring,Program_C_C09,3,C,1,0
Student_1670,T2_Spring,Program_C_C12,4,B,1,0
Student_1670,T2_Spring,Program_C_C13,3,C,1,0
Student_1670,T3_Fall,Program_C_C16,3,W,0,1
Student_1670,T4_Spring,Program_C_C16,3,F,0,0
Student_1671,T1_Fall,Program_C_C01,3,C,1,0
Student_1671,T1_Fall,Program_C_C02,3,D,1,0
Student_1671,T1_Fall,Program_C_C03,3,B,1,0
Student_1671,T1_Fall,Program_C_C04,4,B,1,0
Student_1671,T2_Spring,Program_C_C05,3,W,0,1
Student_1671,T3_Fall,Program_C_C05,3,C,1,0
Student_1671,T2_Spring,Program_C_C06,3,B,1,0
Student_1672,T1_Fall,Program_C_C01,3,W,0,1
Student_1672,T1_Fall,Program_C_C02,3,F,0,0
Student_1672,T2_Spring,Program_C_C02,3,C,1,0
Student_1672,T1_Fall,Program_C_C04,4,C,1,0
Student_1672,T1_Fall,Program_C_C05,3,F,0,0
Student_1672,T2_Spring,Program_C_C08,4,W,0,1
Student_1672,T3_Fall,Program_C_C08,4,C,1,0
Student_1672,T2_Spring,Program_C_C12,4,C,1,0
Student_1673,T1_Fall,Program_D_C01,3,F,0,0
Student_1673,T2_Spring,Program_D_C01,3,C,1,0
Student_1673,T1_Fall,Program_D_C02,3,F,0,0
Student_1673,T2_Spring,Program_D_C02,3,C,1,0
Student_1673,T1_Fall,Program_D_C03,3,F,0,0
Student_1673,T2_Spring,Program_D_C03,3,C,1,0
Student_1673,T1_Fall,Program_D_C04,4,B,1,0
Student_1673,T2_Spring,Program_D_C05,3,C,1,0
Student_1673,T2_Spring,Program_D_C06,3,C,1,0
Student_1673,T2_Spring,Program_D_C07,3,B,1,0
Student_1673,T2_Spring,Program_D_C08,4,F,0,0
Student_1673,T3_Fall,Program_D_C09,3,F,0,0
Student_1673,T3_Fall,Program_D_C10,3,W,0,1
Student_1673,T3_Fall,Program_D_C11,3,W,0,1
Student_1673,T4_Spring,Program_D_C11,3,C,1,0
Student_1673,T3_Fall,Program_D_C15,3,F,0,0
Student_1674,T1_Fall,Program_D_C01,3,F,0,0
Student_1674,T2_Spring,Program_D_C01,3,C,1,0
Student_1674,T1_Fall,Program_D_C02,3,C,1,0
Student_1674,T1_Fall,Program_D_C03,3,B,1,0
Student_1674,T1_Fall,Program_D_C04,4,F,0,0
Student_1674,T2_Spring,Program_D_C05,3,F,0,0
Student_1674,T3_Fall,Program_D_C05,3,F,0,0
Student_1674,T2_Spring,Program_D_C06,3,F,0,0
Student_1674,T3_Fall,Program_D_C06,3,F,0,0
Student_1674,T2_Spring,Program_D_C07,3,W,0,1
Student_1674,T3_Fall,Program_D_C07,3,C,1,0
Student_1674,T2_Spring,Program_D_C11,3,W,0,1
Student_1674,T3_Fall,Program_D_C11,3,C,1,0
Student_1675,T1_Fall,Program_D_C01,3,F,0,0
Student_1675,T1_Fall,Program_D_C02,3,B,1,0
Student_1675,T1_Fall,Program_D_C04,4,C,1,0
Student_1675,T1_Fall,Program_D_C05,3,C,1,0
Student_1675,T2_Spring,Program_D_C08,4,C,1,0
Student_1675,T2_Spring,Program_D_C09,3,B,1,0
Student_1675,T2_Spring,Program_D_C12,4,B,1,0
Student_1675,T2_Spring,Program_D_C13,3,C,1,0
Student_1675,T3_Fall,Program_D_C16,3,F,0,0
Student_1675,T4_Spring,Program_D_C16,3,C,1,0
Student_1676,T1_Fall,Program_B_C01,3,B,1,0
Student_1676,T1_Fall,Program_B_C02,3,B,1,0
Student_1676,T1_Fall,Program_B_C03,3,B,1,0
Student_1677,T1_Fall,Program_A_C01,3,C,1,0
Student_1677,T1_Fall,Program_A_C02,3,F,0,0
Student_1677,T2_Spring,Program_A_C02,3,F,0,0
Student_1677,T1_Fall,Program_A_C03,3,B,1,0
Student_1677,T1_Fall,Program_A_C06,3,C,1,0
Student_1677,T2_Spring,Program_A_C07,3,D,1,0
Student_1677,T2_Spring,Program_A_C10,3,C,1,0
Student_1677,T2_Spring,Program_A_C11,3,C,1,0
Student_1678,T1_Fall,Program_A_C01,3,B,1,0
Student_1678,T1_Fall,Program_A_C02,3,C,1,0
Student_1678,T1_Fall,Program_A_C03,3,C,1,0
Student_1678,T1_Fall,Program_A_C04,4,B,1,0
Student_1678,T2_Spring,Program_A_C05,3,C,1,0
Student_1678,T2_Spring,Program_A_C06,3,W,0,1
Student_1678,T3_Fall,Program_A_C06,3,C,1,0
Student_1678,T2_Spring,Program_A_C07,3,F,0,0
Student_1678,T3_Fall,Program_A_C07,3,C,1,0
Student_1679,T1_Fall,Program_A_C01,3,F,0,0
Student_1679,T1_Fall,Program_A_C02,3,C,1,0
Student_1679,T1_Fall,Program_A_C04,4,W,0,1
Student_1679,T2_Spring,Program_A_C04,4,F,0,0
Student_1679,T1_Fall,Program_A_C05,3,B,1,0
Student_1680,T1_Fall,Program_B_C01,3,B,1,0
Student_1680,T1_Fall,Program_B_C02,3,C,1,0
Student_1680,T1_Fall,Program_B_C03,3,W,0,1
Student_1680,T2_Spring,Program_B_C03,3,C,1,0
Student_1680,T1_Fall,Program_B_C04,4,W,0,1
Student_1680,T2_Spring,Program_B_C05,3,C,1,0
Student_1681,T1_Fall,Program_B_C01,3,C,1,0
Student_1681,T1_Fall,Program_B_C02,3,C,1,0
Student_1681,T1_Fall,Program_B_C03,3,C,1,0
Student_1681,T1_Fall,Program_B_C04,4,C,1,0
Student_1681,T2_Spring,Program_B_C05,3,B,1,0
Student_1681,T2_Spring,Program_B_C06,3,F,0,0
Student_1681,T2_Spring,Program_B_C07,3,C,1,0
Student_1681,T2_Spring,Program_B_C08,4,B,1,0
Student_1681,T3_Fall,Program_B_C09,3,C,1,0
Student_1681,T3_Fall,Program_B_C11,3,C,1,0
Student_1682,T1_Fall,Program_A_C01,3,B,1,0
Student_1682,T1_Fall,Program_A_C02,3,C,1,0
Student_1682,T1_Fall,Program_A_C03,3,W,0,1
Student_1682,T2_Spring,Program_A_C03,3,C,1,0
Student_1682,T1_Fall,Program_A_C04,4,C,1,0
Student_1682,T2_Spring,Program_A_C05,3,C,1,0
Student_1682,T2_Spring,Program_A_C06,3,F,0,0
Student_1682,T3_Fall,Program_A_C06,3,F,0,0
Student_1682,T2_Spring,Program_A_C07,3,C,1,0
Student_1683,T1_Fall,Program_B_C01,3,C,1,0
Student_1683,T1_Fall,Program_B_C02,3,B,1,0
Student_1683,T1_Fall,Program_B_C03,3,W,0,1
Student_1683,T1_Fall,Program_B_C04,4,F,0,0
Student_1683,T2_Spring,Program_B_C05,3,F,0,0
Student_1684,T1_Fall,Program_B_C01,3,F,0,0
Student_1684,T1_Fall,Program_B_C02,3,D,1,0
Student_1685,T1_Fall,Program_B_C01,3,C,1,0
Student_1685,T1_Fall,Program_B_C02,3,F,0,0
Student_1685,T2_Spring,Program_B_C02,3,C,1,0
Student_1685,T1_Fall,Program_B_C03,3,C,1,0
Student_1685,T1_Fall,Program_B_C04,4,B,1,0
Student_1685,T2_Spring,Program_B_C05,3,C,1,0
Student_1686,T1_Fall,Program_D_C01,3,C,1,0
Student_1686,T1_Fall,Program_D_C02,3,A,1,0
Student_1686,T1_Fall,Program_D_C03,3,W,0,1
Student_1686,T2_Spring,Program_D_C03,3,C,1,0
Student_1686,T1_Fall,Program_D_C04,4,B,1,0
Student_1686,T2_Spring,Program_D_C05,3,B,1,0
Student_1686,T2_Spring,Program_D_C06,3,B,1,0
Student_1686,T2_Spring,Program_D_C07,3,B,1,0
Student_1686,T2_Spring,Program_D_C08,4,B,1,0
Student_1686,T3_Fall,Program_D_C09,3,B,1,0
Student_1687,T1_Fall,Program_B_C01,3,B,1,0
Student_1687,T1_Fall,Program_B_C02,3,B,1,0
Student_1687,T1_Fall,Program_B_C03,3,F,0,0
Student_1687,T1_Fall,Program_B_C04,4,B,1,0
Student_1687,T2_Spring,Program_B_C05,3,B,1,0
Student_1687,T2_Spring,Program_B_C08,4,B,1,0
Student_1687,T2_Spring,Program_B_C09,3,C,1,0
Student_1687,T2_Spring,Program_B_C12,4,B,1,0
Student_1687,T3_Fall,Program_B_C13,3,F,0,0
Student_1687,T3_Fall,Program_B_C16,3,B,1,0
Student_1688,T1_Fall,Program_C_C01,3,B,1,0
Student_1688,T1_Fall,Program_C_C02,3,B,1,0
Student_1688,T1_Fall,Program_C_C03,3,A,1,0
Student_1688,T1_Fall,Program_C_C04,4,C,1,0
Student_1688,T2_Spring,Program_C_C05,3,B,1,0
Student_1688,T2_Spring,Program_C_C06,3,B,1,0
Student_1688,T2_Spring,Program_C_C07,3,B,1,0
Student_1688,T2_Spring,Program_C_C08,4,B,1,0
Student_1688,T3_Fall,Program_C_C09,3,B,1,0
Student_1688,T3_Fall,Program_C_C10,3,F,0,0
Student_1688,T4_Spring,Program_C_C10,3,C,1,0
Student_1689,T1_Fall,Program_B_C01,3,W,0,1
Student_1689,T1_Fall,Program_B_C02,3,B,1,0
Student_1689,T1_Fall,Program_B_C04,4,F,0,0
Student_1689,T1_Fall,Program_B_C05,3,F,0,0
Student_1690,T1_Fall,Program_A_C01,3,W,0,1
Student_1690,T2_Spring,Program_A_C01,3,C,1,0
Student_1690,T1_Fall,Program_A_C02,3,B,1,0
Student_1690,T1_Fall,Program_A_C03,3,B,1,0
Student_1690,T1_Fall,Program_A_C04,4,B,1,0
Student_1690,T2_Spring,Program_A_C05,3,B,1,0
Student_1690,T2_Spring,Program_A_C06,3,F,0,0
Student_1690,T2_Spring,Program_A_C07,3,B,1,0
Student_1690,T2_Spring,Program_A_C08,4,C,1,0
Student_1690,T3_Fall,Program_A_C09,3,B,1,0
Student_1691,T1_Fall,Program_C_C01,3,B,1,0
Student_1691,T1_Fall,Program_C_C02,3,C,1,0
Student_1691,T1_Fall,Program_C_C03,3,C,1,0
Student_1692,T1_Fall,Program_B_C01,3,F,0,0
Student_1692,T2_Spring,Program_B_C01,3,F,0,0
Student_1692,T1_Fall,Program_B_C02,3,F,0,0
Student_1692,T2_Spring,Program_B_C02,3,C,1,0
Student_1692,T1_Fall,Program_B_C04,4,F,0,0
Student_1692,T1_Fall,Program_B_C05,3,F,0,0
Student_1692,T2_Spring,Program_B_C05,3,C,1,0
Student_1693,T1_Fall,Program_B_C01,3,F,0,0
Student_1693,T2_Spring,Program_B_C01,3,C,1,0
Student_1693,T1_Fall,Program_B_C02,3,C,1,0
Student_1693,T1_Fall,Program_B_C03,3,B,1,0
Student_1693,T1_Fall,Program_B_C04,4,F,0,0
Student_1693,T2_Spring,Program_B_C04,4,C,1,0
Student_1694,T1_Fall,Program_A_C01,3,C,1,0
Student_1694,T1_Fall,Program_A_C02,3,B,1,0
Student_1694,T1_Fall,Program_A_C03,3,C,1,0
Student_1694,T1_Fall,Program_A_C04,4,C,1,0
Student_1694,T2_Spring,Program_A_C05,3,B,1,0
Student_1694,T2_Spring,Program_A_C06,3,B,1,0
Student_1694,T2_Spring,Program_A_C07,3,C,1,0
Student_1694,T2_Spring,Program_A_C08,4,F,0,0
Student_1694,T3_Fall,Program_A_C08,4,C,1,0
Student_1695,T1_Fall,Program_C_C01,3,W,0,1
Student_1695,T1_Fall,Program_C_C02,3,B,1,0
Student_1695,T1_Fall,Program_C_C04,4,B,1,0
Student_1695,T1_Fall,Program_C_C05,3,F,0,0
Student_1695,T2_Spring,Program_C_C05,3,C,1,0
Student_1695,T2_Spring,Program_C_C08,4,C,1,0
Student_1695,T2_Spring,Program_C_C09,3,C,1,0
Student_1695,T2_Spring,Program_C_C12,4,B,1,0
Student_1695,T2_Spring,Program_C_C13,3,F,0,0
Student_1695,T3_Fall,Program_C_C13,3,C,1,0
Student_1695,T3_Fall,Program_C_C16,3,C,1,0
Student_1696,T1_Fall,Program_C_C01,3,F,0,0
Student_1696,T2_Spring,Program_C_C01,3,C,1,0
Student_1696,T1_Fall,Program_C_C02,3,C,1,0
Student_1696,T1_Fall,Program_C_C03,3,W,0,1
Student_1696,T2_Spring,Program_C_C03,3,F,0,0
Student_1696,T1_Fall,Program_C_C04,4,D,1,0
Student_1697,T1_Fall,Program_D_C01,3,B,1,0
Student_1698,T1_Fall,Program_C_C01,3,B,1,0
Student_1698,T1_Fall,Program_C_C02,3,B,1,0
Student_1698,T1_Fall,Program_C_C03,3,B,1,0
Student_1698,T1_Fall,Program_C_C04,4,B,1,0
Student_1698,T2_Spring,Program_C_C05,3,C,1,0
Student_1698,T2_Spring,Program_C_C06,3,B,1,0
Student_1698,T2_Spring,Program_C_C07,3,F,0,0
Student_1698,T3_Fall,Program_C_C07,3,C,1,0
Student_1698,T2_Spring,Program_C_C08,4,W,0,1
Student_1698,T3_Fall,Program_C_C08,4,C,1,0
Student_1698,T3_Fall,Program_C_C09,3,B,1,0
Student_1698,T3_Fall,Program_C_C10,3,C,1,0
Student_1698,T3_Fall,Program_C_C11,3,B,1,0
Student_1698,T3_Fall,Program_C_C12,4,B,1,0
Student_1699,T1_Fall,Program_B_C01,3,C,1,0
Student_1699,T1_Fall,Program_B_C02,3,W,0,1
Student_1699,T1_Fall,Program_B_C03,3,C,1,0
Student_1699,T1_Fall,Program_B_C06,3,W,0,1
Student_1699,T2_Spring,Program_B_C06,3,C,1,0
Student_1699,T2_Spring,Program_B_C07,3,C,1,0
Student_1699,T2_Spring,Program_B_C10,3,F,0,0
Student_1699,T3_Fall,Program_B_C10,3,C,1,0
Student_1699,T2_Spring,Program_B_C11,3,W,0,1
Student_1700,T1_Fall,Program_C_C01,3,F,0,0
Student_1700,T2_Spring,Program_C_C01,3,F,0,0
Student_1700,T1_Fall,Program_C_C02,3,C,1,0
Student_1700,T1_Fall,Program_C_C04,4,B,1,0
Student_1701,T1_Fall,Program_D_C01,3,B,1,0
Student_1701,T1_Fall,Program_D_C02,3,B,1,0
Student_1701,T1_Fall,Program_D_C03,3,B,1,0
Student_1701,T1_Fall,Program_D_C04,4,F,0,0
Student_1701,T2_Spring,Program_D_C05,3,C,1,0
Student_1701,T2_Spring,Program_D_C06,3,B,1,0
Student_1701,T2_Spring,Program_D_C07,3,A,1,0
Student_1701,T2_Spring,Program_D_C09,3,B,1,0
Student_1701,T3_Fall,Program_D_C10,3,B,1,0
Student_1701,T3_Fall,Program_D_C11,3,B,1,0
Student_1701,T3_Fall,Program_D_C13,3,B,1,0
Student_1701,T3_Fall,Program_D_C14,3,B,1,0
Student_1702,T1_Fall,Program_C_C01,3,B,1,0
Student_1702,T1_Fall,Program_C_C02,3,F,0,0
Student_1702,T1_Fall,Program_C_C03,3,W,0,1
Student_1702,T2_Spring,Program_C_C03,3,C,1,0
Student_1702,T1_Fall,Program_C_C06,3,B,1,0
Student_1702,T2_Spring,Program_C_C07,3,F,0,0
Student_1702,T2_Spring,Program_C_C10,3,C,1,0
Student_1702,T2_Spring,Program_C_C14,3,W,0,1
Student_1702,T3_Fall,Program_C_C14,3,C,1,0
Student_1703,T1_Fall,Program_D_C01,3,W,0,1
Student_1703,T1_Fall,Program_D_C02,3,C,1,0
Student_1703,T1_Fall,Program_D_C04,4,C,1,0
Student_1703,T1_Fall,Program_D_C05,3,C,1,0
Student_1703,T2_Spring,Program_D_C08,4,C,1,0
Student_1704,T1_Fall,Program_A_C01,3,D,1,0
Student_1704,T1_Fall,Program_A_C02,3,C,1,0
Student_1704,T1_Fall,Program_A_C03,3,C,1,0
Student_1705,T1_Fall,Program_D_C01,3,C,1,0
Student_1705,T1_Fall,Program_D_C02,3,F,0,0
Student_1705,T1_Fall,Program_D_C03,3,F,0,0
Student_1706,T1_Fall,Program_A_C01,3,B,1,0
Student_1706,T1_Fall,Program_A_C02,3,B,1,0
Student_1706,T1_Fall,Program_A_C03,3,B,1,0
Student_1706,T1_Fall,Program_A_C04,4,B,1,0
Student_1706,T2_Spring,Program_A_C05,3,B,1,0
Student_1706,T2_Spring,Program_A_C06,3,B,1,0
Student_1707,T1_Fall,Program_D_C01,3,B,1,0
Student_1707,T1_Fall,Program_D_C02,3,B,1,0
Student_1707,T1_Fall,Program_D_C03,3,B,1,0
Student_1707,T1_Fall,Program_D_C04,4,C,1,0
Student_1707,T2_Spring,Program_D_C05,3,B,1,0
Student_1707,T2_Spring,Program_D_C06,3,D,1,0
Student_1708,T1_Fall,Program_A_C01,3,F,0,0
Student_1708,T1_Fall,Program_A_C02,3,F,0,0
Student_1709,T1_Fall,Program_C_C01,3,B,1,0
Student_1709,T1_Fall,Program_C_C02,3,B,1,0
Student_1709,T1_Fall,Program_C_C03,3,F,0,0
Student_1709,T2_Spring,Program_C_C03,3,C,1,0
Student_1709,T1_Fall,Program_C_C04,4,F,0,0
Student_1709,T2_Spring,Program_C_C05,3,C,1,0
Student_1709,T2_Spring,Program_C_C06,3,C,1,0
Student_1709,T2_Spring,Program_C_C07,3,F,0,0
Student_1709,T3_Fall,Program_C_C07,3,C,1,0
Student_1709,T2_Spring,Program_C_C09,3,C,1,0
Student_1709,T3_Fall,Program_C_C10,3,C,1,0
Student_1710,T1_Fall,Program_D_C01,3,C,1,0
Student_1710,T1_Fall,Program_D_C02,3,B,1,0
Student_1710,T1_Fall,Program_D_C03,3,C,1,0
Student_1710,T1_Fall,Program_D_C04,4,B,1,0
Student_1710,T2_Spring,Program_D_C05,3,B,1,0
Student_1710,T2_Spring,Program_D_C06,3,F,0,0
Student_1710,T3_Fall,Program_D_C06,3,F,0,0
Student_1710,T2_Spring,Program_D_C07,3,C,1,0
Student_1710,T2_Spring,Program_D_C08,4,C,1,0
Student_1710,T3_Fall,Program_D_C09,3,C,1,0
Student_1711,T1_Fall,Program_D_C01,3,B,1,0
Student_1711,T1_Fall,Program_D_C02,3,C,1,0
Student_1711,T1_Fall,Program_D_C03,3,B,1,0
Student_1711,T1_Fall,Program_D_C04,4,W,0,1
Student_1711,T2_Spring,Program_D_C05,3,C,1,0
Student_1711,T2_Spring,Program_D_C06,3,C,1,0
Student_1711,T2_Spring,Program_D_C07,3,C,1,0
Student_1711,T2_Spring,Program_D_C09,3,C,1,0
Student_1711,T3_Fall,Program_D_C10,3,C,1,0
Student_1711,T3_Fall,Program_D_C11,3,C,1,0
Student_1712,T1_Fall,Program_B_C01,3,B,1,0
Student_1713,T1_Fall,Program_A_C01,3,B,1,0
Student_1713,T1_Fall,Program_A_C02,3,F,0,0
Student_1713,T2_Spring,Program_A_C02,3,F,0,0
Student_1713,T1_Fall,Program_A_C03,3,D,1,0
Student_1713,T1_Fall,Program_A_C06,3,C,1,0
Student_1713,T2_Spring,Program_A_C07,3,W,0,1
Student_1713,T2_Spring,Program_A_C10,3,C,1,0
Student_1713,T2_Spring,Program_A_C14,3,D,1,0
Student_1714,T1_Fall,Program_C_C01,3,C,1,0
Student_1714,T1_Fall,Program_C_C02,3,C,1,0
Student_1715,T1_Fall,Program_D_C01,3,C,1,0
Student_1715,T1_Fall,Program_D_C02,3,F,0,0
Student_1715,T1_Fall,Program_D_C03,3,B,1,0
Student_1715,T1_Fall,Program_D_C06,3,B,1,0
Student_1715,T2_Spring,Program_D_C07,3,C,1,0
Student_1715,T2_Spring,Program_D_C10,3,C,1,0
Student_1715,T2_Spring,Program_D_C11,3,W,0,1
Student_1715,T3_Fall,Program_D_C11,3,C,1,0
Student_1715,T2_Spring,Program_D_C14,3,B,1,0
Student_1715,T3_Fall,Program_D_C15,3,W,0,1
Student_1715,T4_Spring,Program_D_C15,3,C,1,0
Student_1716,T1_Fall,Program_A_C01,3,F,0,0
Student_1716,T1_Fall,Program_A_C02,3,C,1,0
Student_1716,T1_Fall,Program_A_C04,4,C,1,0
Student_1716,T1_Fall,Program_A_C05,3,C,1,0
Student_1716,T2_Spring,Program_A_C08,4,B,1,0
Student_1717,T1_Fall,Program_D_C01,3,W,0,1
Student_1717,T2_Spring,Program_D_C01,3,C,1,0
Student_1717,T1_Fall,Program_D_C02,3,C,1,0
Student_1717,T1_Fall,Program_D_C03,3,D,1,0
Student_1717,T1_Fall,Program_D_C04,4,C,1,0
Student_1717,T2_Spring,Program_D_C05,3,W,0,1
Student_1717,T3_Fall,Program_D_C05,3,F,0,0
Student_1717,T2_Spring,Program_D_C06,3,C,1,0
Student_1717,T2_Spring,Program_D_C07,3,C,1,0
Student_1717,T2_Spring,Program_D_C08,4,F,0,0
Student_1717,T3_Fall,Program_D_C10,3,C,1,0
Student_1717,T3_Fall,Program_D_C11,3,F,0,0
Student_1717,T3_Fall,Program_D_C14,3,F,0,0
Student_1718,T1_Fall,Program_C_C01,3,W,0,1
Student_1718,T2_Spring,Program_C_C01,3,C,1,0
Student_1718,T1_Fall,Program_C_C02,3,F,0,0
Student_1718,T2_Spring,Program_C_C02,3,F,0,0
Student_1718,T1_Fall,Program_C_C03,3,B,1,0
Student_1718,T1_Fall,Program_C_C06,3,C,1,0
Student_1718,T2_Spring,Program_C_C07,3,B,1,0
Student_1718,T2_Spring,Program_C_C10,3,W,0,1
Student_1718,T3_Fall,Program_C_C10,3,C,1,0
Student_1719,T1_Fall,Program_C_C01,3,A,1,0
Student_1719,T1_Fall,Program_C_C02,3,B,1,0
Student_1719,T1_Fall,Program_C_C03,3,B,1,0
Student_1719,T1_Fall,Program_C_C04,4,B,1,0
Student_1719,T2_Spring,Program_C_C05,3,F,0,0
Student_1719,T3_Fall,Program_C_C05,3,C,1,0
Student_1719,T2_Spring,Program_C_C06,3,C,1,0
Student_1720,T1_Fall,Program_B_C01,3,B,1,0
Student_1720,T1_Fall,Program_B_C02,3,C,1,0
Student_1720,T1_Fall,Program_B_C03,3,C,1,0
Student_1720,T1_Fall,Program_B_C04,4,F,0,0
Student_1720,T2_Spring,Program_B_C05,3,C,1,0
Student_1720,T2_Spring,Program_B_C06,3,F,0,0
Student_1720,T2_Spring,Program_B_C07,3,W,0,1
Student_1720,T2_Spring,Program_B_C09,3,F,0,0
Student_1720,T3_Fall,Program_B_C09,3,F,0,0
Student_1721,T1_Fall,Program_A_C01,3,F,0,0
Student_1721,T2_Spring,Program_A_C01,3,C,1,0
Student_1721,T1_Fall,Program_A_C02,3,C,1,0
Student_1721,T1_Fall,Program_A_C03,3,F,0,0
Student_1721,T2_Spring,Program_A_C03,3,C,1,0
Student_1721,T1_Fall,Program_A_C04,4,C,1,0
Student_1721,T2_Spring,Program_A_C05,3,C,1,0
Student_1721,T2_Spring,Program_A_C06,3,W,0,1
Student_1721,T2_Spring,Program_A_C07,3,C,1,0
Student_1721,T2_Spring,Program_A_C08,4,C,1,0
Student_1722,T1_Fall,Program_D_C01,3,B,1,0
Student_1723,T1_Fall,Program_B_C01,3,D,1,0
Student_1724,T1_Fall,Program_C_C01,3,B,1,0
Student_1724,T1_Fall,Program_C_C02,3,B,1,0
Student_1724,T1_Fall,Program_C_C03,3,B,1,0
Student_1724,T1_Fall,Program_C_C04,4,B,1,0
Student_1724,T2_Spring,Program_C_C05,3,B,1,0
Student_1724,T2_Spring,Program_C_C06,3,B,1,0
Student_1724,T2_Spring,Program_C_C07,3,B,1,0
Student_1724,T2_Spring,Program_C_C08,4,F,0,0
Student_1724,T3_Fall,Program_C_C09,3,B,1,0
Student_1724,T3_Fall,Program_C_C10,3,B,1,0
Student_1724,T3_Fall,Program_C_C11,3,A,1,0
Student_1725,T1_Fall,Program_A_C01,3,B,1,0
Student_1725,T1_Fall,Program_A_C02,3,B,1,0
Student_1725,T1_Fall,Program_A_C03,3,B,1,0
Student_1725,T1_Fall,Program_A_C04,4,C,1,0
Student_1725,T2_Spring,Program_A_C05,3,B,1,0
Student_1725,T2_Spring,Program_A_C06,3,B,1,0
Student_1726,T1_Fall,Program_B_C01,3,C,1,0
Student_1726,T1_Fall,Program_B_C02,3,B,1,0
Student_1726,T1_Fall,Program_B_C03,3,B,1,0
Student_1726,T1_Fall,Program_B_C04,4,C,1,0
Student_1726,T2_Spring,Program_B_C05,3,W,0,1
Student_1726,T3_Fall,Program_B_C05,3,C,1,0
Student_1726,T2_Spring,Program_B_C06,3,F,0,0
Student_1726,T3_Fall,Program_B_C06,3,C,1,0
Student_1726,T2_Spring,Program_B_C07,3,F,0,0
Student_1726,T2_Spring,Program_B_C08,4,C,1,0
Student_1726,T3_Fall,Program_B_C09,3,W,0,1
Student_1726,T4_Spring,Program_B_C09,3,C,1,0
Student_1726,T3_Fall,Program_B_C10,3,F,0,0
Student_1726,T3_Fall,Program_B_C12,4,D,1,0
Student_1727,T1_Fall,Program_A_C01,3,F,0,0
Student_1727,T2_Spring,Program_A_C01,3,C,1,0
Student_1727,T1_Fall,Program_A_C02,3,F,0,0
Student_1727,T1_Fall,Program_A_C03,3,C,1,0
Student_1727,T1_Fall,Program_A_C06,3,C,1,0
Student_1727,T2_Spring,Program_A_C07,3,C,1,0
Student_1727,T2_Spring,Program_A_C10,3,C,1,0
Student_1727,T2_Spring,Program_A_C11,3,B,1,0
Student_1727,T2_Spring,Program_A_C14,3,W,0,1
Student_1727,T3_Fall,Program_A_C15,3,F,0,0
Student_1727,T4_Spring,Program_A_C15,3,C,1,0
Student_1728,T1_Fall,Program_A_C01,3,C,1,0
Student_1728,T1_Fall,Program_A_C02,3,C,1,0
Student_1728,T1_Fall,Program_A_C03,3,F,0,0
Student_1728,T1_Fall,Program_A_C04,4,C,1,0
Student_1728,T2_Spring,Program_A_C05,3,C,1,0
Student_1728,T2_Spring,Program_A_C08,4,B,1,0
Student_1728,T2_Spring,Program_A_C09,3,C,1,0
Student_1728,T2_Spring,Program_A_C12,4,F,0,0
Student_1728,T3_Fall,Program_A_C12,4,C,1,0
Student_1728,T3_Fall,Program_A_C13,3,F,0,0
Student_1728,T4_Spring,Program_A_C13,3,C,1,0
Student_1728,T3_Fall,Program_A_C16,3,C,1,0
Student_1729,T1_Fall,Program_B_C01,3,F,0,0
Student_1729,T2_Spring,Program_B_C01,3,F,0,0
Student_1729,T1_Fall,Program_B_C02,3,F,0,0
Student_1730,T1_Fall,Program_D_C01,3,C,1,0
Student_1730,T1_Fall,Program_D_C02,3,C,1,0
Student_1730,T1_Fall,Program_D_C03,3,C,1,0
Student_1731,T1_Fall,Program_C_C01,3,B,1,0
Student_1731,T1_Fall,Program_C_C02,3,B,1,0
Student_1731,T1_Fall,Program_C_C03,3,B,1,0
Student_1732,T1_Fall,Program_B_C01,3,W,0,1
Student_1732,T2_Spring,Program_B_C01,3,C,1,0
Student_1732,T1_Fall,Program_B_C02,3,B,1,0
Student_1732,T1_Fall,Program_B_C03,3,D,1,0
Student_1732,T1_Fall,Program_B_C04,4,C,1,0
Student_1732,T2_Spring,Program_B_C05,3,C,1,0
Student_1732,T2_Spring,Program_B_C06,3,C,1,0
Student_1732,T2_Spring,Program_B_C07,3,C,1,0
Student_1732,T2_Spring,Program_B_C08,4,W,0,1
Student_1732,T3_Fall,Program_B_C08,4,C,1,0
Student_1733,T1_Fall,Program_B_C01,3,C,1,0
Student_1733,T1_Fall,Program_B_C02,3,C,1,0
Student_1733,T1_Fall,Program_B_C03,3,C,1,0
Student_1734,T1_Fall,Program_C_C01,3,C,1,0
Student_1734,T1_Fall,Program_C_C02,3,B,1,0
Student_1734,T1_Fall,Program_C_C03,3,W,0,1
Student_1734,T1_Fall,Program_C_C04,4,C,1,0
Student_1734,T2_Spring,Program_C_C05,3,C,1,0
Student_1734,T2_Spring,Program_C_C08,4,W,0,1
Student_1734,T3_Fall,Program_C_C08,4,C,1,0
Student_1734,T2_Spring,Program_C_C09,3,C,1,0
Student_1734,T2_Spring,Program_C_C12,4,C,1,0
Student_1734,T3_Fall,Program_C_C13,3,B,1,0
Student_1735,T1_Fall,Program_A_C01,3,B,1,0
Student_1736,T1_Fall,Program_B_C01,3,F,0,0
Student_1736,T2_Spring,Program_B_C01,3,C,1,0
Student_1736,T1_Fall,Program_B_C02,3,B,1,0
Student_1736,T1_Fall,Program_B_C03,3,C,1,0
Student_1736,T1_Fall,Program_B_C04,4,B,1,0
Student_1736,T2_Spring,Program_B_C05,3,C,1,0
Student_1736,T2_Spring,Program_B_C06,3,F,0,0
Student_1736,T2_Spring,Program_B_C07,3,B,1,0
Student_1737,T1_Fall,Program_B_C01,3,C,1,0
Student_1737,T1_Fall,Program_B_C02,3,B,1,0
Student_1737,T1_Fall,Program_B_C03,3,B,1,0
Student_1737,T1_Fall,Program_B_C04,4,C,1,0
Student_1737,T2_Spring,Program_B_C05,3,B,1,0
Student_1737,T2_Spring,Program_B_C06,3,F,0,0
Student_1737,T2_Spring,Program_B_C07,3,C,1,0
Student_1737,T2_Spring,Program_B_C08,4,C,1,0
Student_1737,T3_Fall,Program_B_C09,3,C,1,0
Student_1738,T1_Fall,Program_D_C01,3,B,1,0
Student_1738,T1_Fall,Program_D_C02,3,W,0,1
Student_1738,T2_Spring,Program_D_C02,3,C,1,0
Student_1738,T1_Fall,Program_D_C03,3,B,1,0
Student_1738,T1_Fall,Program_D_C04,4,C,1,0
Student_1738,T2_Spring,Program_D_C05,3,C,1,0
Student_1738,T2_Spring,Program_D_C06,3,F,0,0
Student_1738,T2_Spring,Program_D_C07,3,B,1,0
Student_1739,T1_Fall,Program_A_C01,3,C,1,0
Student_1739,T1_Fall,Program_A_C02,3,F,0,0
Student_1739,T1_Fall,Program_A_C03,3,W,0,1
Student_1739,T2_Spring,Program_A_C03,3,C,1,0
Student_1739,T1_Fall,Program_A_C06,3,C,1,0
Student_1739,T2_Spring,Program_A_C07,3,F,0,0
Student_1739,T3_Fall,Program_A_C07,3,C,1,0
Student_1739,T2_Spring,Program_A_C10,3,C,1,0
Student_1739,T2_Spring,Program_A_C11,3,D,1,0
Student_1739,T2_Spring,Program_A_C14,3,C,1,0
Student_1740,T1_Fall,Program_A_C01,3,C,1,0
Student_1740,T1_Fall,Program_A_C02,3,C,1,0
Student_1740,T1_Fall,Program_A_C03,3,C,1,0
Student_1740,T1_Fall,Program_A_C04,4,C,1,0
Student_1740,T2_Spring,Program_A_C05,3,F,0,0
Student_1740,T2_Spring,Program_A_C06,3,C,1,0
Student_1740,T2_Spring,Program_A_C07,3,C,1,0
Student_1740,T2_Spring,Program_A_C08,4,C,1,0
Student_1740,T3_Fall,Program_A_C10,3,B,1,0
Student_1740,T3_Fall,Program_A_C11,3,W,0,1
Student_1740,T4_Spring,Program_A_C11,3,C,1,0
Student_1741,T1_Fall,Program_C_C01,3,B,1,0
Student_1741,T1_Fall,Program_C_C02,3,B,1,0
Student_1741,T1_Fall,Program_C_C03,3,B,1,0
Student_1741,T1_Fall,Program_C_C04,4,B,1,0
Student_1741,T2_Spring,Program_C_C05,3,W,0,1
Student_1741,T2_Spring,Program_C_C06,3,F,0,0
Student_1741,T2_Spring,Program_C_C07,3,B,1,0
Student_1741,T2_Spring,Program_C_C08,4,B,1,0
Student_1741,T3_Fall,Program_C_C11,3,B,1,0
Student_1741,T3_Fall,Program_C_C12,4,C,1,0
Student_1742,T1_Fall,Program_C_C01,3,C,1,0
Student_1742,T1_Fall,Program_C_C02,3,B,1,0
Student_1742,T1_Fall,Program_C_C03,3,B,1,0
Student_1742,T1_Fall,Program_C_C04,4,B,1,0
Student_1742,T2_Spring,Program_C_C05,3,F,0,0
Student_1742,T2_Spring,Program_C_C06,3,C,1,0
Student_1742,T2_Spring,Program_C_C07,3,C,1,0
Student_1742,T2_Spring,Program_C_C08,4,B,1,0
Student_1743,T1_Fall,Program_C_C01,3,F,0,0
Student_1743,T2_Spring,Program_C_C01,3,F,0,0
Student_1743,T1_Fall,Program_C_C02,3,C,1,0
Student_1743,T1_Fall,Program_C_C04,4,F,0,0
Student_1743,T2_Spring,Program_C_C04,4,F,0,0
Student_1743,T1_Fall,Program_C_C05,3,F,0,0
Student_1744,T1_Fall,Program_D_C01,3,F,0,0
Student_1744,T2_Spring,Program_D_C01,3,C,1,0
Student_1745,T1_Fall,Program_B_C01,3,B,1,0
Student_1746,T1_Fall,Program_C_C01,3,F,0,0
Student_1746,T1_Fall,Program_C_C02,3,B,1,0
Student_1747,T1_Fall,Program_C_C01,3,B,1,0
Student_1747,T1_Fall,Program_C_C02,3,B,1,0
Student_1747,T1_Fall,Program_C_C03,3,C,1,0
Student_1747,T1_Fall,Program_C_C04,4,F,0,0
Student_1747,T2_Spring,Program_C_C05,3,C,1,0
Student_1747,T2_Spring,Program_C_C06,3,C,1,0
Student_1747,T2_Spring,Program_C_C07,3,C,1,0
Student_1747,T2_Spring,Program_C_C09,3,F,0,0
Student_1747,T3_Fall,Program_C_C09,3,C,1,0
Student_1747,T3_Fall,Program_C_C10,3,C,1,0
Student_1747,T3_Fall,Program_C_C11,3,C,1,0
Student_1748,T1_Fall,Program_D_C01,3,F,0,0
Student_1748,T2_Spring,Program_D_C01,3,C,1,0
Student_1748,T1_Fall,Program_D_C02,3,W,0,1
Student_1748,T2_Spring,Program_D_C02,3,F,0,0
Student_1748,T1_Fall,Program_D_C03,3,B,1,0
Student_1748,T1_Fall,Program_D_C06,3,W,0,1
Student_1748,T2_Spring,Program_D_C07,3,W,0,1
Student_1749,T1_Fall,Program_B_C01,3,B,1,0
Student_1749,T1_Fall,Program_B_C02,3,B,1,0
Student_1749,T1_Fall,Program_B_C03,3,B,1,0
Student_1749,T1_Fall,Program_B_C04,4,W,0,1
Student_1749,T2_Spring,Program_B_C05,3,B,1,0
Student_1749,T2_Spring,Program_B_C06,3,B,1,0
Student_1749,T2_Spring,Program_B_C07,3,A,1,0
Student_1749,T2_Spring,Program_B_C09,3,A,1,0
Student_1749,T3_Fall,Program_B_C10,3,B,1,0
Student_1749,T3_Fall,Program_B_C11,3,B,1,0
Student_1750,T1_Fall,Program_C_C01,3,C,1,0
Student_1750,T1_Fall,Program_C_C02,3,C,1,0
Student_1750,T1_Fall,Program_C_C03,3,C,1,0
Student_1750,T1_Fall,Program_C_C04,4,F,0,0
Student_1750,T2_Spring,Program_C_C05,3,C,1,0
Student_1750,T2_Spring,Program_C_C06,3,D,1,0
Student_1750,T2_Spring,Program_C_C07,3,C,1,0
Student_1750,T2_Spring,Program_C_C09,3,F,0,0
Student_1750,T3_Fall,Program_C_C09,3,F,0,0
Student_1750,T3_Fall,Program_C_C10,3,B,1,0
Student_1750,T3_Fall,Program_C_C11,3,C,1,0
Student_1751,T1_Fall,Program_A_C01,3,W,0,1
Student_1751,T1_Fall,Program_A_C02,3,F,0,0
Student_1751,T2_Spring,Program_A_C02,3,F,0,0
Student_1752,T1_Fall,Program_D_C01,3,F,0,0
Student_1752,T2_Spring,Program_D_C01,3,C,1,0
Student_1752,T1_Fall,Program_D_C02,3,C,1,0
Student_1752,T1_Fall,Program_D_C03,3,F,0,0
Student_1752,T1_Fall,Program_D_C04,4,B,1,0
Student_1752,T2_Spring,Program_D_C05,3,F,0,0
Student_1752,T2_Spring,Program_D_C08,4,W,0,1
Student_1752,T3_Fall,Program_D_C08,4,C,1,0
Student_1752,T2_Spring,Program_D_C12,4,C,1,0
Student_1752,T2_Spring,Program_D_C16,3,B,1,0
Student_1753,T1_Fall,Program_D_C01,3,F,0,0
Student_1753,T2_Spring,Program_D_C01,3,C,1,0
Student_1753,T1_Fall,Program_D_C02,3,F,0,0
Student_1753,T2_Spring,Program_D_C02,3,C,1,0
Student_1753,T1_Fall,Program_D_C03,3,A,1,0
Student_1753,T1_Fall,Program_D_C04,4,W,0,1
Student_1753,T2_Spring,Program_D_C05,3,B,1,0
Student_1753,T2_Spring,Program_D_C06,3,D,1,0
Student_1753,T2_Spring,Program_D_C07,3,C,1,0
Student_1753,T2_Spring,Program_D_C09,3,C,1,0
Student_1753,T3_Fall,Program_D_C10,3,F,0,0
Student_1753,T4_Spring,Program_D_C10,3,C,1,0
Student_1753,T3_Fall,Program_D_C11,3,C,1,0
Student_1753,T3_Fall,Program_D_C13,3,C,1,0
Student_1754,T1_Fall,Program_A_C01,3,B,1,0
Student_1754,T1_Fall,Program_A_C02,3,B,1,0
Student_1754,T1_Fall,Program_A_C03,3,C,1,0
Student_1754,T1_Fall,Program_A_C04,4,B,1,0
Student_1754,T2_Spring,Program_A_C05,3,B,1,0
Student_1755,T1_Fall,Program_B_C01,3,B,1,0
Student_1755,T1_Fall,Program_B_C02,3,C,1,0
Student_1755,T1_Fall,Program_B_C03,3,B,1,0
Student_1755,T1_Fall,Program_B_C04,4,C,1,0
Student_1755,T2_Spring,Program_B_C05,3,F,0,0
Student_1755,T3_Fall,Program_B_C05,3,C,1,0
Student_1755,T2_Spring,Program_B_C06,3,C,1,0
Student_1755,T2_Spring,Program_B_C07,3,B,1,0
Student_1755,T2_Spring,Program_B_C08,4,B,1,0
Student_1755,T3_Fall,Program_B_C09,3,C,1,0
Student_1756,T1_Fall,Program_A_C01,3,B,1,0
Student_1756,T1_Fall,Program_A_C02,3,C,1,0
Student_1756,T1_Fall,Program_A_C03,3,B,1,0
Student_1756,T1_Fall,Program_A_C04,4,W,0,1
Student_1756,T2_Spring,Program_A_C05,3,C,1,0
Student_1757,T1_Fall,Program_D_C01,3,B,1,0
Student_1757,T1_Fall,Program_D_C02,3,C,1,0
Student_1757,T1_Fall,Program_D_C03,3,C,1,0
Student_1757,T1_Fall,Program_D_C04,4,B,1,0
Student_1757,T2_Spring,Program_D_C05,3,B,1,0
Student_1758,T1_Fall,Program_A_C01,3,D,1,0
Student_1758,T1_Fall,Program_A_C02,3,D,1,0
Student_1758,T1_Fall,Program_A_C03,3,F,0,0
Student_1758,T2_Spring,Program_A_C03,3,C,1,0
Student_1758,T1_Fall,Program_A_C04,4,F,0,0
Student_1758,T2_Spring,Program_A_C05,3,C,1,0
Student_1758,T2_Spring,Program_A_C06,3,C,1,0
Student_1758,T2_Spring,Program_A_C07,3,C,1,0
Student_1758,T2_Spring,Program_A_C09,3,F,0,0
Student_1758,T3_Fall,Program_A_C10,3,W,0,1
Student_1758,T3_Fall,Program_A_C11,3,F,0,0
Student_1759,T1_Fall,Program_C_C01,3,B,1,0
Student_1759,T1_Fall,Program_C_C02,3,W,0,1
Student_1759,T1_Fall,Program_C_C03,3,B,1,0
Student_1759,T1_Fall,Program_C_C06,3,B,1,0
Student_1759,T2_Spring,Program_C_C07,3,B,1,0
Student_1759,T2_Spring,Program_C_C10,3,F,0,0
Student_1759,T3_Fall,Program_C_C10,3,C,1,0
Student_1759,T2_Spring,Program_C_C11,3,B,1,0
Student_1759,T2_Spring,Program_C_C14,3,C,1,0
Student_1759,T3_Fall,Program_C_C15,3,C,1,0
Student_1760,T1_Fall,Program_B_C01,3,B,1,0
Student_1760,T1_Fall,Program_B_C02,3,B,1,0
Student_1760,T1_Fall,Program_B_C03,3,B,1,0
Student_1760,T1_Fall,Program_B_C04,4,B,1,0
Student_1760,T2_Spring,Program_B_C05,3,C,1,0
Student_1760,T2_Spring,Program_B_C06,3,B,1,0
Student_1760,T2_Spring,Program_B_C07,3,B,1,0
Student_1760,T2_Spring,Program_B_C08,4,B,1,0
Student_1760,T3_Fall,Program_B_C09,3,W,0,1
Student_1760,T3_Fall,Program_B_C10,3,W,0,1
Student_1760,T3_Fall,Program_B_C11,3,B,1,0
Student_1760,T3_Fall,Program_B_C12,4,F,0,0
Student_1760,T4_Spring,Program_B_C12,4,C,1,0
Student_1760,T4_Spring,Program_B_C15,3,F,0,0
Student_1760,T4_Spring,Program_B_C15,3,C,1,0
Student_1761,T1_Fall,Program_C_C01,3,D,1,0
Student_1761,T1_Fall,Program_C_C02,3,F,0,0
Student_1761,T2_Spring,Program_C_C02,3,F,0,0
Student_1761,T1_Fall,Program_C_C03,3,F,0,0
Student_1761,T2_Spring,Program_C_C03,3,C,1,0
Student_1761,T1_Fall,Program_C_C06,3,F,0,0
Student_1761,T2_Spring,Program_C_C07,3,W,0,1
Student_1762,T1_Fall,Program_D_C01,3,W,0,1
Student_1762,T2_Spring,Program_D_C01,3,F,0,0
Student_1762,T1_Fall,Program_D_C02,3,W,0,1
Student_1762,T2_Spring,Program_D_C02,3,C,1,0
Student_1762,T1_Fall,Program_D_C04,4,W,0,1
Student_1762,T1_Fall,Program_D_C05,3,F,0,0
Student_1763,T1_Fall,Program_B_C01,3,B,1,0
Student_1763,T1_Fall,Program_B_C02,3,C,1,0
Student_1763,T1_Fall,Program_B_C03,3,F,0,0
Student_1763,T1_Fall,Program_B_C04,4,B,1,0
Student_1763,T2_Spring,Program_B_C05,3,D,1,0
Student_1763,T2_Spring,Program_B_C08,4,B,1,0
Student_1763,T2_Spring,Program_B_C09,3,F,0,0
Student_1763,T3_Fall,Program_B_C09,3,C,1,0
Student_1763,T2_Spring,Program_B_C12,4,B,1,0
Student_1763,T3_Fall,Program_B_C13,3,C,1,0
Student_1763,T3_Fall,Program_B_C16,3,B,1,0
Student_1764,T1_Fall,Program_D_C01,3,A,1,0
Student_1765,T1_Fall,Program_A_C01,3,W,0,1
Student_1765,T2_Spring,Program_A_C01,3,C,1,0
Student_1765,T1_Fall,Program_A_C02,3,F,0,0
Student_1765,T1_Fall,Program_A_C03,3,W,0,1
Student_1766,T1_Fall,Program_C_C01,3,C,1,0
Student_1766,T1_Fall,Program_C_C02,3,C,1,0
Student_1766,T1_Fall,Program_C_C03,3,C,1,0
Student_1766,T1_Fall,Program_C_C04,4,C,1,0
Student_1766,T2_Spring,Program_C_C05,3,F,0,0
Student_1766,T2_Spring,Program_C_C06,3,B,1,0
Student_1766,T2_Spring,Program_C_C07,3,B,1,0
Student_1766,T2_Spring,Program_C_C08,4,C,1,0
Student_1766,T3_Fall,Program_C_C10,3,B,1,0
Student_1766,T3_Fall,Program_C_C11,3,C,1,0
Student_1766,T3_Fall,Program_C_C12,4,C,1,0
Student_1767,T1_Fall,Program_C_C01,3,W,0,1
Student_1767,T1_Fall,Program_C_C02,3,C,1,0
Student_1767,T1_Fall,Program_C_C04,4,B,1,0
Student_1767,T1_Fall,Program_C_C05,3,C,1,0
Student_1767,T2_Spring,Program_C_C08,4,C,1,0
Student_1767,T2_Spring,Program_C_C09,3,A,1,0
Student_1767,T2_Spring,Program_C_C12,4,B,1,0
Student_1767,T2_Spring,Program_C_C13,3,B,1,0
Student_1767,T3_Fall,Program_C_C16,3,B,1,0
Student_1768,T1_Fall,Program_B_C01,3,B,1,0
Student_1768,T1_Fall,Program_B_C02,3,B,1,0
Student_1768,T1_Fall,Program_B_C03,3,B,1,0
Student_1768,T1_Fall,Program_B_C04,4,B,1,0
Student_1768,T2_Spring,Program_B_C05,3,B,1,0
Student_1768,T2_Spring,Program_B_C06,3,B,1,0
Student_1769,T1_Fall,Program_C_C01,3,C,1,0
Student_1770,T1_Fall,Program_B_C01,3,F,0,0
Student_1770,T2_Spring,Program_B_C01,3,F,0,0
Student_1770,T1_Fall,Program_B_C02,3,C,1,0
Student_1770,T1_Fall,Program_B_C04,4,C,1,0
Student_1770,T1_Fall,Program_B_C05,3,F,0,0
Student_1770,T2_Spring,Program_B_C08,4,F,0,0
Student_1770,T3_Fall,Program_B_C08,4,C,1,0
Student_1770,T2_Spring,Program_B_C12,4,F,0,0
Student_1771,T1_Fall,Program_D_C01,3,B,1,0
Student_1771,T1_Fall,Program_D_C02,3,B,1,0
Student_1772,T1_Fall,Program_A_C01,3,F,0,0
Student_1772,T1_Fall,Program_A_C02,3,D,1,0
Student_1772,T1_Fall,Program_A_C04,4,B,1,0
Student_1772,T1_Fall,Program_A_C05,3,C,1,0
Student_1772,T2_Spring,Program_A_C08,4,F,0,0
Student_1772,T2_Spring,Program_A_C09,3,W,0,1
Student_1773,T1_Fall,Program_C_C01,3,B,1,0
Student_1774,T1_Fall,Program_D_C01,3,F,0,0
Student_1774,T2_Spring,Program_D_C01,3,F,0,0
Student_1774,T1_Fall,Program_D_C02,3,B,1,0
Student_1774,T1_Fall,Program_D_C04,4,F,0,0
Student_1774,T2_Spring,Program_D_C04,4,C,1,0
Student_1774,T1_Fall,Program_D_C05,3,F,0,0
Student_1774,T2_Spring,Program_D_C05,3,C,1,0
Student_1774,T2_Spring,Program_D_C08,4,C,1,0
Student_1774,T2_Spring,Program_D_C09,3,B,1,0
Student_1774,T2_Spring,Program_D_C12,4,C,1,0
Student_1774,T2_Spring,Program_D_C13,3,F,0,0
Student_1774,T3_Fall,Program_D_C16,3,F,0,0
Student_1774,T4_Spring,Program_D_C16,3,C,1,0
Student_1775,T1_Fall,Program_C_C01,3,A,1,0
Student_1775,T1_Fall,Program_C_C02,3,A,1,0
Student_1775,T1_Fall,Program_C_C03,3,B,1,0
Student_1775,T1_Fall,Program_C_C04,4,B,1,0
Student_1775,T2_Spring,Program_C_C05,3,B,1,0
Student_1775,T2_Spring,Program_C_C06,3,B,1,0
Student_1776,T1_Fall,Program_C_C01,3,W,0,1
Student_1776,T2_Spring,Program_C_C01,3,C,1,0
Student_1776,T1_Fall,Program_C_C02,3,C,1,0
Student_1776,T1_Fall,Program_C_C03,3,C,1,0
Student_1776,T1_Fall,Program_C_C04,4,C,1,0
Student_1776,T2_Spring,Program_C_C05,3,F,0,0
Student_1776,T2_Spring,Program_C_C06,3,B,1,0
Student_1776,T2_Spring,Program_C_C07,3,C,1,0
Student_1776,T2_Spring,Program_C_C08,4,C,1,0
Student_1776,T3_Fall,Program_C_C10,3,C,1,0
Student_1776,T3_Fall,Program_C_C11,3,C,1,0
Student_1777,T1_Fall,Program_B_C01,3,B,1,0
Student_1777,T1_Fall,Program_B_C02,3,B,1,0
Student_1777,T1_Fall,Program_B_C03,3,F,0,0
Student_1777,T1_Fall,Program_B_C04,4,F,0,0
Student_1777,T2_Spring,Program_B_C05,3,C,1,0
Student_1777,T2_Spring,Program_B_C09,3,C,1,0
Student_1777,T2_Spring,Program_B_C13,3,D,1,0
Student_1778,T1_Fall,Program_A_C01,3,B,1,0
Student_1778,T1_Fall,Program_A_C02,3,B,1,0
Student_1778,T1_Fall,Program_A_C03,3,F,0,0
Student_1778,T2_Spring,Program_A_C03,3,C,1,0
Student_1779,T1_Fall,Program_A_C01,3,B,1,0
Student_1779,T1_Fall,Program_A_C02,3,B,1,0
Student_1779,T1_Fall,Program_A_C03,3,A,1,0
Student_1779,T1_Fall,Program_A_C04,4,B,1,0
Student_1779,T2_Spring,Program_A_C05,3,C,1,0
Student_1779,T2_Spring,Program_A_C06,3,C,1,0
Student_1779,T2_Spring,Program_A_C07,3,A,1,0
Student_1779,T2_Spring,Program_A_C08,4,B,1,0
Student_1779,T3_Fall,Program_A_C09,3,B,1,0
Student_1779,T3_Fall,Program_A_C10,3,A,1,0
Student_1779,T3_Fall,Program_A_C11,3,B,1,0
Student_1780,T1_Fall,Program_D_C01,3,C,1,0
Student_1780,T1_Fall,Program_D_C02,3,F,0,0
Student_1780,T1_Fall,Program_D_C03,3,F,0,0
Student_1780,T2_Spring,Program_D_C03,3,C,1,0
Student_1780,T1_Fall,Program_D_C06,3,B,1,0
Student_1780,T2_Spring,Program_D_C07,3,F,0,0
Student_1780,T3_Fall,Program_D_C07,3,C,1,0
Student_1780,T2_Spring,Program_D_C10,3,C,1,0
Student_1780,T2_Spring,Program_D_C11,3,D,1,0
Student_1781,T1_Fall,Program_A_C01,3,C,1,0
Student_1781,T1_Fall,Program_A_C02,3,C,1,0
Student_1781,T1_Fall,Program_A_C03,3,F,0,0
Student_1781,T1_Fall,Program_A_C04,4,W,0,1
Student_1781,T2_Spring,Program_A_C04,4,F,0,0
Student_1781,T2_Spring,Program_A_C05,3,W,0,1
Student_1781,T3_Fall,Program_A_C05,3,F,0,0
Student_1782,T1_Fall,Program_D_C01,3,W,0,1
Student_1782,T1_Fall,Program_D_C02,3,F,0,0
Student_1782,T2_Spring,Program_D_C02,3,C,1,0
Student_1782,T1_Fall,Program_D_C04,4,F,0,0
Student_1782,T2_Spring,Program_D_C04,4,C,1,0
Student_1782,T1_Fall,Program_D_C05,3,F,0,0
Student_1782,T2_Spring,Program_D_C08,4,F,0,0
Student_1783,T1_Fall,Program_B_C01,3,C,1,0
Student_1783,T1_Fall,Program_B_C02,3,B,1,0
Student_1783,T1_Fall,Program_B_C03,3,W,0,1
Student_1783,T1_Fall,Program_B_C04,4,F,0,0
Student_1783,T2_Spring,Program_B_C05,3,F,0,0
Student_1784,T1_Fall,Program_B_C01,3,B,1,0
Student_1784,T1_Fall,Program_B_C02,3,B,1,0
Student_1784,T1_Fall,Program_B_C03,3,B,1,0
Student_1784,T1_Fall,Program_B_C04,4,B,1,0
Student_1784,T2_Spring,Program_B_C05,3,B,1,0
Student_1784,T2_Spring,Program_B_C06,3,B,1,0
Student_1785,T1_Fall,Program_C_C01,3,B,1,0
Student_1785,T1_Fall,Program_C_C02,3,B,1,0
Student_1785,T1_Fall,Program_C_C03,3,B,1,0
Student_1785,T1_Fall,Program_C_C04,4,A,1,0
Student_1785,T2_Spring,Program_C_C05,3,B,1,0
Student_1785,T2_Spring,Program_C_C06,3,B,1,0
Student_1785,T2_Spring,Program_C_C07,3,B,1,0
Student_1785,T2_Spring,Program_C_C08,4,C,1,0
Student_1785,T3_Fall,Program_C_C09,3,B,1,0
Student_1786,T1_Fall,Program_D_C01,3,A,1,0
Student_1786,T1_Fall,Program_D_C02,3,F,0,0
Student_1786,T1_Fall,Program_D_C03,3,B,1,0
Student_1786,T1_Fall,Program_D_C06,3,A,1,0
Student_1786,T2_Spring,Program_D_C07,3,W,0,1
Student_1786,T2_Spring,Program_D_C10,3,A,1,0
Student_1786,T2_Spring,Program_D_C14,3,B,1,0
Student_1787,T1_Fall,Program_A_C01,3,F,0,0
Student_1787,T1_Fall,Program_A_C02,3,C,1,0
Student_1787,T1_Fall,Program_A_C04,4,F,0,0
Student_1787,T2_Spring,Program_A_C04,4,C,1,0
Student_1787,T1_Fall,Program_A_C05,3,F,0,0
Student_1787,T2_Spring,Program_A_C08,4,W,0,1
Student_1787,T3_Fall,Program_A_C08,4,C,1,0
Student_1787,T2_Spring,Program_A_C12,4,C,1,0
Student_1787,T2_Spring,Program_A_C16,3,F,0,0
Student_1788,T1_Fall,Program_D_C01,3,F,0,0
Student_1788,T1_Fall,Program_D_C02,3,C,1,0
Student_1788,T1_Fall,Program_D_C04,4,B,1,0
Student_1789,T1_Fall,Program_A_C01,3,A,1,0
Student_1789,T1_Fall,Program_A_C02,3,B,1,0
Student_1789,T1_Fall,Program_A_C03,3,B,1,0
Student_1789,T1_Fall,Program_A_C04,4,A,1,0
Student_1789,T2_Spring,Program_A_C05,3,B,1,0
Student_1789,T2_Spring,Program_A_C06,3,C,1,0
Student_1789,T2_Spring,Program_A_C07,3,C,1,0
Student_1789,T2_Spring,Program_A_C08,4,B,1,0
Student_1790,T1_Fall,Program_C_C01,3,C,1,0
Student_1790,T1_Fall,Program_C_C02,3,F,0,0
Student_1790,T1_Fall,Program_C_C03,3,B,1,0
Student_1790,T1_Fall,Program_C_C06,3,D,1,0
Student_1790,T2_Spring,Program_C_C07,3,B,1,0
Student_1791,T1_Fall,Program_C_C01,3,W,0,1
Student_1791,T2_Spring,Program_C_C01,3,C,1,0
Student_1791,T1_Fall,Program_C_C02,3,F,0,0
Student_1791,T2_Spring,Program_C_C02,3,C,1,0
Student_1791,T1_Fall,Program_C_C03,3,C,1,0
Student_1791,T1_Fall,Program_C_C04,4,F,0,0
Student_1791,T2_Spring,Program_C_C05,3,B,1,0
Student_1792,T1_Fall,Program_C_C01,3,B,1,0
Student_1792,T1_Fall,Program_C_C02,3,B,1,0
Student_1793,T1_Fall,Program_B_C01,3,B,1,0
Student_1793,T1_Fall,Program_B_C02,3,B,1,0
Student_1793,T1_Fall,Program_B_C03,3,B,1,0
Student_1793,T1_Fall,Program_B_C04,4,B,1,0
Student_1793,T2_Spring,Program_B_C05,3,A,1,0
Student_1793,T2_Spring,Program_B_C06,3,B,1,0
Student_1793,T2_Spring,Program_B_C07,3,A,1,0
Student_1793,T2_Spring,Program_B_C08,4,B,1,0
Student_1793,T3_Fall,Program_B_C09,3,B,1,0
Student_1793,T3_Fall,Program_B_C10,3,B,1,0
Student_1793,T3_Fall,Program_B_C11,3,A,1,0
Student_1794,T1_Fall,Program_D_C01,3,W,0,1
Student_1794,T2_Spring,Program_D_C01,3,C,1,0
Student_1794,T1_Fall,Program_D_C02,3,C,1,0
Student_1794,T1_Fall,Program_D_C03,3,W,0,1
Student_1794,T1_Fall,Program_D_C04,4,C,1,0
Student_1794,T2_Spring,Program_D_C05,3,C,1,0
Student_1794,T2_Spring,Program_D_C08,4,W,0,1
Student_1794,T3_Fall,Program_D_C08,4,C,1,0
Student_1795,T1_Fall,Program_B_C01,3,B,1,0
Student_1795,T1_Fall,Program_B_C02,3,A,1,0
Student_1795,T1_Fall,Program_B_C03,3,B,1,0
Student_1795,T1_Fall,Program_B_C04,4,B,1,0
Student_1795,T2_Spring,Program_B_C05,3,B,1,0
Student_1795,T2_Spring,Program_B_C06,3,B,1,0
Student_1795,T2_Spring,Program_B_C07,3,B,1,0
Student_1795,T2_Spring,Program_B_C08,4,B,1,0
Student_1796,T1_Fall,Program_C_C01,3,F,0,0
Student_1796,T1_Fall,Program_C_C02,3,C,1,0
Student_1796,T1_Fall,Program_C_C04,4,B,1,0
Student_1796,T1_Fall,Program_C_C05,3,F,0,0
Student_1796,T2_Spring,Program_C_C05,3,F,0,0
Student_1796,T2_Spring,Program_C_C08,4,F,0,0
Student_1797,T1_Fall,Program_D_C01,3,B,1,0
Student_1798,T1_Fall,Program_A_C01,3,C,1,0
Student_1798,T1_Fall,Program_A_C02,3,A,1,0
Student_1798,T1_Fall,Program_A_C03,3,B,1,0
Student_1798,T1_Fall,Program_A_C04,4,B,1,0
Student_1798,T2_Spring,Program_A_C05,3,B,1,0
Student_1799,T1_Fall,Program_A_C01,3,F,0,0
Student_1799,T1_Fall,Program_A_C02,3,C,1,0
Student_1799,T1_Fall,Program_A_C04,4,F,0,0
Student_1799,T2_Spring,Program_A_C04,4,C,1,0
Student_1799,T1_Fall,Program_A_C05,3,W,0,1
Student_1799,T2_Spring,Program_A_C08,4,D,1,0
Student_1799,T2_Spring,Program_A_C12,4,C,1,0
Student_1800,T1_Fall,Program_B_C01,3,B,1,0
Student_1800,T1_Fall,Program_B_C02,3,B,1,0
Student_1800,T1_Fall,Program_B_C03,3,C,1,0
Student_1801,T1_Fall,Program_A_C01,3,C,1,0
Student_1801,T1_Fall,Program_A_C02,3,B,1,0
Student_1801,T1_Fall,Program_A_C03,3,F,0,0
Student_1801,T2_Spring,Program_A_C03,3,C,1,0
Student_1801,T1_Fall,Program_A_C04,4,A,1,0
Student_1801,T2_Spring,Program_A_C05,3,B,1,0
Student_1801,T2_Spring,Program_A_C06,3,B,1,0
Student_1801,T2_Spring,Program_A_C07,3,F,0,0
Student_1801,T3_Fall,Program_A_C07,3,C,1,0
Student_1801,T2_Spring,Program_A_C08,4,B,1,0
Student_1801,T3_Fall,Program_A_C09,3,B,1,0
Student_1801,T3_Fall,Program_A_C10,3,A,1,0
Student_1801,T3_Fall,Program_A_C11,3,A,1,0
Student_1802,T1_Fall,Program_D_C01,3,W,0,1
Student_1802,T1_Fall,Program_D_C02,3,C,1,0
Student_1802,T1_Fall,Program_D_C04,4,F,0,0
Student_1802,T2_Spring,Program_D_C04,4,C,1,0
Student_1802,T1_Fall,Program_D_C05,3,C,1,0
Student_1802,T2_Spring,Program_D_C08,4,B,1,0
Student_1802,T2_Spring,Program_D_C09,3,F,0,0
Student_1802,T3_Fall,Program_D_C09,3,F,0,0
Student_1802,T2_Spring,Program_D_C12,4,F,0,0
Student_1802,T3_Fall,Program_D_C12,4,C,1,0
Student_1802,T2_Spring,Program_D_C16,3,C,1,0
Student_1803,T1_Fall,Program_A_C01,3,C,1,0
Student_1803,T1_Fall,Program_A_C02,3,B,1,0
Student_1803,T1_Fall,Program_A_C03,3,C,1,0
Student_1804,T1_Fall,Program_D_C01,3,W,0,1
Student_1804,T2_Spring,Program_D_C01,3,C,1,0
Student_1804,T1_Fall,Program_D_C02,3,C,1,0
Student_1804,T1_Fall,Program_D_C03,3,F,0,0
Student_1804,T2_Spring,Program_D_C03,3,C,1,0
Student_1804,T1_Fall,Program_D_C04,4,C,1,0
Student_1804,T2_Spring,Program_D_C05,3,B,1,0
Student_1804,T2_Spring,Program_D_C06,3,C,1,0
Student_1804,T2_Spring,Program_D_C07,3,C,1,0
Student_1804,T2_Spring,Program_D_C08,4,C,1,0
Student_1804,T3_Fall,Program_D_C09,3,C,1,0
Student_1805,T1_Fall,Program_B_C01,3,F,0,0
Student_1805,T2_Spring,Program_B_C01,3,C,1,0
Student_1805,T1_Fall,Program_B_C02,3,C,1,0
Student_1805,T1_Fall,Program_B_C03,3,W,0,1
Student_1805,T2_Spring,Program_B_C03,3,C,1,0
Student_1805,T1_Fall,Program_B_C04,4,C,1,0
Student_1805,T2_Spring,Program_B_C05,3,F,0,0
Student_1805,T3_Fall,Program_B_C05,3,C,1,0
Student_1805,T2_Spring,Program_B_C06,3,B,1,0
Student_1805,T2_Spring,Program_B_C07,3,W,0,1
Student_1805,T3_Fall,Program_B_C07,3,C,1,0
Student_1806,T1_Fall,Program_B_C01,3,C,1,0
Student_1806,T1_Fall,Program_B_C02,3,F,0,0
Student_1806,T1_Fall,Program_B_C03,3,C,1,0
Student_1806,T1_Fall,Program_B_C06,3,C,1,0
Student_1806,T2_Spring,Program_B_C07,3,F,0,0
Student_1806,T2_Spring,Program_B_C10,3,F,0,0
Student_1806,T3_Fall,Program_B_C10,3,C,1,0
Student_1806,T2_Spring,Program_B_C14,3,F,0,0
Student_1807,T1_Fall,Program_C_C01,3,B,1,0
Student_1807,T1_Fall,Program_C_C02,3,F,0,0
Student_1807,T1_Fall,Program_C_C03,3,C,1,0
Student_1807,T1_Fall,Program_C_C06,3,B,1,0
Student_1807,T2_Spring,Program_C_C07,3,B,1,0
Student_1807,T2_Spring,Program_C_C10,3,F,0,0
Student_1807,T2_Spring,Program_C_C11,3,B,1,0
Student_1807,T2_Spring,Program_C_C15,3,B,1,0
Student_1808,T1_Fall,Program_D_C01,3,B,1,0
Student_1808,T1_Fall,Program_D_C02,3,A,1,0
Student_1809,T1_Fall,Program_A_C01,3,C,1,0
Student_1809,T1_Fall,Program_A_C02,3,C,1,0
Student_1809,T1_Fall,Program_A_C03,3,F,0,0
Student_1809,T2_Spring,Program_A_C03,3,C,1,0
Student_1809,T1_Fall,Program_A_C04,4,C,1,0
Student_1810,T1_Fall,Program_D_C01,3,B,1,0
Student_1810,T1_Fall,Program_D_C02,3,B,1,0
Student_1811,T1_Fall,Program_B_C01,3,W,0,1
Student_1811,T1_Fall,Program_B_C02,3,W,0,1
Student_1812,T1_Fall,Program_C_C01,3,C,1,0
Student_1812,T1_Fall,Program_C_C02,3,B,1,0
Student_1812,T1_Fall,Program_C_C03,3,A,1,0
Student_1813,T1_Fall,Program_A_C01,3,B,1,0
Student_1813,T1_Fall,Program_A_C02,3,B,1,0
Student_1813,T1_Fall,Program_A_C03,3,B,1,0
Student_1813,T1_Fall,Program_A_C04,4,C,1,0
Student_1813,T2_Spring,Program_A_C05,3,B,1,0
Student_1813,T2_Spring,Program_A_C06,3,B,1,0
Student_1813,T2_Spring,Program_A_C07,3,C,1,0
Student_1814,T1_Fall,Program_A_C01,3,B,1,0
Student_1814,T1_Fall,Program_A_C02,3,B,1,0
Student_1814,T1_Fall,Program_A_C03,3,F,0,0
Student_1814,T1_Fall,Program_A_C04,4,B,1,0
Student_1814,T2_Spring,Program_A_C05,3,B,1,0
Student_1814,T2_Spring,Program_A_C08,4,F,0,0
Student_1814,T2_Spring,Program_A_C09,3,F,0,0
Student_1815,T1_Fall,Program_C_C01,3,B,1,0
Student_1816,T1_Fall,Program_D_C01,3,W,0,1
Student_1816,T1_Fall,Program_D_C02,3,B,1,0
Student_1816,T1_Fall,Program_D_C04,4,C,1,0
Student_1816,T1_Fall,Program_D_C05,3,C,1,0
Student_1817,T1_Fall,Program_C_C01,3,B,1,0
Student_1818,T1_Fall,Program_D_C01,3,A,1,0
Student_1818,T1_Fall,Program_D_C02,3,B,1,0
Student_1818,T1_Fall,Program_D_C03,3,C,1,0
Student_1818,T1_Fall,Program_D_C04,4,B,1,0
Student_1818,T2_Spring,Program_D_C05,3,B,1,0
Student_1818,T2_Spring,Program_D_C06,3,B,1,0
Student_1818,T2_Spring,Program_D_C07,3,B,1,0
Student_1818,T2_Spring,Program_D_C08,4,B,1,0
Student_1818,T3_Fall,Program_D_C09,3,A,1,0
Student_1818,T3_Fall,Program_D_C10,3,C,1,0
Student_1818,T3_Fall,Program_D_C11,3,B,1,0
Student_1818,T3_Fall,Program_D_C12,4,B,1,0
Student_1819,T1_Fall,Program_A_C01,3,F,0,0
Student_1819,T2_Spring,Program_A_C01,3,C,1,0
Student_1819,T1_Fall,Program_A_C02,3,C,1,0
Student_1819,T1_Fall,Program_A_C03,3,B,1,0
Student_1819,T1_Fall,Program_A_C04,4,B,1,0
Student_1819,T2_Spring,Program_A_C05,3,C,1,0
Student_1819,T2_Spring,Program_A_C06,3,B,1,0
Student_1819,T2_Spring,Program_A_C07,3,C,1,0
Student_1819,T2_Spring,Program_A_C08,4,C,1,0
Student_1819,T3_Fall,Program_A_C09,3,C,1,0
Student_1820,T1_Fall,Program_A_C01,3,C,1,0
Student_1820,T1_Fall,Program_A_C02,3,C,1,0
Student_1821,T1_Fall,Program_D_C01,3,B,1,0
Student_1821,T1_Fall,Program_D_C02,3,C,1,0
Student_1821,T1_Fall,Program_D_C03,3,B,1,0
Student_1821,T1_Fall,Program_D_C04,4,A,1,0
Student_1821,T2_Spring,Program_D_C05,3,B,1,0
Student_1822,T1_Fall,Program_A_C01,3,W,0,1
Student_1822,T1_Fall,Program_A_C02,3,F,0,0
Student_1823,T1_Fall,Program_B_C01,3,W,0,1
Student_1823,T2_Spring,Program_B_C01,3,C,1,0
Student_1823,T1_Fall,Program_B_C02,3,B,1,0
Student_1823,T1_Fall,Program_B_C03,3,B,1,0
Student_1823,T1_Fall,Program_B_C04,4,B,1,0
Student_1823,T2_Spring,Program_B_C05,3,B,1,0
Student_1823,T2_Spring,Program_B_C06,3,B,1,0
Student_1823,T2_Spring,Program_B_C07,3,A,1,0
Student_1823,T2_Spring,Program_B_C08,4,B,1,0
Student_1823,T3_Fall,Program_B_C09,3,B,1,0
Student_1823,T3_Fall,Program_B_C10,3,B,1,0
Student_1824,T1_Fall,Program_C_C01,3,B,1,0
Student_1824,T1_Fall,Program_C_C02,3,B,1,0
Student_1824,T1_Fall,Program_C_C03,3,B,1,0
Student_1825,T1_Fall,Program_C_C01,3,B,1,0
Student_1825,T1_Fall,Program_C_C02,3,B,1,0
Student_1825,T1_Fall,Program_C_C03,3,C,1,0
Student_1825,T1_Fall,Program_C_C04,4,C,1,0
Student_1825,T2_Spring,Program_C_C05,3,B,1,0
Student_1825,T2_Spring,Program_C_C06,3,C,1,0
Student_1825,T2_Spring,Program_C_C07,3,C,1,0
Student_1825,T2_Spring,Program_C_C08,4,B,1,0
Student_1825,T3_Fall,Program_C_C09,3,C,1,0
Student_1826,T1_Fall,Program_D_C01,3,C,1,0
Student_1826,T1_Fall,Program_D_C02,3,F,0,0
Student_1826,T2_Spring,Program_D_C02,3,C,1,0
Student_1826,T1_Fall,Program_D_C03,3,C,1,0
Student_1826,T1_Fall,Program_D_C04,4,B,1,0
Student_1826,T2_Spring,Program_D_C05,3,B,1,0
Student_1826,T2_Spring,Program_D_C06,3,C,1,0
Student_1826,T2_Spring,Program_D_C07,3,C,1,0
Student_1826,T2_Spring,Program_D_C08,4,B,1,0
Student_1826,T3_Fall,Program_D_C09,3,F,0,0
Student_1826,T4_Spring,Program_D_C09,3,C,1,0
Student_1826,T3_Fall,Program_D_C10,3,C,1,0
Student_1826,T3_Fall,Program_D_C11,3,B,1,0
Student_1827,T1_Fall,Program_D_C01,3,C,1,0
Student_1827,T1_Fall,Program_D_C02,3,B,1,0
Student_1827,T1_Fall,Program_D_C03,3,B,1,0
Student_1827,T1_Fall,Program_D_C04,4,B,1,0
Student_1828,T1_Fall,Program_A_C01,3,B,1,0
Student_1828,T1_Fall,Program_A_C02,3,B,1,0
Student_1828,T1_Fall,Program_A_C03,3,B,1,0
Student_1828,T1_Fall,Program_A_C04,4,W,0,1
Student_1828,T2_Spring,Program_A_C05,3,C,1,0
Student_1828,T2_Spring,Program_A_C06,3,C,1,0
Student_1828,T2_Spring,Program_A_C07,3,C,1,0
Student_1828,T2_Spring,Program_A_C09,3,C,1,0
Student_1829,T1_Fall,Program_C_C01,3,C,1,0
Student_1829,T1_Fall,Program_C_C02,3,D,1,0
Student_1829,T1_Fall,Program_C_C03,3,W,0,1
Student_1829,T2_Spring,Program_C_C03,3,C,1,0
Student_1829,T1_Fall,Program_C_C04,4,F,0,0
Student_1829,T2_Spring,Program_C_C05,3,B,1,0
Student_1829,T2_Spring,Program_C_C06,3,C,1,0
Student_1829,T2_Spring,Program_C_C07,3,B,1,0
Student_1830,T1_Fall,Program_A_C01,3,F,0,0
Student_1830,T2_Spring,Program_A_C01,3,F,0,0
Student_1830,T1_Fall,Program_A_C02,3,B,1,0
Student_1830,T1_Fall,Program_A_C04,4,B,1,0
Student_1830,T1_Fall,Program_A_C05,3,C,1,0
Student_1831,T1_Fall,Program_D_C01,3,C,1,0
Student_1831,T1_Fall,Program_D_C02,3,F,0,0
Student_1831,T1_Fall,Program_D_C03,3,C,1,0
Student_1831,T1_Fall,Program_D_C06,3,B,1,0
Student_1832,T1_Fall,Program_A_C01,3,W,0,1
Student_1832,T1_Fall,Program_A_C02,3,B,1,0
Student_1833,T1_Fall,Program_B_C01,3,B,1,0
Student_1834,T1_Fall,Program_C_C01,3,F,0,0
Student_1834,T1_Fall,Program_C_C02,3,W,0,1
Student_1834,T2_Spring,Program_C_C02,3,C,1,0
Student_1834,T1_Fall,Program_C_C04,4,F,0,0
Student_1834,T2_Spring,Program_C_C04,4,F,0,0
Student_1834,T1_Fall,Program_C_C05,3,F,0,0
Student_1835,T1_Fall,Program_D_C01,3,F,0,0
Student_1835,T1_Fall,Program_D_C02,3,W,0,1
Student_1836,T1_Fall,Program_A_C01,3,W,0,1
Student_1836,T2_Spring,Program_A_C01,3,C,1,0
Student_1836,T1_Fall,Program_A_C02,3,F,0,0
Student_1836,T2_Spring,Program_A_C02,3,C,1,0
Student_1836,T1_Fall,Program_A_C03,3,B,1,0
Student_1836,T1_Fall,Program_A_C04,4,B,1,0
Student_1836,T2_Spring,Program_A_C05,3,F,0,0
Student_1836,T3_Fall,Program_A_C05,3,C,1,0
Student_1836,T2_Spring,Program_A_C06,3,B,1,0
Student_1836,T2_Spring,Program_A_C07,3,B,1,0
Student_1837,T1_Fall,Program_B_C01,3,F,0,0
Student_1837,T1_Fall,Program_B_C02,3,C,1,0
Student_1837,T1_Fall,Program_B_C04,4,W,0,1
Student_1837,T1_Fall,Program_B_C05,3,F,0,0
Student_1837,T2_Spring,Program_B_C05,3,F,0,0
Student_1838,T1_Fall,Program_A_C01,3,B,1,0
Student_1838,T1_Fall,Program_A_C02,3,B,1,0
Student_1838,T1_Fall,Program_A_C03,3,F,0,0
Student_1838,T1_Fall,Program_A_C04,4,F,0,0
Student_1838,T2_Spring,Program_A_C05,3,B,1,0
Student_1838,T2_Spring,Program_A_C09,3,C,1,0
Student_1839,T1_Fall,Program_C_C01,3,B,1,0
Student_1839,T1_Fall,Program_C_C02,3,A,1,0
Student_1839,T1_Fall,Program_C_C03,3,B,1,0
Student_1840,T1_Fall,Program_D_C01,3,B,1,0
Student_1840,T1_Fall,Program_D_C02,3,F,0,0
Student_1840,T1_Fall,Program_D_C03,3,B,1,0
Student_1840,T1_Fall,Program_D_C06,3,B,1,0
Student_1840,T2_Spring,Program_D_C07,3,B,1,0
Student_1840,T2_Spring,Program_D_C10,3,B,1,0
Student_1840,T2_Spring,Program_D_C11,3,B,1,0
Student_1840,T2_Spring,Program_D_C14,3,C,1,0
Student_1840,T3_Fall,Program_D_C15,3,C,1,0
Student_1841,T1_Fall,Program_A_C01,3,B,1,0
Student_1841,T1_Fall,Program_A_C02,3,A,1,0
Student_1841,T1_Fall,Program_A_C03,3,A,1,0
Student_1841,T1_Fall,Program_A_C04,4,W,0,1
Student_1841,T2_Spring,Program_A_C04,4,C,1,0
Student_1841,T2_Spring,Program_A_C05,3,B,1,0
Student_1841,T2_Spring,Program_A_C06,3,B,1,0
Student_1841,T2_Spring,Program_A_C07,3,C,1,0
Student_1841,T2_Spring,Program_A_C08,4,B,1,0
Student_1842,T1_Fall,Program_D_C01,3,A,1,0
Student_1842,T1_Fall,Program_D_C02,3,F,0,0
Student_1842,T2_Spring,Program_D_C02,3,C,1,0
Student_1842,T1_Fall,Program_D_C03,3,B,1,0
Student_1842,T1_Fall,Program_D_C04,4,B,1,0
Student_1842,T2_Spring,Program_D_C05,3,C,1,0
Student_1843,T1_Fall,Program_A_C01,3,B,1,0
Student_1843,T1_Fall,Program_A_C02,3,C,1,0
Student_1843,T1_Fall,Program_A_C03,3,B,1,0
Student_1843,T1_Fall,Program_A_C04,4,A,1,0
Student_1843,T2_Spring,Program_A_C05,3,B,1,0
Student_1844,T1_Fall,Program_B_C01,3,W,0,1
Student_1844,T2_Spring,Program_B_C01,3,F,0,0
Student_1844,T1_Fall,Program_B_C02,3,C,1,0
Student_1844,T1_Fall,Program_B_C04,4,F,0,0
Student_1844,T2_Spring,Program_B_C04,4,F,0,0
Student_1844,T1_Fall,Program_B_C05,3,C,1,0
Student_1844,T2_Spring,Program_B_C09,3,F,0,0
Student_1844,T3_Fall,Program_B_C09,3,F,0,0
Student_1845,T1_Fall,Program_C_C01,3,B,1,0
Student_1845,T1_Fall,Program_C_C02,3,F,0,0
Student_1845,T2_Spring,Program_C_C02,3,C,1,0
Student_1845,T1_Fall,Program_C_C03,3,B,1,0
Student_1846,T1_Fall,Program_B_C01,3,B,1,0
Student_1847,T1_Fall,Program_C_C01,3,C,1,0
Student_1847,T1_Fall,Program_C_C02,3,B,1,0
Student_1847,T1_Fall,Program_C_C03,3,B,1,0
Student_1847,T1_Fall,Program_C_C04,4,B,1,0
Student_1847,T2_Spring,Program_C_C05,3,A,1,0
Student_1847,T2_Spring,Program_C_C06,3,C,1,0
Student_1847,T2_Spring,Program_C_C07,3,B,1,0
Student_1848,T1_Fall,Program_A_C01,3,D,1,0
Student_1848,T1_Fall,Program_A_C02,3,C,1,0
Student_1848,T1_Fall,Program_A_C03,3,F,0,0
Student_1848,T2_Spring,Program_A_C03,3,C,1,0
Student_1848,T1_Fall,Program_A_C04,4,C,1,0
Student_1848,T2_Spring,Program_A_C05,3,C,1,0
Student_1848,T2_Spring,Program_A_C06,3,F,0,0
Student_1848,T2_Spring,Program_A_C07,3,F,0,0
Student_1848,T2_Spring,Program_A_C08,4,W,0,1
Student_1848,T3_Fall,Program_A_C08,4,C,1,0
Student_1849,T1_Fall,Program_A_C01,3,C,1,0
Student_1849,T1_Fall,Program_A_C02,3,W,0,1
Student_1849,T1_Fall,Program_A_C03,3,C,1,0
Student_1849,T1_Fall,Program_A_C06,3,B,1,0
Student_1849,T2_Spring,Program_A_C07,3,B,1,0
Student_1849,T2_Spring,Program_A_C10,3,B,1,0
Student_1849,T2_Spring,Program_A_C11,3,B,1,0
Student_1850,T1_Fall,Program_B_C01,3,F,0,0
Student_1850,T2_Spring,Program_B_C01,3,C,1,0
Student_1850,T1_Fall,Program_B_C02,3,C,1,0
Student_1850,T1_Fall,Program_B_C03,3,C,1,0
Student_1850,T1_Fall,Program_B_C04,4,C,1,0
Student_1850,T2_Spring,Program_B_C05,3,F,0,0
Student_1850,T2_Spring,Program_B_C06,3,F,0,0
Student_1850,T3_Fall,Program_B_C06,3,C,1,0
Student_1850,T2_Spring,Program_B_C07,3,W,0,1
Student_1850,T2_Spring,Program_B_C08,4,F,0,0
Student_1850,T3_Fall,Program_B_C08,4,C,1,0
Student_1850,T3_Fall,Program_B_C10,3,F,0,0
Student_1850,T3_Fall,Program_B_C12,4,F,0,0
Student_1850,T4_Spring,Program_B_C12,4,C,1,0
Student_1851,T1_Fall,Program_B_C01,3,B,1,0
Student_1851,T1_Fall,Program_B_C02,3,A,1,0
Student_1851,T1_Fall,Program_B_C03,3,C,1,0
Student_1851,T1_Fall,Program_B_C04,4,B,1,0
Student_1851,T2_Spring,Program_B_C05,3,B,1,0
Student_1851,T2_Spring,Program_B_C06,3,B,1,0
Student_1851,T2_Spring,Program_B_C07,3,B,1,0
Student_1851,T2_Spring,Program_B_C08,4,B,1,0
Student_1851,T3_Fall,Program_B_C09,3,B,1,0
Student_1851,T3_Fall,Program_B_C10,3,C,1,0
Student_1851,T3_Fall,Program_B_C11,3,B,1,0
Student_1851,T3_Fall,Program_B_C12,4,B,1,0
Student_1852,T1_Fall,Program_D_C01,3,C,1,0
Student_1852,T1_Fall,Program_D_C02,3,C,1,0
Student_1853,T1_Fall,Program_A_C01,3,B,1,0
Student_1853,T1_Fall,Program_A_C02,3,A,1,0
Student_1853,T1_Fall,Program_A_C03,3,B,1,0
Student_1853,T1_Fall,Program_A_C04,4,W,0,1
Student_1853,T2_Spring,Program_A_C04,4,C,1,0
Student_1853,T2_Spring,Program_A_C05,3,B,1,0
Student_1853,T2_Spring,Program_A_C06,3,B,1,0
Student_1853,T2_Spring,Program_A_C07,3,B,1,0
Student_1853,T2_Spring,Program_A_C08,4,B,1,0
Student_1854,T1_Fall,Program_D_C01,3,C,1,0
Student_1854,T1_Fall,Program_D_C02,3,C,1,0
Student_1854,T1_Fall,Program_D_C03,3,A,1,0
Student_1854,T1_Fall,Program_D_C04,4,B,1,0
Student_1854,T2_Spring,Program_D_C05,3,C,1,0
Student_1854,T2_Spring,Program_D_C06,3,B,1,0
Student_1854,T2_Spring,Program_D_C07,3,C,1,0
Student_1854,T2_Spring,Program_D_C08,4,B,1,0
Student_1854,T3_Fall,Program_D_C09,3,C,1,0
Student_1854,T3_Fall,Program_D_C10,3,C,1,0
Student_1854,T3_Fall,Program_D_C11,3,B,1,0
Student_1855,T1_Fall,Program_B_C01,3,C,1,0
Student_1855,T1_Fall,Program_B_C02,3,B,1,0
Student_1855,T1_Fall,Program_B_C03,3,W,0,1
Student_1855,T2_Spring,Program_B_C03,3,C,1,0
Student_1855,T1_Fall,Program_B_C04,4,F,0,0
Student_1855,T2_Spring,Program_B_C04,4,F,0,0
Student_1855,T2_Spring,Program_B_C05,3,C,1,0
Student_1855,T2_Spring,Program_B_C06,3,F,0,0
Student_1855,T2_Spring,Program_B_C07,3,C,1,0
Student_1855,T2_Spring,Program_B_C09,3,C,1,0
Student_1855,T3_Fall,Program_B_C11,3,F,0,0
Student_1855,T3_Fall,Program_B_C13,3,F,0,0
Student_1856,T1_Fall,Program_B_C01,3,W,0,1
Student_1856,T2_Spring,Program_B_C01,3,C,1,0
Student_1856,T1_Fall,Program_B_C02,3,B,1,0
Student_1856,T1_Fall,Program_B_C03,3,C,1,0
Student_1857,T1_Fall,Program_D_C01,3,B,1,0
Student_1858,T1_Fall,Program_D_C01,3,C,1,0
Student_1858,T1_Fall,Program_D_C02,3,B,1,0
Student_1858,T1_Fall,Program_D_C03,3,B,1,0
Student_1858,T1_Fall,Program_D_C04,4,C,1,0
Student_1858,T2_Spring,Program_D_C05,3,W,0,1
Student_1858,T2_Spring,Program_D_C06,3,F,0,0
Student_1858,T2_Spring,Program_D_C07,3,C,1,0
Student_1858,T2_Spring,Program_D_C08,4,C,1,0
Student_1859,T1_Fall,Program_A_C01,3,D,1,0
Student_1860,T1_Fall,Program_A_C01,3,B,1,0
Student_1860,T1_Fall,Program_A_C02,3,A,1,0
Student_1860,T1_Fall,Program_A_C03,3,B,1,0
Student_1861,T1_Fall,Program_D_C01,3,B,1,0
Student_1861,T1_Fall,Program_D_C02,3,C,1,0
Student_1861,T1_Fall,Program_D_C03,3,C,1,0
Student_1861,T1_Fall,Program_D_C04,4,F,0,0
Student_1861,T2_Spring,Program_D_C04,4,C,1,0
Student_1861,T2_Spring,Program_D_C05,3,C,1,0
Student_1861,T2_Spring,Program_D_C06,3,W,0,1
Student_1861,T2_Spring,Program_D_C07,3,C,1,0
Student_1862,T1_Fall,Program_A_C01,3,C,1,0
Student_1862,T1_Fall,Program_A_C02,3,B,1,0
Student_1862,T1_Fall,Program_A_C03,3,B,1,0
Student_1862,T1_Fall,Program_A_C04,4,F,0,0
Student_1862,T2_Spring,Program_A_C04,4,C,1,0
Student_1862,T2_Spring,Program_A_C05,3,C,1,0
Student_1862,T2_Spring,Program_A_C06,3,C,1,0
Student_1863,T1_Fall,Program_C_C01,3,B,1,0
Student_1863,T1_Fall,Program_C_C02,3,B,1,0
Student_1863,T1_Fall,Program_C_C03,3,B,1,0
Student_1863,T1_Fall,Program_C_C04,4,F,0,0
Student_1863,T2_Spring,Program_C_C04,4,C,1,0
Student_1863,T2_Spring,Program_C_C05,3,C,1,0
Student_1863,T2_Spring,Program_C_C06,3,B,1,0
Student_1863,T2_Spring,Program_C_C07,3,C,1,0
Student_1863,T2_Spring,Program_C_C08,4,B,1,0
Student_1863,T3_Fall,Program_C_C09,3,C,1,0
Student_1863,T3_Fall,Program_C_C10,3,C,1,0
Student_1864,T1_Fall,Program_B_C01,3,C,1,0
Student_1864,T1_Fall,Program_B_C02,3,B,1,0
Student_1865,T1_Fall,Program_C_C01,3,B,1,0
Student_1865,T1_Fall,Program_C_C02,3,B,1,0
Student_1865,T1_Fall,Program_C_C03,3,B,1,0
Student_1865,T1_Fall,Program_C_C04,4,C,1,0
Student_1865,T2_Spring,Program_C_C05,3,B,1,0
Student_1865,T2_Spring,Program_C_C06,3,B,1,0
Student_1865,T2_Spring,Program_C_C07,3,B,1,0
Student_1865,T2_Spring,Program_C_C08,4,F,0,0
Student_1865,T3_Fall,Program_C_C08,4,C,1,0
Student_1866,T1_Fall,Program_B_C01,3,B,1,0
Student_1866,T1_Fall,Program_B_C02,3,B,1,0
Student_1866,T1_Fall,Program_B_C03,3,A,1,0
Student_1866,T1_Fall,Program_B_C04,4,A,1,0
Student_1866,T2_Spring,Program_B_C05,3,B,1,0
Student_1866,T2_Spring,Program_B_C06,3,B,1,0
Student_1867,T1_Fall,Program_A_C01,3,C,1,0
Student_1867,T1_Fall,Program_A_C02,3,B,1,0
Student_1867,T1_Fall,Program_A_C03,3,B,1,0
Student_1867,T1_Fall,Program_A_C04,4,F,0,0
Student_1867,T2_Spring,Program_A_C05,3,F,0,0
Student_1867,T2_Spring,Program_A_C06,3,F,0,0
Student_1867,T3_Fall,Program_A_C06,3,C,1,0
Student_1867,T2_Spring,Program_A_C07,3,C,1,0
Student_1868,T1_Fall,Program_D_C01,3,B,1,0
Student_1868,T1_Fall,Program_D_C02,3,A,1,0
Student_1868,T1_Fall,Program_D_C03,3,B,1,0
Student_1868,T1_Fall,Program_D_C04,4,A,1,0
Student_1868,T2_Spring,Program_D_C05,3,C,1,0
Student_1868,T2_Spring,Program_D_C06,3,B,1,0
Student_1868,T2_Spring,Program_D_C07,3,A,1,0
Student_1868,T2_Spring,Program_D_C08,4,F,0,0
Student_1868,T3_Fall,Program_D_C08,4,C,1,0
Student_1869,T1_Fall,Program_C_C01,3,F,0,0
Student_1869,T2_Spring,Program_C_C01,3,C,1,0
Student_1870,T1_Fall,Program_D_C01,3,C,1,0
Student_1870,T1_Fall,Program_D_C02,3,F,0,0
Student_1870,T1_Fall,Program_D_C03,3,C,1,0
Student_1870,T1_Fall,Program_D_C06,3,F,0,0
Student_1870,T2_Spring,Program_D_C07,3,B,1,0
Student_1870,T2_Spring,Program_D_C11,3,B,1,0
Student_1871,T1_Fall,Program_C_C01,3,B,1,0
Student_1871,T1_Fall,Program_C_C02,3,B,1,0
Student_1871,T1_Fall,Program_C_C03,3,C,1,0
Student_1871,T1_Fall,Program_C_C04,4,C,1,0
Student_1871,T2_Spring,Program_C_C05,3,B,1,0
Student_1871,T2_Spring,Program_C_C06,3,C,1,0
Student_1871,T2_Spring,Program_C_C07,3,B,1,0
Student_1871,T2_Spring,Program_C_C08,4,F,0,0
Student_1871,T3_Fall,Program_C_C09,3,W,0,1
Student_1871,T3_Fall,Program_C_C10,3,C,1,0
Student_1871,T3_Fall,Program_C_C11,3,C,1,0
Student_1872,T1_Fall,Program_A_C01,3,B,1,0
Student_1872,T1_Fall,Program_A_C02,3,F,0,0
Student_1872,T2_Spring,Program_A_C02,3,C,1,0
Student_1872,T1_Fall,Program_A_C03,3,F,0,0
Student_1872,T2_Spring,Program_A_C03,3,C,1,0
Student_1872,T1_Fall,Program_A_C04,4,F,0,0
Student_1872,T2_Spring,Program_A_C04,4,F,0,0
Student_1872,T2_Spring,Program_A_C05,3,F,0,0
Student_1872,T3_Fall,Program_A_C05,3,C,1,0
Student_1872,T2_Spring,Program_A_C06,3,W,0,1
Student_1872,T2_Spring,Program_A_C07,3,W,0,1
Student_1872,T2_Spring,Program_A_C09,3,F,0,0
Student_1872,T3_Fall,Program_A_C09,3,F,0,0
Student_1873,T1_Fall,Program_C_C01,3,B,1,0
Student_1873,T1_Fall,Program_C_C02,3,W,0,1
Student_1873,T2_Spring,Program_C_C02,3,C,1,0
Student_1873,T1_Fall,Program_C_C03,3,B,1,0
Student_1873,T1_Fall,Program_C_C04,4,C,1,0
Student_1873,T2_Spring,Program_C_C05,3,B,1,0
Student_1874,T1_Fall,Program_A_C01,3,B,1,0
Student_1875,T1_Fall,Program_C_C01,3,B,1,0
Student_1875,T1_Fall,Program_C_C02,3,B,1,0
Student_1875,T1_Fall,Program_C_C03,3,B,1,0
Student_1875,T1_Fall,Program_C_C04,4,B,1,0
Student_1875,T2_Spring,Program_C_C05,3,A,1,0
Student_1875,T2_Spring,Program_C_C06,3,A,1,0
Student_1875,T2_Spring,Program_C_C07,3,B,1,0
Student_1875,T2_Spring,Program_C_C08,4,A,1,0
Student_1875,T3_Fall,Program_C_C09,3,A,1,0
Student_1876,T1_Fall,Program_C_C01,3,C,1,0
Student_1876,T1_Fall,Program_C_C02,3,W,0,1
Student_1876,T2_Spring,Program_C_C02,3,C,1,0
Student_1877,T1_Fall,Program_B_C01,3,A,1,0
Student_1877,T1_Fall,Program_B_C02,3,A,1,0
Student_1877,T1_Fall,Program_B_C03,3,B,1,0
Student_1877,T1_Fall,Program_B_C04,4,A,1,0
Student_1877,T2_Spring,Program_B_C05,3,B,1,0
Student_1877,T2_Spring,Program_B_C06,3,A,1,0
Student_1877,T2_Spring,Program_B_C07,3,C,1,0
Student_1878,T1_Fall,Program_D_C01,3,F,0,0
Student_1878,T2_Spring,Program_D_C01,3,F,0,0
Student_1878,T1_Fall,Program_D_C02,3,C,1,0
Student_1878,T1_Fall,Program_D_C04,4,D,1,0
Student_1878,T1_Fall,Program_D_C05,3,C,1,0
Student_1879,T1_Fall,Program_D_C01,3,B,1,0
Student_1880,T1_Fall,Program_A_C01,3,C,1,0
Student_1880,T1_Fall,Program_A_C02,3,C,1,0
Student_1880,T1_Fall,Program_A_C03,3,B,1,0
Student_1880,T1_Fall,Program_A_C04,4,C,1,0
Student_1880,T2_Spring,Program_A_C05,3,B,1,0
Student_1880,T2_Spring,Program_A_C06,3,W,0,1
Student_1880,T2_Spring,Program_A_C07,3,C,1,0
Student_1880,T2_Spring,Program_A_C08,4,A,1,0
Student_1880,T3_Fall,Program_A_C09,3,C,1,0
Student_1880,T3_Fall,Program_A_C11,3,B,1,0
Student_1881,T1_Fall,Program_A_C01,3,B,1,0
Student_1881,T1_Fall,Program_A_C02,3,C,1,0
Student_1881,T1_Fall,Program_A_C03,3,C,1,0
Student_1881,T1_Fall,Program_A_C04,4,B,1,0
Student_1881,T2_Spring,Program_A_C05,3,F,0,0
Student_1881,T3_Fall,Program_A_C05,3,C,1,0
Student_1881,T2_Spring,Program_A_C06,3,W,0,1
Student_1881,T2_Spring,Program_A_C07,3,C,1,0
Student_1881,T2_Spring,Program_A_C08,4,B,1,0
Student_1881,T3_Fall,Program_A_C09,3,W,0,1
Student_1881,T4_Spring,Program_A_C09,3,C,1,0
Student_1881,T3_Fall,Program_A_C11,3,B,1,0
Student_1881,T3_Fall,Program_A_C12,4,C,1,0
Student_1881,T3_Fall,Program_A_C13,3,C,1,0
Student_1881,T4_Spring,Program_A_C15,3,B,1,0
Student_1882,T1_Fall,Program_A_C01,3,W,0,1
Student_1882,T2_Spring,Program_A_C01,3,C,1,0
Student_1882,T1_Fall,Program_A_C02,3,F,0,0
Student_1882,T2_Spring,Program_A_C02,3,C,1,0
Student_1882,T1_Fall,Program_A_C03,3,W,0,1
Student_1882,T1_Fall,Program_A_C04,4,C,1,0
Student_1882,T2_Spring,Program_A_C05,3,F,0,0
Student_1882,T3_Fall,Program_A_C05,3,F,0,0
Student_1882,T2_Spring,Program_A_C08,4,C,1,0
Student_1882,T2_Spring,Program_A_C12,4,F,0,0
Student_1883,T1_Fall,Program_A_C01,3,D,1,0
Student_1883,T1_Fall,Program_A_C02,3,F,0,0
Student_1883,T2_Spring,Program_A_C02,3,C,1,0
Student_1883,T1_Fall,Program_A_C03,3,C,1,0
Student_1883,T1_Fall,Program_A_C04,4,F,0,0
Student_1883,T2_Spring,Program_A_C05,3,F,0,0
Student_1883,T3_Fall,Program_A_C05,3,C,1,0
Student_1883,T2_Spring,Program_A_C06,3,C,1,0
Student_1883,T2_Spring,Program_A_C07,3,W,0,1
Student_1883,T2_Spring,Program_A_C09,3,C,1,0
Student_1883,T3_Fall,Program_A_C10,3,D,1,0
Student_1883,T3_Fall,Program_A_C13,3,W,0,1
Student_1883,T3_Fall,Program_A_C14,3,F,0,0
Student_1883,T4_Spring,Program_A_C14,3,F,0,0
Student_1884,T1_Fall,Program_A_C01,3,A,1,0
Student_1884,T1_Fall,Program_A_C02,3,C,1,0
Student_1884,T1_Fall,Program_A_C03,3,B,1,0
Student_1884,T1_Fall,Program_A_C04,4,B,1,0
Student_1884,T2_Spring,Program_A_C05,3,B,1,0
Student_1885,T1_Fall,Program_A_C01,3,C,1,0
Student_1885,T1_Fall,Program_A_C02,3,C,1,0
Student_1885,T1_Fall,Program_A_C03,3,B,1,0
Student_1885,T1_Fall,Program_A_C04,4,B,1,0
Student_1885,T2_Spring,Program_A_C05,3,B,1,0
Student_1886,T1_Fall,Program_D_C01,3,B,1,0
Student_1887,T1_Fall,Program_D_C01,3,B,1,0
Student_1887,T1_Fall,Program_D_C02,3,A,1,0
Student_1887,T1_Fall,Program_D_C03,3,F,0,0
Student_1887,T1_Fall,Program_D_C04,4,A,1,0
Student_1887,T2_Spring,Program_D_C05,3,A,1,0
Student_1887,T2_Spring,Program_D_C08,4,B,1,0
Student_1888,T1_Fall,Program_D_C01,3,B,1,0
Student_1888,T1_Fall,Program_D_C02,3,B,1,0
Student_1888,T1_Fall,Program_D_C03,3,B,1,0
Student_1888,T1_Fall,Program_D_C04,4,B,1,0
Student_1889,T1_Fall,Program_B_C01,3,C,1,0
Student_1889,T1_Fall,Program_B_C02,3,F,0,0
Student_1889,T2_Spring,Program_B_C02,3,C,1,0
Student_1889,T1_Fall,Program_B_C03,3,B,1,0
Student_1889,T1_Fall,Program_B_C04,4,F,0,0
Student_1889,T2_Spring,Program_B_C05,3,C,1,0
Student_1889,T2_Spring,Program_B_C06,3,F,0,0
Student_1889,T3_Fall,Program_B_C06,3,C,1,0
Student_1889,T2_Spring,Program_B_C07,3,C,1,0
Student_1890,T1_Fall,Program_C_C01,3,C,1,0
Student_1891,T1_Fall,Program_A_C01,3,B,1,0
Student_1891,T1_Fall,Program_A_C02,3,B,1,0
Student_1891,T1_Fall,Program_A_C03,3,C,1,0
Student_1891,T1_Fall,Program_A_C04,4,F,0,0
Student_1891,T2_Spring,Program_A_C05,3,B,1,0
Student_1892,T1_Fall,Program_A_C01,3,C,1,0
Student_1892,T1_Fall,Program_A_C02,3,B,1,0
Student_1892,T1_Fall,Program_A_C03,3,B,1,0
Student_1893,T1_Fall,Program_A_C01,3,B,1,0
Student_1893,T1_Fall,Program_A_C02,3,B,1,0
Student_1893,T1_Fall,Program_A_C03,3,F,0,0
Student_1893,T2_Spring,Program_A_C03,3,C,1,0
Student_1893,T1_Fall,Program_A_C04,4,C,1,0
Student_1893,T2_Spring,Program_A_C05,3,D,1,0
Student_1893,T2_Spring,Program_A_C06,3,C,1,0
Student_1893,T2_Spring,Program_A_C07,3,D,1,0
Student_1894,T1_Fall,Program_A_C01,3,C,1,0
Student_1894,T1_Fall,Program_A_C02,3,F,0,0
Student_1894,T2_Spring,Program_A_C02,3,F,0,0
Student_1894,T1_Fall,Program_A_C03,3,C,1,0
Student_1894,T1_Fall,Program_A_C06,3,C,1,0
Student_1894,T2_Spring,Program_A_C07,3,B,1,0
Student_1894,T2_Spring,Program_A_C10,3,F,0,0
Student_1894,T2_Spring,Program_A_C11,3,F,0,0
Student_1894,T3_Fall,Program_A_C11,3,F,0,0
Student_1895,T1_Fall,Program_B_C01,3,F,0,0
Student_1895,T1_Fall,Program_B_C02,3,B,1,0
Student_1895,T1_Fall,Program_B_C04,4,B,1,0
Student_1895,T1_Fall,Program_B_C05,3,F,0,0
Student_1895,T2_Spring,Program_B_C08,4,B,1,0
Student_1895,T2_Spring,Program_B_C12,4,D,1,0
Student_1895,T2_Spring,Program_B_C16,3,F,0,0
Student_1896,T1_Fall,Program_D_C01,3,C,1,0
Student_1897,T1_Fall,Program_D_C01,3,F,0,0
Student_1897,T1_Fall,Program_D_C02,3,C,1,0
Student_1897,T1_Fall,Program_D_C04,4,D,1,0
Student_1897,T1_Fall,Program_D_C05,3,B,1,0
Student_1898,T1_Fall,Program_A_C01,3,B,1,0
Student_1898,T1_Fall,Program_A_C02,3,F,0,0
Student_1898,T1_Fall,Program_A_C03,3,C,1,0
Student_1898,T1_Fall,Program_A_C06,3,B,1,0
Student_1898,T2_Spring,Program_A_C07,3,B,1,0
Student_1898,T2_Spring,Program_A_C10,3,C,1,0
Student_1898,T2_Spring,Program_A_C11,3,B,1,0
Student_1898,T2_Spring,Program_A_C14,3,B,1,0
Student_1898,T3_Fall,Program_A_C15,3,B,1,0
Student_1899,T1_Fall,Program_D_C01,3,C,1,0
Student_1899,T1_Fall,Program_D_C02,3,C,1,0
Student_1899,T1_Fall,Program_D_C03,3,C,1,0
Student_1899,T1_Fall,Program_D_C04,4,W,0,1
Student_1899,T2_Spring,Program_D_C04,4,C,1,0
Student_1899,T2_Spring,Program_D_C05,3,F,0,0
Student_1899,T2_Spring,Program_D_C06,3,B,1,0
Student_1899,T2_Spring,Program_D_C07,3,B,1,0
Student_1899,T2_Spring,Program_D_C08,4,W,0,1
Student_1899,T3_Fall,Program_D_C08,4,F,0,0
Student_1899,T3_Fall,Program_D_C10,3,F,0,0
Student_1899,T3_Fall,Program_D_C11,3,F,0,0
Student_1899,T4_Spring,Program_D_C11,3,F,0,0
Student_1900,T1_Fall,Program_C_C01,3,F,0,0
Student_1900,T1_Fall,Program_C_C02,3,C,1,0
Student_1900,T1_Fall,Program_C_C04,4,W,0,1
Student_1900,T2_Spring,Program_C_C04,4,F,0,0
Student_1900,T1_Fall,Program_C_C05,3,F,0,0
Student_1901,T1_Fall,Program_B_C01,3,B,1,0
Student_1901,T1_Fall,Program_B_C02,3,F,0,0
Student_1901,T1_Fall,Program_B_C03,3,C,1,0
Student_1901,T1_Fall,Program_B_C06,3,B,1,0
Student_1902,T1_Fall,Program_B_C01,3,F,0,0
Student_1902,T2_Spring,Program_B_C01,3,C,1,0
Student_1902,T1_Fall,Program_B_C02,3,C,1,0
Student_1902,T1_Fall,Program_B_C03,3,F,0,0
Student_1902,T2_Spring,Program_B_C03,3,C,1,0
Student_1903,T1_Fall,Program_C_C01,3,B,1,0
Student_1903,T1_Fall,Program_C_C02,3,B,1,0
Student_1903,T1_Fall,Program_C_C03,3,B,1,0
Student_1904,T1_Fall,Program_A_C01,3,B,1,0
Student_1904,T1_Fall,Program_A_C02,3,F,0,0
Student_1904,T2_Spring,Program_A_C02,3,C,1,0
Student_1904,T1_Fall,Program_A_C03,3,F,0,0
Student_1904,T2_Spring,Program_A_C03,3,C,1,0
Student_1904,T1_Fall,Program_A_C04,4,B,1,0
Student_1904,T2_Spring,Program_A_C05,3,B,1,0
Student_1904,T2_Spring,Program_A_C06,3,F,0,0
Student_1904,T2_Spring,Program_A_C07,3,B,1,0
Student_1904,T2_Spring,Program_A_C08,4,C,1,0
Student_1904,T3_Fall,Program_A_C09,3,C,1,0
Student_1904,T3_Fall,Program_A_C11,3,B,1,0
Student_1904,T3_Fall,Program_A_C12,4,A,1,0
Student_1904,T3_Fall,Program_A_C13,3,C,1,0
Student_1905,T1_Fall,Program_D_C01,3,W,0,1
Student_1905,T2_Spring,Program_D_C01,3,C,1,0
Student_1905,T1_Fall,Program_D_C02,3,C,1,0
Student_1905,T1_Fall,Program_D_C03,3,B,1,0
Student_1905,T1_Fall,Program_D_C04,4,F,0,0
Student_1905,T2_Spring,Program_D_C05,3,F,0,0
Student_1905,T3_Fall,Program_D_C05,3,C,1,0
Student_1905,T2_Spring,Program_D_C06,3,F,0,0
Student_1905,T3_Fall,Program_D_C06,3,C,1,0
Student_1906,T1_Fall,Program_C_C01,3,F,0,0
Student_1906,T2_Spring,Program_C_C01,3,F,0,0
Student_1906,T1_Fall,Program_C_C02,3,F,0,0
Student_1906,T2_Spring,Program_C_C02,3,F,0,0
Student_1907,T1_Fall,Program_D_C01,3,C,1,0
Student_1907,T1_Fall,Program_D_C02,3,W,0,1
Student_1907,T2_Spring,Program_D_C02,3,F,0,0
Student_1907,T1_Fall,Program_D_C03,3,W,0,1
Student_1907,T2_Spring,Program_D_C03,3,F,0,0
Student_1908,T1_Fall,Program_A_C01,3,W,0,1
Student_1908,T1_Fall,Program_A_C02,3,C,1,0
Student_1908,T1_Fall,Program_A_C04,4,F,0,0
Student_1908,T1_Fall,Program_A_C05,3,B,1,0
Student_1908,T2_Spring,Program_A_C09,3,W,0,1
Student_1909,T1_Fall,Program_C_C01,3,W,0,1
Student_1909,T2_Spring,Program_C_C01,3,F,0,0
Student_1909,T1_Fall,Program_C_C02,3,C,1,0
Student_1909,T1_Fall,Program_C_C04,4,C,1,0
Student_1909,T1_Fall,Program_C_C05,3,F,0,0
Student_1909,T2_Spring,Program_C_C08,4,B,1,0
Student_1909,T2_Spring,Program_C_C12,4,C,1,0
Student_1909,T2_Spring,Program_C_C16,3,F,0,0
Student_1909,T3_Fall,Program_C_C16,3,C,1,0
Student_1910,T1_Fall,Program_A_C01,3,B,1,0
Student_1910,T1_Fall,Program_A_C02,3,B,1,0
Student_1910,T1_Fall,Program_A_C03,3,F,0,0
Student_1910,T2_Spring,Program_A_C03,3,C,1,0
Student_1910,T1_Fall,Program_A_C04,4,A,1,0
Student_1910,T2_Spring,Program_A_C05,3,B,1,0
Student_1910,T2_Spring,Program_A_C06,3,B,1,0
Student_1910,T2_Spring,Program_A_C07,3,A,1,0
Student_1910,T2_Spring,Program_A_C08,4,B,1,0
Student_1911,T1_Fall,Program_B_C01,3,C,1,0
Student_1911,T1_Fall,Program_B_C02,3,W,0,1
Student_1911,T2_Spring,Program_B_C02,3,C,1,0
Student_1911,T1_Fall,Program_B_C03,3,B,1,0
Student_1911,T1_Fall,Program_B_C04,4,B,1,0
Student_1912,T1_Fall,Program_B_C01,3,C,1,0
Student_1913,T1_Fall,Program_A_C01,3,C,1,0
Student_1913,T1_Fall,Program_A_C02,3,C,1,0
Student_1913,T1_Fall,Program_A_C03,3,F,0,0
Student_1913,T1_Fall,Program_A_C04,4,W,0,1
Student_1913,T2_Spring,Program_A_C05,3,C,1,0
Student_1913,T2_Spring,Program_A_C09,3,C,1,0
Student_1913,T2_Spring,Program_A_C13,3,F,0,0
Student_1913,T3_Fall,Program_A_C13,3,C,1,0
Student_1914,T1_Fall,Program_C_C01,3,B,1,0
Student_1914,T1_Fall,Program_C_C02,3,W,0,1
Student_1914,T2_Spring,Program_C_C02,3,C,1,0
Student_1915,T1_Fall,Program_C_C01,3,F,0,0
Student_1915,T2_Spring,Program_C_C01,3,C,1,0
Student_1915,T1_Fall,Program_C_C02,3,F,0,0
Student_1915,T1_Fall,Program_C_C03,3,F,0,0
Student_1915,T2_Spring,Program_C_C03,3,C,1,0
Student_1915,T1_Fall,Program_C_C06,3,F,0,0
Student_1915,T2_Spring,Program_C_C06,3,C,1,0
Student_1916,T1_Fall,Program_C_C01,3,F,0,0
Student_1916,T2_Spring,Program_C_C01,3,C,1,0
Student_1916,T1_Fall,Program_C_C02,3,B,1,0
Student_1916,T1_Fall,Program_C_C03,3,F,0,0
Student_1916,T1_Fall,Program_C_C04,4,B,1,0
Student_1916,T2_Spring,Program_C_C05,3,C,1,0
Student_1917,T1_Fall,Program_A_C01,3,B,1,0
Student_1917,T1_Fall,Program_A_C02,3,W,0,1
Student_1917,T1_Fall,Program_A_C03,3,C,1,0
Student_1917,T1_Fall,Program_A_C06,3,W,0,1
Student_1917,T2_Spring,Program_A_C06,3,C,1,0
Student_1917,T2_Spring,Program_A_C07,3,F,0,0
Student_1917,T3_Fall,Program_A_C07,3,C,1,0
Student_1917,T2_Spring,Program_A_C10,3,F,0,0
Student_1917,T2_Spring,Program_A_C11,3,D,1,0
Student_1917,T2_Spring,Program_A_C15,3,W,0,1
Student_1918,T1_Fall,Program_A_C01,3,B,1,0
Student_1918,T1_Fall,Program_A_C02,3,C,1,0
Student_1918,T1_Fall,Program_A_C03,3,B,1,0
Student_1919,T1_Fall,Program_A_C01,3,F,0,0
Student_1919,T2_Spring,Program_A_C01,3,C,1,0
Student_1919,T1_Fall,Program_A_C02,3,C,1,0
Student_1919,T1_Fall,Program_A_C03,3,C,1,0
Student_1919,T1_Fall,Program_A_C04,4,C,1,0
Student_1919,T2_Spring,Program_A_C05,3,C,1,0
Student_1919,T2_Spring,Program_A_C06,3,C,1,0
Student_1919,T2_Spring,Program_A_C07,3,C,1,0
Student_1920,T1_Fall,Program_A_C01,3,A,1,0
Student_1920,T1_Fall,Program_A_C02,3,C,1,0
Student_1920,T1_Fall,Program_A_C03,3,B,1,0
Student_1920,T1_Fall,Program_A_C04,4,B,1,0
Student_1920,T2_Spring,Program_A_C05,3,B,1,0
Student_1920,T2_Spring,Program_A_C06,3,A,1,0
Student_1920,T2_Spring,Program_A_C07,3,B,1,0
Student_1920,T2_Spring,Program_A_C08,4,B,1,0
Student_1921,T1_Fall,Program_C_C01,3,F,0,0
Student_1921,T2_Spring,Program_C_C01,3,C,1,0
Student_1921,T1_Fall,Program_C_C02,3,C,1,0
Student_1921,T1_Fall,Program_C_C03,3,B,1,0
Student_1921,T1_Fall,Program_C_C04,4,W,0,1
Student_1921,T2_Spring,Program_C_C05,3,W,0,1
Student_1921,T2_Spring,Program_C_C06,3,W,0,1
Student_1921,T3_Fall,Program_C_C06,3,C,1,0
Student_1921,T2_Spring,Program_C_C07,3,F,0,0
Student_1921,T2_Spring,Program_C_C10,3,F,0,0
Student_1922,T1_Fall,Program_D_C01,3,C,1,0
Student_1922,T1_Fall,Program_D_C02,3,C,1,0
Student_1922,T1_Fall,Program_D_C03,3,C,1,0
Student_1922,T1_Fall,Program_D_C04,4,W,0,1
Student_1922,T2_Spring,Program_D_C04,4,F,0,0
Student_1922,T2_Spring,Program_D_C05,3,C,1,0
Student_1922,T2_Spring,Program_D_C06,3,F,0,0
Student_1922,T3_Fall,Program_D_C06,3,C,1,0
Student_1922,T2_Spring,Program_D_C07,3,F,0,0
Student_1922,T3_Fall,Program_D_C07,3,C,1,0
Student_1922,T2_Spring,Program_D_C09,3,F,0,0
Student_1922,T3_Fall,Program_D_C09,3,C,1,0
Student_1923,T1_Fall,Program_D_C01,3,F,0,0
Student_1923,T1_Fall,Program_D_C02,3,C,1,0
Student_1924,T1_Fall,Program_A_C01,3,B,1,0
Student_1924,T1_Fall,Program_A_C02,3,C,1,0
Student_1924,T1_Fall,Program_A_C03,3,B,1,0
Student_1924,T1_Fall,Program_A_C04,4,B,1,0
Student_1925,T1_Fall,Program_A_C01,3,F,0,0
Student_1925,T1_Fall,Program_A_C02,3,D,1,0
Student_1925,T1_Fall,Program_A_C04,4,C,1,0
Student_1925,T1_Fall,Program_A_C05,3,C,1,0
Student_1925,T2_Spring,Program_A_C08,4,F,0,0
Student_1925,T2_Spring,Program_A_C09,3,C,1,0
Student_1925,T2_Spring,Program_A_C13,3,F,0,0
Student_1925,T3_Fall,Program_A_C13,3,C,1,0
Student_1926,T1_Fall,Program_A_C01,3,B,1,0
Student_1926,T1_Fall,Program_A_C02,3,F,0,0
Student_1926,T1_Fall,Program_A_C03,3,C,1,0
Student_1926,T1_Fall,Program_A_C06,3,C,1,0
Student_1926,T2_Spring,Program_A_C07,3,C,1,0
Student_1926,T2_Spring,Program_A_C10,3,B,1,0
Student_1926,T2_Spring,Program_A_C11,3,F,0,0
Student_1926,T2_Spring,Program_A_C14,3,C,1,0
Student_1927,T1_Fall,Program_D_C01,3,C,1,0
Student_1927,T1_Fall,Program_D_C02,3,F,0,0
Student_1927,T2_Spring,Program_D_C02,3,F,0,0
Student_1927,T1_Fall,Program_D_C03,3,B,1,0
Student_1927,T1_Fall,Program_D_C06,3,B,1,0
Student_1927,T2_Spring,Program_D_C07,3,C,1,0
Student_1927,T2_Spring,Program_D_C10,3,C,1,0
Student_1928,T1_Fall,Program_D_C01,3,F,0,0
Student_1928,T2_Spring,Program_D_C01,3,F,0,0
Student_1928,T1_Fall,Program_D_C02,3,C,1,0
Student_1928,T1_Fall,Program_D_C04,4,C,1,0
Student_1929,T1_Fall,Program_C_C01,3,C,1,0
Student_1930,T1_Fall,Program_B_C01,3,C,1,0
Student_1930,T1_Fall,Program_B_C02,3,C,1,0
Student_1930,T1_Fall,Program_B_C03,3,F,0,0
Student_1930,T1_Fall,Program_B_C04,4,B,1,0
Student_1930,T2_Spring,Program_B_C05,3,C,1,0
Student_1930,T2_Spring,Program_B_C08,4,B,1,0
Student_1930,T2_Spring,Program_B_C09,3,C,1,0
Student_1930,T2_Spring,Program_B_C12,4,C,1,0
Student_1930,T3_Fall,Program_B_C13,3,F,0,0
Student_1930,T3_Fall,Program_B_C16,3,W,0,1
Student_1930,T4_Spring,Program_B_C16,3,C,1,0
Student_1931,T1_Fall,Program_A_C01,3,B,1,0
Student_1931,T1_Fall,Program_A_C02,3,W,0,1
Student_1931,T2_Spring,Program_A_C02,3,C,1,0
Student_1931,T1_Fall,Program_A_C03,3,B,1,0
Student_1931,T1_Fall,Program_A_C04,4,C,1,0
Student_1931,T2_Spring,Program_A_C05,3,B,1,0
Student_1931,T2_Spring,Program_A_C06,3,F,0,0
Student_1931,T2_Spring,Program_A_C07,3,C,1,0
Student_1931,T2_Spring,Program_A_C08,4,C,1,0
Student_1931,T3_Fall,Program_A_C09,3,B,1,0
Student_1931,T3_Fall,Program_A_C11,3,C,1,0
Student_1931,T3_Fall,Program_A_C12,4,W,0,1
Student_1931,T3_Fall,Program_A_C13,3,F,0,0
Student_1931,T4_Spring,Program_A_C13,3,C,1,0
Student_1931,T4_Spring,Program_A_C15,3,B,1,0
Student_1932,T1_Fall,Program_D_C01,3,W,0,1
Student_1932,T1_Fall,Program_D_C02,3,F,0,0
Student_1933,T1_Fall,Program_B_C01,3,B,1,0
Student_1933,T1_Fall,Program_B_C02,3,F,0,0
Student_1933,T1_Fall,Program_B_C03,3,W,0,1
Student_1933,T2_Spring,Program_B_C03,3,C,1,0
Student_1933,T1_Fall,Program_B_C06,3,C,1,0
Student_1933,T2_Spring,Program_B_C07,3,F,0,0
Student_1933,T3_Fall,Program_B_C07,3,C,1,0
Student_1933,T2_Spring,Program_B_C10,3,B,1,0
Student_1933,T2_Spring,Program_B_C11,3,B,1,0
Student_1933,T2_Spring,Program_B_C14,3,W,0,1
Student_1933,T3_Fall,Program_B_C15,3,C,1,0
Student_1934,T1_Fall,Program_A_C01,3,B,1,0
Student_1934,T1_Fall,Program_A_C02,3,B,1,0
Student_1934,T1_Fall,Program_A_C03,3,B,1,0
Student_1934,T1_Fall,Program_A_C04,4,B,1,0
Student_1934,T2_Spring,Program_A_C05,3,F,0,0
Student_1934,T2_Spring,Program_A_C06,3,C,1,0
Student_1934,T2_Spring,Program_A_C07,3,C,1,0
Student_1934,T2_Spring,Program_A_C08,4,B,1,0
Student_1934,T3_Fall,Program_A_C10,3,C,1,0
Student_1934,T3_Fall,Program_A_C11,3,C,1,0
Student_1935,T1_Fall,Program_B_C01,3,W,0,1
Student_1935,T1_Fall,Program_B_C02,3,C,1,0
Student_1935,T1_Fall,Program_B_C04,4,C,1,0
Student_1935,T1_Fall,Program_B_C05,3,C,1,0
Student_1935,T2_Spring,Program_B_C08,4,D,1,0
Student_1935,T2_Spring,Program_B_C09,3,C,1,0
Student_1935,T2_Spring,Program_B_C12,4,F,0,0
Student_1935,T3_Fall,Program_B_C12,4,C,1,0
Student_1936,T1_Fall,Program_C_C01,3,C,1,0
Student_1936,T1_Fall,Program_C_C02,3,B,1,0
Student_1937,T1_Fall,Program_D_C01,3,C,1,0
Student_1937,T1_Fall,Program_D_C02,3,C,1,0
Student_1937,T1_Fall,Program_D_C03,3,F,0,0
Student_1937,T1_Fall,Program_D_C04,4,B,1,0
Student_1937,T2_Spring,Program_D_C05,3,F,0,0
Student_1937,T2_Spring,Program_D_C08,4,C,1,0
Student_1937,T2_Spring,Program_D_C12,4,C,1,0
Student_1937,T2_Spring,Program_D_C16,3,C,1,0
Student_1938,T1_Fall,Program_D_C01,3,A,1,0
Student_1938,T1_Fall,Program_D_C02,3,B,1,0
Student_1938,T1_Fall,Program_D_C03,3,B,1,0
Student_1939,T1_Fall,Program_D_C01,3,B,1,0
Student_1940,T1_Fall,Program_D_C01,3,A,1,0
Student_1940,T1_Fall,Program_D_C02,3,B,1,0
Student_1940,T1_Fall,Program_D_C03,3,B,1,0
Student_1940,T1_Fall,Program_D_C04,4,B,1,0
Student_1940,T2_Spring,Program_D_C05,3,B,1,0
Student_1941,T1_Fall,Program_B_C01,3,F,0,0
Student_1941,T2_Spring,Program_B_C01,3,C,1,0
Student_1941,T1_Fall,Program_B_C02,3,W,0,1
Student_1941,T1_Fall,Program_B_C03,3,W,0,1
Student_1942,T1_Fall,Program_A_C01,3,B,1,0
Student_1942,T1_Fall,Program_A_C02,3,C,1,0
Student_1942,T1_Fall,Program_A_C03,3,C,1,0
Student_1942,T1_Fall,Program_A_C04,4,F,0,0
Student_1942,T2_Spring,Program_A_C05,3,C,1,0
Student_1942,T2_Spring,Program_A_C06,3,F,0,0
Student_1942,T3_Fall,Program_A_C06,3,C,1,0
Student_1942,T2_Spring,Program_A_C07,3,C,1,0
Student_1942,T2_Spring,Program_A_C09,3,B,1,0
Student_1942,T3_Fall,Program_A_C10,3,C,1,0
Student_1942,T3_Fall,Program_A_C11,3,C,1,0
Student_1942,T3_Fall,Program_A_C13,3,C,1,0
Student_1942,T3_Fall,Program_A_C14,3,B,1,0
Student_1942,T4_Spring,Program_A_C15,3,B,1,0
Student_1943,T1_Fall,Program_A_C01,3,C,1,0
Student_1943,T1_Fall,Program_A_C02,3,C,1,0
Student_1943,T1_Fall,Program_A_C03,3,B,1,0
Student_1944,T1_Fall,Program_A_C01,3,F,0,0
Student_1944,T2_Spring,Program_A_C01,3,C,1,0
Student_1944,T1_Fall,Program_A_C02,3,F,0,0
Student_1944,T2_Spring,Program_A_C02,3,C,1,0
Student_1944,T1_Fall,Program_A_C03,3,F,0,0
Student_1944,T2_Spring,Program_A_C03,3,F,0,0
Student_1944,T1_Fall,Program_A_C04,4,W,0,1
Student_1944,T2_Spring,Program_A_C04,4,F,0,0
Student_1944,T2_Spring,Program_A_C05,3,F,0,0
Student_1944,T3_Fall,Program_A_C05,3,F,0,0
Student_1945,T1_Fall,Program_D_C01,3,A,1,0
Student_1945,T1_Fall,Program_D_C02,3,B,1,0
Student_1945,T1_Fall,Program_D_C03,3,B,1,0
Student_1945,T1_Fall,Program_D_C04,4,A,1,0
Student_1946,T1_Fall,Program_C_C01,3,B,1,0
Student_1946,T1_Fall,Program_C_C02,3,B,1,0
Student_1946,T1_Fall,Program_C_C03,3,B,1,0
Student_1947,T1_Fall,Program_B_C01,3,C,1,0
Student_1947,T1_Fall,Program_B_C02,3,W,0,1
Student_1947,T2_Spring,Program_B_C02,3,C,1,0
Student_1947,T1_Fall,Program_B_C03,3,F,0,0
Student_1947,T1_Fall,Program_B_C04,4,B,1,0
Student_1947,T2_Spring,Program_B_C05,3,F,0,0
Student_1947,T2_Spring,Program_B_C08,4,C,1,0
Student_1947,T2_Spring,Program_B_C12,4,D,1,0
Student_1947,T2_Spring,Program_B_C16,3,F,0,0
Student_1947,T3_Fall,Program_B_C16,3,C,1,0
Student_1948,T1_Fall,Program_C_C01,3,F,0,0
Student_1948,T1_Fall,Program_C_C02,3,C,1,0
Student_1948,T1_Fall,Program_C_C04,4,B,1,0
Student_1948,T1_Fall,Program_C_C05,3,F,0,0
Student_1948,T2_Spring,Program_C_C08,4,F,0,0
Student_1949,T1_Fall,Program_C_C01,3,C,1,0
Student_1949,T1_Fall,Program_C_C02,3,B,1,0
Student_1949,T1_Fall,Program_C_C03,3,B,1,0
Student_1949,T1_Fall,Program_C_C04,4,F,0,0
Student_1949,T2_Spring,Program_C_C05,3,B,1,0
Student_1949,T2_Spring,Program_C_C06,3,B,1,0
Student_1949,T2_Spring,Program_C_C07,3,A,1,0
Student_1949,T2_Spring,Program_C_C09,3,B,1,0
Student_1949,T3_Fall,Program_C_C10,3,C,1,0
Student_1949,T3_Fall,Program_C_C11,3,C,1,0
Student_1949,T3_Fall,Program_C_C13,3,B,1,0
Student_1949,T3_Fall,Program_C_C14,3,W,0,1
Student_1949,T4_Spring,Program_C_C14,3,C,1,0
Student_1950,T1_Fall,Program_B_C01,3,W,0,1
Student_1950,T2_Spring,Program_B_C01,3,C,1,0
Student_1950,T1_Fall,Program_B_C02,3,W,0,1
Student_1950,T1_Fall,Program_B_C03,3,B,1,0
Student_1950,T1_Fall,Program_B_C06,3,C,1,0
Student_1950,T2_Spring,Program_B_C07,3,B,1,0
Student_1950,T2_Spring,Program_B_C10,3,F,0,0
Student_1950,T3_Fall,Program_B_C10,3,C,1,0
Student_1950,T2_Spring,Program_B_C11,3,C,1,0
Student_1951,T1_Fall,Program_A_C01,3,B,1,0
Student_1951,T1_Fall,Program_A_C02,3,B,1,0
Student_1951,T1_Fall,Program_A_C03,3,C,1,0
Student_1952,T1_Fall,Program_D_C01,3,C,1,0
Student_1952,T1_Fall,Program_D_C02,3,C,1,0
Student_1952,T1_Fall,Program_D_C03,3,D,1,0
Student_1952,T1_Fall,Program_D_C04,4,B,1,0
Student_1952,T2_Spring,Program_D_C05,3,B,1,0
Student_1952,T2_Spring,Program_D_C06,3,C,1,0
Student_1952,T2_Spring,Program_D_C07,3,B,1,0
Student_1952,T2_Spring,Program_D_C08,4,C,1,0
Student_1952,T3_Fall,Program_D_C09,3,C,1,0
Student_1953,T1_Fall,Program_B_C01,3,C,1,0
Student_1953,T1_Fall,Program_B_C02,3,B,1,0
Student_1953,T1_Fall,Program_B_C03,3,F,0,0
Student_1953,T2_Spring,Program_B_C03,3,F,0,0
Student_1953,T1_Fall,Program_B_C04,4,C,1,0
Student_1953,T2_Spring,Program_B_C05,3,C,1,0
Student_1953,T2_Spring,Program_B_C08,4,F,0,0
Student_1953,T2_Spring,Program_B_C09,3,F,0,0
Student_1954,T1_Fall,Program_C_C01,3,B,1,0
Student_1954,T1_Fall,Program_C_C02,3,F,0,0
Student_1954,T2_Spring,Program_C_C02,3,C,1,0
Student_1954,T1_Fall,Program_C_C03,3,B,1,0
Student_1954,T1_Fall,Program_C_C04,4,W,0,1
Student_1954,T2_Spring,Program_C_C05,3,F,0,0
Student_1954,T3_Fall,Program_C_C05,3,C,1,0
Student_1954,T2_Spring,Program_C_C06,3,C,1,0
Student_1954,T2_Spring,Program_C_C07,3,F,0,0
Student_1954,T3_Fall,Program_C_C07,3,C,1,0
Student_1954,T2_Spring,Program_C_C09,3,B,1,0
Student_1954,T3_Fall,Program_C_C10,3,C,1,0
Student_1954,T3_Fall,Program_C_C11,3,B,1,0
Student_1955,T1_Fall,Program_C_C01,3,W,0,1
Student_1955,T1_Fall,Program_C_C02,3,B,1,0
Student_1955,T1_Fall,Program_C_C04,4,B,1,0
Student_1955,T1_Fall,Program_C_C05,3,C,1,0
Student_1955,T2_Spring,Program_C_C08,4,B,1,0
Student_1955,T2_Spring,Program_C_C09,3,B,1,0
Student_1955,T2_Spring,Program_C_C12,4,C,1,0
Student_1955,T2_Spring,Program_C_C13,3,B,1,0
Student_1956,T1_Fall,Program_C_C01,3,W,0,1
Student_1956,T1_Fall,Program_C_C02,3,C,1,0
Student_1956,T1_Fall,Program_C_C04,4,F,0,0
Student_1956,T1_Fall,Program_C_C05,3,C,1,0
Student_1956,T2_Spring,Program_C_C09,3,C,1,0
Student_1957,T1_Fall,Program_D_C01,3,B,1,0
Student_1957,T1_Fall,Program_D_C02,3,B,1,0
Student_1957,T1_Fall,Program_D_C03,3,A,1,0
Student_1957,T1_Fall,Program_D_C04,4,B,1,0
Student_1957,T2_Spring,Program_D_C05,3,B,1,0
Student_1957,T2_Spring,Program_D_C06,3,B,1,0
Student_1957,T2_Spring,Program_D_C07,3,B,1,0
Student_1958,T1_Fall,Program_D_C01,3,B,1,0
Student_1958,T1_Fall,Program_D_C02,3,B,1,0
Student_1958,T1_Fall,Program_D_C03,3,C,1,0
Student_1958,T1_Fall,Program_D_C04,4,F,0,0
Student_1958,T2_Spring,Program_D_C04,4,C,1,0
Student_1958,T2_Spring,Program_D_C05,3,C,1,0
Student_1958,T2_Spring,Program_D_C06,3,B,1,0
Student_1958,T2_Spring,Program_D_C07,3,W,0,1
Student_1958,T2_Spring,Program_D_C08,4,B,1,0
Student_1958,T3_Fall,Program_D_C09,3,B,1,0
Student_1958,T3_Fall,Program_D_C10,3,B,1,0
Student_1959,T1_Fall,Program_D_C01,3,W,0,1
Student_1959,T2_Spring,Program_D_C01,3,C,1,0
Student_1959,T1_Fall,Program_D_C02,3,W,0,1
Student_1959,T2_Spring,Program_D_C02,3,C,1,0
Student_1959,T1_Fall,Program_D_C03,3,F,0,0
Student_1959,T2_Spring,Program_D_C03,3,F,0,0
Student_1959,T1_Fall,Program_D_C04,4,C,1,0
Student_1959,T2_Spring,Program_D_C05,3,F,0,0
Student_1959,T3_Fall,Program_D_C05,3,C,1,0
Student_1959,T2_Spring,Program_D_C08,4,W,0,1
Student_1959,T2_Spring,Program_D_C09,3,F,0,0
Student_1960,T1_Fall,Program_D_C01,3,A,1,0
Student_1960,T1_Fall,Program_D_C02,3,F,0,0
Student_1960,T2_Spring,Program_D_C02,3,C,1,0
Student_1960,T1_Fall,Program_D_C03,3,F,0,0
Student_1960,T2_Spring,Program_D_C03,3,C,1,0
Student_1960,T1_Fall,Program_D_C04,4,A,1,0
Student_1960,T2_Spring,Program_D_C05,3,A,1,0
Student_1960,T2_Spring,Program_D_C06,3,A,1,0
Student_1960,T2_Spring,Program_D_C07,3,F,0,0
Student_1960,T3_Fall,Program_D_C07,3,C,1,0
Student_1960,T2_Spring,Program_D_C08,4,B,1,0
Student_1960,T3_Fall,Program_D_C09,3,B,1,0
Student_1961,T1_Fall,Program_A_C01,3,B,1,0
Student_1961,T1_Fall,Program_A_C02,3,B,1,0
Student_1961,T1_Fall,Program_A_C03,3,B,1,0
Student_1961,T1_Fall,Program_A_C04,4,C,1,0
Student_1961,T2_Spring,Program_A_C05,3,C,1,0
Student_1961,T2_Spring,Program_A_C06,3,B,1,0
Student_1962,T1_Fall,Program_B_C01,3,C,1,0
Student_1962,T1_Fall,Program_B_C02,3,B,1,0
Student_1962,T1_Fall,Program_B_C03,3,F,0,0
Student_1962,T1_Fall,Program_B_C04,4,F,0,0
Student_1962,T2_Spring,Program_B_C05,3,C,1,0
Student_1962,T2_Spring,Program_B_C09,3,W,0,1
Student_1963,T1_Fall,Program_C_C01,3,C,1,0
Student_1963,T1_Fall,Program_C_C02,3,C,1,0
Student_1963,T1_Fall,Program_C_C03,3,B,1,0
Student_1963,T1_Fall,Program_C_C04,4,B,1,0
Student_1963,T2_Spring,Program_C_C05,3,F,0,0
Student_1963,T2_Spring,Program_C_C06,3,F,0,0
Student_1963,T3_Fall,Program_C_C06,3,C,1,0
Student_1963,T2_Spring,Program_C_C07,3,B,1,0
Student_1963,T2_Spring,Program_C_C08,4,B,1,0
Student_1963,T3_Fall,Program_C_C10,3,B,1,0
Student_1963,T3_Fall,Program_C_C11,3,W,0,1
Student_1963,T4_Spring,Program_C_C11,3,C,1,0
Student_1964,T1_Fall,Program_C_C01,3,B,1,0
Student_1964,T1_Fall,Program_C_C02,3,C,1,0
Student_1964,T1_Fall,Program_C_C03,3,F,0,0
Student_1964,T1_Fall,Program_C_C04,4,C,1,0
Student_1964,T2_Spring,Program_C_C05,3,B,1,0
Student_1964,T2_Spring,Program_C_C08,4,C,1,0
Student_1964,T2_Spring,Program_C_C09,3,B,1,0
Student_1965,T1_Fall,Program_A_C01,3,W,0,1
Student_1965,T1_Fall,Program_A_C02,3,C,1,0
Student_1965,T1_Fall,Program_A_C04,4,W,0,1
Student_1965,T1_Fall,Program_A_C05,3,F,0,0
Student_1966,T1_Fall,Program_C_C01,3,B,1,0
Student_1966,T1_Fall,Program_C_C02,3,B,1,0
Student_1966,T1_Fall,Program_C_C03,3,B,1,0
Student_1966,T1_Fall,Program_C_C04,4,B,1,0
Student_1967,T1_Fall,Program_B_C01,3,C,1,0
Student_1967,T1_Fall,Program_B_C02,3,C,1,0
Student_1967,T1_Fall,Program_B_C03,3,F,0,0
Student_1967,T2_Spring,Program_B_C03,3,F,0,0
Student_1967,T1_Fall,Program_B_C04,4,C,1,0
Student_1967,T2_Spring,Program_B_C05,3,F,0,0
Student_1967,T2_Spring,Program_B_C08,4,C,1,0
Student_1967,T2_Spring,Program_B_C12,4,W,0,1
Student_1968,T1_Fall,Program_C_C01,3,W,0,1
Student_1968,T2_Spring,Program_C_C01,3,C,1,0
Student_1969,T1_Fall,Program_A_C01,3,C,1,0
Student_1969,T1_Fall,Program_A_C02,3,F,0,0
Student_1969,T2_Spring,Program_A_C02,3,C,1,0
Student_1969,T1_Fall,Program_A_C03,3,C,1,0
Student_1969,T1_Fall,Program_A_C04,4,C,1,0
Student_1969,T2_Spring,Program_A_C05,3,B,1,0
Student_1969,T2_Spring,Program_A_C06,3,F,0,0
Student_1969,T2_Spring,Program_A_C07,3,F,0,0
Student_1969,T2_Spring,Program_A_C08,4,B,1,0
Student_1969,T3_Fall,Program_A_C09,3,B,1,0
Student_1970,T1_Fall,Program_B_C01,3,B,1,0
Student_1970,T1_Fall,Program_B_C02,3,B,1,0
Student_1970,T1_Fall,Program_B_C03,3,C,1,0
Student_1970,T1_Fall,Program_B_C04,4,F,0,0
Student_1970,T2_Spring,Program_B_C05,3,B,1,0
Student_1970,T2_Spring,Program_B_C06,3,C,1,0
Student_1970,T2_Spring,Program_B_C07,3,F,0,0
Student_1970,T2_Spring,Program_B_C09,3,W,0,1
Student_1970,T3_Fall,Program_B_C09,3,F,0,0
Student_1970,T3_Fall,Program_B_C10,3,B,1,0
Student_1970,T3_Fall,Program_B_C14,3,B,1,0
Student_1971,T1_Fall,Program_C_C01,3,C,1,0
Student_1971,T1_Fall,Program_C_C02,3,C,1,0
Student_1971,T1_Fall,Program_C_C03,3,B,1,0
Student_1971,T1_Fall,Program_C_C04,4,W,0,1
Student_1971,T2_Spring,Program_C_C04,4,C,1,0
Student_1971,T2_Spring,Program_C_C05,3,C,1,0
Student_1971,T2_Spring,Program_C_C06,3,B,1,0
Student_1972,T1_Fall,Program_B_C01,3,W,0,1
Student_1972,T2_Spring,Program_B_C01,3,F,0,0
Student_1972,T1_Fall,Program_B_C02,3,F,0,0
Student_1972,T2_Spring,Program_B_C02,3,F,0,0
Student_1973,T1_Fall,Program_C_C01,3,B,1,0
Student_1973,T1_Fall,Program_C_C02,3,B,1,0
Student_1973,T1_Fall,Program_C_C03,3,B,1,0
Student_1974,T1_Fall,Program_C_C01,3,C,1,0
Student_1974,T1_Fall,Program_C_C02,3,W,0,1
Student_1974,T2_Spring,Program_C_C02,3,F,0,0
Student_1974,T1_Fall,Program_C_C03,3,C,1,0
Student_1974,T1_Fall,Program_C_C06,3,F,0,0
Student_1974,T2_Spring,Program_C_C07,3,C,1,0
Student_1974,T2_Spring,Program_C_C11,3,F,0,0
Student_1974,T3_Fall,Program_C_C11,3,F,0,0
Student_1975,T1_Fall,Program_A_C01,3,B,1,0
Student_1975,T1_Fall,Program_A_C02,3,B,1,0
Student_1975,T1_Fall,Program_A_C03,3,C,1,0
Student_1975,T1_Fall,Program_A_C04,4,F,0,0
Student_1975,T2_Spring,Program_A_C04,4,C,1,0
Student_1975,T2_Spring,Program_A_C05,3,B,1,0
Student_1976,T1_Fall,Program_A_C01,3,A,1,0
Student_1976,T1_Fall,Program_A_C02,3,C,1,0
Student_1976,T1_Fall,Program_A_C03,3,A,1,0
Student_1976,T1_Fall,Program_A_C04,4,F,0,0
Student_1976,T2_Spring,Program_A_C05,3,B,1,0
Student_1976,T2_Spring,Program_A_C06,3,B,1,0
Student_1976,T2_Spring,Program_A_C07,3,B,1,0
Student_1976,T2_Spring,Program_A_C09,3,B,1,0
Student_1976,T3_Fall,Program_A_C10,3,B,1,0
Student_1976,T3_Fall,Program_A_C11,3,B,1,0
Student_1977,T1_Fall,Program_A_C01,3,A,1,0
Student_1978,T1_Fall,Program_D_C01,3,B,1,0
Student_1978,T1_Fall,Program_D_C02,3,B,1,0
Student_1978,T1_Fall,Program_D_C03,3,B,1,0
Student_1978,T1_Fall,Program_D_C04,4,B,1,0
Student_1978,T2_Spring,Program_D_C05,3,B,1,0
Student_1978,T2_Spring,Program_D_C06,3,B,1,0
Student_1978,T2_Spring,Program_D_C07,3,W,0,1
Student_1978,T2_Spring,Program_D_C08,4,B,1,0
Student_1978,T3_Fall,Program_D_C09,3,B,1,0
Student_1978,T3_Fall,Program_D_C10,3,B,1,0
Student_1978,T3_Fall,Program_D_C12,4,B,1,0
Student_1978,T3_Fall,Program_D_C13,3,A,1,0
Student_1979,T1_Fall,Program_D_C01,3,B,1,0
Student_1979,T1_Fall,Program_D_C02,3,F,0,0
Student_1979,T2_Spring,Program_D_C02,3,C,1,0
Student_1979,T1_Fall,Program_D_C03,3,B,1,0
Student_1979,T1_Fall,Program_D_C04,4,B,1,0
Student_1979,T2_Spring,Program_D_C05,3,C,1,0
Student_1979,T2_Spring,Program_D_C06,3,C,1,0
Student_1979,T2_Spring,Program_D_C07,3,B,1,0
Student_1979,T2_Spring,Program_D_C08,4,B,1,0
Student_1979,T3_Fall,Program_D_C09,3,B,1,0
Student_1980,T1_Fall,Program_A_C01,3,B,1,0
Student_1980,T1_Fall,Program_A_C02,3,B,1,0
Student_1980,T1_Fall,Program_A_C03,3,B,1,0
Student_1980,T1_Fall,Program_A_C04,4,F,0,0
Student_1980,T2_Spring,Program_A_C04,4,C,1,0
Student_1980,T2_Spring,Program_A_C05,3,A,1,0
Student_1980,T2_Spring,Program_A_C06,3,A,1,0
Student_1980,T2_Spring,Program_A_C07,3,B,1,0
Student_1980,T2_Spring,Program_A_C08,4,A,1,0
Student_1980,T3_Fall,Program_A_C09,3,C,1,0
Student_1980,T3_Fall,Program_A_C10,3,B,1,0
Student_1980,T3_Fall,Program_A_C11,3,B,1,0
Student_1980,T3_Fall,Program_A_C12,4,B,1,0
Student_1981,T1_Fall,Program_D_C01,3,F,0,0
Student_1981,T2_Spring,Program_D_C01,3,C,1,0
Student_1981,T1_Fall,Program_D_C02,3,C,1,0
Student_1981,T1_Fall,Program_D_C03,3,F,0,0
Student_1981,T2_Spring,Program_D_C03,3,C,1,0
Student_1981,T1_Fall,Program_D_C04,4,C,1,0
Student_1981,T2_Spring,Program_D_C05,3,C,1,0
Student_1982,T1_Fall,Program_A_C01,3,C,1,0
Student_1982,T1_Fall,Program_A_C02,3,C,1,0
Student_1982,T1_Fall,Program_A_C03,3,C,1,0
Student_1983,T1_Fall,Program_B_C01,3,B,1,0
Student_1983,T1_Fall,Program_B_C02,3,C,1,0
Student_1983,T1_Fall,Program_B_C03,3,B,1,0
Student_1984,T1_Fall,Program_B_C01,3,B,1,0
Student_1984,T1_Fall,Program_B_C02,3,C,1,0
Student_1984,T1_Fall,Program_B_C03,3,B,1,0
Student_1985,T1_Fall,Program_C_C01,3,B,1,0
Student_1985,T1_Fall,Program_C_C02,3,A,1,0
Student_1985,T1_Fall,Program_C_C03,3,A,1,0
Student_1985,T1_Fall,Program_C_C04,4,A,1,0
Student_1985,T2_Spring,Program_C_C05,3,A,1,0
Student_1985,T2_Spring,Program_C_C06,3,B,1,0
Student_1985,T2_Spring,Program_C_C07,3,C,1,0
Student_1985,T2_Spring,Program_C_C08,4,B,1,0
Student_1986,T1_Fall,Program_A_C01,3,C,1,0
Student_1986,T1_Fall,Program_A_C02,3,C,1,0
Student_1986,T1_Fall,Program_A_C03,3,W,0,1
Student_1986,T2_Spring,Program_A_C03,3,C,1,0
Student_1987,T1_Fall,Program_B_C01,3,A,1,0
Student_1987,T1_Fall,Program_B_C02,3,A,1,0
Student_1987,T1_Fall,Program_B_C03,3,A,1,0
Student_1987,T1_Fall,Program_B_C04,4,B,1,0
Student_1987,T2_Spring,Program_B_C05,3,B,1,0
Student_1987,T2_Spring,Program_B_C06,3,C,1,0
Student_1987,T2_Spring,Program_B_C07,3,A,1,0
Student_1988,T1_Fall,Program_A_C01,3,F,0,0
Student_1988,T2_Spring,Program_A_C01,3,C,1,0
Student_1988,T1_Fall,Program_A_C02,3,C,1,0
Student_1989,T1_Fall,Program_A_C01,3,B,1,0
Student_1989,T1_Fall,Program_A_C02,3,B,1,0
Student_1989,T1_Fall,Program_A_C03,3,B,1,0
Student_1989,T1_Fall,Program_A_C04,4,B,1,0
Student_1989,T2_Spring,Program_A_C05,3,B,1,0
Student_1989,T2_Spring,Program_A_C06,3,C,1,0
Student_1990,T1_Fall,Program_D_C01,3,B,1,0
Student_1990,T1_Fall,Program_D_C02,3,B,1,0
Student_1990,T1_Fall,Program_D_C03,3,A,1,0
Student_1990,T1_Fall,Program_D_C04,4,A,1,0
Student_1990,T2_Spring,Program_D_C05,3,A,1,0
Student_1990,T2_Spring,Program_D_C06,3,B,1,0
Student_1990,T2_Spring,Program_D_C07,3,B,1,0
Student_1990,T2_Spring,Program_D_C08,4,B,1,0
Student_1990,T3_Fall,Program_D_C09,3,B,1,0
Student_1990,T3_Fall,Program_D_C10,3,A,1,0
Student_1990,T3_Fall,Program_D_C11,3,B,1,0
Student_1991,T1_Fall,Program_D_C01,3,B,1,0
Student_1991,T1_Fall,Program_D_C02,3,B,1,0
Student_1991,T1_Fall,Program_D_C03,3,B,1,0
Student_1991,T1_Fall,Program_D_C04,4,B,1,0
Student_1991,T2_Spring,Program_D_C05,3,B,1,0
Student_1991,T2_Spring,Program_D_C06,3,B,1,0
Student_1991,T2_Spring,Program_D_C07,3,A,1,0
Student_1992,T1_Fall,Program_B_C01,3,C,1,0
Student_1992,T1_Fall,Program_B_C02,3,B,1,0
Student_1992,T1_Fall,Program_B_C03,3,C,1,0
Student_1992,T1_Fall,Program_B_C04,4,B,1,0
Student_1992,T2_Spring,Program_B_C05,3,C,1,0
Student_1992,T2_Spring,Program_B_C06,3,C,1,0
Student_1993,T1_Fall,Program_B_C01,3,B,1,0
Student_1993,T1_Fall,Program_B_C02,3,F,0,0
Student_1993,T1_Fall,Program_B_C03,3,B,1,0
Student_1993,T1_Fall,Program_B_C06,3,B,1,0
Student_1993,T2_Spring,Program_B_C07,3,B,1,0
Student_1993,T2_Spring,Program_B_C10,3,A,1,0
Student_1994,T1_Fall,Program_B_C01,3,C,1,0
Student_1995,T1_Fall,Program_B_C01,3,C,1,0
Student_1995,T1_Fall,Program_B_C02,3,C,1,0
Student_1995,T1_Fall,Program_B_C03,3,C,1,0
Student_1995,T1_Fall,Program_B_C04,4,C,1,0
Student_1995,T2_Spring,Program_B_C05,3,F,0,0
Student_1995,T3_Fall,Program_B_C05,3,F,0,0
Student_1995,T2_Spring,Program_B_C06,3,C,1,0
Student_1995,T2_Spring,Program_B_C07,3,C,1,0
Student_1996,T1_Fall,Program_A_C01,3,W,0,1
Student_1996,T1_Fall,Program_A_C02,3,F,0,0
Student_1996,T2_Spring,Program_A_C02,3,F,0,0
Student_1997,T1_Fall,Program_A_C01,3,A,1,0
Student_1997,T1_Fall,Program_A_C02,3,A,1,0
Student_1997,T1_Fall,Program_A_C03,3,B,1,0
Student_1998,T1_Fall,Program_C_C01,3,B,1,0
Student_1998,T1_Fall,Program_C_C02,3,B,1,0
Student_1998,T1_Fall,Program_C_C03,3,B,1,0
Student_1998,T1_Fall,Program_C_C04,4,C,1,0
Student_1999,T1_Fall,Program_C_C01,3,B,1,0
Student_1999,T1_Fall,Program_C_C02,3,W,0,1
Student_1999,T2_Spring,Program_C_C02,3,C,1,0
Student_1999,T1_Fall,Program_C_C03,3,C,1,0
Student_1999,T1_Fall,Program_C_C04,4,C,1,0
Student_2000,T1_Fall,Program_A_C01,3,B,1,0
Student_2000,T1_Fall,Program_A_C02,3,F,0,0
Student_2000,T1_Fall,Program_A_C03,3,B,1,0
Student_2000,T1_Fall,Program_A_C06,3,A,1,0
Student_2000,T2_Spring,Program_A_C07,3,A,1,0
Student_2000,T2_Spring,Program_A_C10,3,B,1,0
Student_2000,T2_Spring,Program_A_C11,3,B,1,0
Student_2000,T2_Spring,Program_A_C14,3,B,1,0
Student_2000,T3_Fall,Program_A_C15,3,B,1,0
Student_2001,T1_Fall,Program_D_C01,3,C,1,0
Student_2001,T1_Fall,Program_D_C02,3,B,1,0
Student_2001,T1_Fall,Program_D_C03,3,B,1,0
Student_2002,T1_Fall,Program_C_C01,3,F,0,0
Student_2002,T2_Spring,Program_C_C01,3,C,1,0
Student_2003,T1_Fall,Program_D_C01,3,C,1,0
Student_2003,T1_Fall,Program_D_C02,3,B,1,0
Student_2004,T1_Fall,Program_C_C01,3,B,1,0
Student_2004,T1_Fall,Program_C_C02,3,A,1,0
Student_2004,T1_Fall,Program_C_C03,3,A,1,0
Student_2005,T1_Fall,Program_C_C01,3,W,0,1
Student_2005,T2_Spring,Program_C_C01,3,F,0,0
Student_2005,T1_Fall,Program_C_C02,3,C,1,0
Student_2005,T1_Fall,Program_C_C04,4,F,0,0
Student_2005,T2_Spring,Program_C_C04,4,F,0,0
Student_2005,T1_Fall,Program_C_C05,3,C,1,0
Student_2005,T2_Spring,Program_C_C09,3,W,0,1
Student_2006,T1_Fall,Program_C_C01,3,A,1,0
Student_2006,T1_Fall,Program_C_C02,3,A,1,0
Student_2006,T1_Fall,Program_C_C03,3,A,1,0
Student_2006,T1_Fall,Program_C_C04,4,A,1,0
Student_2006,T2_Spring,Program_C_C05,3,B,1,0
Student_2006,T2_Spring,Program_C_C06,3,B,1,0
Student_2007,T1_Fall,Program_B_C01,3,B,1,0
Student_2007,T1_Fall,Program_B_C02,3,B,1,0
Student_2007,T1_Fall,Program_B_C03,3,B,1,0
Student_2007,T1_Fall,Program_B_C04,4,F,0,0
Student_2007,T2_Spring,Program_B_C05,3,C,1,0
Student_2007,T2_Spring,Program_B_C06,3,F,0,0
Student_2007,T2_Spring,Program_B_C07,3,F,0,0
Student_2007,T2_Spring,Program_B_C09,3,C,1,0
Student_2008,T1_Fall,Program_B_C01,3,C,1,0
Student_2008,T1_Fall,Program_B_C02,3,F,0,0
Student_2008,T2_Spring,Program_B_C02,3,C,1,0
Student_2008,T1_Fall,Program_B_C03,3,B,1,0
Student_2008,T1_Fall,Program_B_C04,4,B,1,0
Student_2008,T2_Spring,Program_B_C05,3,C,1,0
Student_2008,T2_Spring,Program_B_C06,3,C,1,0
Student_2008,T2_Spring,Program_B_C07,3,F,0,0
Student_2008,T3_Fall,Program_B_C07,3,C,1,0
Student_2008,T2_Spring,Program_B_C08,4,B,1,0
Student_2008,T3_Fall,Program_B_C09,3,B,1,0
Student_2008,T3_Fall,Program_B_C10,3,W,0,1
Student_2008,T3_Fall,Program_B_C11,3,F,0,0
Student_2008,T4_Spring,Program_B_C11,3,C,1,0
Student_2008,T3_Fall,Program_B_C12,4,B,1,0
Student_2009,T1_Fall,Program_A_C01,3,B,1,0
Student_2009,T1_Fall,Program_A_C02,3,A,1,0
Student_2009,T1_Fall,Program_A_C03,3,B,1,0
Student_2009,T1_Fall,Program_A_C04,4,B,1,0
Student_2009,T2_Spring,Program_A_C05,3,B,1,0
Student_2009,T2_Spring,Program_A_C06,3,B,1,0
Student_2009,T2_Spring,Program_A_C07,3,B,1,0
Student_2009,T2_Spring,Program_A_C08,4,A,1,0
Student_2009,T3_Fall,Program_A_C09,3,B,1,0
Student_2010,T1_Fall,Program_C_C01,3,B,1,0
Student_2010,T1_Fall,Program_C_C02,3,B,1,0
Student_2010,T1_Fall,Program_C_C03,3,C,1,0
Student_2010,T1_Fall,Program_C_C04,4,W,0,1
Student_2010,T2_Spring,Program_C_C05,3,B,1,0
Student_2010,T2_Spring,Program_C_C06,3,C,1,0
Student_2010,T2_Spring,Program_C_C07,3,B,1,0
Student_2010,T2_Spring,Program_C_C09,3,F,0,0
Student_2010,T3_Fall,Program_C_C09,3,C,1,0
Student_2010,T3_Fall,Program_C_C10,3,B,1,0
Student_2011,T1_Fall,Program_B_C01,3,F,0,0
Student_2011,T1_Fall,Program_B_C02,3,W,0,1
Student_2011,T2_Spring,Program_B_C02,3,F,0,0
Student_2012,T1_Fall,Program_C_C01,3,F,0,0
Student_2012,T2_Spring,Program_C_C01,3,C,1,0
Student_2012,T1_Fall,Program_C_C02,3,C,1,0
Student_2012,T1_Fall,Program_C_C03,3,F,0,0
Student_2012,T2_Spring,Program_C_C03,3,C,1,0
Student_2012,T1_Fall,Program_C_C04,4,C,1,0
Student_2012,T2_Spring,Program_C_C05,3,C,1,0
Student_2012,T2_Spring,Program_C_C06,3,C,1,0
Student_2013,T1_Fall,Program_D_C01,3,C,1,0
Student_2013,T1_Fall,Program_D_C02,3,B,1,0
Student_2013,T1_Fall,Program_D_C03,3,C,1,0
Student_2013,T1_Fall,Program_D_C04,4,D,1,0
Student_2013,T2_Spring,Program_D_C05,3,C,1,0
Student_2013,T2_Spring,Program_D_C06,3,B,1,0
Student_2013,T2_Spring,Program_D_C07,3,W,0,1
Student_2013,T2_Spring,Program_D_C08,4,B,1,0
Student_2013,T3_Fall,Program_D_C09,3,C,1,0
Student_2013,T3_Fall,Program_D_C10,3,C,1,0
Student_2013,T3_Fall,Program_D_C12,4,C,1,0
Student_2014,T1_Fall,Program_B_C01,3,C,1,0
Student_2014,T1_Fall,Program_B_C02,3,C,1,0
Student_2014,T1_Fall,Program_B_C03,3,B,1,0
Student_2014,T1_Fall,Program_B_C04,4,C,1,0
Student_2014,T2_Spring,Program_B_C05,3,B,1,0
Student_2014,T2_Spring,Program_B_C06,3,C,1,0
Student_2014,T2_Spring,Program_B_C07,3,D,1,0
Student_2014,T2_Spring,Program_B_C08,4,C,1,0
Student_2014,T3_Fall,Program_B_C09,3,C,1,0
Student_2015,T1_Fall,Program_C_C01,3,C,1,0
Student_2015,T1_Fall,Program_C_C02,3,C,1,0
Student_2015,T1_Fall,Program_C_C03,3,F,0,0
Student_2015,T2_Spring,Program_C_C03,3,C,1,0
Student_2015,T1_Fall,Program_C_C04,4,B,1,0
Student_2015,T2_Spring,Program_C_C05,3,F,0,0
Student_2015,T3_Fall,Program_C_C05,3,C,1,0
Student_2015,T2_Spring,Program_C_C06,3,W,0,1
Student_2015,T3_Fall,Program_C_C06,3,C,1,0
Student_2015,T2_Spring,Program_C_C07,3,B,1,0
Student_2015,T2_Spring,Program_C_C08,4,B,1,0
Student_2015,T3_Fall,Program_C_C09,3,W,0,1
Student_2015,T4_Spring,Program_C_C09,3,C,1,0
Student_2015,T3_Fall,Program_C_C10,3,C,1,0
Student_2016,T1_Fall,Program_D_C01,3,F,0,0
Student_2016,T2_Spring,Program_D_C01,3,F,0,0
Student_2016,T1_Fall,Program_D_C02,3,W,0,1
Student_2016,T2_Spring,Program_D_C02,3,C,1,0
Student_2016,T1_Fall,Program_D_C04,4,F,0,0
Student_2016,T2_Spring,Program_D_C04,4,C,1,0
Student_2017,T1_Fall,Program_A_C01,3,F,0,0
Student_2017,T2_Spring,Program_A_C01,3,F,0,0
Student_2017,T1_Fall,Program_A_C02,3,F,0,0
Student_2018,T1_Fall,Program_D_C01,3,C,1,0
Student_2018,T1_Fall,Program_D_C02,3,C,1,0
Student_2018,T1_Fall,Program_D_C03,3,C,1,0
Student_2018,T1_Fall,Program_D_C04,4,B,1,0
Student_2018,T2_Spring,Program_D_C05,3,C,1,0
Student_2018,T2_Spring,Program_D_C06,3,F,0,0
Student_2018,T3_Fall,Program_D_C06,3,F,0,0
Student_2018,T2_Spring,Program_D_C07,3,B,1,0
Student_2019,T1_Fall,Program_A_C01,3,D,1,0
Student_2019,T1_Fall,Program_A_C02,3,F,0,0
Student_2019,T1_Fall,Program_A_C03,3,D,1,0
Student_2019,T1_Fall,Program_A_C06,3,F,0,0
Student_2019,T2_Spring,Program_A_C06,3,C,1,0
Student_2019,T2_Spring,Program_A_C07,3,F,0,0
Student_2019,T2_Spring,Program_A_C10,3,W,0,1
Student_2019,T3_Fall,Program_A_C10,3,F,0,0
Student_2020,T1_Fall,Program_A_C01,3,F,0,0
Student_2020,T1_Fall,Program_A_C02,3,A,1,0
Student_2020,T1_Fall,Program_A_C04,4,C,1,0
Student_2020,T1_Fall,Program_A_C05,3,C,1,0
Student_2020,T2_Spring,Program_A_C08,4,C,1,0
Student_2020,T2_Spring,Program_A_C09,3,F,0,0
Student_2020,T3_Fall,Program_A_C09,3,C,1,0
Student_2020,T2_Spring,Program_A_C12,4,B,1,0
Student_2020,T2_Spring,Program_A_C13,3,F,0,0
Student_2020,T3_Fall,Program_A_C16,3,F,0,0
Student_2021,T1_Fall,Program_D_C01,3,B,1,0
Student_2021,T1_Fall,Program_D_C02,3,C,1,0
Student_2021,T1_Fall,Program_D_C03,3,B,1,0
Student_2022,T1_Fall,Program_B_C01,3,B,1,0
Student_2022,T1_Fall,Program_B_C02,3,B,1,0
Student_2022,T1_Fall,Program_B_C03,3,A,1,0
Student_2022,T1_Fall,Program_B_C04,4,A,1,0
Student_2022,T2_Spring,Program_B_C05,3,C,1,0
Student_2022,T2_Spring,Program_B_C06,3,B,1,0
Student_2022,T2_Spring,Program_B_C07,3,B,1,0
Student_2022,T2_Spring,Program_B_C08,4,B,1,0
Student_2023,T1_Fall,Program_D_C01,3,B,1,0
Student_2023,T1_Fall,Program_D_C02,3,B,1,0
Student_2023,T1_Fall,Program_D_C03,3,B,1,0
Student_2023,T1_Fall,Program_D_C04,4,A,1,0
Student_2023,T2_Spring,Program_D_C05,3,F,0,0
Student_2023,T2_Spring,Program_D_C06,3,B,1,0
Student_2023,T2_Spring,Program_D_C07,3,B,1,0
Student_2023,T2_Spring,Program_D_C08,4,B,1,0
Student_2023,T3_Fall,Program_D_C10,3,B,1,0
Student_2023,T3_Fall,Program_D_C11,3,C,1,0
Student_2023,T3_Fall,Program_D_C12,4,A,1,0
Student_2024,T1_Fall,Program_B_C01,3,B,1,0
Student_2025,T1_Fall,Program_C_C01,3,B,1,0
Student_2025,T1_Fall,Program_C_C02,3,B,1,0
Student_2025,T1_Fall,Program_C_C03,3,B,1,0
Student_2025,T1_Fall,Program_C_C04,4,W,0,1
Student_2025,T2_Spring,Program_C_C05,3,C,1,0
Student_2025,T2_Spring,Program_C_C06,3,C,1,0
Student_2025,T2_Spring,Program_C_C07,3,B,1,0
Student_2025,T2_Spring,Program_C_C09,3,C,1,0
Student_2025,T3_Fall,Program_C_C10,3,A,1,0
Student_2026,T1_Fall,Program_A_C01,3,F,0,0
Student_2026,T1_Fall,Program_A_C02,3,W,0,1
Student_2027,T1_Fall,Program_A_C01,3,B,1,0
Student_2027,T1_Fall,Program_A_C02,3,C,1,0
Student_2027,T1_Fall,Program_A_C03,3,C,1,0
Student_2027,T1_Fall,Program_A_C04,4,B,1,0
Student_2027,T2_Spring,Program_A_C05,3,C,1,0
Student_2027,T2_Spring,Program_A_C06,3,C,1,0
Student_2027,T2_Spring,Program_A_C07,3,C,1,0
Student_2027,T2_Spring,Program_A_C08,4,B,1,0
Student_2027,T3_Fall,Program_A_C09,3,C,1,0
Student_2028,T1_Fall,Program_C_C01,3,F,0,0
Student_2028,T2_Spring,Program_C_C01,3,F,0,0
Student_2028,T1_Fall,Program_C_C02,3,F,0,0
Student_2029,T1_Fall,Program_C_C01,3,A,1,0
Student_2029,T1_Fall,Program_C_C02,3,B,1,0
Student_2029,T1_Fall,Program_C_C03,3,B,1,0
Student_2029,T1_Fall,Program_C_C04,4,A,1,0
Student_2030,T1_Fall,Program_C_C01,3,W,0,1
Student_2030,T2_Spring,Program_C_C01,3,C,1,0
Student_2030,T1_Fall,Program_C_C02,3,F,0,0
Student_2030,T1_Fall,Program_C_C03,3,D,1,0
Student_2030,T1_Fall,Program_C_C06,3,W,0,1
Student_2030,T2_Spring,Program_C_C07,3,B,1,0
Student_2030,T2_Spring,Program_C_C11,3,F,0,0
Student_2030,T3_Fall,Program_C_C11,3,C,1,0
Student_2030,T2_Spring,Program_C_C15,3,F,0,0
Student_2030,T3_Fall,Program_C_C15,3,C,1,0
Student_2031,T1_Fall,Program_D_C01,3,F,0,0
Student_2031,T2_Spring,Program_D_C01,3,C,1,0
Student_2031,T1_Fall,Program_D_C02,3,F,0,0
Student_2031,T2_Spring,Program_D_C02,3,C,1,0
Student_2031,T1_Fall,Program_D_C03,3,W,0,1
Student_2031,T2_Spring,Program_D_C03,3,F,0,0
Student_2031,T1_Fall,Program_D_C04,4,F,0,0
Student_2031,T2_Spring,Program_D_C04,4,F,0,0
Student_2031,T2_Spring,Program_D_C05,3,F,0,0
Student_2032,T1_Fall,Program_B_C01,3,B,1,0
Student_2032,T1_Fall,Program_B_C02,3,C,1,0
Student_2032,T1_Fall,Program_B_C03,3,F,0,0
Student_2032,T2_Spring,Program_B_C03,3,C,1,0
Student_2032,T1_Fall,Program_B_C04,4,W,0,1
Student_2032,T2_Spring,Program_B_C05,3,B,1,0
Student_2032,T2_Spring,Program_B_C06,3,B,1,0
Student_2032,T2_Spring,Program_B_C07,3,B,1,0
Student_2032,T2_Spring,Program_B_C09,3,C,1,0
Student_2032,T3_Fall,Program_B_C10,3,C,1,0
Student_2032,T3_Fall,Program_B_C11,3,W,0,1
Student_2032,T4_Spring,Program_B_C11,3,C,1,0
Student_2033,T1_Fall,Program_C_C01,3,W,0,1
Student_2033,T1_Fall,Program_C_C02,3,W,0,1
Student_2033,T2_Spring,Program_C_C02,3,C,1,0
Student_2033,T1_Fall,Program_C_C04,4,F,0,0
Student_2033,T2_Spring,Program_C_C04,4,C,1,0
Student_2033,T1_Fall,Program_C_C05,3,F,0,0
Student_2033,T2_Spring,Program_C_C05,3,C,1,0
Student_2033,T2_Spring,Program_C_C08,4,C,1,0
Student_2033,T2_Spring,Program_C_C09,3,B,1,0
Student_2033,T2_Spring,Program_C_C12,4,F,0,0
Student_2033,T3_Fall,Program_C_C12,4,F,0,0
Student_2033,T2_Spring,Program_C_C13,3,W,0,1
Student_2034,T1_Fall,Program_A_C01,3,B,1,0
Student_2034,T1_Fall,Program_A_C02,3,B,1,0
Student_2034,T1_Fall,Program_A_C03,3,B,1,0
Student_2034,T1_Fall,Program_A_C04,4,B,1,0
Student_2034,T2_Spring,Program_A_C05,3,B,1,0
Student_2034,T2_Spring,Program_A_C06,3,B,1,0
Student_2034,T2_Spring,Program_A_C07,3,B,1,0
Student_2034,T2_Spring,Program_A_C08,4,B,1,0
Student_2035,T1_Fall,Program_D_C01,3,B,1,0
Student_2035,T1_Fall,Program_D_C02,3,F,0,0
Student_2035,T2_Spring,Program_D_C02,3,C,1,0
Student_2035,T1_Fall,Program_D_C03,3,B,1,0
Student_2035,T1_Fall,Program_D_C04,4,A,1,0
Student_2035,T2_Spring,Program_D_C05,3,B,1,0
Student_2035,T2_Spring,Program_D_C06,3,B,1,0
Student_2035,T2_Spring,Program_D_C07,3,A,1,0
Student_2035,T2_Spring,Program_D_C08,4,A,1,0
Student_2035,T3_Fall,Program_D_C09,3,B,1,0
Student_2036,T1_Fall,Program_D_C01,3,B,1,0
Student_2036,T1_Fall,Program_D_C02,3,F,0,0
Student_2036,T2_Spring,Program_D_C02,3,C,1,0
Student_2036,T1_Fall,Program_D_C03,3,B,1,0
Student_2036,T1_Fall,Program_D_C04,4,B,1,0
Student_2036,T2_Spring,Program_D_C05,3,D,1,0
Student_2036,T2_Spring,Program_D_C06,3,C,1,0
Student_2036,T2_Spring,Program_D_C07,3,C,1,0
Student_2036,T2_Spring,Program_D_C08,4,F,0,0
Student_2036,T3_Fall,Program_D_C09,3,C,1,0
Student_2037,T1_Fall,Program_D_C01,3,W,0,1
Student_2037,T2_Spring,Program_D_C01,3,F,0,0
Student_2037,T1_Fall,Program_D_C02,3,C,1,0
Student_2038,T1_Fall,Program_B_C01,3,B,1,0
Student_2038,T1_Fall,Program_B_C02,3,W,0,1
Student_2038,T2_Spring,Program_B_C02,3,C,1,0
Student_2038,T1_Fall,Program_B_C03,3,F,0,0
Student_2038,T1_Fall,Program_B_C04,4,F,0,0
Student_2038,T2_Spring,Program_B_C05,3,C,1,0
Student_2038,T2_Spring,Program_B_C09,3,C,1,0
Student_2038,T2_Spring,Program_B_C13,3,D,1,0
Student_2039,T1_Fall,Program_A_C01,3,D,1,0
Student_2040,T1_Fall,Program_A_C01,3,B,1,0
Student_2040,T1_Fall,Program_A_C02,3,C,1,0
Student_2041,T1_Fall,Program_B_C01,3,B,1,0
Student_2042,T1_Fall,Program_B_C01,3,B,1,0
Student_2042,T1_Fall,Program_B_C02,3,C,1,0
Student_2042,T1_Fall,Program_B_C03,3,C,1,0
Student_2042,T1_Fall,Program_B_C04,4,C,1,0
Student_2043,T1_Fall,Program_C_C01,3,W,0,1
Student_2043,T2_Spring,Program_C_C01,3,C,1,0
Student_2043,T1_Fall,Program_C_C02,3,W,0,1
Student_2043,T2_Spring,Program_C_C02,3,C,1,0
Student_2043,T1_Fall,Program_C_C03,3,W,0,1
Student_2043,T1_Fall,Program_C_C04,4,F,0,0
Student_2043,T2_Spring,Program_C_C04,4,F,0,0
Student_2043,T2_Spring,Program_C_C05,3,D,1,0
Student_2043,T2_Spring,Program_C_C09,3,F,0,0
Student_2043,T3_Fall,Program_C_C09,3,C,1,0
Student_2043,T2_Spring,Program_C_C13,3,C,1,0
Student_2044,T1_Fall,Program_A_C01,3,F,0,0
Student_2044,T1_Fall,Program_A_C02,3,W,0,1
Student_2044,T2_Spring,Program_A_C02,3,F,0,0
Student_2045,T1_Fall,Program_D_C01,3,C,1,0
Student_2046,T1_Fall,Program_C_C01,3,F,0,0
Student_2046,T1_Fall,Program_C_C02,3,B,1,0
Student_2046,T1_Fall,Program_C_C04,4,B,1,0
Student_2047,T1_Fall,Program_A_C01,3,B,1,0
Student_2047,T1_Fall,Program_A_C02,3,C,1,0
Student_2047,T1_Fall,Program_A_C03,3,F,0,0
Student_2047,T2_Spring,Program_A_C03,3,C,1,0
Student_2047,T1_Fall,Program_A_C04,4,C,1,0
Student_2047,T2_Spring,Program_A_C05,3,B,1,0
Student_2047,T2_Spring,Program_A_C06,3,B,1,0
Student_2047,T2_Spring,Program_A_C07,3,C,1,0
Student_2047,T2_Spring,Program_A_C08,4,B,1,0
Student_2047,T3_Fall,Program_A_C09,3,C,1,0
Student_2048,T1_Fall,Program_C_C01,3,C,1,0
Student_2048,T1_Fall,Program_C_C02,3,C,1,0
Student_2048,T1_Fall,Program_C_C03,3,W,0,1
Student_2048,T2_Spring,Program_C_C03,3,C,1,0
Student_2049,T1_Fall,Program_C_C01,3,B,1,0
Student_2049,T1_Fall,Program_C_C02,3,C,1,0
Student_2049,T1_Fall,Program_C_C03,3,B,1,0
Student_2049,T1_Fall,Program_C_C04,4,B,1,0
Student_2049,T2_Spring,Program_C_C05,3,C,1,0
Student_2049,T2_Spring,Program_C_C06,3,F,0,0
Student_2049,T2_Spring,Program_C_C07,3,C,1,0
Student_2050,T1_Fall,Program_A_C01,3,C,1,0
Student_2050,T1_Fall,Program_A_C02,3,C,1,0
Student_2050,T1_Fall,Program_A_C03,3,C,1,0
Student_2050,T1_Fall,Program_A_C04,4,C,1,0
Student_2050,T2_Spring,Program_A_C05,3,W,0,1
Student_2050,T2_Spring,Program_A_C06,3,F,0,0
Student_2050,T3_Fall,Program_A_C06,3,C,1,0
Student_2050,T2_Spring,Program_A_C07,3,F,0,0
Student_2050,T3_Fall,Program_A_C07,3,C,1,0
Student_2050,T2_Spring,Program_A_C08,4,C,1,0
Student_2051,T1_Fall,Program_A_C01,3,C,1,0
Student_2051,T1_Fall,Program_A_C02,3,F,0,0
Student_2051,T1_Fall,Program_A_C03,3,F,0,0
Student_2051,T2_Spring,Program_A_C03,3,F,0,0
Student_2052,T1_Fall,Program_C_C01,3,B,1,0
Student_2052,T1_Fall,Program_C_C02,3,B,1,0
Student_2052,T1_Fall,Program_C_C03,3,B,1,0
Student_2052,T1_Fall,Program_C_C04,4,B,1,0
Student_2053,T1_Fall,Program_C_C01,3,C,1,0
Student_2053,T1_Fall,Program_C_C02,3,B,1,0
Student_2053,T1_Fall,Program_C_C03,3,F,0,0
Student_2053,T2_Spring,Program_C_C03,3,C,1,0
Student_2053,T1_Fall,Program_C_C04,4,B,1,0
Student_2053,T2_Spring,Program_C_C05,3,C,1,0
Student_2053,T2_Spring,Program_C_C06,3,F,0,0
Student_2053,T2_Spring,Program_C_C07,3,W,0,1
Student_2053,T3_Fall,Program_C_C07,3,C,1,0
Student_2053,T2_Spring,Program_C_C08,4,B,1,0
Student_2053,T3_Fall,Program_C_C09,3,F,0,0
Student_2053,T4_Spring,Program_C_C09,3,C,1,0
Student_2053,T3_Fall,Program_C_C11,3,B,1,0
Student_2054,T1_Fall,Program_B_C01,3,C,1,0
Student_2054,T1_Fall,Program_B_C02,3,F,0,0
Student_2054,T2_Spring,Program_B_C02,3,C,1,0
Student_2054,T1_Fall,Program_B_C03,3,F,0,0
Student_2054,T1_Fall,Program_B_C04,4,F,0,0
Student_2054,T2_Spring,Program_B_C04,4,C,1,0
Student_2054,T2_Spring,Program_B_C05,3,W,0,1
Student_2054,T2_Spring,Program_B_C08,4,C,1,0
Student_2054,T2_Spring,Program_B_C12,4,F,0,0
Student_2054,T3_Fall,Program_B_C12,4,C,1,0
Student_2054,T2_Spring,Program_B_C16,3,W,0,1
Student_2054,T3_Fall,Program_B_C16,3,C,1,0
Student_2055,T1_Fall,Program_A_C01,3,B,1,0
Student_2056,T1_Fall,Program_C_C01,3,B,1,0
Student_2056,T1_Fall,Program_C_C02,3,B,1,0
Student_2056,T1_Fall,Program_C_C03,3,F,0,0
Student_2056,T2_Spring,Program_C_C03,3,C,1,0
Student_2056,T1_Fall,Program_C_C04,4,B,1,0
Student_2056,T2_Spring,Program_C_C05,3,W,0,1
Student_2056,T3_Fall,Program_C_C05,3,C,1,0
Student_2056,T2_Spring,Program_C_C06,3,C,1,0
Student_2057,T1_Fall,Program_A_C01,3,B,1,0
Student_2057,T1_Fall,Program_A_C02,3,B,1,0
Student_2057,T1_Fall,Program_A_C03,3,C,1,0
Student_2057,T1_Fall,Program_A_C04,4,W,0,1
Student_2057,T2_Spring,Program_A_C05,3,D,1,0
Student_2058,T1_Fall,Program_C_C01,3,W,0,1
Student_2058,T1_Fall,Program_C_C02,3,F,0,0
Student_2059,T1_Fall,Program_B_C01,3,B,1,0
Student_2059,T1_Fall,Program_B_C02,3,C,1,0
Student_2059,T1_Fall,Program_B_C03,3,B,1,0
Student_2060,T1_Fall,Program_C_C01,3,B,1,0
Student_2060,T1_Fall,Program_C_C02,3,A,1,0
Student_2060,T1_Fall,Program_C_C03,3,B,1,0
Student_2061,T1_Fall,Program_D_C01,3,C,1,0
Student_2061,T1_Fall,Program_D_C02,3,C,1,0
Student_2061,T1_Fall,Program_D_C03,3,F,0,0
Student_2061,T1_Fall,Program_D_C04,4,B,1,0
Student_2061,T2_Spring,Program_D_C05,3,C,1,0
Student_2061,T2_Spring,Program_D_C08,4,B,1,0
Student_2061,T2_Spring,Program_D_C09,3,C,1,0
Student_2062,T1_Fall,Program_C_C01,3,C,1,0
Student_2062,T1_Fall,Program_C_C02,3,B,1,0
Student_2062,T1_Fall,Program_C_C03,3,W,0,1
Student_2062,T2_Spring,Program_C_C03,3,C,1,0
Student_2062,T1_Fall,Program_C_C04,4,B,1,0
Student_2062,T2_Spring,Program_C_C05,3,B,1,0
Student_2062,T2_Spring,Program_C_C06,3,C,1,0
Student_2062,T2_Spring,Program_C_C07,3,B,1,0
Student_2062,T2_Spring,Program_C_C08,4,C,1,0
Student_2062,T3_Fall,Program_C_C09,3,B,1,0
Student_2063,T1_Fall,Program_D_C01,3,W,0,1
Student_2063,T1_Fall,Program_D_C02,3,F,0,0
Student_2063,T2_Spring,Program_D_C02,3,F,0,0
Student_2064,T1_Fall,Program_B_C01,3,F,0,0
Student_2064,T1_Fall,Program_B_C02,3,C,1,0
Student_2064,T1_Fall,Program_B_C04,4,C,1,0
Student_2064,T1_Fall,Program_B_C05,3,F,0,0
Student_2064,T2_Spring,Program_B_C08,4,C,1,0
Student_2064,T2_Spring,Program_B_C12,4,C,1,0
Student_2064,T2_Spring,Program_B_C16,3,F,0,0
Student_2065,T1_Fall,Program_A_C01,3,F,0,0
Student_2065,T2_Spring,Program_A_C01,3,C,1,0
Student_2065,T1_Fall,Program_A_C02,3,A,1,0
Student_2065,T1_Fall,Program_A_C03,3,B,1,0
Student_2065,T1_Fall,Program_A_C04,4,B,1,0
Student_2065,T2_Spring,Program_A_C05,3,B,1,0
Student_2065,T2_Spring,Program_A_C06,3,A,1,0
Student_2065,T2_Spring,Program_A_C07,3,B,1,0
Student_2065,T2_Spring,Program_A_C08,4,B,1,0
Student_2066,T1_Fall,Program_A_C01,3,C,1,0
Student_2066,T1_Fall,Program_A_C02,3,B,1,0
Student_2066,T1_Fall,Program_A_C03,3,B,1,0
Student_2066,T1_Fall,Program_A_C04,4,B,1,0
Student_2066,T2_Spring,Program_A_C05,3,C,1,0
Student_2066,T2_Spring,Program_A_C06,3,C,1,0
Student_2066,T2_Spring,Program_A_C07,3,C,1,0
Student_2066,T2_Spring,Program_A_C08,4,W,0,1
Student_2066,T3_Fall,Program_A_C09,3,C,1,0
Student_2066,T3_Fall,Program_A_C10,3,F,0,0
Student_2066,T4_Spring,Program_A_C10,3,C,1,0
Student_2067,T1_Fall,Program_A_C01,3,C,1,0
Student_2067,T1_Fall,Program_A_C02,3,F,0,0
Student_2067,T1_Fall,Program_A_C03,3,F,0,0
Student_2067,T2_Spring,Program_A_C03,3,C,1,0
Student_2067,T1_Fall,Program_A_C06,3,B,1,0
Student_2068,T1_Fall,Program_D_C01,3,C,1,0
Student_2068,T1_Fall,Program_D_C02,3,B,1,0
Student_2068,T1_Fall,Program_D_C03,3,C,1,0
Student_2068,T1_Fall,Program_D_C04,4,B,1,0
Student_2068,T2_Spring,Program_D_C05,3,F,0,0
Student_2068,T3_Fall,Program_D_C05,3,C,1,0
Student_2068,T2_Spring,Program_D_C06,3,C,1,0
Student_2068,T2_Spring,Program_D_C07,3,W,0,1
Student_2068,T3_Fall,Program_D_C07,3,C,1,0
Student_2069,T1_Fall,Program_D_C01,3,D,1,0
Student_2069,T1_Fall,Program_D_C02,3,D,1,0
Student_2069,T1_Fall,Program_D_C03,3,F,0,0
Student_2069,T1_Fall,Program_D_C04,4,W,0,1
Student_2069,T2_Spring,Program_D_C04,4,F,0,0
Student_2069,T2_Spring,Program_D_C05,3,F,0,0
Student_2069,T3_Fall,Program_D_C05,3,C,1,0
Student_2069,T2_Spring,Program_D_C09,3,F,0,0
Student_2069,T3_Fall,Program_D_C09,3,C,1,0
Student_2069,T2_Spring,Program_D_C13,3,F,0,0
Student_2070,T1_Fall,Program_B_C01,3,F,0,0
Student_2070,T1_Fall,Program_B_C02,3,B,1,0
Student_2070,T1_Fall,Program_B_C04,4,B,1,0
Student_2070,T1_Fall,Program_B_C05,3,B,1,0
Student_2070,T2_Spring,Program_B_C08,4,C,1,0
Student_2070,T2_Spring,Program_B_C09,3,B,1,0
Student_2070,T2_Spring,Program_B_C12,4,B,1,0
Student_2070,T2_Spring,Program_B_C13,3,B,1,0
Student_2070,T3_Fall,Program_B_C16,3,C,1,0
Student_2071,T1_Fall,Program_C_C01,3,B,1,0
Student_2071,T1_Fall,Program_C_C02,3,B,1,0
Student_2071,T1_Fall,Program_C_C03,3,C,1,0
Student_2071,T1_Fall,Program_C_C04,4,B,1,0
Student_2071,T2_Spring,Program_C_C05,3,B,1,0
Student_2072,T1_Fall,Program_A_C01,3,F,0,0
Student_2072,T1_Fall,Program_A_C02,3,W,0,1
Student_2073,T1_Fall,Program_B_C01,3,B,1,0
Student_2073,T1_Fall,Program_B_C02,3,C,1,0
Student_2073,T1_Fall,Program_B_C03,3,B,1,0
Student_2073,T1_Fall,Program_B_C04,4,B,1,0
Student_2073,T2_Spring,Program_B_C05,3,B,1,0
Student_2073,T2_Spring,Program_B_C06,3,B,1,0
Student_2073,T2_Spring,Program_B_C07,3,F,0,0
Student_2073,T3_Fall,Program_B_C07,3,C,1,0
Student_2074,T1_Fall,Program_B_C01,3,B,1,0
Student_2074,T1_Fall,Program_B_C02,3,B,1,0
Student_2074,T1_Fall,Program_B_C03,3,B,1,0
Student_2074,T1_Fall,Program_B_C04,4,B,1,0
Student_2074,T2_Spring,Program_B_C05,3,B,1,0
Student_2074,T2_Spring,Program_B_C06,3,B,1,0
Student_2074,T2_Spring,Program_B_C07,3,C,1,0
Student_2074,T2_Spring,Program_B_C08,4,F,0,0
Student_2074,T3_Fall,Program_B_C08,4,C,1,0
Student_2075,T1_Fall,Program_B_C01,3,F,0,0
Student_2075,T2_Spring,Program_B_C01,3,F,0,0
Student_2075,T1_Fall,Program_B_C02,3,W,0,1
Student_2076,T1_Fall,Program_A_C01,3,F,0,0
Student_2076,T2_Spring,Program_A_C01,3,C,1,0
Student_2076,T1_Fall,Program_A_C02,3,C,1,0
Student_2076,T1_Fall,Program_A_C03,3,F,0,0
Student_2076,T2_Spring,Program_A_C03,3,C,1,0
Student_2076,T1_Fall,Program_A_C04,4,B,1,0
Student_2076,T2_Spring,Program_A_C05,3,C,1,0
Student_2076,T2_Spring,Program_A_C06,3,B,1,0
Student_2076,T2_Spring,Program_A_C07,3,C,1,0
Student_2077,T1_Fall,Program_B_C01,3,A,1,0
Student_2077,T1_Fall,Program_B_C02,3,B,1,0
Student_2077,T1_Fall,Program_B_C03,3,B,1,0
Student_2077,T1_Fall,Program_B_C04,4,B,1,0
Student_2077,T2_Spring,Program_B_C05,3,B,1,0
Student_2078,T1_Fall,Program_B_C01,3,F,0,0
Student_2078,T2_Spring,Program_B_C01,3,F,0,0
Student_2078,T1_Fall,Program_B_C02,3,C,1,0
Student_2078,T1_Fall,Program_B_C04,4,D,1,0
Student_2078,T1_Fall,Program_B_C05,3,F,0,0
Student_2078,T2_Spring,Program_B_C05,3,C,1,0
Student_2078,T2_Spring,Program_B_C08,4,F,0,0
Student_2078,T3_Fall,Program_B_C08,4,F,0,0
Student_2078,T2_Spring,Program_B_C09,3,W,0,1
Student_2079,T1_Fall,Program_B_C01,3,B,1,0
Student_2079,T1_Fall,Program_B_C02,3,B,1,0
Student_2079,T1_Fall,Program_B_C03,3,F,0,0
Student_2079,T1_Fall,Program_B_C04,4,B,1,0
Student_2079,T2_Spring,Program_B_C05,3,C,1,0
Student_2079,T2_Spring,Program_B_C08,4,C,1,0
Student_2079,T2_Spring,Program_B_C09,3,B,1,0
Student_2079,T2_Spring,Program_B_C12,4,F,0,0
Student_2079,T3_Fall,Program_B_C12,4,C,1,0
Student_2080,T1_Fall,Program_C_C01,3,C,1,0
Student_2080,T1_Fall,Program_C_C02,3,C,1,0
Student_2080,T1_Fall,Program_C_C03,3,C,1,0
Student_2081,T1_Fall,Program_D_C01,3,W,0,1
Student_2081,T2_Spring,Program_D_C01,3,C,1,0
Student_2081,T1_Fall,Program_D_C02,3,B,1,0
Student_2081,T1_Fall,Program_D_C03,3,C,1,0
Student_2081,T1_Fall,Program_D_C04,4,B,1,0
Student_2081,T2_Spring,Program_D_C05,3,B,1,0
Student_2081,T2_Spring,Program_D_C06,3,B,1,0
Student_2081,T2_Spring,Program_D_C07,3,C,1,0
Student_2081,T2_Spring,Program_D_C08,4,B,1,0
Student_2081,T3_Fall,Program_D_C09,3,B,1,0
Student_2082,T1_Fall,Program_C_C01,3,B,1,0
Student_2082,T1_Fall,Program_C_C02,3,B,1,0
Student_2082,T1_Fall,Program_C_C03,3,B,1,0
Student_2083,T1_Fall,Program_A_C01,3,B,1,0
Student_2083,T1_Fall,Program_A_C02,3,B,1,0
Student_2083,T1_Fall,Program_A_C03,3,B,1,0
Student_2083,T1_Fall,Program_A_C04,4,C,1,0
Student_2083,T2_Spring,Program_A_C05,3,F,0,0
Student_2083,T2_Spring,Program_A_C06,3,F,0,0
Student_2083,T3_Fall,Program_A_C06,3,C,1,0
Student_2083,T2_Spring,Program_A_C07,3,B,1,0
Student_2083,T2_Spring,Program_A_C08,4,A,1,0
Student_2083,T3_Fall,Program_A_C10,3,C,1,0
Student_2083,T3_Fall,Program_A_C11,3,F,0,0
Student_2083,T3_Fall,Program_A_C12,4,B,1,0
Student_2083,T3_Fall,Program_A_C14,3,C,1,0
Student_2084,T1_Fall,Program_B_C01,3,B,1,0
Student_2084,T1_Fall,Program_B_C02,3,B,1,0
Student_2084,T1_Fall,Program_B_C03,3,B,1,0
Student_2085,T1_Fall,Program_D_C01,3,F,0,0
Student_2085,T1_Fall,Program_D_C02,3,C,1,0
Student_2086,T1_Fall,Program_A_C01,3,F,0,0
Student_2086,T2_Spring,Program_A_C01,3,C,1,0
Student_2086,T1_Fall,Program_A_C02,3,C,1,0
Student_2086,T1_Fall,Program_A_C03,3,B,1,0
Student_2086,T1_Fall,Program_A_C04,4,C,1,0
Student_2086,T2_Spring,Program_A_C05,3,F,0,0
Student_2086,T2_Spring,Program_A_C06,3,B,1,0
Student_2086,T2_Spring,Program_A_C07,3,B,1,0
Student_2086,T2_Spring,Program_A_C08,4,C,1,0
Student_2086,T3_Fall,Program_A_C10,3,W,0,1
Student_2086,T4_Spring,Program_A_C10,3,C,1,0
Student_2087,T1_Fall,Program_B_C01,3,F,0,0
Student_2087,T1_Fall,Program_B_C02,3,C,1,0
Student_2087,T1_Fall,Program_B_C04,4,F,0,0
Student_2087,T1_Fall,Program_B_C05,3,F,0,0
Student_2087,T2_Spring,Program_B_C05,3,F,0,0
Student_2088,T1_Fall,Program_D_C01,3,B,1,0
Student_2088,T1_Fall,Program_D_C02,3,B,1,0
Student_2088,T1_Fall,Program_D_C03,3,F,0,0
Student_2088,T1_Fall,Program_D_C04,4,B,1,0
Student_2088,T2_Spring,Program_D_C05,3,B,1,0
Student_2088,T2_Spring,Program_D_C08,4,B,1,0
Student_2088,T2_Spring,Program_D_C09,3,B,1,0
Student_2088,T2_Spring,Program_D_C12,4,B,1,0
Student_2088,T3_Fall,Program_D_C13,3,C,1,0
Student_2088,T3_Fall,Program_D_C16,3,C,1,0
Student_2089,T1_Fall,Program_A_C01,3,W,0,1
Student_2089,T2_Spring,Program_A_C01,3,C,1,0
Student_2090,T1_Fall,Program_C_C01,3,C,1,0
Student_2090,T1_Fall,Program_C_C02,3,F,0,0
Student_2090,T2_Spring,Program_C_C02,3,C,1,0
Student_2090,T1_Fall,Program_C_C03,3,C,1,0
Student_2091,T1_Fall,Program_B_C01,3,W,0,1
Student_2091,T2_Spring,Program_B_C01,3,C,1,0
Student_2091,T1_Fall,Program_B_C02,3,C,1,0
Student_2091,T1_Fall,Program_B_C03,3,F,0,0
Student_2091,T1_Fall,Program_B_C04,4,C,1,0
Student_2091,T2_Spring,Program_B_C05,3,F,0,0
Student_2091,T3_Fall,Program_B_C05,3,C,1,0
Student_2091,T2_Spring,Program_B_C08,4,F,0,0
Student_2091,T3_Fall,Program_B_C08,4,C,1,0
Student_2091,T2_Spring,Program_B_C09,3,C,1,0
Student_2091,T2_Spring,Program_B_C12,4,C,1,0
Student_2091,T3_Fall,Program_B_C13,3,B,1,0
Student_2091,T3_Fall,Program_B_C16,3,F,0,0
Student_2092,T1_Fall,Program_A_C01,3,B,1,0
Student_2092,T1_Fall,Program_A_C02,3,B,1,0
Student_2092,T1_Fall,Program_A_C03,3,B,1,0
Student_2092,T1_Fall,Program_A_C04,4,F,0,0
Student_2092,T2_Spring,Program_A_C04,4,C,1,0
Student_2092,T2_Spring,Program_A_C05,3,B,1,0
Student_2093,T1_Fall,Program_D_C01,3,A,1,0
Student_2093,T1_Fall,Program_D_C02,3,B,1,0
Student_2093,T1_Fall,Program_D_C03,3,B,1,0
Student_2093,T1_Fall,Program_D_C04,4,A,1,0
Student_2094,T1_Fall,Program_D_C01,3,C,1,0
Student_2094,T1_Fall,Program_D_C02,3,C,1,0
Student_2094,T1_Fall,Program_D_C03,3,C,1,0
Student_2094,T1_Fall,Program_D_C04,4,C,1,0
Student_2095,T1_Fall,Program_C_C01,3,B,1,0
Student_2095,T1_Fall,Program_C_C02,3,B,1,0
Student_2095,T1_Fall,Program_C_C03,3,F,0,0
Student_2095,T2_Spring,Program_C_C03,3,F,0,0
Student_2095,T1_Fall,Program_C_C04,4,B,1,0
Student_2095,T2_Spring,Program_C_C05,3,B,1,0
Student_2095,T2_Spring,Program_C_C08,4,B,1,0
Student_2095,T2_Spring,Program_C_C09,3,B,1,0
Student_2095,T2_Spring,Program_C_C12,4,C,1,0
Student_2095,T3_Fall,Program_C_C13,3,B,1,0
Student_2095,T3_Fall,Program_C_C16,3,W,0,1
Student_2095,T4_Spring,Program_C_C16,3,C,1,0
Student_2096,T1_Fall,Program_B_C01,3,A,1,0
Student_2097,T1_Fall,Program_B_C01,3,C,1,0
Student_2097,T1_Fall,Program_B_C02,3,C,1,0
Student_2097,T1_Fall,Program_B_C03,3,W,0,1
Student_2097,T1_Fall,Program_B_C04,4,C,1,0
Student_2097,T2_Spring,Program_B_C05,3,F,0,0
Student_2097,T3_Fall,Program_B_C05,3,C,1,0
Student_2097,T2_Spring,Program_B_C08,4,F,0,0
Student_2097,T3_Fall,Program_B_C08,4,F,0,0
Student_2097,T2_Spring,Program_B_C09,3,C,1,0
Student_2097,T2_Spring,Program_B_C13,3,W,0,1
Student_2098,T1_Fall,Program_B_C01,3,C,1,0
Student_2098,T1_Fall,Program_B_C02,3,C,1,0
Student_2098,T1_Fall,Program_B_C03,3,C,1,0
Student_2098,T1_Fall,Program_B_C04,4,C,1,0
Student_2098,T2_Spring,Program_B_C05,3,B,1,0
Student_2098,T2_Spring,Program_B_C06,3,B,1,0
Student_2098,T2_Spring,Program_B_C07,3,C,1,0
Student_2098,T2_Spring,Program_B_C08,4,C,1,0
Student_2098,T3_Fall,Program_B_C09,3,C,1,0
Student_2099,T1_Fall,Program_B_C01,3,W,0,1
Student_2099,T2_Spring,Program_B_C01,3,C,1,0
Student_2099,T1_Fall,Program_B_C02,3,F,0,0
Student_2099,T1_Fall,Program_B_C03,3,B,1,0
Student_2100,T1_Fall,Program_A_C01,3,C,1,0
Student_2100,T1_Fall,Program_A_C02,3,B,1,0
Student_2100,T1_Fall,Program_A_C03,3,W,0,1
Student_2100,T1_Fall,Program_A_C04,4,B,1,0
Student_2100,T2_Spring,Program_A_C05,3,B,1,0
Student_2100,T2_Spring,Program_A_C08,4,C,1,0
Student_2100,T2_Spring,Program_A_C09,3,C,1,0
Student_2100,T2_Spring,Program_A_C12,4,B,1,0
Student_2100,T3_Fall,Program_A_C13,3,B,1,0
Student_2101,T1_Fall,Program_B_C01,3,B,1,0
Student_2101,T1_Fall,Program_B_C02,3,B,1,0
Student_2101,T1_Fall,Program_B_C03,3,B,1,0
Student_2102,T1_Fall,Program_C_C01,3,A,1,0
Student_2102,T1_Fall,Program_C_C02,3,A,1,0
Student_2102,T1_Fall,Program_C_C03,3,A,1,0
Student_2102,T1_Fall,Program_C_C04,4,A,1,0
Student_2102,T2_Spring,Program_C_C05,3,A,1,0
Student_2102,T2_Spring,Program_C_C06,3,A,1,0
Student_2102,T2_Spring,Program_C_C07,3,A,1,0
Student_2102,T2_Spring,Program_C_C08,4,A,1,0
Student_2102,T3_Fall,Program_C_C09,3,A,1,0
Student_2102,T3_Fall,Program_C_C10,3,B,1,0
Student_2102,T3_Fall,Program_C_C11,3,A,1,0
Student_2102,T3_Fall,Program_C_C12,4,B,1,0
Student_2103,T1_Fall,Program_A_C01,3,C,1,0
Student_2103,T1_Fall,Program_A_C02,3,W,0,1
Student_2103,T2_Spring,Program_A_C02,3,C,1,0
Student_2103,T1_Fall,Program_A_C03,3,W,0,1
Student_2103,T2_Spring,Program_A_C03,3,C,1,0
Student_2103,T1_Fall,Program_A_C04,4,D,1,0
Student_2103,T2_Spring,Program_A_C05,3,F,0,0
Student_2103,T3_Fall,Program_A_C05,3,C,1,0
Student_2103,T2_Spring,Program_A_C06,3,W,0,1
Student_2103,T2_Spring,Program_A_C07,3,C,1,0
Student_2104,T1_Fall,Program_B_C01,3,W,0,1
Student_2104,T1_Fall,Program_B_C02,3,W,0,1
Student_2104,T2_Spring,Program_B_C02,3,F,0,0
Student_2105,T1_Fall,Program_B_C01,3,B,1,0
Student_2105,T1_Fall,Program_B_C02,3,C,1,0
Student_2105,T1_Fall,Program_B_C03,3,B,1,0
Student_2105,T1_Fall,Program_B_C04,4,C,1,0
Student_2105,T2_Spring,Program_B_C05,3,B,1,0
Student_2105,T2_Spring,Program_B_C06,3,C,1,0
Student_2105,T2_Spring,Program_B_C07,3,F,0,0
Student_2105,T3_Fall,Program_B_C07,3,C,1,0
Student_2106,T1_Fall,Program_A_C01,3,C,1,0
Student_2106,T1_Fall,Program_A_C02,3,B,1,0
Student_2106,T1_Fall,Program_A_C03,3,C,1,0
Student_2106,T1_Fall,Program_A_C04,4,B,1,0
Student_2106,T2_Spring,Program_A_C05,3,B,1,0
Student_2106,T2_Spring,Program_A_C06,3,C,1,0
Student_2107,T1_Fall,Program_C_C01,3,C,1,0
Student_2107,T1_Fall,Program_C_C02,3,B,1,0
Student_2107,T1_Fall,Program_C_C03,3,W,0,1
Student_2107,T1_Fall,Program_C_C04,4,B,1,0
Student_2107,T2_Spring,Program_C_C05,3,B,1,0
Student_2107,T2_Spring,Program_C_C08,4,F,0,0
Student_2107,T2_Spring,Program_C_C09,3,F,0,0
Student_2108,T1_Fall,Program_C_C01,3,C,1,0
Student_2108,T1_Fall,Program_C_C02,3,F,0,0
Student_2108,T2_Spring,Program_C_C02,3,C,1,0
Student_2108,T1_Fall,Program_C_C03,3,W,0,1
Student_2108,T1_Fall,Program_C_C04,4,W,0,1
Student_2108,T2_Spring,Program_C_C04,4,F,0,0
Student_2108,T2_Spring,Program_C_C05,3,F,0,0
Student_2109,T1_Fall,Program_B_C01,3,C,1,0
Student_2109,T1_Fall,Program_B_C02,3,D,1,0
Student_2109,T1_Fall,Program_B_C03,3,C,1,0
Student_2109,T1_Fall,Program_B_C04,4,B,1,0
Student_2110,T1_Fall,Program_A_C01,3,B,1,0
Student_2110,T1_Fall,Program_A_C02,3,A,1,0
Student_2110,T1_Fall,Program_A_C03,3,B,1,0
Student_2110,T1_Fall,Program_A_C04,4,A,1,0
Student_2110,T2_Spring,Program_A_C05,3,B,1,0
Student_2110,T2_Spring,Program_A_C06,3,B,1,0
Student_2111,T1_Fall,Program_C_C01,3,A,1,0
Student_2111,T1_Fall,Program_C_C02,3,B,1,0
Student_2111,T1_Fall,Program_C_C03,3,F,0,0
Student_2111,T1_Fall,Program_C_C04,4,B,1,0
Student_2111,T2_Spring,Program_C_C05,3,B,1,0
Student_2111,T2_Spring,Program_C_C08,4,B,1,0
Student_2111,T2_Spring,Program_C_C09,3,B,1,0
Student_2111,T2_Spring,Program_C_C12,4,B,1,0
Student_2112,T1_Fall,Program_B_C01,3,B,1,0
Student_2112,T1_Fall,Program_B_C02,3,A,1,0
Student_2112,T1_Fall,Program_B_C03,3,F,0,0
Student_2112,T2_Spring,Program_B_C03,3,C,1,0
Student_2112,T1_Fall,Program_B_C04,4,C,1,0
Student_2112,T2_Spring,Program_B_C05,3,B,1,0
Student_2112,T2_Spring,Program_B_C06,3,B,1,0
Student_2112,T2_Spring,Program_B_C07,3,C,1,0
Student_2112,T2_Spring,Program_B_C08,4,W,0,1
Student_2112,T3_Fall,Program_B_C09,3,C,1,0
Student_2112,T3_Fall,Program_B_C10,3,B,1,0
Student_2113,T1_Fall,Program_A_C01,3,B,1,0
Student_2113,T1_Fall,Program_A_C02,3,C,1,0
Student_2114,T1_Fall,Program_A_C01,3,B,1,0
Student_2114,T1_Fall,Program_A_C02,3,B,1,0
Student_2114,T1_Fall,Program_A_C03,3,C,1,0
Student_2114,T1_Fall,Program_A_C04,4,C,1,0
Student_2114,T2_Spring,Program_A_C05,3,W,0,1
Student_2114,T2_Spring,Program_A_C06,3,C,1,0
Student_2114,T2_Spring,Program_A_C07,3,C,1,0
Student_2114,T2_Spring,Program_A_C08,4,B,1,0
Student_2114,T3_Fall,Program_A_C10,3,W,0,1
Student_2114,T4_Spring,Program_A_C10,3,C,1,0
Student_2114,T3_Fall,Program_A_C11,3,C,1,0
Student_2115,T1_Fall,Program_A_C01,3,C,1,0
Student_2115,T1_Fall,Program_A_C02,3,C,1,0
Student_2115,T1_Fall,Program_A_C03,3,C,1,0
Student_2115,T1_Fall,Program_A_C04,4,C,1,0
Student_2115,T2_Spring,Program_A_C05,3,C,1,0
Student_2115,T2_Spring,Program_A_C06,3,C,1,0
Student_2115,T2_Spring,Program_A_C07,3,F,0,0
Student_2115,T3_Fall,Program_A_C07,3,C,1,0
Student_2115,T2_Spring,Program_A_C08,4,B,1,0
Student_2116,T1_Fall,Program_A_C01,3,C,1,0
Student_2116,T1_Fall,Program_A_C02,3,F,0,0
Student_2116,T2_Spring,Program_A_C02,3,C,1,0
Student_2116,T1_Fall,Program_A_C03,3,F,0,0
Student_2116,T1_Fall,Program_A_C04,4,C,1,0
Student_2117,T1_Fall,Program_C_C01,3,F,0,0
Student_2117,T2_Spring,Program_C_C01,3,C,1,0
Student_2117,T1_Fall,Program_C_C02,3,B,1,0
Student_2117,T1_Fall,Program_C_C03,3,B,1,0
Student_2117,T1_Fall,Program_C_C04,4,B,1,0
Student_2117,T2_Spring,Program_C_C05,3,B,1,0
Student_2117,T2_Spring,Program_C_C06,3,B,1,0
Student_2118,T1_Fall,Program_A_C01,3,C,1,0
Student_2118,T1_Fall,Program_A_C02,3,B,1,0
Student_2119,T1_Fall,Program_D_C01,3,B,1,0
Student_2119,T1_Fall,Program_D_C02,3,F,0,0
Student_2119,T2_Spring,Program_D_C02,3,C,1,0
Student_2119,T1_Fall,Program_D_C03,3,B,1,0
Student_2119,T1_Fall,Program_D_C04,4,W,0,1
Student_2119,T2_Spring,Program_D_C05,3,B,1,0
Student_2119,T2_Spring,Program_D_C06,3,B,1,0
Student_2119,T2_Spring,Program_D_C07,3,C,1,0
Student_2119,T2_Spring,Program_D_C09,3,B,1,0
Student_2119,T3_Fall,Program_D_C10,3,D,1,0
Student_2119,T3_Fall,Program_D_C11,3,B,1,0
Student_2119,T3_Fall,Program_D_C13,3,B,1,0
Student_2120,T1_Fall,Program_B_C01,3,D,1,0
Student_2120,T1_Fall,Program_B_C02,3,C,1,0
Student_2120,T1_Fall,Program_B_C03,3,B,1,0
Student_2120,T1_Fall,Program_B_C04,4,B,1,0
Student_2120,T2_Spring,Program_B_C05,3,D,1,0
Student_2120,T2_Spring,Program_B_C06,3,F,0,0
Student_2120,T2_Spring,Program_B_C07,3,B,1,0
Student_2120,T2_Spring,Program_B_C08,4,C,1,0
Student_2120,T3_Fall,Program_B_C09,3,D,1,0
Student_2120,T3_Fall,Program_B_C11,3,C,1,0
Student_2120,T3_Fall,Program_B_C12,4,C,1,0
Student_2120,T3_Fall,Program_B_C13,3,F,0,0
Student_2120,T4_Spring,Program_B_C15,3,F,0,0
Student_2120,T4_Spring,Program_B_C16,3,C,1,0
Student_2121,T1_Fall,Program_D_C01,3,D,1,0
Student_2121,T1_Fall,Program_D_C02,3,W,0,1
Student_2121,T2_Spring,Program_D_C02,3,C,1,0
Student_2121,T1_Fall,Program_D_C03,3,F,0,0
Student_2121,T1_Fall,Program_D_C04,4,C,1,0
Student_2122,T1_Fall,Program_B_C01,3,W,0,1
Student_2122,T2_Spring,Program_B_C01,3,C,1,0
Student_2122,T1_Fall,Program_B_C02,3,F,0,0
Student_2122,T2_Spring,Program_B_C02,3,C,1,0
Student_2122,T1_Fall,Program_B_C03,3,B,1,0
Student_2122,T1_Fall,Program_B_C04,4,F,0,0
Student_2122,T2_Spring,Program_B_C05,3,D,1,0
Student_2122,T2_Spring,Program_B_C06,3,C,1,0
Student_2122,T2_Spring,Program_B_C07,3,F,0,0
Student_2122,T3_Fall,Program_B_C07,3,F,0,0
Student_2122,T2_Spring,Program_B_C09,3,F,0,0
Student_2122,T3_Fall,Program_B_C09,3,C,1,0
Student_2122,T3_Fall,Program_B_C10,3,C,1,0
Student_2122,T3_Fall,Program_B_C13,3,F,0,0
Student_2122,T4_Spring,Program_B_C13,3,C,1,0
Student_2122,T3_Fall,Program_B_C14,3,F,0,0
Student_2122,T4_Spring,Program_B_C14,3,C,1,0
Student_2123,T1_Fall,Program_B_C01,3,C,1,0
Student_2123,T1_Fall,Program_B_C02,3,C,1,0
Student_2123,T1_Fall,Program_B_C03,3,C,1,0
Student_2123,T1_Fall,Program_B_C04,4,B,1,0
Student_2123,T2_Spring,Program_B_C05,3,B,1,0
Student_2124,T1_Fall,Program_C_C01,3,F,0,0
Student_2124,T1_Fall,Program_C_C02,3,F,0,0
Student_2125,T1_Fall,Program_B_C01,3,B,1,0
Student_2125,T1_Fall,Program_B_C02,3,C,1,0
Student_2125,T1_Fall,Program_B_C03,3,F,0,0
Student_2125,T2_Spring,Program_B_C03,3,C,1,0
Student_2125,T1_Fall,Program_B_C04,4,C,1,0
Student_2125,T2_Spring,Program_B_C05,3,F,0,0
Student_2125,T3_Fall,Program_B_C05,3,C,1,0
Student_2125,T2_Spring,Program_B_C06,3,F,0,0
Student_2125,T2_Spring,Program_B_C07,3,F,0,0
Student_2125,T3_Fall,Program_B_C07,3,C,1,0
Student_2126,T1_Fall,Program_B_C01,3,C,1,0
Student_2126,T1_Fall,Program_B_C02,3,W,0,1
Student_2126,T2_Spring,Program_B_C02,3,C,1,0
Student_2126,T1_Fall,Program_B_C03,3,W,0,1
Student_2126,T2_Spring,Program_B_C03,3,F,0,0
Student_2126,T1_Fall,Program_B_C04,4,C,1,0
Student_2127,T1_Fall,Program_C_C01,3,C,1,0
Student_2128,T1_Fall,Program_C_C01,3,C,1,0
Student_2129,T1_Fall,Program_C_C01,3,A,1,0
Student_2129,T1_Fall,Program_C_C02,3,C,1,0
Student_2130,T1_Fall,Program_A_C01,3,C,1,0
Student_2130,T1_Fall,Program_A_C02,3,B,1,0
Student_2130,T1_Fall,Program_A_C03,3,A,1,0
Student_2130,T1_Fall,Program_A_C04,4,B,1,0
Student_2130,T2_Spring,Program_A_C05,3,B,1,0
Student_2130,T2_Spring,Program_A_C06,3,B,1,0
Student_2130,T2_Spring,Program_A_C07,3,B,1,0
Student_2130,T2_Spring,Program_A_C08,4,B,1,0
Student_2130,T3_Fall,Program_A_C09,3,C,1,0
Student_2130,T3_Fall,Program_A_C10,3,B,1,0
Student_2131,T1_Fall,Program_A_C01,3,C,1,0
Student_2131,T1_Fall,Program_A_C02,3,C,1,0
Student_2132,T1_Fall,Program_C_C01,3,B,1,0
Student_2132,T1_Fall,Program_C_C02,3,B,1,0
Student_2132,T1_Fall,Program_C_C03,3,B,1,0
Student_2132,T1_Fall,Program_C_C04,4,W,0,1
Student_2132,T2_Spring,Program_C_C05,3,B,1,0
Student_2132,T2_Spring,Program_C_C06,3,W,0,1
Student_2132,T2_Spring,Program_C_C07,3,C,1,0
Student_2132,T2_Spring,Program_C_C09,3,B,1,0
Student_2132,T3_Fall,Program_C_C11,3,W,0,1
Student_2132,T4_Spring,Program_C_C11,3,C,1,0
Student_2132,T3_Fall,Program_C_C13,3,C,1,0
Student_2132,T3_Fall,Program_C_C15,3,D,1,0
Student_2133,T1_Fall,Program_D_C01,3,W,0,1
Student_2133,T2_Spring,Program_D_C01,3,C,1,0
Student_2133,T1_Fall,Program_D_C02,3,C,1,0
Student_2133,T1_Fall,Program_D_C03,3,C,1,0
Student_2133,T1_Fall,Program_D_C04,4,D,1,0
Student_2133,T2_Spring,Program_D_C05,3,C,1,0
Student_2134,T1_Fall,Program_B_C01,3,W,0,1
Student_2134,T1_Fall,Program_B_C02,3,F,0,0
Student_2134,T2_Spring,Program_B_C02,3,F,0,0
Student_2135,T1_Fall,Program_B_C01,3,B,1,0
Student_2136,T1_Fall,Program_D_C01,3,C,1,0
Student_2136,T1_Fall,Program_D_C02,3,W,0,1
Student_2136,T1_Fall,Program_D_C03,3,C,1,0
Student_2136,T1_Fall,Program_D_C06,3,F,0,0
Student_2136,T2_Spring,Program_D_C06,3,C,1,0
Student_2136,T2_Spring,Program_D_C07,3,D,1,0
Student_2136,T2_Spring,Program_D_C10,3,F,0,0
Student_2136,T2_Spring,Program_D_C11,3,F,0,0
Student_2137,T1_Fall,Program_D_C01,3,F,0,0
Student_2137,T2_Spring,Program_D_C01,3,C,1,0
Student_2137,T1_Fall,Program_D_C02,3,W,0,1
Student_2137,T2_Spring,Program_D_C02,3,C,1,0
Student_2137,T1_Fall,Program_D_C03,3,C,1,0
Student_2138,T1_Fall,Program_A_C01,3,F,0,0
Student_2138,T2_Spring,Program_A_C01,3,C,1,0
Student_2138,T1_Fall,Program_A_C02,3,C,1,0
Student_2138,T1_Fall,Program_A_C03,3,C,1,0
Student_2138,T1_Fall,Program_A_C04,4,C,1,0
Student_2138,T2_Spring,Program_A_C05,3,C,1,0
Student_2138,T2_Spring,Program_A_C06,3,C,1,0
Student_2139,T1_Fall,Program_C_C01,3,A,1,0
Student_2139,T1_Fall,Program_C_C02,3,A,1,0
Student_2139,T1_Fall,Program_C_C03,3,A,1,0
Student_2139,T1_Fall,Program_C_C04,4,A,1,0
Student_2139,T2_Spring,Program_C_C05,3,B,1,0
Student_2139,T2_Spring,Program_C_C06,3,A,1,0
Student_2139,T2_Spring,Program_C_C07,3,B,1,0
Student_2139,T2_Spring,Program_C_C08,4,B,1,0
Student_2140,T1_Fall,Program_C_C01,3,C,1,0
Student_2141,T1_Fall,Program_C_C01,3,F,0,0
Student_2141,T1_Fall,Program_C_C02,3,C,1,0
Student_2141,T1_Fall,Program_C_C04,4,F,0,0
Student_2141,T1_Fall,Program_C_C05,3,F,0,0
Student_2141,T2_Spring,Program_C_C05,3,C,1,0
Student_2141,T2_Spring,Program_C_C09,3,F,0,0
Student_2141,T3_Fall,Program_C_C09,3,F,0,0
Student_2142,T1_Fall,Program_C_C01,3,B,1,0
Student_2142,T1_Fall,Program_C_C02,3,B,1,0
Student_2142,T1_Fall,Program_C_C03,3,B,1,0
Student_2142,T1_Fall,Program_C_C04,4,W,0,1
Student_2142,T2_Spring,Program_C_C05,3,B,1,0
Student_2142,T2_Spring,Program_C_C06,3,W,0,1
Student_2142,T3_Fall,Program_C_C06,3,C,1,0
Student_2142,T2_Spring,Program_C_C07,3,B,1,0
Student_2142,T2_Spring,Program_C_C09,3,F,0,0
Student_2142,T3_Fall,Program_C_C10,3,B,1,0
Student_2142,T3_Fall,Program_C_C11,3,C,1,0
Student_2142,T3_Fall,Program_C_C14,3,W,0,1
Student_2142,T4_Spring,Program_C_C14,3,C,1,0
Student_2142,T3_Fall,Program_C_C15,3,C,1,0
Student_2143,T1_Fall,Program_D_C01,3,C,1,0
Student_2143,T1_Fall,Program_D_C02,3,F,0,0
Student_2143,T1_Fall,Program_D_C03,3,C,1,0
Student_2143,T1_Fall,Program_D_C06,3,C,1,0
Student_2143,T2_Spring,Program_D_C07,3,B,1,0
Student_2144,T1_Fall,Program_D_C01,3,C,1,0
Student_2144,T1_Fall,Program_D_C02,3,B,1,0
Student_2145,T1_Fall,Program_B_C01,3,C,1,0
Student_2145,T1_Fall,Program_B_C02,3,C,1,0
Student_2145,T1_Fall,Program_B_C03,3,F,0,0
Student_2145,T1_Fall,Program_B_C04,4,W,0,1
Student_2145,T2_Spring,Program_B_C05,3,F,0,0
Student_2145,T3_Fall,Program_B_C05,3,F,0,0
Student_2146,T1_Fall,Program_C_C01,3,C,1,0
Student_2146,T1_Fall,Program_C_C02,3,W,0,1
Student_2146,T1_Fall,Program_C_C03,3,F,0,0
Student_2147,T1_Fall,Program_D_C01,3,B,1,0
Student_2147,T1_Fall,Program_D_C02,3,B,1,0
Student_2147,T1_Fall,Program_D_C03,3,B,1,0
Student_2147,T1_Fall,Program_D_C04,4,B,1,0
Student_2147,T2_Spring,Program_D_C05,3,C,1,0
Student_2147,T2_Spring,Program_D_C06,3,F,0,0
Student_2147,T3_Fall,Program_D_C06,3,C,1,0
Student_2147,T2_Spring,Program_D_C07,3,B,1,0
Student_2147,T2_Spring,Program_D_C08,4,C,1,0
Student_2148,T1_Fall,Program_A_C01,3,D,1,0
Student_2148,T1_Fall,Program_A_C02,3,D,1,0
Student_2148,T1_Fall,Program_A_C03,3,W,0,1
Student_2148,T1_Fall,Program_A_C04,4,C,1,0
Student_2149,T1_Fall,Program_A_C01,3,C,1,0
Student_2149,T1_Fall,Program_A_C02,3,B,1,0
Student_2149,T1_Fall,Program_A_C03,3,B,1,0
Student_2149,T1_Fall,Program_A_C04,4,B,1,0
Student_2149,T2_Spring,Program_A_C05,3,C,1,0
Student_2149,T2_Spring,Program_A_C06,3,D,1,0
Student_2149,T2_Spring,Program_A_C07,3,D,1,0
Student_2149,T2_Spring,Program_A_C08,4,D,1,0
Student_2149,T3_Fall,Program_A_C09,3,C,1,0
Student_2149,T3_Fall,Program_A_C10,3,W,0,1
Student_2149,T4_Spring,Program_A_C10,3,C,1,0
Student_2149,T3_Fall,Program_A_C11,3,F,0,0
Student_2149,T4_Spring,Program_A_C11,3,C,1,0
Student_2150,T1_Fall,Program_B_C01,3,B,1,0
Student_2150,T1_Fall,Program_B_C02,3,B,1,0
Student_2151,T1_Fall,Program_A_C01,3,C,1,0
Student_2151,T1_Fall,Program_A_C02,3,F,0,0
Student_2151,T1_Fall,Program_A_C03,3,D,1,0
Student_2152,T1_Fall,Program_A_C01,3,F,0,0
Student_2152,T2_Spring,Program_A_C01,3,F,0,0
Student_2152,T1_Fall,Program_A_C02,3,W,0,1
Student_2152,T2_Spring,Program_A_C02,3,C,1,0
Student_2152,T1_Fall,Program_A_C04,4,C,1,0
Student_2152,T1_Fall,Program_A_C05,3,C,1,0
Student_2152,T2_Spring,Program_A_C08,4,C,1,0
Student_2152,T2_Spring,Program_A_C09,3,D,1,0
Student_2152,T2_Spring,Program_A_C12,4,W,0,1
Student_2152,T3_Fall,Program_A_C12,4,C,1,0
Student_2152,T2_Spring,Program_A_C13,3,F,0,0
Student_2152,T3_Fall,Program_A_C13,3,C,1,0
Student_2152,T3_Fall,Program_A_C16,3,B,1,0
Student_2153,T1_Fall,Program_B_C01,3,W,0,1
Student_2153,T1_Fall,Program_B_C02,3,C,1,0
Student_2153,T1_Fall,Program_B_C04,4,C,1,0
Student_2153,T1_Fall,Program_B_C05,3,D,1,0
Student_2154,T1_Fall,Program_A_C01,3,F,0,0
Student_2154,T1_Fall,Program_A_C02,3,A,1,0
Student_2154,T1_Fall,Program_A_C04,4,B,1,0
Student_2154,T1_Fall,Program_A_C05,3,C,1,0
Student_2154,T2_Spring,Program_A_C08,4,F,0,0
Student_2154,T3_Fall,Program_A_C08,4,C,1,0
Student_2154,T2_Spring,Program_A_C09,3,C,1,0
Student_2154,T2_Spring,Program_A_C12,4,B,1,0
Student_2155,T1_Fall,Program_A_C01,3,C,1,0
Student_2155,T1_Fall,Program_A_C02,3,B,1,0
Student_2155,T1_Fall,Program_A_C03,3,B,1,0
Student_2155,T1_Fall,Program_A_C04,4,B,1,0
Student_2156,T1_Fall,Program_A_C01,3,A,1,0
Student_2156,T1_Fall,Program_A_C02,3,C,1,0
Student_2156,T1_Fall,Program_A_C03,3,B,1,0
Student_2157,T1_Fall,Program_D_C01,3,F,0,0
Student_2157,T2_Spring,Program_D_C01,3,C,1,0
Student_2157,T1_Fall,Program_D_C02,3,C,1,0
Student_2157,T1_Fall,Program_D_C03,3,C,1,0
Student_2157,T1_Fall,Program_D_C04,4,W,0,1
Student_2157,T2_Spring,Program_D_C04,4,C,1,0
Student_2157,T2_Spring,Program_D_C05,3,W,0,1
Student_2157,T2_Spring,Program_D_C06,3,C,1,0
Student_2157,T2_Spring,Program_D_C07,3,C,1,0
Student_2158,T1_Fall,Program_B_C01,3,F,0,0
Student_2158,T2_Spring,Program_B_C01,3,C,1,0
Student_2158,T1_Fall,Program_B_C02,3,D,1,0
Student_2158,T1_Fall,Program_B_C03,3,F,0,0
Student_2158,T2_Spring,Program_B_C03,3,C,1,0
Student_2158,T1_Fall,Program_B_C04,4,F,0,0
Student_2158,T2_Spring,Program_B_C04,4,F,0,0
Student_2158,T2_Spring,Program_B_C05,3,W,0,1
Student_2158,T3_Fall,Program_B_C05,3,C,1,0
Student_2158,T2_Spring,Program_B_C06,3,W,0,1
Student_2158,T3_Fall,Program_B_C06,3,F,0,0
Student_2158,T2_Spring,Program_B_C07,3,W,0,1
Student_2158,T2_Spring,Program_B_C09,3,F,0,0
Student_2159,T1_Fall,Program_B_C01,3,B,1,0
Student_2159,T1_Fall,Program_B_C02,3,C,1,0
Student_2159,T1_Fall,Program_B_C03,3,F,0,0
Student_2159,T2_Spring,Program_B_C03,3,C,1,0
Student_2160,T1_Fall,Program_B_C01,3,F,0,0
Student_2160,T1_Fall,Program_B_C02,3,A,1,0
Student_2160,T1_Fall,Program_B_C04,4,C,1,0
Student_2160,T1_Fall,Program_B_C05,3,A,1,0
Student_2160,T2_Spring,Program_B_C08,4,B,1,0
Student_2160,T2_Spring,Program_B_C09,3,C,1,0
Student_2160,T2_Spring,Program_B_C12,4,C,1,0
Student_2160,T2_Spring,Program_B_C13,3,C,1,0
Student_2160,T3_Fall,Program_B_C16,3,B,1,0
Student_2161,T1_Fall,Program_A_C01,3,B,1,0
Student_2161,T1_Fall,Program_A_C02,3,F,0,0
Student_2161,T1_Fall,Program_A_C03,3,F,0,0
Student_2161,T2_Spring,Program_A_C03,3,C,1,0
Student_2161,T1_Fall,Program_A_C06,3,C,1,0
Student_2161,T2_Spring,Program_A_C07,3,C,1,0
Student_2161,T2_Spring,Program_A_C10,3,B,1,0
Student_2161,T2_Spring,Program_A_C11,3,C,1,0
Student_2161,T2_Spring,Program_A_C14,3,F,0,0
Student_2161,T3_Fall,Program_A_C15,3,F,0,0
Student_2161,T4_Spring,Program_A_C15,3,F,0,0
Student_2162,T1_Fall,Program_A_C01,3,C,1,0
Student_2162,T1_Fall,Program_A_C02,3,A,1,0
Student_2162,T1_Fall,Program_A_C03,3,B,1,0
Student_2162,T1_Fall,Program_A_C04,4,B,1,0
Student_2162,T2_Spring,Program_A_C05,3,B,1,0
Student_2162,T2_Spring,Program_A_C06,3,W,0,1
Student_2162,T2_Spring,Program_A_C07,3,C,1,0
Student_2163,T1_Fall,Program_A_C01,3,B,1,0
Student_2163,T1_Fall,Program_A_C02,3,A,1,0
Student_2163,T1_Fall,Program_A_C03,3,B,1,0
Student_2164,T1_Fall,Program_A_C01,3,B,1,0
Student_2164,T1_Fall,Program_A_C02,3,B,1,0
Student_2164,T1_Fall,Program_A_C03,3,B,1,0
Student_2164,T1_Fall,Program_A_C04,4,C,1,0
Student_2164,T2_Spring,Program_A_C05,3,F,0,0
Student_2164,T2_Spring,Program_A_C06,3,A,1,0
Student_2164,T2_Spring,Program_A_C07,3,C,1,0
Student_2165,T1_Fall,Program_A_C01,3,C,1,0
Student_2166,T1_Fall,Program_A_C01,3,C,1,0
Student_2166,T1_Fall,Program_A_C02,3,W,0,1
Student_2166,T1_Fall,Program_A_C03,3,W,0,1
Student_2166,T2_Spring,Program_A_C03,3,F,0,0
Student_2167,T1_Fall,Program_C_C01,3,D,1,0
Student_2167,T1_Fall,Program_C_C02,3,F,0,0
Student_2167,T1_Fall,Program_C_C03,3,W,0,1
Student_2167,T2_Spring,Program_C_C03,3,C,1,0
Student_2167,T1_Fall,Program_C_C06,3,C,1,0
Student_2167,T2_Spring,Program_C_C07,3,C,1,0
Student_2168,T1_Fall,Program_D_C01,3,B,1,0
Student_2168,T1_Fall,Program_D_C02,3,B,1,0
Student_2168,T1_Fall,Program_D_C03,3,B,1,0
Student_2168,T1_Fall,Program_D_C04,4,C,1,0
Student_2168,T2_Spring,Program_D_C05,3,B,1,0
Student_2168,T2_Spring,Program_D_C06,3,B,1,0
Student_2168,T2_Spring,Program_D_C07,3,B,1,0
Student_2168,T2_Spring,Program_D_C08,4,B,1,0
Student_2168,T3_Fall,Program_D_C09,3,C,1,0
Student_2169,T1_Fall,Program_C_C01,3,B,1,0
Student_2169,T1_Fall,Program_C_C02,3,W,0,1
Student_2169,T1_Fall,Program_C_C03,3,C,1,0
Student_2169,T1_Fall,Program_C_C06,3,B,1,0
Student_2169,T2_Spring,Program_C_C07,3,B,1,0
Student_2169,T2_Spring,Program_C_C10,3,C,1,0
Student_2169,T2_Spring,Program_C_C11,3,B,1,0
Student_2169,T2_Spring,Program_C_C14,3,C,1,0
Student_2169,T3_Fall,Program_C_C15,3,C,1,0
Student_2170,T1_Fall,Program_A_C01,3,A,1,0
Student_2170,T1_Fall,Program_A_C02,3,B,1,0
Student_2170,T1_Fall,Program_A_C03,3,A,1,0
Student_2170,T1_Fall,Program_A_C04,4,A,1,0
Student_2170,T2_Spring,Program_A_C05,3,B,1,0
Student_2170,T2_Spring,Program_A_C06,3,C,1,0
Student_2171,T1_Fall,Program_B_C01,3,C,1,0
Student_2171,T1_Fall,Program_B_C02,3,C,1,0
Student_2171,T1_Fall,Program_B_C03,3,F,0,0
Student_2171,T2_Spring,Program_B_C03,3,C,1,0
Student_2171,T1_Fall,Program_B_C04,4,C,1,0
Student_2171,T2_Spring,Program_B_C05,3,F,0,0
Student_2171,T3_Fall,Program_B_C05,3,C,1,0
Student_2171,T2_Spring,Program_B_C06,3,D,1,0
Student_2172,T1_Fall,Program_A_C01,3,W,0,1
Student_2172,T1_Fall,Program_A_C02,3,W,0,1
Student_2172,T2_Spring,Program_A_C02,3,C,1,0
Student_2172,T1_Fall,Program_A_C04,4,C,1,0
Student_2172,T1_Fall,Program_A_C05,3,B,1,0
Student_2173,T1_Fall,Program_D_C01,3,B,1,0
Student_2173,T1_Fall,Program_D_C02,3,B,1,0
Student_2173,T1_Fall,Program_D_C03,3,B,1,0
Student_2173,T1_Fall,Program_D_C04,4,B,1,0
Student_2173,T2_Spring,Program_D_C05,3,C,1,0
Student_2173,T2_Spring,Program_D_C06,3,C,1,0
Student_2173,T2_Spring,Program_D_C07,3,C,1,0
Student_2173,T2_Spring,Program_D_C08,4,C,1,0
Student_2173,T3_Fall,Program_D_C09,3,C,1,0
Student_2174,T1_Fall,Program_A_C01,3,C,1,0
Student_2174,T1_Fall,Program_A_C02,3,W,0,1
Student_2174,T2_Spring,Program_A_C02,3,C,1,0
Student_2174,T1_Fall,Program_A_C03,3,F,0,0
Student_2174,T2_Spring,Program_A_C03,3,C,1,0
Student_2174,T1_Fall,Program_A_C04,4,F,0,0
Student_2174,T2_Spring,Program_A_C04,4,C,1,0
Student_2174,T2_Spring,Program_A_C05,3,F,0,0
Student_2174,T3_Fall,Program_A_C05,3,C,1,0
Student_2174,T2_Spring,Program_A_C06,3,F,0,0
Student_2174,T2_Spring,Program_A_C07,3,B,1,0
Student_2174,T2_Spring,Program_A_C08,4,C,1,0
Student_2174,T3_Fall,Program_A_C09,3,F,0,0
Student_2174,T4_Spring,Program_A_C09,3,C,1,0
Student_2174,T3_Fall,Program_A_C11,3,F,0,0
Student_2174,T3_Fall,Program_A_C12,4,C,1,0
Student_2174,T3_Fall,Program_A_C13,3,C,1,0
Student_2174,T4_Spring,Program_A_C16,3,C,1,0
Student_2175,T1_Fall,Program_C_C01,3,F,0,0
Student_2175,T2_Spring,Program_C_C01,3,C,1,0
Student_2176,T1_Fall,Program_C_C01,3,F,0,0
Student_2176,T1_Fall,Program_C_C02,3,C,1,0
Student_2176,T1_Fall,Program_C_C04,4,F,0,0
Student_2176,T1_Fall,Program_C_C05,3,F,0,0
Student_2176,T2_Spring,Program_C_C05,3,C,1,0
Student_2176,T2_Spring,Program_C_C09,3,D,1,0
Student_2177,T1_Fall,Program_C_C01,3,A,1,0
Student_2177,T1_Fall,Program_C_C02,3,C,1,0
Student_2177,T1_Fall,Program_C_C03,3,B,1,0
Student_2177,T1_Fall,Program_C_C04,4,B,1,0
Student_2177,T2_Spring,Program_C_C05,3,W,0,1
Student_2177,T3_Fall,Program_C_C05,3,C,1,0
Student_2177,T2_Spring,Program_C_C06,3,W,0,1
Student_2177,T3_Fall,Program_C_C06,3,C,1,0
Student_2178,T1_Fall,Program_D_C01,3,W,0,1
Student_2178,T2_Spring,Program_D_C01,3,C,1,0
Student_2179,T1_Fall,Program_A_C01,3,F,0,0
Student_2179,T2_Spring,Program_A_C01,3,C,1,0
Student_2179,T1_Fall,Program_A_C02,3,B,1,0
Student_2179,T1_Fall,Program_A_C03,3,B,1,0
Student_2179,T1_Fall,Program_A_C04,4,B,1,0
Student_2179,T2_Spring,Program_A_C05,3,W,0,1
Student_2179,T2_Spring,Program_A_C06,3,B,1,0
Student_2179,T2_Spring,Program_A_C07,3,B,1,0
Student_2179,T2_Spring,Program_A_C08,4,B,1,0
Student_2179,T3_Fall,Program_A_C10,3,B,1,0
Student_2179,T3_Fall,Program_A_C11,3,W,0,1
Student_2179,T4_Spring,Program_A_C11,3,C,1,0
Student_2180,T1_Fall,Program_C_C01,3,D,1,0
Student_2181,T1_Fall,Program_B_C01,3,F,0,0
Student_2181,T2_Spring,Program_B_C01,3,C,1,0
Student_2182,T1_Fall,Program_C_C01,3,F,0,0
Student_2182,T1_Fall,Program_C_C02,3,F,0,0
Student_2183,T1_Fall,Program_C_C01,3,D,1,0
Student_2183,T1_Fall,Program_C_C02,3,B,1,0
Student_2183,T1_Fall,Program_C_C03,3,B,1,0
Student_2183,T1_Fall,Program_C_C04,4,C,1,0
Student_2183,T2_Spring,Program_C_C05,3,C,1,0
Student_2183,T2_Spring,Program_C_C06,3,C,1,0
Student_2183,T2_Spring,Program_C_C07,3,B,1,0
Student_2184,T1_Fall,Program_B_C01,3,B,1,0
Student_2184,T1_Fall,Program_B_C02,3,C,1,0
Student_2184,T1_Fall,Program_B_C03,3,B,1,0
Student_2185,T1_Fall,Program_B_C01,3,C,1,0
Student_2185,T1_Fall,Program_B_C02,3,C,1,0
Student_2186,T1_Fall,Program_D_C01,3,C,1,0
Student_2187,T1_Fall,Program_D_C01,3,C,1,0
Student_2187,T1_Fall,Program_D_C02,3,W,0,1
Student_2187,T1_Fall,Program_D_C03,3,B,1,0
Student_2187,T1_Fall,Program_D_C06,3,W,0,1
Student_2187,T2_Spring,Program_D_C06,3,C,1,0
Student_2188,T1_Fall,Program_A_C01,3,B,1,0
Student_2188,T1_Fall,Program_A_C02,3,B,1,0
Student_2188,T1_Fall,Program_A_C03,3,C,1,0
Student_2188,T1_Fall,Program_A_C04,4,B,1,0
Student_2188,T2_Spring,Program_A_C05,3,B,1,0
Student_2188,T2_Spring,Program_A_C06,3,C,1,0
Student_2188,T2_Spring,Program_A_C07,3,W,0,1
Student_2188,T2_Spring,Program_A_C08,4,B,1,0
Student_2189,T1_Fall,Program_B_C01,3,C,1,0
Student_2190,T1_Fall,Program_D_C01,3,B,1,0
Student_2191,T1_Fall,Program_D_C01,3,F,0,0
Student_2191,T1_Fall,Program_D_C02,3,B,1,0
Student_2192,T1_Fall,Program_A_C01,3,F,0,0
Student_2192,T1_Fall,Program_A_C02,3,W,0,1
Student_2192,T2_Spring,Program_A_C02,3,C,1,0
Student_2192,T1_Fall,Program_A_C04,4,C,1,0
Student_2192,T1_Fall,Program_A_C05,3,W,0,1
Student_2192,T2_Spring,Program_A_C08,4,W,0,1
Student_2192,T3_Fall,Program_A_C08,4,C,1,0
Student_2192,T2_Spring,Program_A_C12,4,C,1,0
Student_2192,T2_Spring,Program_A_C16,3,F,0,0
Student_2192,T3_Fall,Program_A_C16,3,C,1,0
Student_2193,T1_Fall,Program_A_C01,3,C,1,0
Student_2193,T1_Fall,Program_A_C02,3,B,1,0
Student_2193,T1_Fall,Program_A_C03,3,B,1,0
Student_2193,T1_Fall,Program_A_C04,4,B,1,0
Student_2193,T2_Spring,Program_A_C05,3,B,1,0
Student_2193,T2_Spring,Program_A_C06,3,C,1,0
Student_2194,T1_Fall,Program_A_C01,3,C,1,0
Student_2194,T1_Fall,Program_A_C02,3,B,1,0
Student_2194,T1_Fall,Program_A_C03,3,C,1,0
Student_2194,T1_Fall,Program_A_C04,4,C,1,0
Student_2194,T2_Spring,Program_A_C05,3,F,0,0
Student_2194,T3_Fall,Program_A_C05,3,C,1,0
Student_2194,T2_Spring,Program_A_C06,3,B,1,0
Student_2195,T1_Fall,Program_A_C01,3,F,0,0
Student_2195,T2_Spring,Program_A_C01,3,C,1,0
Student_2195,T1_Fall,Program_A_C02,3,B,1,0
Student_2195,T1_Fall,Program_A_C03,3,W,0,1
Student_2195,T2_Spring,Program_A_C03,3,C,1,0
Student_2195,T1_Fall,Program_A_C04,4,C,1,0
Student_2195,T2_Spring,Program_A_C05,3,C,1,0
Student_2195,T2_Spring,Program_A_C06,3,C,1,0
Student_2195,T2_Spring,Program_A_C07,3,C,1,0
Student_2195,T2_Spring,Program_A_C08,4,C,1,0
Student_2195,T3_Fall,Program_A_C09,3,F,0,0
Student_2195,T3_Fall,Program_A_C10,3,C,1,0
Student_2195,T3_Fall,Program_A_C11,3,F,0,0
Student_2195,T4_Spring,Program_A_C11,3,C,1,0
Student_2195,T3_Fall,Program_A_C12,4,C,1,0
Student_2196,T1_Fall,Program_C_C01,3,B,1,0
Student_2196,T1_Fall,Program_C_C02,3,C,1,0
Student_2196,T1_Fall,Program_C_C03,3,B,1,0
Student_2196,T1_Fall,Program_C_C04,4,B,1,0
Student_2196,T2_Spring,Program_C_C05,3,B,1,0
Student_2196,T2_Spring,Program_C_C06,3,A,1,0
Student_2196,T2_Spring,Program_C_C07,3,F,0,0
Student_2196,T3_Fall,Program_C_C07,3,C,1,0
Student_2196,T2_Spring,Program_C_C08,4,B,1,0
Student_2196,T3_Fall,Program_C_C09,3,B,1,0
Student_2196,T3_Fall,Program_C_C10,3,C,1,0
Student_2197,T1_Fall,Program_D_C01,3,B,1,0
Student_2197,T1_Fall,Program_D_C02,3,C,1,0
Student_2197,T1_Fall,Program_D_C03,3,B,1,0
Student_2197,T1_Fall,Program_D_C04,4,B,1,0
Student_2198,T1_Fall,Program_B_C01,3,C,1,0
Student_2199,T1_Fall,Program_A_C01,3,A,1,0
Student_2199,T1_Fall,Program_A_C02,3,B,1,0
Student_2199,T1_Fall,Program_A_C03,3,B,1,0
Student_2200,T1_Fall,Program_A_C01,3,B,1,0
Student_2200,T1_Fall,Program_A_C02,3,C,1,0
Student_2200,T1_Fall,Program_A_C03,3,D,1,0
Student_2200,T1_Fall,Program_A_C04,4,B,1,0
Student_2200,T2_Spring,Program_A_C05,3,C,1,0
Student_2200,T2_Spring,Program_A_C06,3,C,1,0
Student_2200,T2_Spring,Program_A_C07,3,B,1,0
Student_2200,T2_Spring,Program_A_C08,4,F,0,0
Student_2200,T3_Fall,Program_A_C09,3,B,1,0
Student_2200,T3_Fall,Program_A_C10,3,F,0,0
Student_2200,T3_Fall,Program_A_C11,3,F,0,0
Student_2200,T4_Spring,Program_A_C11,3,C,1,0
Student_2200,T3_Fall,Program_A_C13,3,W,0,1
Student_2200,T4_Spring,Program_A_C13,3,C,1,0
