Student_ID,Program_ID,Entry_Type,Academic_Level,Credits_Completed,Current_GPA,Maximum_Recommended_Credits
Student_0001,Program_C,First_Year,2,54,2.32,18
Student_0002,Program_B,First_Year,3,81,1.58,18
Student_0003,Program_B,Transfer,3,65,2.27,18
Student_0004,Program_C,First_Year,3,78,2.71,15
Student_0005,Program_C,Transfer,2,32,2.46,18
Student_0006,Program_B,First_Year,3,56,2.59,15
Student_0007,Program_D,First_Year,2,47,2.47,15
Student_0008,Program_D,First_Year,2,31,3.14,15
Student_0009,Program_B,First_Year,2,36,2.87,18
Student_0010,Program_D,First_Year,2,53,2.37,15
Student_0011,Program_A,First_Year,2,42,3.43,15
Student_0012,Program_D,First_Year,3,81,2.32,15
Student_0013,Program_B,First_Year,3,77,2.55,15
Student_0014,Program_D,First_Year,1,8,2.89,18
Student_0015,Program_A,First_Year,3,54,2.49,15
Student_0016,Program_B,First_Year,3,66,3.32,18
Student_0017,Program_D,First_Year,2,29,2.76,15
Student_0018,Program_B,First_Year,3,59,2.2,18
Student_0019,Program_D,First_Year,3,63,1.92,18
Student_0020,Program_B,First_Year,1,3,2.66,12
Student_0021,Program_B,First_Year,3,62,2.55,15
Student_0022,Program_D,Transfer,4,82,3.46,15
Student_0023,Program_C,First_Year,4,82,1.68,18
Student_0024,Program_D,First_Year,3,68,2.73,15
Student_0025,Program_C,Transfer,3,72,2.89,15
Student_0026,Program_C,First_Year,2,45,3.09,15
Student_0027,Program_D,Transfer,3,75,2.72,15
Student_0028,Program_C,First_Year,1,14,2.91,18
Student_0029,Program_A,First_Year,2,36,2.84,12
Student_0030,Program_D,Transfer,2,31,2.26,18
Student_0031,Program_D,First_Year,2,36,3.11,12
Student_0032,Program_A,Transfer,4,85,2.34,15
Student_0033,Program_D,Transfer,1,25,2.86,18
Student_0034,Program_B,First_Year,1,9,2.96,15
Student_0035,Program_A,First_Year,2,43,2.78,18
Student_0036,Program_A,Transfer,2,51,2.95,18
Student_0037,Program_C,First_Year,1,7,2.91,18
Student_0038,Program_B,First_Year,2,29,2.94,15
Student_0039,Program_B,First_Year,3,78,2.29,15
Student_0040,Program_B,Transfer,1,7,3.07,15
Student_0041,Program_A,First_Year,3,74,2.2,15
Student_0042,Program_C,Transfer,2,45,2.68,15
Student_0043,Program_C,First_Year,2,30,2.35,15
Student_0044,Program_D,First_Year,2,54,2.73,18
Student_0045,Program_A,Transfer,2,35,2.77,18
Student_0046,Program_C,First_Year,1,3,3.76,15
Student_0047,Program_B,First_Year,4,91,2.45,12
Student_0048,Program_A,Transfer,3,66,2.6,15
Student_0049,Program_D,First_Year,2,27,3.03,15
Student_0050,Program_D,Transfer,4,105,2.25,12
Student_0051,Program_B,Transfer,1,19,3.49,15
Student_0052,Program_A,Transfer,1,22,3.36,15
Student_0053,Program_B,First_Year,1,14,2.14,12
Student_0054,Program_C,Transfer,4,106,2.61,15
Student_0055,Program_B,First_Year,4,99,2.91,15
Student_0056,Program_B,Transfer,3,75,2.68,15
Student_0057,Program_A,First_Year,4,108,2.75,15
Student_0058,Program_A,First_Year,3,66,2.31,15
Student_0059,Program_C,First_Year,1,25,3.17,15
Student_0060,Program_A,Transfer,2,53,2.95,15
Student_0061,Program_D,First_Year,2,53,3.01,15
Student_0062,Program_C,Transfer,3,61,2.11,18
Student_0063,Program_B,First_Year,2,36,3.14,18
Student_0064,Program_A,First_Year,4,106,2.58,15
Student_0065,Program_A,First_Year,3,62,3.14,15
Student_0066,Program_D,First_Year,2,51,2.94,15
Student_0067,Program_D,First_Year,1,19,3.31,18
Student_0068,Program_C,First_Year,3,57,3.19,15
Student_0069,Program_D,First_Year,2,52,3.17,15
Student_0070,Program_C,Transfer,2,47,2.83,12
Student_0071,Program_A,Transfer,3,80,2.93,15
Student_0072,Program_D,First_Year,1,13,2.51,15
Student_0073,Program_D,First_Year,4,85,3.43,15
Student_0074,Program_D,First_Year,3,67,2.47,15
Student_0075,Program_B,First_Year,3,77,2.04,12
Student_0076,Program_C,First_Year,1,19,2.6,15
Student_0077,Program_D,Transfer,3,66,2.84,15
Student_0078,Program_D,Transfer,2,27,3.58,15
Student_0079,Program_A,First_Year,4,88,2.83,15
Student_0080,Program_C,Transfer,2,29,3.27,15
Student_0081,Program_B,First_Year,1,13,3.57,18
Student_0082,Program_B,Transfer,2,51,3.2,15
Student_0083,Program_B,First_Year,4,81,3.28,15
Student_0084,Program_A,First_Year,2,41,1.98,15
Student_0085,Program_A,First_Year,2,35,2.25,15
Student_0086,Program_A,First_Year,4,94,2.79,15
Student_0087,Program_C,Transfer,1,11,2.27,15
Student_0088,Program_D,First_Year,4,107,2.56,15
Student_0089,Program_D,First_Year,4,105,2.35,18
Student_0090,Program_C,First_Year,3,57,2.66,15
Student_0091,Program_C,First_Year,4,96,3.56,15
Student_0092,Program_A,First_Year,2,52,3.19,15
Student_0093,Program_C,First_Year,2,27,2.21,15
Student_0094,Program_B,First_Year,3,80,2.61,15
Student_0095,Program_B,Transfer,4,108,3.15,15
Student_0096,Program_B,Transfer,1,16,2.61,15
Student_0097,Program_A,First_Year,4,103,1.72,12
Student_0098,Program_D,First_Year,2,29,2.23,15
Student_0099,Program_D,First_Year,4,89,3.41,15
Student_0100,Program_A,First_Year,1,16,3.66,15
Student_0101,Program_B,First_Year,4,99,2.31,15
Student_0102,Program_B,First_Year,3,74,2.82,18
Student_0103,Program_D,Transfer,3,73,3.18,15
Student_0104,Program_B,Transfer,2,34,3.44,18
Student_0105,Program_A,Transfer,1,1,1.73,15
Student_0106,Program_C,First_Year,1,15,4.0,18
Student_0107,Program_D,Transfer,1,25,2.84,12
Student_0108,Program_C,Transfer,3,66,2.66,15
Student_0109,Program_A,First_Year,3,61,3.24,15
Student_0110,Program_D,Transfer,1,11,1.62,12
Student_0111,Program_C,First_Year,4,101,2.6,15
Student_0112,Program_B,First_Year,1,7,1.73,15
Student_0113,Program_D,First_Year,1,23,2.21,15
Student_0114,Program_B,First_Year,2,38,2.68,15
Student_0115,Program_A,Transfer,3,79,2.11,18
Student_0116,Program_C,First_Year,3,62,2.59,12
Student_0117,Program_A,Transfer,3,68,3.07,18
Student_0118,Program_A,First_Year,3,73,3.39,15
Student_0119,Program_C,Transfer,4,91,1.88,15
Student_0120,Program_D,First_Year,3,79,2.37,18
Student_0121,Program_C,First_Year,4,105,1.85,18
Student_0122,Program_A,First_Year,3,79,1.32,18
Student_0123,Program_D,First_Year,4,102,3.17,15
Student_0124,Program_B,Transfer,3,81,3.11,15
Student_0125,Program_A,Transfer,4,85,2.76,15
Student_0126,Program_D,First_Year,3,62,2.04,15
Student_0127,Program_C,Transfer,1,27,2.15,15
Student_0128,Program_B,First_Year,2,27,2.86,15
Student_0129,Program_C,First_Year,4,87,2.26,18
Student_0130,Program_B,First_Year,2,46,2.9,15
Student_0131,Program_B,Transfer,3,57,2.38,15
Student_0132,Program_C,Transfer,3,74,2.29,15
Student_0133,Program_A,Transfer,3,66,2.99,18
Student_0134,Program_C,First_Year,2,52,3.05,15
Student_0135,Program_A,First_Year,4,101,2.55,18
Student_0136,Program_D,Transfer,4,94,1.25,18
Student_0137,Program_A,First_Year,4,81,2.82,15
Student_0138,Program_A,First_Year,2,46,2.95,15
Student_0139,Program_C,Transfer,2,40,2.21,12
Student_0140,Program_A,First_Year,2,31,2.36,18
Student_0141,Program_B,Transfer,2,31,3.54,15
Student_0142,Program_D,Transfer,4,106,2.99,18
Student_0143,Program_D,First_Year,2,39,3.33,15
Student_0144,Program_D,First_Year,2,42,3.29,15
Student_0145,Program_A,First_Year,4,90,3.08,15
Student_0146,Program_B,First_Year,2,39,2.8,15
Student_0147,Program_D,First_Year,1,20,2.92,15
Student_0148,Program_D,First_Year,4,91,2.11,18
Student_0149,Program_A,Transfer,2,52,2.47,12
Student_0150,Program_C,First_Year,3,71,2.15,15
Student_0151,Program_B,Transfer,3,54,2.89,15
Student_0152,Program_D,Transfer,4,84,2.56,18
Student_0153,Program_C,Transfer,4,87,2.68,18
Student_0154,Program_D,Transfer,3,79,2.99,15
Student_0155,Program_D,Transfer,2,39,3.77,15
Student_0156,Program_A,Transfer,1,4,2.45,18
Student_0157,Program_C,Transfer,1,27,2.29,15
Student_0158,Program_A,First_Year,2,46,3.09,15
Student_0159,Program_B,Transfer,1,15,2.12,12
Student_0160,Program_D,First_Year,1,23,2.42,15
Student_0161,Program_A,First_Year,1,24,2.37,15
Student_0162,Program_C,First_Year,3,65,2.81,15
Student_0163,Program_C,Transfer,2,48,2.16,18
Student_0164,Program_C,First_Year,2,40,3.14,15
Student_0165,Program_A,First_Year,4,98,2.24,12
Student_0166,Program_C,First_Year,1,15,3.35,15
Student_0167,Program_C,First_Year,2,50,3.26,15
Student_0168,Program_D,First_Year,3,69,3.17,15
Student_0169,Program_B,Transfer,3,69,2.86,18
Student_0170,Program_C,Transfer,1,26,2.88,15
Student_0171,Program_C,Transfer,2,39,3.0,15
Student_0172,Program_A,First_Year,2,48,3.33,15
Student_0173,Program_B,Transfer,3,64,2.27,15
Student_0174,Program_A,First_Year,3,75,2.45,12
Student_0175,Program_C,Transfer,2,27,2.93,15
Student_0176,Program_D,First_Year,4,99,2.34,15
Student_0177,Program_D,Transfer,3,60,2.26,15
Student_0178,Program_B,First_Year,1,0,3.0,18
Student_0179,Program_C,First_Year,1,13,3.33,15
Student_0180,Program_A,Transfer,2,45,3.19,15
Student_0181,Program_C,Transfer,2,41,2.91,15
Student_0182,Program_A,First_Year,2,30,2.66,15
Student_0183,Program_D,First_Year,2,34,1.95,15
Student_0184,Program_B,First_Year,3,80,2.3,15
Student_0185,Program_B,First_Year,2,48,2.27,15
Student_0186,Program_A,First_Year,1,23,2.35,12
Student_0187,Program_D,First_Year,1,24,3.0,18
Student_0188,Program_D,First_Year,3,70,3.17,18
Student_0189,Program_C,First_Year,3,70,2.63,15
Student_0190,Program_D,Transfer,3,75,1.92,18
Student_0191,Program_C,First_Year,4,106,2.81,15
Student_0192,Program_B,First_Year,2,36,2.64,12
Student_0193,Program_C,Transfer,3,63,2.86,18
Student_0194,Program_A,First_Year,3,81,2.48,18
Student_0195,Program_D,First_Year,3,81,3.19,12
Student_0196,Program_B,First_Year,1,8,2.36,15
Student_0197,Program_B,First_Year,1,7,3.15,15
Student_0198,Program_B,First_Year,1,4,3.07,15
Student_0199,Program_A,First_Year,4,89,1.82,15
Student_0200,Program_B,First_Year,1,27,2.2,18
Student_0201,Program_A,Transfer,3,79,2.23,18
Student_0202,Program_A,Transfer,1,1,2.89,18
Student_0203,Program_D,Transfer,1,0,3.05,12
Student_0204,Program_B,First_Year,2,46,2.69,15
Student_0205,Program_D,First_Year,1,4,3.32,18
Student_0206,Program_C,First_Year,1,25,1.82,15
Student_0207,Program_D,First_Year,1,27,2.82,12
Student_0208,Program_A,First_Year,2,51,2.85,15
Student_0209,Program_B,Transfer,3,79,3.41,15
Student_0210,Program_A,First_Year,2,37,2.63,18
Student_0211,Program_B,Transfer,1,9,2.74,15
Student_0212,Program_A,Transfer,2,44,3.58,18
Student_0213,Program_B,First_Year,2,43,3.08,12
Student_0214,Program_D,First_Year,1,9,2.49,18
Student_0215,Program_D,First_Year,4,107,2.19,12
Student_0216,Program_D,First_Year,4,93,3.81,15
Student_0217,Program_D,First_Year,1,25,2.98,12
Student_0218,Program_C,First_Year,3,63,2.93,15
Student_0219,Program_B,Transfer,2,43,3.91,18
Student_0220,Program_A,Transfer,1,12,1.98,12
Student_0221,Program_C,First_Year,2,35,3.02,15
Student_0222,Program_A,Transfer,1,19,2.29,15
Student_0223,Program_C,First_Year,1,17,3.07,18
Student_0224,Program_A,Transfer,1,17,2.41,15
Student_0225,Program_D,First_Year,3,77,2.58,18
Student_0226,Program_C,First_Year,4,89,3.28,18
Student_0227,Program_A,First_Year,1,18,2.3,12
Student_0228,Program_A,First_Year,4,90,2.71,18
Student_0229,Program_A,First_Year,4,95,2.61,12
Student_0230,Program_A,First_Year,2,44,2.72,15
Student_0231,Program_C,Transfer,4,90,2.96,18
Student_0232,Program_D,First_Year,4,92,3.45,15
Student_0233,Program_D,Transfer,1,22,1.67,12
Student_0234,Program_D,First_Year,1,17,3.63,15
Student_0235,Program_A,First_Year,1,19,2.13,15
Student_0236,Program_C,First_Year,4,106,2.85,15
Student_0237,Program_B,First_Year,2,46,2.45,15
Student_0238,Program_A,Transfer,1,9,2.17,15
Student_0239,Program_C,First_Year,3,70,2.45,15
Student_0240,Program_B,First_Year,1,3,2.8,18
Student_0241,Program_A,First_Year,4,101,3.11,15
Student_0242,Program_A,First_Year,4,99,2.14,15
Student_0243,Program_D,First_Year,1,8,3.46,15
Student_0244,Program_A,First_Year,3,78,2.57,12
Student_0245,Program_C,First_Year,3,62,2.15,12
Student_0246,Program_B,Transfer,2,41,2.17,15
Student_0247,Program_D,First_Year,4,95,2.95,15
Student_0248,Program_A,First_Year,4,88,3.83,12
Student_0249,Program_C,Transfer,2,48,3.72,18
Student_0250,Program_C,First_Year,2,36,2.61,18
Student_0251,Program_B,Transfer,3,54,3.24,15
Student_0252,Program_B,Transfer,2,45,2.05,15
Student_0253,Program_D,Transfer,4,93,2.91,18
Student_0254,Program_B,First_Year,2,50,2.68,15
Student_0255,Program_A,First_Year,3,60,2.4,18
Student_0256,Program_B,Transfer,3,62,2.61,18
Student_0257,Program_B,First_Year,2,44,1.96,15
Student_0258,Program_D,First_Year,1,3,2.47,15
Student_0259,Program_C,First_Year,3,69,2.73,15
Student_0260,Program_C,First_Year,1,5,3.68,15
Student_0261,Program_A,First_Year,3,70,2.62,12
Student_0262,Program_A,First_Year,1,4,2.29,18
Student_0263,Program_A,First_Year,1,15,2.28,15
Student_0264,Program_D,First_Year,1,9,2.66,15
Student_0265,Program_C,First_Year,3,70,2.66,15
Student_0266,Program_B,First_Year,1,5,3.09,15
Student_0267,Program_A,First_Year,1,11,3.02,18
Student_0268,Program_B,Transfer,2,38,2.48,15
Student_0269,Program_A,Transfer,2,45,2.28,18
Student_0270,Program_B,First_Year,3,80,1.97,12
Student_0271,Program_A,First_Year,2,42,2.79,15
Student_0272,Program_C,Transfer,4,90,2.39,15
Student_0273,Program_D,First_Year,2,49,3.38,18
Student_0274,Program_C,Transfer,4,106,3.02,15
Student_0275,Program_C,First_Year,2,45,2.8,15
Student_0276,Program_C,First_Year,2,40,3.41,15
Student_0277,Program_C,First_Year,4,90,2.17,18
Student_0278,Program_A,Transfer,2,34,3.27,15
Student_0279,Program_C,First_Year,4,83,2.96,15
Student_0280,Program_A,First_Year,2,30,2.21,12
Student_0281,Program_B,First_Year,4,103,2.37,15
Student_0282,Program_C,Transfer,3,79,2.85,18
Student_0283,Program_C,First_Year,2,36,2.54,18
Student_0284,Program_D,Transfer,2,49,2.17,15
Student_0285,Program_C,First_Year,4,88,2.14,15
Student_0286,Program_D,Transfer,4,105,2.71,18
Student_0287,Program_C,Transfer,2,53,2.58,15
Student_0288,Program_A,Transfer,3,76,3.09,15
Student_0289,Program_D,First_Year,4,108,2.48,15
Student_0290,Program_A,First_Year,1,25,2.95,15
Student_0291,Program_B,First_Year,4,88,2.4,18
Student_0292,Program_C,Transfer,1,0,3.23,15
Student_0293,Program_C,Transfer,2,35,2.08,18
Student_0294,Program_C,First_Year,2,29,2.55,15
Student_0295,Program_B,Transfer,3,56,2.19,18
Student_0296,Program_C,Transfer,2,33,2.66,18
Student_0297,Program_C,First_Year,3,75,2.32,15
Student_0298,Program_D,First_Year,1,0,2.35,15
Student_0299,Program_A,First_Year,2,38,2.98,15
Student_0300,Program_A,First_Year,4,88,2.45,15
Student_0301,Program_A,First_Year,3,73,2.71,18
Student_0302,Program_B,First_Year,3,66,3.39,15
Student_0303,Program_A,First_Year,4,102,2.88,18
Student_0304,Program_B,First_Year,2,29,1.67,12
Student_0305,Program_D,Transfer,3,73,3.39,15
Student_0306,Program_B,First_Year,3,69,2.59,15
Student_0307,Program_C,First_Year,3,58,3.26,15
Student_0308,Program_D,First_Year,1,5,2.92,15
Student_0309,Program_D,First_Year,1,24,3.25,18
Student_0310,Program_D,Transfer,2,43,3.6,18
Student_0311,Program_B,First_Year,3,56,2.88,12
Student_0312,Program_C,Transfer,2,53,2.54,12
Student_0313,Program_C,Transfer,3,68,1.75,15
Student_0314,Program_A,Transfer,3,68,2.78,18
Student_0315,Program_A,First_Year,1,23,3.21,18
Student_0316,Program_A,Transfer,3,72,2.37,18
Student_0317,Program_B,First_Year,2,45,2.41,18
Student_0318,Program_B,First_Year,4,103,2.41,18
Student_0319,Program_A,First_Year,2,30,2.62,18
Student_0320,Program_B,First_Year,4,100,3.1,15
Student_0321,Program_D,Transfer,3,70,2.95,15
Student_0322,Program_B,First_Year,1,23,2.56,15
Student_0323,Program_B,First_Year,1,13,3.21,15
Student_0324,Program_C,First_Year,1,14,3.13,18
Student_0325,Program_C,First_Year,3,55,1.91,15
Student_0326,Program_B,Transfer,3,69,3.08,12
Student_0327,Program_A,Transfer,3,66,2.88,15
Student_0328,Program_A,Transfer,2,49,3.43,18
Student_0329,Program_A,First_Year,2,34,2.29,18
Student_0330,Program_A,First_Year,1,22,2.66,15
Student_0331,Program_A,First_Year,4,85,2.68,15
Student_0332,Program_D,Transfer,1,27,3.29,15
Student_0333,Program_A,First_Year,1,9,2.52,15
Student_0334,Program_A,Transfer,2,42,3.47,15
Student_0335,Program_D,First_Year,3,70,2.56,15
Student_0336,Program_A,First_Year,3,74,3.25,18
Student_0337,Program_A,Transfer,2,40,2.44,18
Student_0338,Program_B,Transfer,4,90,2.34,18
Student_0339,Program_B,First_Year,4,91,3.35,18
Student_0340,Program_D,Transfer,2,49,2.33,15
Student_0341,Program_A,Transfer,3,78,3.9,15
Student_0342,Program_D,First_Year,2,32,2.79,15
Student_0343,Program_B,First_Year,2,37,2.85,18
Student_0344,Program_A,First_Year,1,5,2.82,15
Student_0345,Program_B,First_Year,3,57,2.22,18
Student_0346,Program_A,Transfer,1,11,3.28,12
Student_0347,Program_C,First_Year,3,70,2.13,12
Student_0348,Program_B,First_Year,3,64,2.8,15
Student_0349,Program_D,Transfer,2,38,2.14,15
Student_0350,Program_A,First_Year,2,52,2.59,12
Student_0351,Program_A,Transfer,3,64,2.6,18
Student_0352,Program_B,First_Year,1,6,2.18,15
Student_0353,Program_D,Transfer,1,19,3.58,15
Student_0354,Program_D,Transfer,2,47,3.0,15
Student_0355,Program_D,Transfer,4,93,2.97,15
Student_0356,Program_D,First_Year,2,45,2.52,15
Student_0357,Program_A,Transfer,1,10,2.38,15
Student_0358,Program_D,Transfer,2,27,2.93,18
Student_0359,Program_A,First_Year,3,56,2.76,18
Student_0360,Program_A,Transfer,4,85,2.87,15
Student_0361,Program_A,Transfer,1,17,3.11,15
Student_0362,Program_C,Transfer,4,108,1.68,15
Student_0363,Program_B,First_Year,2,32,2.91,18
Student_0364,Program_B,Transfer,1,9,2.29,15
Student_0365,Program_A,First_Year,1,12,2.14,15
Student_0366,Program_B,First_Year,2,27,1.95,12
Student_0367,Program_A,First_Year,1,13,3.09,18
Student_0368,Program_B,Transfer,4,102,2.46,12
Student_0369,Program_A,Transfer,3,80,2.21,15
Student_0370,Program_D,Transfer,3,73,2.91,12
Student_0371,Program_C,Transfer,4,108,1.9,12
Student_0372,Program_D,Transfer,2,32,2.42,15
Student_0373,Program_A,First_Year,2,49,1.73,15
Student_0374,Program_D,First_Year,1,12,1.35,15
Student_0375,Program_C,First_Year,1,13,2.77,15
Student_0376,Program_A,Transfer,2,52,3.05,15
Student_0377,Program_A,First_Year,4,100,3.65,15
Student_0378,Program_A,First_Year,3,56,2.43,12
Student_0379,Program_B,Transfer,3,54,2.67,15
Student_0380,Program_B,Transfer,3,71,2.41,12
Student_0381,Program_C,First_Year,1,21,2.44,18
Student_0382,Program_B,First_Year,3,72,3.54,15
Student_0383,Program_C,First_Year,2,36,2.01,18
Student_0384,Program_D,First_Year,3,56,2.75,18
Student_0385,Program_A,First_Year,4,87,3.19,18
Student_0386,Program_C,First_Year,3,69,3.17,15
Student_0387,Program_D,First_Year,2,45,3.35,15
Student_0388,Program_C,First_Year,3,81,3.26,18
Student_0389,Program_D,First_Year,1,9,2.6,12
Student_0390,Program_B,First_Year,3,75,2.54,12
Student_0391,Program_B,First_Year,1,12,2.46,18
Student_0392,Program_B,First_Year,3,65,2.71,15
Student_0393,Program_C,First_Year,2,37,2.49,15
Student_0394,Program_C,Transfer,2,51,2.85,12
Student_0395,Program_A,First_Year,1,16,2.07,15
Student_0396,Program_D,First_Year,3,60,2.22,12
Student_0397,Program_D,Transfer,2,37,1.77,15
Student_0398,Program_A,First_Year,1,10,3.18,18
Student_0399,Program_A,Transfer,2,28,3.51,12
Student_0400,Program_D,Transfer,1,26,2.29,15
Student_0401,Program_B,Transfer,1,4,2.66,15
Student_0402,Program_A,First_Year,2,27,2.75,15
Student_0403,Program_B,First_Year,3,63,3.12,18
Student_0404,Program_B,First_Year,4,103,2.64,15
Student_0405,Program_B,First_Year,3,68,2.99,12
Student_0406,Program_A,First_Year,4,92,2.99,15
Student_0407,Program_A,First_Year,4,97,2.9,18
Student_0408,Program_B,First_Year,1,4,2.54,12
Student_0409,Program_B,First_Year,4,106,3.28,15
Student_0410,Program_C,First_Year,3,58,2.07,15
Student_0411,Program_D,First_Year,2,41,3.22,15
Student_0412,Program_B,Transfer,3,74,2.52,12
Student_0413,Program_D,Transfer,4,98,3.16,18
Student_0414,Program_C,First_Year,4,85,3.53,15
Student_0415,Program_A,First_Year,2,27,1.93,15
Student_0416,Program_C,First_Year,1,18,2.4,18
Student_0417,Program_C,First_Year,3,76,2.55,18
Student_0418,Program_D,First_Year,3,74,1.79,15
Student_0419,Program_D,First_Year,1,3,3.16,15
Student_0420,Program_D,Transfer,2,29,2.12,12
Student_0421,Program_B,First_Year,2,50,2.64,12
Student_0422,Program_C,First_Year,4,86,2.67,15
Student_0423,Program_C,Transfer,2,34,3.04,15
Student_0424,Program_D,Transfer,3,77,2.7,18
Student_0425,Program_D,First_Year,2,53,2.38,15
Student_0426,Program_A,First_Year,1,23,2.95,15
Student_0427,Program_C,First_Year,1,20,3.14,15
Student_0428,Program_A,Transfer,4,93,2.54,18
Student_0429,Program_A,First_Year,1,11,2.6,15
Student_0430,Program_D,Transfer,2,31,1.87,18
Student_0431,Program_A,Transfer,2,35,2.59,18
Student_0432,Program_B,Transfer,3,58,1.91,15
Student_0433,Program_C,First_Year,3,81,2.46,12
Student_0434,Program_A,First_Year,2,37,2.7,15
Student_0435,Program_A,Transfer,4,92,2.64,12
Student_0436,Program_D,First_Year,3,56,2.96,15
Student_0437,Program_B,Transfer,1,5,3.79,12
Student_0438,Program_D,First_Year,3,77,2.71,18
Student_0439,Program_B,First_Year,4,82,3.19,15
Student_0440,Program_A,First_Year,3,63,2.97,18
Student_0441,Program_B,First_Year,1,5,2.99,15
Student_0442,Program_A,First_Year,3,74,2.6,15
Student_0443,Program_B,First_Year,1,4,2.65,15
Student_0444,Program_C,First_Year,4,104,2.67,15
Student_0445,Program_B,Transfer,2,29,3.84,18
Student_0446,Program_C,First_Year,4,92,2.24,15
Student_0447,Program_B,First_Year,4,85,2.32,15
Student_0448,Program_D,First_Year,2,39,1.67,15
Student_0449,Program_A,First_Year,4,93,2.67,15
Student_0450,Program_A,First_Year,4,104,3.57,15
Student_0451,Program_B,First_Year,2,28,2.38,18
Student_0452,Program_B,First_Year,1,2,2.24,12
Student_0453,Program_B,First_Year,3,65,1.98,15
Student_0454,Program_D,First_Year,1,19,2.91,15
Student_0455,Program_D,First_Year,1,20,2.73,15
Student_0456,Program_C,Transfer,3,78,2.0,15
Student_0457,Program_D,First_Year,2,29,3.74,15
Student_0458,Program_A,First_Year,2,35,2.69,18
Student_0459,Program_C,First_Year,4,89,3.03,15
Student_0460,Program_C,Transfer,3,63,2.9,18
Student_0461,Program_D,First_Year,3,57,2.97,18
Student_0462,Program_B,First_Year,3,68,2.93,18
Student_0463,Program_B,First_Year,4,104,2.02,18
Student_0464,Program_A,First_Year,4,99,2.51,15
Student_0465,Program_B,Transfer,1,10,3.11,15
Student_0466,Program_C,First_Year,2,52,3.57,15
Student_0467,Program_A,First_Year,4,94,2.78,18
Student_0468,Program_B,Transfer,2,29,2.63,18
Student_0469,Program_D,First_Year,3,56,2.59,15
Student_0470,Program_B,First_Year,4,99,2.68,15
Student_0471,Program_D,First_Year,4,99,2.86,12
Student_0472,Program_B,First_Year,3,60,2.74,12
Student_0473,Program_A,First_Year,2,34,2.5,15
Student_0474,Program_C,Transfer,1,6,2.74,15
Student_0475,Program_C,First_Year,3,76,2.69,12
Student_0476,Program_A,Transfer,2,51,2.68,15
Student_0477,Program_A,Transfer,3,78,2.53,12
Student_0478,Program_D,First_Year,1,12,2.98,15
Student_0479,Program_D,First_Year,2,51,2.77,18
Student_0480,Program_A,First_Year,1,20,2.4,15
Student_0481,Program_C,First_Year,3,66,1.99,15
Student_0482,Program_D,Transfer,1,13,2.66,18
Student_0483,Program_C,Transfer,3,81,3.0,18
Student_0484,Program_B,First_Year,1,0,3.11,15
Student_0485,Program_B,First_Year,1,7,2.08,15
Student_0486,Program_A,First_Year,1,26,2.29,12
Student_0487,Program_B,First_Year,3,67,2.92,12
Student_0488,Program_C,Transfer,2,32,2.78,15
Student_0489,Program_A,First_Year,1,27,3.57,15
Student_0490,Program_A,First_Year,2,27,2.61,15
Student_0491,Program_D,Transfer,1,11,3.18,15
Student_0492,Program_C,Transfer,1,10,3.06,15
Student_0493,Program_A,First_Year,3,59,2.51,15
Student_0494,Program_A,First_Year,3,71,2.6,12
Student_0495,Program_B,First_Year,1,9,2.45,18
Student_0496,Program_D,First_Year,3,66,3.06,12
Student_0497,Program_A,First_Year,2,51,3.15,18
Student_0498,Program_B,Transfer,3,62,2.85,15
Student_0499,Program_B,First_Year,3,74,2.96,18
Student_0500,Program_A,First_Year,1,2,2.64,18
Student_0501,Program_C,Transfer,2,49,3.68,15
Student_0502,Program_B,First_Year,4,97,3.36,15
Student_0503,Program_D,First_Year,1,16,3.04,12
Student_0504,Program_D,Transfer,4,86,2.51,15
Student_0505,Program_D,First_Year,4,82,3.07,18
Student_0506,Program_D,Transfer,1,23,3.12,12
Student_0507,Program_C,First_Year,2,33,4.0,18
Student_0508,Program_C,Transfer,2,35,3.08,15
Student_0509,Program_B,First_Year,3,60,2.74,12
Student_0510,Program_C,First_Year,1,22,2.35,15
Student_0511,Program_B,First_Year,3,74,2.61,15
Student_0512,Program_C,First_Year,4,95,2.54,18
Student_0513,Program_C,First_Year,1,10,2.62,18
Student_0514,Program_A,First_Year,4,102,3.19,15
Student_0515,Program_D,First_Year,3,63,3.31,15
Student_0516,Program_D,First_Year,4,82,2.59,15
Student_0517,Program_B,Transfer,4,81,3.6,15
Student_0518,Program_C,First_Year,3,74,2.93,15
Student_0519,Program_D,Transfer,3,65,2.57,15
Student_0520,Program_B,First_Year,1,15,3.44,12
Student_0521,Program_C,First_Year,1,1,2.68,15
Student_0522,Program_A,Transfer,1,11,3.32,12
Student_0523,Program_D,First_Year,3,78,3.34,15
Student_0524,Program_B,First_Year,3,80,2.75,18
Student_0525,Program_A,First_Year,3,81,2.54,15
Student_0526,Program_C,First_Year,2,52,2.18,15
Student_0527,Program_A,First_Year,2,45,3.06,15
Student_0528,Program_A,First_Year,1,27,2.87,15
Student_0529,Program_C,First_Year,2,30,2.56,15
Student_0530,Program_C,Transfer,1,20,3.08,15
Student_0531,Program_A,First_Year,4,87,2.01,12
Student_0532,Program_A,Transfer,4,100,2.82,15
Student_0533,Program_C,First_Year,3,75,3.14,15
Student_0534,Program_D,Transfer,2,51,3.21,15
Student_0535,Program_B,First_Year,3,56,2.29,15
Student_0536,Program_B,Transfer,4,95,2.54,15
Student_0537,Program_A,First_Year,2,53,2.71,18
Student_0538,Program_A,First_Year,3,81,2.64,18
Student_0539,Program_D,First_Year,2,32,2.35,15
Student_0540,Program_B,First_Year,1,21,2.36,15
Student_0541,Program_D,First_Year,1,18,3.21,18
Student_0542,Program_B,Transfer,2,54,2.44,18
Student_0543,Program_B,Transfer,1,11,3.73,15
Student_0544,Program_C,First_Year,3,78,2.81,15
Student_0545,Program_C,First_Year,2,30,1.88,15
Student_0546,Program_A,First_Year,2,34,2.55,18
Student_0547,Program_B,First_Year,3,65,2.41,12
Student_0548,Program_A,First_Year,3,62,2.26,18
Student_0549,Program_C,First_Year,3,80,2.76,15
Student_0550,Program_A,First_Year,1,20,2.46,12
Student_0551,Program_D,First_Year,1,23,2.21,12
Student_0552,Program_B,First_Year,4,88,2.75,15
Student_0553,Program_C,Transfer,1,27,2.88,15
Student_0554,Program_B,Transfer,2,42,3.24,12
Student_0555,Program_B,Transfer,3,76,2.92,15
Student_0556,Program_C,First_Year,2,30,2.31,18
Student_0557,Program_D,First_Year,3,56,2.63,15
Student_0558,Program_D,Transfer,3,60,2.74,18
Student_0559,Program_A,First_Year,1,19,2.81,15
Student_0560,Program_B,First_Year,1,2,2.99,15
Student_0561,Program_A,First_Year,4,102,2.48,18
Student_0562,Program_A,First_Year,1,21,2.67,12
Student_0563,Program_D,First_Year,4,90,2.85,18
Student_0564,Program_D,First_Year,1,8,2.71,12
Student_0565,Program_C,First_Year,1,7,2.74,15
Student_0566,Program_B,Transfer,3,78,2.34,15
Student_0567,Program_A,First_Year,3,72,2.76,15
Student_0568,Program_B,First_Year,4,107,2.58,15
Student_0569,Program_C,First_Year,1,15,2.75,12
Student_0570,Program_D,First_Year,3,60,2.36,15
Student_0571,Program_B,First_Year,2,50,2.61,15
Student_0572,Program_C,First_Year,1,2,2.1,12
Student_0573,Program_C,Transfer,3,63,2.41,15
Student_0574,Program_D,First_Year,3,57,3.46,15
Student_0575,Program_D,Transfer,2,44,2.81,15
Student_0576,Program_C,Transfer,3,57,2.56,15
Student_0577,Program_A,First_Year,1,6,2.18,15
Student_0578,Program_A,First_Year,1,2,3.15,15
Student_0579,Program_C,First_Year,1,25,3.32,15
Student_0580,Program_A,First_Year,3,77,2.27,15
Student_0581,Program_B,First_Year,3,69,3.16,15
Student_0582,Program_D,First_Year,4,83,2.28,15
Student_0583,Program_C,First_Year,2,42,3.22,15
Student_0584,Program_A,First_Year,1,11,2.43,15
Student_0585,Program_B,First_Year,3,80,2.98,18
Student_0586,Program_A,First_Year,3,60,3.17,15
Student_0587,Program_C,Transfer,1,9,2.64,15
Student_0588,Program_A,Transfer,1,12,2.46,15
Student_0589,Program_D,Transfer,3,80,3.5,15
Student_0590,Program_A,First_Year,4,100,3.39,15
Student_0591,Program_A,First_Year,1,2,2.69,15
Student_0592,Program_A,First_Year,3,70,3.08,15
Student_0593,Program_A,First_Year,2,48,3.31,18
Student_0594,Program_D,First_Year,4,89,2.32,15
Student_0595,Program_C,First_Year,2,32,2.63,15
Student_0596,Program_C,Transfer,3,64,2.27,18
Student_0597,Program_A,First_Year,2,35,3.3,15
Student_0598,Program_A,Transfer,2,46,2.73,18
Student_0599,Program_A,Transfer,4,103,3.76,15
Student_0600,Program_D,Transfer,2,31,2.41,15
Student_0601,Program_A,First_Year,2,37,3.28,18
Student_0602,Program_B,First_Year,2,48,2.72,15
Student_0603,Program_B,First_Year,3,61,3.1,15
Student_0604,Program_D,First_Year,2,43,1.95,12
Student_0605,Program_D,First_Year,2,45,3.32,12
Student_0606,Program_B,First_Year,1,22,2.59,15
Student_0607,Program_D,First_Year,3,79,2.95,15
Student_0608,Program_C,First_Year,3,78,3.23,15
Student_0609,Program_A,Transfer,4,97,2.87,15
Student_0610,Program_D,Transfer,1,3,3.2,12
Student_0611,Program_D,First_Year,3,81,2.62,15
Student_0612,Program_D,Transfer,3,60,3.09,18
Student_0613,Program_A,Transfer,1,0,1.99,18
Student_0614,Program_C,First_Year,1,19,2.72,15
Student_0615,Program_A,First_Year,3,81,2.59,15
Student_0616,Program_D,First_Year,3,63,3.01,15
Student_0617,Program_B,Transfer,4,103,2.66,12
Student_0618,Program_B,Transfer,2,39,2.71,15
Student_0619,Program_C,Transfer,3,80,2.66,15
Student_0620,Program_A,First_Year,3,70,2.2,15
Student_0621,Program_C,Transfer,3,63,2.29,12
Student_0622,Program_B,First_Year,2,27,2.15,15
Student_0623,Program_D,First_Year,3,66,2.76,12
Student_0624,Program_A,First_Year,2,29,2.62,15
Student_0625,Program_B,Transfer,3,66,2.89,18
Student_0626,Program_B,First_Year,3,76,3.07,15
Student_0627,Program_C,Transfer,2,36,2.48,15
Student_0628,Program_B,First_Year,1,14,2.45,15
Student_0629,Program_A,First_Year,1,14,3.13,15
Student_0630,Program_D,Transfer,3,57,2.45,12
Student_0631,Program_C,First_Year,4,92,2.6,15
Student_0632,Program_D,First_Year,4,89,2.11,18
Student_0633,Program_A,First_Year,3,74,3.09,15
Student_0634,Program_A,Transfer,2,48,2.81,12
Student_0635,Program_D,First_Year,4,91,2.71,15
Student_0636,Program_C,First_Year,2,37,2.64,15
Student_0637,Program_B,First_Year,2,47,2.54,15
Student_0638,Program_D,First_Year,1,4,2.74,15
Student_0639,Program_D,Transfer,1,20,2.92,18
Student_0640,Program_B,First_Year,2,32,2.38,15
Student_0641,Program_C,First_Year,4,95,3.2,15
Student_0642,Program_B,Transfer,4,106,2.4,15
Student_0643,Program_C,First_Year,4,106,3.0,15
Student_0644,Program_B,First_Year,4,88,2.32,18
Student_0645,Program_C,First_Year,2,38,2.28,15
Student_0646,Program_D,First_Year,3,76,2.35,15
Student_0647,Program_C,First_Year,3,80,2.68,12
Student_0648,Program_D,First_Year,4,93,2.8,15
Student_0649,Program_A,First_Year,4,102,2.96,15
Student_0650,Program_C,Transfer,3,73,1.95,15
Student_0651,Program_B,First_Year,2,36,2.94,15
Student_0652,Program_A,First_Year,2,53,3.11,18
Student_0653,Program_C,First_Year,2,31,2.88,15
Student_0654,Program_C,First_Year,2,32,2.54,18
Student_0655,Program_A,First_Year,4,82,1.77,15
Student_0656,Program_D,Transfer,1,18,3.36,15
Student_0657,Program_B,Transfer,2,30,2.54,15
Student_0658,Program_B,First_Year,1,26,3.43,18
Student_0659,Program_A,First_Year,4,100,3.12,15
Student_0660,Program_C,First_Year,2,36,3.21,15
Student_0661,Program_D,Transfer,3,65,2.42,12
Student_0662,Program_B,Transfer,3,58,2.57,18
Student_0663,Program_C,First_Year,4,88,3.06,18
Student_0664,Program_D,Transfer,3,70,2.68,15
Student_0665,Program_D,First_Year,3,58,3.17,15
Student_0666,Program_C,First_Year,4,92,2.62,15
Student_0667,Program_C,First_Year,4,98,1.83,15
Student_0668,Program_C,First_Year,3,62,1.73,15
Student_0669,Program_A,Transfer,2,46,2.51,15
Student_0670,Program_A,First_Year,3,78,2.16,18
Student_0671,Program_A,First_Year,2,29,3.27,15
Student_0672,Program_C,Transfer,4,84,2.99,15
Student_0673,Program_A,Transfer,3,67,2.68,15
Student_0674,Program_A,Transfer,4,106,2.25,12
Student_0675,Program_A,Transfer,2,51,3.07,15
Student_0676,Program_A,First_Year,3,54,2.67,15
Student_0677,Program_A,First_Year,1,13,2.68,18
Student_0678,Program_D,First_Year,2,36,1.92,18
Student_0679,Program_B,Transfer,2,43,2.58,15
Student_0680,Program_A,Transfer,1,25,2.41,15
Student_0681,Program_A,First_Year,4,82,2.84,12
Student_0682,Program_B,First_Year,2,47,1.95,18
Student_0683,Program_D,Transfer,2,50,3.05,18
Student_0684,Program_A,Transfer,2,54,3.11,12
Student_0685,Program_C,First_Year,2,47,2.43,18
Student_0686,Program_B,First_Year,4,106,2.61,15
Student_0687,Program_B,First_Year,1,11,3.36,18
Student_0688,Program_A,First_Year,2,35,2.84,18
Student_0689,Program_C,Transfer,1,3,2.39,15
Student_0690,Program_B,First_Year,3,81,3.12,18
Student_0691,Program_B,Transfer,4,88,2.83,18
Student_0692,Program_A,First_Year,1,9,2.99,15
Student_0693,Program_B,First_Year,3,64,3.49,15
Student_0694,Program_A,Transfer,3,56,2.91,15
Student_0695,Program_C,First_Year,1,2,2.66,15
Student_0696,Program_D,Transfer,4,86,2.68,15
Student_0697,Program_A,Transfer,3,62,2.74,18
Student_0698,Program_B,First_Year,2,30,2.17,18
Student_0699,Program_C,Transfer,1,10,2.82,18
Student_0700,Program_B,Transfer,1,21,3.34,15
Student_0701,Program_D,First_Year,2,48,2.01,18
Student_0702,Program_A,First_Year,3,59,2.27,15
Student_0703,Program_A,First_Year,2,48,3.01,18
Student_0704,Program_C,Transfer,3,74,2.64,18
Student_0705,Program_B,First_Year,4,93,2.54,15
Student_0706,Program_B,First_Year,4,103,1.79,18
Student_0707,Program_C,First_Year,1,21,2.13,18
Student_0708,Program_B,First_Year,4,94,1.89,18
Student_0709,Program_A,First_Year,1,3,3.25,15
Student_0710,Program_D,First_Year,4,83,3.09,18
Student_0711,Program_D,First_Year,2,34,2.86,15
Student_0712,Program_A,First_Year,4,103,2.23,15
Student_0713,Program_A,Transfer,4,97,2.91,12
Student_0714,Program_A,First_Year,2,40,2.46,15
Student_0715,Program_A,First_Year,2,36,2.85,15
Student_0716,Program_B,First_Year,3,78,2.18,12
Student_0717,Program_D,First_Year,4,84,2.81,18
Student_0718,Program_A,Transfer,4,94,3.46,15
Student_0719,Program_D,First_Year,3,66,3.37,15
Student_0720,Program_B,First_Year,2,54,2.87,18
Student_0721,Program_C,First_Year,3,81,3.0,15
Student_0722,Program_A,Transfer,1,23,2.85,15
Student_0723,Program_A,First_Year,3,73,3.24,15
Student_0724,Program_C,Transfer,4,89,2.72,15
Student_0725,Program_C,Transfer,4,100,3.44,15
Student_0726,Program_B,Transfer,1,15,1.88,15
Student_0727,Program_D,First_Year,3,64,2.85,15
Student_0728,Program_B,First_Year,1,26,3.42,18
Student_0729,Program_B,First_Year,3,62,2.45,18
Student_0730,Program_D,First_Year,4,90,3.42,15
Student_0731,Program_A,Transfer,2,54,2.75,15
Student_0732,Program_D,First_Year,3,78,3.87,15
Student_0733,Program_A,Transfer,1,24,2.8,15
Student_0734,Program_B,First_Year,1,22,3.06,15
Student_0735,Program_C,Transfer,2,50,2.06,15
Student_0736,Program_D,Transfer,3,78,2.01,18
Student_0737,Program_C,First_Year,2,42,2.85,15
Student_0738,Program_A,First_Year,2,54,3.91,15
Student_0739,Program_B,Transfer,2,53,2.02,15
Student_0740,Program_D,First_Year,1,20,2.72,12
Student_0741,Program_A,Transfer,1,8,2.5,15
Student_0742,Program_A,First_Year,4,82,3.51,15
Student_0743,Program_C,Transfer,2,30,1.88,18
Student_0744,Program_A,Transfer,1,26,2.47,18
Student_0745,Program_A,First_Year,1,19,3.05,18
Student_0746,Program_A,First_Year,1,20,3.13,18
Student_0747,Program_C,Transfer,2,46,2.84,15
Student_0748,Program_B,First_Year,3,67,1.61,15
Student_0749,Program_A,Transfer,1,23,2.71,15
Student_0750,Program_C,First_Year,3,71,3.87,18
Student_0751,Program_B,First_Year,2,38,3.25,18
Student_0752,Program_A,Transfer,3,59,2.64,18
Student_0753,Program_D,First_Year,2,37,2.61,18
Student_0754,Program_D,First_Year,3,58,3.01,15
Student_0755,Program_C,Transfer,4,91,2.83,15
Student_0756,Program_A,Transfer,2,54,2.8,15
Student_0757,Program_C,Transfer,2,38,2.27,18
Student_0758,Program_D,First_Year,2,47,2.21,15
Student_0759,Program_A,First_Year,2,40,3.81,18
Student_0760,Program_D,First_Year,2,41,2.97,15
Student_0761,Program_B,First_Year,4,97,3.29,15
Student_0762,Program_A,First_Year,3,77,3.61,15
Student_0763,Program_C,First_Year,1,4,3.19,15
Student_0764,Program_B,First_Year,2,48,3.07,15
Student_0765,Program_C,First_Year,1,23,3.1,15
Student_0766,Program_B,First_Year,1,24,2.32,18
Student_0767,Program_A,First_Year,1,11,2.98,18
Student_0768,Program_C,First_Year,1,20,2.55,15
Student_0769,Program_C,Transfer,4,102,2.66,18
Student_0770,Program_A,First_Year,4,88,2.45,15
Student_0771,Program_D,First_Year,1,7,1.96,12
Student_0772,Program_B,Transfer,3,56,2.12,15
Student_0773,Program_C,First_Year,3,64,2.82,15
Student_0774,Program_C,Transfer,1,25,2.92,12
Student_0775,Program_B,First_Year,1,7,2.6,15
Student_0776,Program_C,First_Year,2,29,2.71,15
Student_0777,Program_D,First_Year,4,98,2.42,18
Student_0778,Program_B,First_Year,2,40,3.61,15
Student_0779,Program_C,Transfer,1,11,2.67,15
Student_0780,Program_B,First_Year,1,13,2.17,12
Student_0781,Program_B,Transfer,2,28,3.18,18
Student_0782,Program_B,First_Year,3,80,2.76,15
Student_0783,Program_C,First_Year,4,88,2.84,15
Student_0784,Program_B,First_Year,3,79,2.71,12
Student_0785,Program_D,First_Year,2,32,2.92,15
Student_0786,Program_B,First_Year,4,103,2.34,15
Student_0787,Program_C,First_Year,4,92,2.68,15
Student_0788,Program_B,Transfer,4,82,2.71,12
Student_0789,Program_D,Transfer,1,13,2.29,12
Student_0790,Program_C,Transfer,3,60,2.48,18
Student_0791,Program_B,Transfer,3,77,1.91,15
Student_0792,Program_B,First_Year,2,44,2.74,12
Student_0793,Program_C,Transfer,1,3,2.81,15
Student_0794,Program_C,Transfer,1,1,2.63,18
Student_0795,Program_B,First_Year,3,61,2.79,18
Student_0796,Program_B,First_Year,3,70,2.81,15
Student_0797,Program_B,First_Year,1,22,3.27,18
Student_0798,Program_C,Transfer,2,36,2.74,18
Student_0799,Program_C,Transfer,2,40,3.41,15
Student_0800,Program_D,Transfer,1,2,3.1,12
Student_0801,Program_C,First_Year,3,64,2.91,15
Student_0802,Program_B,First_Year,3,63,3.8,18
Student_0803,Program_B,First_Year,3,63,2.3,15
Student_0804,Program_C,Transfer,3,78,3.42,15
Student_0805,Program_C,First_Year,3,56,3.13,15
Student_0806,Program_B,First_Year,3,69,3.72,15
Student_0807,Program_C,First_Year,1,8,3.59,15
Student_0808,Program_D,First_Year,2,46,2.89,18
Student_0809,Program_C,First_Year,1,23,2.61,18
Student_0810,Program_D,Transfer,3,54,3.01,15
Student_0811,Program_C,First_Year,1,16,2.65,15
Student_0812,Program_A,First_Year,1,6,3.34,15
Student_0813,Program_C,Transfer,2,38,3.36,15
Student_0814,Program_B,First_Year,1,27,2.74,15
Student_0815,Program_C,First_Year,3,55,2.18,12
Student_0816,Program_B,First_Year,2,52,2.26,15
Student_0817,Program_A,First_Year,3,70,1.82,15
Student_0818,Program_C,First_Year,1,11,3.16,15
Student_0819,Program_C,Transfer,1,16,1.98,15
Student_0820,Program_D,Transfer,4,101,2.38,15
Student_0821,Program_A,Transfer,4,100,2.16,18
Student_0822,Program_A,First_Year,3,56,2.6,15
Student_0823,Program_B,First_Year,2,54,1.84,15
Student_0824,Program_B,First_Year,4,82,2.83,12
Student_0825,Program_B,First_Year,2,29,1.82,12
Student_0826,Program_A,First_Year,2,51,3.25,15
Student_0827,Program_D,Transfer,2,50,3.19,15
Student_0828,Program_A,First_Year,4,95,3.48,15
Student_0829,Program_C,First_Year,3,67,2.99,12
Student_0830,Program_C,First_Year,1,12,2.41,15
Student_0831,Program_B,First_Year,2,40,2.83,12
Student_0832,Program_C,First_Year,2,27,3.07,18
Student_0833,Program_B,Transfer,4,93,2.31,15
Student_0834,Program_B,First_Year,1,9,2.69,15
Student_0835,Program_D,Transfer,3,69,3.01,15
Student_0836,Program_C,First_Year,2,40,2.26,12
Student_0837,Program_C,Transfer,4,104,3.33,15
Student_0838,Program_C,First_Year,2,27,2.97,12
Student_0839,Program_A,First_Year,2,49,2.93,15
Student_0840,Program_A,First_Year,3,80,3.68,12
Student_0841,Program_B,Transfer,1,9,3.15,15
Student_0842,Program_D,First_Year,2,28,2.35,15
Student_0843,Program_C,First_Year,3,70,3.0,15
Student_0844,Program_A,Transfer,3,70,2.33,18
Student_0845,Program_C,First_Year,1,1,2.02,18
Student_0846,Program_B,Transfer,1,15,3.06,15
Student_0847,Program_D,First_Year,2,29,1.75,15
Student_0848,Program_B,Transfer,1,24,2.35,18
Student_0849,Program_A,First_Year,2,40,2.4,15
Student_0850,Program_A,Transfer,3,79,2.38,15
Student_0851,Program_D,First_Year,2,48,2.54,15
Student_0852,Program_A,First_Year,4,99,2.68,15
Student_0853,Program_B,Transfer,2,46,2.82,15
Student_0854,Program_C,First_Year,1,23,2.0,15
Student_0855,Program_B,Transfer,2,34,2.94,15
Student_0856,Program_B,First_Year,2,37,2.97,15
Student_0857,Program_D,First_Year,2,53,2.44,18
Student_0858,Program_B,First_Year,1,7,2.46,15
Student_0859,Program_A,First_Year,1,23,2.32,15
Student_0860,Program_A,First_Year,4,82,3.02,15
Student_0861,Program_A,First_Year,2,28,3.11,15
Student_0862,Program_C,First_Year,4,100,2.67,15
Student_0863,Program_A,First_Year,1,14,1.97,15
Student_0864,Program_D,Transfer,1,23,3.29,18
Student_0865,Program_C,First_Year,2,46,2.71,15
Student_0866,Program_C,First_Year,3,79,1.95,15
Student_0867,Program_D,Transfer,4,101,2.62,15
Student_0868,Program_B,First_Year,1,14,3.28,18
Student_0869,Program_B,Transfer,2,27,2.47,15
Student_0870,Program_D,First_Year,3,57,2.11,15
Student_0871,Program_B,First_Year,2,49,2.31,15
Student_0872,Program_B,First_Year,1,7,2.5,15
Student_0873,Program_B,First_Year,4,97,2.55,15
Student_0874,Program_D,First_Year,1,14,2.69,15
Student_0875,Program_A,First_Year,4,84,3.05,15
Student_0876,Program_D,Transfer,4,102,2.66,15
Student_0877,Program_A,First_Year,3,65,2.64,15
Student_0878,Program_B,Transfer,1,12,2.1,15
Student_0879,Program_B,First_Year,4,98,2.93,15
Student_0880,Program_D,First_Year,4,83,2.33,15
Student_0881,Program_C,First_Year,3,57,2.43,18
Student_0882,Program_C,First_Year,1,27,3.19,15
Student_0883,Program_B,First_Year,2,50,2.96,12
Student_0884,Program_A,Transfer,2,46,3.09,15
Student_0885,Program_C,First_Year,1,14,3.17,15
Student_0886,Program_A,First_Year,3,65,2.93,15
Student_0887,Program_C,Transfer,4,103,3.05,15
Student_0888,Program_B,First_Year,3,78,2.25,15
Student_0889,Program_A,First_Year,1,4,3.5,15
Student_0890,Program_A,First_Year,4,93,3.34,15
Student_0891,Program_D,First_Year,4,105,2.7,18
Student_0892,Program_C,First_Year,4,91,2.94,15
Student_0893,Program_A,Transfer,4,92,2.46,18
Student_0894,Program_B,First_Year,2,31,3.06,15
Student_0895,Program_B,First_Year,4,92,2.89,18
Student_0896,Program_A,First_Year,1,9,3.63,15
Student_0897,Program_B,First_Year,2,49,2.3,15
Student_0898,Program_D,First_Year,1,20,1.88,15
Student_0899,Program_A,First_Year,2,40,3.03,15
Student_0900,Program_A,First_Year,1,22,2.76,18
Student_0901,Program_B,First_Year,4,92,2.94,15
Student_0902,Program_C,First_Year,3,79,2.93,18
Student_0903,Program_A,First_Year,2,44,3.13,18
Student_0904,Program_A,First_Year,1,23,3.25,15
Student_0905,Program_C,Transfer,3,74,2.66,18
Student_0906,Program_C,Transfer,2,38,2.42,15
Student_0907,Program_D,First_Year,2,46,2.82,18
Student_0908,Program_D,First_Year,1,16,3.67,18
Student_0909,Program_D,First_Year,3,61,2.46,15
Student_0910,Program_B,First_Year,3,70,2.75,18
Student_0911,Program_D,First_Year,2,46,2.97,15
Student_0912,Program_C,Transfer,3,73,3.15,12
Student_0913,Program_D,Transfer,4,97,3.58,12
Student_0914,Program_A,Transfer,3,68,3.34,18
Student_0915,Program_D,First_Year,2,48,2.3,15
Student_0916,Program_B,First_Year,2,50,2.42,15
Student_0917,Program_B,Transfer,3,77,2.92,12
Student_0918,Program_D,First_Year,4,84,2.99,15
Student_0919,Program_A,First_Year,4,83,2.78,15
Student_0920,Program_B,First_Year,4,89,2.86,15
Student_0921,Program_C,First_Year,1,7,3.18,15
Student_0922,Program_B,Transfer,2,29,2.49,15
Student_0923,Program_C,First_Year,1,17,3.54,15
Student_0924,Program_B,Transfer,4,89,2.73,15
Student_0925,Program_B,Transfer,2,32,2.93,18
Student_0926,Program_D,First_Year,4,104,3.32,15
Student_0927,Program_D,Transfer,4,82,2.18,15
Student_0928,Program_B,First_Year,1,2,2.77,15
Student_0929,Program_B,First_Year,4,95,2.21,18
Student_0930,Program_C,First_Year,4,91,2.81,18
Student_0931,Program_D,First_Year,4,102,2.71,15
Student_0932,Program_D,First_Year,1,24,3.2,15
Student_0933,Program_C,First_Year,3,76,2.16,18
Student_0934,Program_D,Transfer,4,85,3.47,18
Student_0935,Program_C,First_Year,1,17,1.99,15
Student_0936,Program_A,First_Year,4,98,2.87,15
Student_0937,Program_C,First_Year,3,68,3.28,15
Student_0938,Program_C,First_Year,3,60,2.48,18
Student_0939,Program_D,First_Year,2,54,1.99,15
Student_0940,Program_B,First_Year,1,4,1.67,15
Student_0941,Program_D,Transfer,2,48,2.94,18
Student_0942,Program_C,First_Year,2,40,2.7,15
Student_0943,Program_D,Transfer,2,53,3.27,12
Student_0944,Program_A,First_Year,2,54,3.1,15
Student_0945,Program_D,First_Year,1,23,2.75,15
Student_0946,Program_C,First_Year,1,26,2.99,18
Student_0947,Program_A,First_Year,3,80,3.12,15
Student_0948,Program_D,Transfer,1,2,2.91,18
Student_0949,Program_C,Transfer,2,32,3.34,15
Student_0950,Program_D,Transfer,2,53,3.18,15
Student_0951,Program_D,Transfer,3,74,3.11,15
Student_0952,Program_C,Transfer,4,91,3.37,15
Student_0953,Program_D,Transfer,2,50,3.52,15
Student_0954,Program_D,First_Year,4,106,3.06,15
Student_0955,Program_D,Transfer,3,79,2.97,18
Student_0956,Program_A,First_Year,1,20,3.61,12
Student_0957,Program_C,First_Year,4,98,3.21,15
Student_0958,Program_C,Transfer,4,106,2.01,15
Student_0959,Program_A,First_Year,3,70,3.05,12
Student_0960,Program_C,First_Year,1,3,2.49,18
Student_0961,Program_B,First_Year,2,52,2.4,15
Student_0962,Program_B,First_Year,3,67,1.79,18
Student_0963,Program_B,First_Year,2,42,3.08,18
Student_0964,Program_B,First_Year,2,46,2.29,15
Student_0965,Program_D,First_Year,4,88,2.71,15
Student_0966,Program_B,Transfer,3,69,2.54,15
Student_0967,Program_C,First_Year,4,89,2.67,15
Student_0968,Program_B,Transfer,4,93,3.7,15
Student_0969,Program_A,First_Year,2,40,2.95,15
Student_0970,Program_A,First_Year,3,79,2.04,15
Student_0971,Program_C,First_Year,3,59,3.39,15
Student_0972,Program_C,Transfer,2,29,2.84,15
Student_0973,Program_C,First_Year,3,70,2.6,15
Student_0974,Program_C,First_Year,4,105,2.95,12
Student_0975,Program_B,First_Year,1,15,2.75,18
Student_0976,Program_B,First_Year,2,31,2.68,15
Student_0977,Program_D,Transfer,2,45,3.0,15
Student_0978,Program_A,First_Year,3,59,2.26,15
Student_0979,Program_A,Transfer,3,55,2.46,15
Student_0980,Program_B,First_Year,1,5,3.2,15
Student_0981,Program_A,Transfer,2,48,3.06,15
Student_0982,Program_D,First_Year,3,70,2.75,15
Student_0983,Program_A,First_Year,4,99,2.17,15
Student_0984,Program_B,First_Year,2,37,3.4,15
Student_0985,Program_A,Transfer,3,57,3.47,12
Student_0986,Program_A,Transfer,2,44,3.7,12
Student_0987,Program_B,First_Year,4,84,2.25,18
Student_0988,Program_C,First_Year,2,47,2.56,15
Student_0989,Program_B,First_Year,1,16,2.34,18
Student_0990,Program_A,First_Year,2,33,3.58,15
Student_0991,Program_D,Transfer,4,93,3.03,15
Student_0992,Program_A,First_Year,3,78,3.62,15
Student_0993,Program_A,First_Year,1,9,2.3,12
Student_0994,Program_B,Transfer,1,3,2.8,15
Student_0995,Program_D,First_Year,3,77,2.48,18
Student_0996,Program_A,First_Year,2,33,2.56,15
Student_0997,Program_A,Transfer,2,50,2.45,15
Student_0998,Program_A,First_Year,4,82,2.45,15
Student_0999,Program_C,First_Year,3,73,2.74,15
Student_1000,Program_D,Transfer,4,99,3.14,12
Student_1001,Program_A,First_Year,2,43,2.18,15
Student_1002,Program_A,First_Year,3,60,2.87,18
Student_1003,Program_C,First_Year,4,105,2.75,15
Student_1004,Program_A,First_Year,2,53,2.08,18
Student_1005,Program_D,First_Year,3,69,3.13,18
Student_1006,Program_B,First_Year,1,10,1.96,15
Student_1007,Program_C,First_Year,2,42,2.68,15
Student_1008,Program_A,First_Year,3,60,2.67,15
Student_1009,Program_C,Transfer,4,98,2.92,18
Student_1010,Program_A,Transfer,2,35,3.71,15
Student_1011,Program_B,First_Year,3,56,3.65,18
Student_1012,Program_B,First_Year,3,59,2.55,15
Student_1013,Program_A,First_Year,1,15,2.68,15
Student_1014,Program_D,First_Year,3,75,2.71,15
Student_1015,Program_A,Transfer,2,42,3.06,18
Student_1016,Program_A,First_Year,1,22,2.98,18
Student_1017,Program_D,Transfer,1,22,2.61,15
Student_1018,Program_C,First_Year,2,46,2.04,12
Student_1019,Program_D,Transfer,4,87,2.91,15
Student_1020,Program_C,First_Year,3,59,3.53,18
Student_1021,Program_D,First_Year,2,54,2.23,15
Student_1022,Program_D,Transfer,1,10,2.01,15
Student_1023,Program_A,Transfer,2,46,2.38,15
Student_1024,Program_C,Transfer,3,60,2.02,15
Student_1025,Program_D,First_Year,1,3,2.3,15
Student_1026,Program_D,First_Year,2,33,2.9,15
Student_1027,Program_C,First_Year,2,52,3.31,18
Student_1028,Program_D,First_Year,3,76,2.33,18
Student_1029,Program_C,Transfer,4,91,3.76,15
Student_1030,Program_A,Transfer,4,101,2.65,15
Student_1031,Program_B,First_Year,2,31,2.19,18
Student_1032,Program_B,First_Year,2,37,2.59,15
Student_1033,Program_A,First_Year,4,99,2.84,18
Student_1034,Program_C,First_Year,4,93,1.93,15
Student_1035,Program_A,Transfer,4,98,3.78,18
Student_1036,Program_D,Transfer,3,77,3.1,18
Student_1037,Program_B,First_Year,3,70,2.68,18
Student_1038,Program_C,Transfer,4,95,3.34,15
Student_1039,Program_A,Transfer,2,44,2.74,15
Student_1040,Program_A,First_Year,1,8,3.05,15
Student_1041,Program_D,First_Year,3,78,3.65,15
Student_1042,Program_B,Transfer,4,96,3.18,15
Student_1043,Program_A,Transfer,3,79,3.28,15
Student_1044,Program_D,First_Year,2,39,3.24,18
Student_1045,Program_D,Transfer,4,97,3.09,15
Student_1046,Program_C,Transfer,2,31,3.28,15
Student_1047,Program_A,First_Year,2,30,3.04,12
Student_1048,Program_D,First_Year,4,96,1.99,18
Student_1049,Program_A,First_Year,1,23,2.92,15
Student_1050,Program_B,First_Year,2,29,3.27,18
Student_1051,Program_A,First_Year,4,99,2.93,12
Student_1052,Program_D,First_Year,4,97,2.53,15
Student_1053,Program_C,First_Year,4,86,2.84,15
Student_1054,Program_A,Transfer,4,89,3.31,15
Student_1055,Program_D,First_Year,4,94,3.01,18
Student_1056,Program_A,First_Year,2,34,2.89,12
Student_1057,Program_D,First_Year,2,34,2.83,15
Student_1058,Program_D,First_Year,3,65,2.92,15
Student_1059,Program_A,Transfer,1,11,3.19,15
Student_1060,Program_C,Transfer,2,32,2.89,18
Student_1061,Program_A,Transfer,3,78,2.86,15
Student_1062,Program_A,Transfer,3,66,2.52,18
Student_1063,Program_B,First_Year,4,84,2.52,15
Student_1064,Program_A,First_Year,1,24,3.63,15
Student_1065,Program_D,First_Year,4,82,3.1,15
Student_1066,Program_A,Transfer,4,83,3.26,18
Student_1067,Program_A,Transfer,2,44,3.5,15
Student_1068,Program_A,Transfer,3,74,2.37,18
Student_1069,Program_B,Transfer,1,17,2.64,18
Student_1070,Program_C,First_Year,1,12,3.62,15
Student_1071,Program_B,First_Year,1,13,3.63,15
Student_1072,Program_D,First_Year,2,30,2.14,15
Student_1073,Program_D,Transfer,2,27,3.04,12
Student_1074,Program_A,First_Year,1,11,4.0,18
Student_1075,Program_B,First_Year,3,77,3.02,15
Student_1076,Program_B,Transfer,3,81,2.54,15
Student_1077,Program_D,Transfer,2,53,1.63,12
Student_1078,Program_D,First_Year,3,72,3.35,18
Student_1079,Program_A,First_Year,1,16,2.67,15
Student_1080,Program_B,First_Year,4,103,2.47,12
Student_1081,Program_C,First_Year,3,70,3.44,15
Student_1082,Program_A,First_Year,3,66,3.0,18
Student_1083,Program_C,Transfer,1,3,2.79,15
Student_1084,Program_D,First_Year,2,53,3.1,15
Student_1085,Program_C,First_Year,4,95,2.8,15
Student_1086,Program_A,First_Year,3,56,2.27,15
Student_1087,Program_B,First_Year,4,102,2.58,12
Student_1088,Program_B,First_Year,2,42,3.78,15
Student_1089,Program_B,First_Year,2,48,3.0,18
Student_1090,Program_A,Transfer,4,106,2.9,15
Student_1091,Program_C,First_Year,1,3,2.34,18
Student_1092,Program_D,First_Year,3,74,2.03,15
Student_1093,Program_C,First_Year,1,24,2.12,18
Student_1094,Program_B,Transfer,2,46,2.82,18
Student_1095,Program_A,Transfer,2,47,2.64,15
Student_1096,Program_A,Transfer,4,107,2.14,15
Student_1097,Program_B,First_Year,1,6,1.85,15
Student_1098,Program_C,First_Year,3,74,3.27,15
Student_1099,Program_C,First_Year,2,40,1.94,15
Student_1100,Program_A,Transfer,4,104,3.06,15
Student_1101,Program_B,Transfer,4,102,2.92,15
Student_1102,Program_C,Transfer,2,52,2.58,12
Student_1103,Program_D,Transfer,4,100,2.88,15
Student_1104,Program_A,Transfer,1,2,2.42,15
Student_1105,Program_C,Transfer,2,38,2.74,18
Student_1106,Program_B,First_Year,3,72,2.37,18
Student_1107,Program_B,First_Year,1,7,3.49,15
Student_1108,Program_B,First_Year,2,48,2.29,15
Student_1109,Program_C,Transfer,4,90,2.96,18
Student_1110,Program_D,Transfer,2,46,2.89,15
Student_1111,Program_A,Transfer,2,37,3.16,15
Student_1112,Program_D,Transfer,1,11,2.55,15
Student_1113,Program_A,First_Year,1,24,2.74,15
Student_1114,Program_D,First_Year,3,60,3.75,18
Student_1115,Program_A,First_Year,4,99,3.55,15
Student_1116,Program_A,Transfer,1,11,3.27,15
Student_1117,Program_B,First_Year,2,37,1.66,12
Student_1118,Program_A,First_Year,1,13,2.23,18
Student_1119,Program_D,First_Year,3,65,2.91,15
Student_1120,Program_B,First_Year,3,64,3.84,15
Student_1121,Program_C,Transfer,4,89,2.78,18
Student_1122,Program_B,First_Year,2,39,2.47,15
Student_1123,Program_C,First_Year,2,50,2.1,12
Student_1124,Program_B,First_Year,1,8,2.14,18
Student_1125,Program_A,Transfer,3,77,3.19,15
Student_1126,Program_B,First_Year,2,43,4.0,18
Student_1127,Program_C,First_Year,2,49,2.2,18
Student_1128,Program_A,First_Year,4,96,1.86,15
Student_1129,Program_D,First_Year,1,22,2.91,15
Student_1130,Program_B,First_Year,1,22,2.43,18
Student_1131,Program_C,First_Year,3,56,1.94,15
Student_1132,Program_D,First_Year,2,34,2.65,18
Student_1133,Program_B,First_Year,2,32,2.59,18
Student_1134,Program_B,First_Year,1,11,3.27,18
Student_1135,Program_A,First_Year,3,81,2.96,18
Student_1136,Program_D,First_Year,4,108,2.18,18
Student_1137,Program_C,Transfer,4,105,3.19,18
Student_1138,Program_B,First_Year,3,57,3.08,18
Student_1139,Program_C,First_Year,4,105,2.81,15
Student_1140,Program_A,Transfer,2,30,2.86,15
Student_1141,Program_C,First_Year,3,64,2.52,15
Student_1142,Program_D,Transfer,1,26,2.95,18
Student_1143,Program_D,Transfer,3,80,3.62,15
Student_1144,Program_D,Transfer,1,14,1.98,18
Student_1145,Program_A,First_Year,2,46,2.43,15
Student_1146,Program_D,Transfer,1,26,2.9,12
Student_1147,Program_B,First_Year,1,16,3.11,15
Student_1148,Program_D,First_Year,4,103,3.63,15
Student_1149,Program_C,First_Year,2,35,3.01,15
Student_1150,Program_B,First_Year,2,54,3.62,15
Student_1151,Program_C,First_Year,3,73,2.74,15
Student_1152,Program_A,First_Year,1,10,2.45,18
Student_1153,Program_C,First_Year,1,3,2.83,15
Student_1154,Program_D,Transfer,2,48,3.79,18
Student_1155,Program_B,Transfer,3,63,2.97,12
Student_1156,Program_C,First_Year,3,58,3.65,15
Student_1157,Program_C,First_Year,3,69,3.03,15
Student_1158,Program_A,First_Year,2,54,3.11,15
Student_1159,Program_D,First_Year,2,41,2.86,15
Student_1160,Program_C,First_Year,1,3,2.13,15
Student_1161,Program_A,First_Year,2,40,2.77,15
Student_1162,Program_B,First_Year,3,66,2.66,12
Student_1163,Program_B,Transfer,2,47,2.11,15
Student_1164,Program_A,First_Year,2,27,3.46,12
Student_1165,Program_A,First_Year,3,57,2.93,15
Student_1166,Program_D,First_Year,4,98,3.25,15
Student_1167,Program_C,First_Year,2,49,2.41,18
Student_1168,Program_A,First_Year,3,57,2.64,18
Student_1169,Program_C,Transfer,1,20,3.37,15
Student_1170,Program_B,First_Year,4,98,2.9,15
Student_1171,Program_C,Transfer,1,1,3.36,18
Student_1172,Program_D,First_Year,2,43,3.06,12
Student_1173,Program_A,Transfer,4,108,3.08,18
Student_1174,Program_B,First_Year,3,74,2.94,15
Student_1175,Program_D,First_Year,4,93,3.89,15
Student_1176,Program_C,First_Year,2,32,3.2,15
Student_1177,Program_D,First_Year,4,93,3.01,18
Student_1178,Program_D,Transfer,2,44,3.05,15
Student_1179,Program_C,Transfer,4,85,2.09,12
Student_1180,Program_A,First_Year,4,94,3.27,15
Student_1181,Program_A,First_Year,2,50,3.48,15
Student_1182,Program_C,First_Year,4,99,2.65,12
Student_1183,Program_C,Transfer,1,8,2.66,15
Student_1184,Program_A,First_Year,3,71,2.56,15
Student_1185,Program_C,First_Year,3,80,3.52,15
Student_1186,Program_A,First_Year,3,63,2.42,18
Student_1187,Program_B,Transfer,3,55,3.47,15
Student_1188,Program_A,First_Year,4,93,1.92,15
Student_1189,Program_D,First_Year,3,78,3.41,15
Student_1190,Program_B,First_Year,3,66,3.0,15
Student_1191,Program_A,First_Year,3,54,2.64,15
Student_1192,Program_B,First_Year,2,31,2.16,18
Student_1193,Program_B,Transfer,2,31,2.17,15
Student_1194,Program_C,First_Year,3,78,2.87,18
Student_1195,Program_C,First_Year,1,14,3.01,15
Student_1196,Program_B,First_Year,3,54,3.72,15
Student_1197,Program_A,First_Year,3,54,2.85,15
Student_1198,Program_A,Transfer,3,62,2.75,15
Student_1199,Program_A,First_Year,2,44,2.57,15
Student_1200,Program_A,First_Year,4,108,3.12,18
Student_1201,Program_C,First_Year,2,29,2.63,18
Student_1202,Program_D,Transfer,3,78,2.39,15
Student_1203,Program_A,Transfer,4,101,3.05,18
Student_1204,Program_B,Transfer,1,11,2.49,15
Student_1205,Program_D,First_Year,3,70,2.65,15
Student_1206,Program_D,Transfer,2,45,2.46,18
Student_1207,Program_A,First_Year,3,70,3.04,15
Student_1208,Program_D,First_Year,2,27,3.09,15
Student_1209,Program_D,First_Year,3,67,3.08,15
Student_1210,Program_D,First_Year,1,6,2.0,12
Student_1211,Program_C,First_Year,3,79,3.34,15
Student_1212,Program_A,First_Year,4,92,2.62,15
Student_1213,Program_D,First_Year,4,99,3.5,18
Student_1214,Program_A,First_Year,1,26,3.15,15
Student_1215,Program_B,First_Year,1,26,2.06,18
Student_1216,Program_B,Transfer,1,22,2.95,12
Student_1217,Program_C,First_Year,3,75,1.8,18
Student_1218,Program_A,Transfer,4,105,2.64,12
Student_1219,Program_D,First_Year,1,0,3.17,15
Student_1220,Program_C,First_Year,3,78,2.25,18
Student_1221,Program_D,First_Year,4,104,2.95,18
Student_1222,Program_C,First_Year,1,13,3.13,18
Student_1223,Program_B,First_Year,1,0,3.57,15
Student_1224,Program_D,Transfer,3,70,2.23,15
Student_1225,Program_A,First_Year,3,59,2.43,18
Student_1226,Program_C,First_Year,4,106,2.73,15
Student_1227,Program_A,First_Year,4,86,3.04,15
Student_1228,Program_D,First_Year,2,47,2.82,12
Student_1229,Program_A,First_Year,3,62,2.74,12
Student_1230,Program_D,First_Year,1,8,2.93,12
Student_1231,Program_D,Transfer,4,92,3.07,18
Student_1232,Program_B,First_Year,4,108,2.57,15
Student_1233,Program_A,Transfer,2,36,2.67,15
Student_1234,Program_C,First_Year,3,65,2.74,18
Student_1235,Program_D,First_Year,4,87,2.19,18
Student_1236,Program_A,Transfer,2,52,2.29,18
Student_1237,Program_B,First_Year,3,72,2.69,18
Student_1238,Program_D,Transfer,2,42,2.75,15
Student_1239,Program_C,Transfer,3,64,3.4,18
Student_1240,Program_D,Transfer,4,90,2.43,18
Student_1241,Program_A,First_Year,1,6,2.93,15
Student_1242,Program_D,Transfer,1,9,2.64,15
Student_1243,Program_A,First_Year,4,98,3.21,18
Student_1244,Program_C,Transfer,1,4,2.85,15
Student_1245,Program_B,First_Year,2,28,2.24,18
Student_1246,Program_D,First_Year,2,27,3.56,15
Student_1247,Program_D,First_Year,3,78,2.64,15
Student_1248,Program_B,First_Year,1,12,2.41,18
Student_1249,Program_A,First_Year,1,10,2.03,15
Student_1250,Program_B,First_Year,4,85,2.52,15
Student_1251,Program_D,Transfer,2,46,3.17,12
Student_1252,Program_B,First_Year,2,42,2.57,15
Student_1253,Program_D,Transfer,2,29,1.94,15
Student_1254,Program_D,Transfer,4,102,3.07,12
Student_1255,Program_D,Transfer,3,81,2.95,15
Student_1256,Program_A,Transfer,3,77,2.27,12
Student_1257,Program_C,Transfer,2,46,2.65,15
Student_1258,Program_A,Transfer,4,99,3.06,18
Student_1259,Program_A,First_Year,1,25,2.81,15
Student_1260,Program_D,First_Year,3,58,2.66,15
Student_1261,Program_B,First_Year,2,51,3.19,15
Student_1262,Program_D,First_Year,4,98,1.94,15
Student_1263,Program_D,First_Year,3,70,3.12,12
Student_1264,Program_B,First_Year,4,87,3.03,15
Student_1265,Program_A,Transfer,1,21,3.06,18
Student_1266,Program_D,First_Year,2,29,2.15,15
Student_1267,Program_B,Transfer,3,58,3.49,15
Student_1268,Program_B,First_Year,1,18,2.58,15
Student_1269,Program_A,First_Year,2,34,2.12,12
Student_1270,Program_B,Transfer,3,58,3.1,15
Student_1271,Program_D,First_Year,2,43,2.13,15
Student_1272,Program_D,First_Year,2,46,2.99,15
Student_1273,Program_D,First_Year,4,102,2.87,15
Student_1274,Program_C,First_Year,1,12,3.11,15
Student_1275,Program_C,First_Year,2,37,3.33,15
Student_1276,Program_D,First_Year,4,81,2.75,18
Student_1277,Program_D,First_Year,4,87,2.4,15
Student_1278,Program_B,First_Year,4,93,2.74,15
Student_1279,Program_A,First_Year,2,40,2.44,18
Student_1280,Program_C,Transfer,4,108,2.56,15
Student_1281,Program_A,First_Year,2,36,4.0,18
Student_1282,Program_C,First_Year,2,28,3.28,15
Student_1283,Program_C,First_Year,3,67,2.07,12
Student_1284,Program_B,Transfer,2,34,2.62,18
Student_1285,Program_B,First_Year,1,7,3.05,15
Student_1286,Program_A,First_Year,1,27,2.8,18
Student_1287,Program_D,First_Year,1,22,2.83,15
Student_1288,Program_C,Transfer,4,96,1.96,15
Student_1289,Program_B,Transfer,1,3,3.47,15
Student_1290,Program_A,First_Year,1,23,2.82,15
Student_1291,Program_C,First_Year,3,74,2.96,15
Student_1292,Program_A,Transfer,4,99,3.3,15
Student_1293,Program_C,First_Year,2,43,3.14,15
Student_1294,Program_C,Transfer,1,3,3.64,15
Student_1295,Program_B,First_Year,1,19,2.83,18
Student_1296,Program_B,First_Year,4,95,2.41,18
Student_1297,Program_C,Transfer,3,71,2.13,15
Student_1298,Program_A,First_Year,3,62,2.51,15
Student_1299,Program_A,First_Year,4,88,2.72,18
Student_1300,Program_B,First_Year,2,48,2.78,18
Student_1301,Program_C,Transfer,1,17,2.64,12
Student_1302,Program_A,First_Year,4,83,3.04,15
Student_1303,Program_B,First_Year,2,39,2.8,15
Student_1304,Program_D,First_Year,2,42,2.41,15
Student_1305,Program_B,Transfer,2,32,2.21,12
Student_1306,Program_D,First_Year,4,102,3.36,15
Student_1307,Program_B,First_Year,3,60,2.8,18
Student_1308,Program_A,First_Year,2,42,2.92,15
Student_1309,Program_A,Transfer,3,58,2.75,12
Student_1310,Program_A,Transfer,2,47,2.61,15
Student_1311,Program_C,First_Year,1,1,3.36,12
Student_1312,Program_C,Transfer,2,35,4.0,15
Student_1313,Program_B,First_Year,1,8,2.29,15
Student_1314,Program_D,First_Year,3,79,2.76,15
Student_1315,Program_A,First_Year,2,37,2.08,18
Student_1316,Program_C,First_Year,2,42,2.81,15
Student_1317,Program_C,First_Year,1,20,2.68,15
Student_1318,Program_D,First_Year,2,53,2.62,15
Student_1319,Program_B,First_Year,2,43,3.08,18
Student_1320,Program_B,First_Year,2,53,3.25,15
Student_1321,Program_C,Transfer,2,37,3.06,18
Student_1322,Program_C,Transfer,2,44,1.92,15
Student_1323,Program_A,Transfer,1,5,1.92,15
Student_1324,Program_A,First_Year,3,68,2.82,15
Student_1325,Program_B,First_Year,3,55,3.5,15
Student_1326,Program_A,First_Year,3,70,3.29,15
Student_1327,Program_C,First_Year,1,7,2.75,15
Student_1328,Program_B,First_Year,2,34,2.58,15
Student_1329,Program_D,First_Year,1,14,4.0,15
Student_1330,Program_B,Transfer,4,103,2.45,12
Student_1331,Program_B,First_Year,2,32,2.89,15
Student_1332,Program_D,First_Year,2,52,2.61,15
Student_1333,Program_A,First_Year,1,19,2.39,15
Student_1334,Program_B,First_Year,2,46,2.75,18
Student_1335,Program_A,Transfer,1,22,2.21,15
Student_1336,Program_A,First_Year,2,29,2.3,15
Student_1337,Program_A,First_Year,2,42,2.74,15
Student_1338,Program_C,Transfer,1,21,2.12,18
Student_1339,Program_B,First_Year,3,62,2.24,18
Student_1340,Program_D,First_Year,4,106,2.53,18
Student_1341,Program_B,Transfer,1,10,2.36,18
Student_1342,Program_C,First_Year,4,99,2.08,12
Student_1343,Program_B,First_Year,3,65,1.83,18
Student_1344,Program_A,First_Year,4,94,2.35,18
Student_1345,Program_C,First_Year,4,96,2.61,18
Student_1346,Program_C,First_Year,4,105,3.15,15
Student_1347,Program_C,Transfer,1,24,2.79,15
Student_1348,Program_D,First_Year,2,33,3.25,15
Student_1349,Program_C,First_Year,1,21,1.99,15
Student_1350,Program_C,First_Year,1,13,3.2,15
Student_1351,Program_B,First_Year,2,29,2.9,15
Student_1352,Program_A,First_Year,3,60,2.19,12
Student_1353,Program_A,First_Year,4,81,2.74,15
Student_1354,Program_D,First_Year,1,27,3.55,15
Student_1355,Program_B,First_Year,4,97,2.9,18
Student_1356,Program_C,Transfer,2,51,2.71,15
Student_1357,Program_B,First_Year,3,78,2.7,15
Student_1358,Program_A,First_Year,1,7,3.34,15
Student_1359,Program_A,First_Year,1,12,2.84,18
Student_1360,Program_B,First_Year,4,86,2.23,15
Student_1361,Program_B,Transfer,3,75,2.22,18
Student_1362,Program_A,First_Year,3,58,3.36,15
Student_1363,Program_C,First_Year,1,25,3.07,15
Student_1364,Program_C,Transfer,1,10,3.05,18
Student_1365,Program_A,Transfer,4,107,2.83,15
Student_1366,Program_D,First_Year,2,46,2.32,15
Student_1367,Program_D,First_Year,2,39,2.62,15
Student_1368,Program_C,Transfer,3,66,2.55,12
Student_1369,Program_A,First_Year,3,68,2.48,15
Student_1370,Program_B,First_Year,3,71,2.47,12
Student_1371,Program_D,Transfer,3,68,2.9,12
Student_1372,Program_B,First_Year,1,18,3.28,12
Student_1373,Program_A,First_Year,2,31,2.91,15
Student_1374,Program_A,Transfer,1,22,2.41,15
Student_1375,Program_D,Transfer,3,74,3.17,18
Student_1376,Program_B,First_Year,2,47,2.6,15
Student_1377,Program_B,Transfer,3,65,1.79,15
Student_1378,Program_D,First_Year,3,67,3.73,12
Student_1379,Program_A,First_Year,2,33,3.26,12
Student_1380,Program_C,Transfer,3,78,2.22,15
Student_1381,Program_A,First_Year,4,108,3.11,18
Student_1382,Program_D,Transfer,1,22,2.19,12
Student_1383,Program_C,First_Year,2,31,2.95,15
Student_1384,Program_B,First_Year,2,54,2.45,12
Student_1385,Program_A,Transfer,2,44,2.36,15
Student_1386,Program_A,Transfer,2,44,2.36,18
Student_1387,Program_B,First_Year,4,92,2.8,12
Student_1388,Program_B,First_Year,1,4,3.08,15
Student_1389,Program_C,First_Year,1,9,2.48,15
Student_1390,Program_C,First_Year,2,32,2.73,12
Student_1391,Program_C,First_Year,4,104,2.59,15
Student_1392,Program_A,First_Year,2,50,2.61,15
Student_1393,Program_A,First_Year,3,63,3.39,15
Student_1394,Program_C,First_Year,1,25,2.44,15
Student_1395,Program_C,First_Year,3,58,2.87,15
Student_1396,Program_A,Transfer,1,15,3.37,12
Student_1397,Program_C,Transfer,3,56,2.48,12
Student_1398,Program_A,Transfer,2,46,2.61,15
Student_1399,Program_C,First_Year,4,95,2.74,15
Student_1400,Program_A,Transfer,1,4,2.86,15
Student_1401,Program_D,First_Year,4,97,2.95,18
Student_1402,Program_A,First_Year,1,12,3.16,15
Student_1403,Program_C,First_Year,1,20,4.0,15
Student_1404,Program_C,Transfer,3,68,2.68,15
Student_1405,Program_C,Transfer,2,33,2.72,15
Student_1406,Program_A,First_Year,3,76,2.94,15
Student_1407,Program_C,First_Year,2,36,2.29,15
Student_1408,Program_B,Transfer,2,47,1.93,15
Student_1409,Program_B,Transfer,3,72,2.71,15
Student_1410,Program_D,First_Year,2,37,2.57,15
Student_1411,Program_C,First_Year,2,39,2.55,12
Student_1412,Program_A,First_Year,4,99,2.59,18
Student_1413,Program_A,First_Year,4,95,3.24,12
Student_1414,Program_A,First_Year,4,88,3.39,18
Student_1415,Program_D,First_Year,4,91,3.27,15
Student_1416,Program_A,Transfer,1,23,3.74,12
Student_1417,Program_A,Transfer,3,54,3.23,15
Student_1418,Program_B,Transfer,4,103,1.78,15
Student_1419,Program_A,Transfer,2,33,2.79,15
Student_1420,Program_A,Transfer,2,50,3.14,18
Student_1421,Program_A,First_Year,1,12,2.56,15
Student_1422,Program_B,First_Year,3,54,2.91,12
Student_1423,Program_B,First_Year,1,12,3.37,15
Student_1424,Program_C,First_Year,3,74,2.1,18
Student_1425,Program_B,Transfer,2,34,3.59,15
Student_1426,Program_C,First_Year,4,90,2.29,15
Student_1427,Program_B,Transfer,1,5,3.01,15
Student_1428,Program_A,First_Year,3,76,2.72,12
Student_1429,Program_C,First_Year,3,80,2.09,15
Student_1430,Program_B,First_Year,3,72,2.95,18
Student_1431,Program_C,First_Year,2,49,1.96,18
Student_1432,Program_D,Transfer,2,28,2.57,15
Student_1433,Program_B,First_Year,3,64,2.99,15
Student_1434,Program_B,Transfer,1,16,2.92,18
Student_1435,Program_B,First_Year,2,37,2.39,18
Student_1436,Program_A,First_Year,4,104,2.79,18
Student_1437,Program_A,First_Year,4,102,2.74,15
Student_1438,Program_D,First_Year,2,36,2.73,15
Student_1439,Program_C,Transfer,2,47,3.27,18
Student_1440,Program_A,First_Year,4,103,2.13,12
Student_1441,Program_D,First_Year,1,19,2.83,18
Student_1442,Program_B,First_Year,2,29,2.6,12
Student_1443,Program_D,First_Year,4,93,3.38,15
Student_1444,Program_B,First_Year,3,55,2.57,15
Student_1445,Program_C,Transfer,3,57,2.37,15
Student_1446,Program_B,Transfer,2,41,3.54,15
Student_1447,Program_B,First_Year,3,64,2.5,15
Student_1448,Program_C,First_Year,2,35,2.8,15
Student_1449,Program_B,First_Year,2,43,3.26,12
Student_1450,Program_A,Transfer,3,67,2.85,15
Student_1451,Program_A,First_Year,2,33,3.27,15
Student_1452,Program_C,First_Year,4,93,2.32,18
Student_1453,Program_C,First_Year,3,62,2.81,15
Student_1454,Program_D,First_Year,2,38,3.03,15
Student_1455,Program_A,First_Year,4,91,2.85,15
Student_1456,Program_D,Transfer,2,27,2.83,15
Student_1457,Program_B,First_Year,2,33,2.26,15
Student_1458,Program_A,First_Year,3,72,1.78,15
Student_1459,Program_D,First_Year,1,5,3.18,15
Student_1460,Program_A,First_Year,1,21,3.04,18
Student_1461,Program_A,First_Year,4,102,3.08,15
Student_1462,Program_C,First_Year,3,63,2.16,18
Student_1463,Program_D,First_Year,4,99,2.67,15
Student_1464,Program_C,First_Year,4,102,2.78,15
Student_1465,Program_A,First_Year,1,21,2.65,15
Student_1466,Program_C,First_Year,2,45,3.49,15
Student_1467,Program_A,First_Year,2,29,2.68,15
Student_1468,Program_B,First_Year,4,94,2.85,12
Student_1469,Program_B,First_Year,2,36,2.23,15
Student_1470,Program_B,First_Year,1,19,2.98,12
Student_1471,Program_C,Transfer,3,70,2.97,15
Student_1472,Program_C,First_Year,3,67,2.95,18
Student_1473,Program_A,First_Year,1,25,3.61,18
Student_1474,Program_C,First_Year,1,11,2.4,15
Student_1475,Program_C,First_Year,4,97,3.1,18
Student_1476,Program_B,Transfer,1,6,2.74,15
Student_1477,Program_D,First_Year,4,90,3.1,15
Student_1478,Program_B,First_Year,4,98,2.39,12
Student_1479,Program_D,First_Year,4,85,2.49,12
Student_1480,Program_B,First_Year,1,25,2.55,18
Student_1481,Program_B,First_Year,2,47,2.89,15
Student_1482,Program_D,First_Year,2,51,2.84,15
Student_1483,Program_A,First_Year,3,78,2.87,18
Student_1484,Program_A,First_Year,2,34,1.93,15
Student_1485,Program_A,Transfer,1,21,3.14,18
Student_1486,Program_A,First_Year,1,12,1.86,15
Student_1487,Program_C,Transfer,2,45,2.57,15
Student_1488,Program_D,First_Year,3,76,2.83,18
Student_1489,Program_C,First_Year,3,55,2.62,18
Student_1490,Program_A,First_Year,2,38,2.75,15
Student_1491,Program_D,First_Year,4,101,2.86,15
Student_1492,Program_B,Transfer,1,6,2.87,15
Student_1493,Program_C,Transfer,2,30,2.92,15
Student_1494,Program_A,First_Year,3,75,3.57,18
Student_1495,Program_C,First_Year,4,95,3.13,15
Student_1496,Program_C,Transfer,3,73,3.15,15
Student_1497,Program_C,First_Year,2,43,3.71,15
Student_1498,Program_D,Transfer,4,85,3.35,15
Student_1499,Program_D,First_Year,2,46,2.99,12
Student_1500,Program_A,First_Year,3,81,2.97,15
Student_1501,Program_B,Transfer,3,65,2.39,12
Student_1502,Program_B,First_Year,2,29,3.3,18
Student_1503,Program_C,First_Year,1,26,3.11,12
Student_1504,Program_A,First_Year,2,39,2.54,15
Student_1505,Program_B,First_Year,1,23,3.02,15
Student_1506,Program_A,First_Year,2,47,2.34,15
Student_1507,Program_C,First_Year,4,100,2.75,15
Student_1508,Program_B,First_Year,3,61,2.13,12
Student_1509,Program_C,First_Year,3,70,2.79,18
Student_1510,Program_D,First_Year,2,32,2.74,18
Student_1511,Program_A,Transfer,3,57,2.63,18
Student_1512,Program_A,First_Year,3,80,2.63,18
Student_1513,Program_D,Transfer,1,18,3.29,15
Student_1514,Program_A,Transfer,4,94,3.39,15
Student_1515,Program_B,Transfer,4,107,2.3,15
Student_1516,Program_B,First_Year,4,106,2.59,15
Student_1517,Program_A,First_Year,4,83,3.2,15
Student_1518,Program_C,First_Year,1,2,2.4,15
Student_1519,Program_B,Transfer,3,61,2.38,15
Student_1520,Program_D,Transfer,3,70,2.95,15
Student_1521,Program_A,First_Year,3,65,1.87,15
Student_1522,Program_B,First_Year,4,88,2.88,15
Student_1523,Program_C,First_Year,4,84,3.01,15
Student_1524,Program_A,Transfer,4,83,2.45,15
Student_1525,Program_D,First_Year,2,36,2.25,15
Student_1526,Program_B,First_Year,4,99,3.05,15
Student_1527,Program_B,First_Year,1,16,3.9,15
Student_1528,Program_D,Transfer,4,106,3.44,15
Student_1529,Program_D,First_Year,3,75,2.91,18
Student_1530,Program_A,Transfer,1,13,2.54,18
Student_1531,Program_A,Transfer,1,24,3.26,18
Student_1532,Program_D,First_Year,2,48,3.42,18
Student_1533,Program_B,First_Year,4,95,2.77,18
Student_1534,Program_D,First_Year,4,90,3.13,15
Student_1535,Program_C,First_Year,4,107,3.35,15
Student_1536,Program_C,First_Year,1,22,2.71,18
Student_1537,Program_B,First_Year,4,104,2.9,15
Student_1538,Program_A,Transfer,3,57,2.85,12
Student_1539,Program_C,First_Year,2,44,2.53,15
Student_1540,Program_C,First_Year,4,82,3.01,15
Student_1541,Program_D,Transfer,4,85,2.47,15
Student_1542,Program_B,First_Year,1,23,2.01,15
Student_1543,Program_B,Transfer,2,51,2.29,15
Student_1544,Program_B,Transfer,2,31,2.24,18
Student_1545,Program_A,Transfer,2,32,3.2,12
Student_1546,Program_C,First_Year,2,38,2.23,18
Student_1547,Program_A,First_Year,4,84,2.94,18
Student_1548,Program_C,First_Year,1,1,3.16,15
Student_1549,Program_C,Transfer,3,59,3.13,15
Student_1550,Program_D,First_Year,1,7,3.46,18
Student_1551,Program_A,First_Year,1,22,2.59,12
Student_1552,Program_C,First_Year,2,52,3.32,15
Student_1553,Program_B,First_Year,3,75,3.0,15
Student_1554,Program_D,First_Year,3,62,2.68,15
Student_1555,Program_A,First_Year,2,40,3.37,15
Student_1556,Program_B,First_Year,4,83,2.14,15
Student_1557,Program_B,First_Year,1,11,2.51,18
Student_1558,Program_D,First_Year,2,53,2.38,12
Student_1559,Program_B,Transfer,4,86,2.79,18
Student_1560,Program_C,First_Year,4,90,2.86,15
Student_1561,Program_B,First_Year,4,103,2.68,15
Student_1562,Program_B,First_Year,3,56,2.84,15
Student_1563,Program_D,Transfer,4,83,2.95,12
Student_1564,Program_D,First_Year,4,82,2.51,18
Student_1565,Program_B,First_Year,1,9,2.7,15
Student_1566,Program_A,First_Year,3,54,2.4,18
Student_1567,Program_B,First_Year,1,15,3.17,15
Student_1568,Program_A,Transfer,3,66,2.54,18
Student_1569,Program_B,First_Year,1,16,3.65,15
Student_1570,Program_A,First_Year,4,99,2.95,18
Student_1571,Program_A,First_Year,4,90,3.26,15
Student_1572,Program_A,First_Year,4,81,2.72,15
Student_1573,Program_D,First_Year,1,11,2.37,15
Student_1574,Program_C,First_Year,2,50,2.53,18
Student_1575,Program_D,First_Year,1,0,3.3,15
Student_1576,Program_B,First_Year,1,12,2.35,15
Student_1577,Program_C,Transfer,4,100,2.69,18
Student_1578,Program_A,Transfer,4,90,2.6,18
Student_1579,Program_B,Transfer,3,65,2.6,15
Student_1580,Program_A,Transfer,2,45,2.8,15
Student_1581,Program_B,First_Year,4,85,2.2,12
Student_1582,Program_D,First_Year,2,53,2.66,12
Student_1583,Program_B,Transfer,1,20,2.45,15
Student_1584,Program_B,First_Year,2,42,2.2,15
Student_1585,Program_A,First_Year,4,105,3.03,15
Student_1586,Program_B,Transfer,2,32,3.1,18
Student_1587,Program_A,First_Year,3,55,2.07,18
Student_1588,Program_D,Transfer,1,11,2.62,15
Student_1589,Program_D,Transfer,2,45,2.18,18
Student_1590,Program_B,Transfer,3,64,3.03,18
Student_1591,Program_A,Transfer,2,36,2.85,15
Student_1592,Program_B,First_Year,3,66,2.8,18
Student_1593,Program_B,First_Year,2,46,1.8,15
Student_1594,Program_C,First_Year,3,66,3.66,15
Student_1595,Program_C,First_Year,1,18,2.76,15
Student_1596,Program_D,First_Year,3,71,2.5,15
Student_1597,Program_A,First_Year,1,27,2.34,12
Student_1598,Program_C,First_Year,3,54,1.67,12
Student_1599,Program_D,First_Year,2,50,2.62,15
Student_1600,Program_C,Transfer,4,103,3.44,15
Student_1601,Program_B,Transfer,2,34,2.35,15
Student_1602,Program_A,First_Year,3,54,3.3,15
Student_1603,Program_B,Transfer,2,49,2.95,15
Student_1604,Program_A,First_Year,3,73,2.58,12
Student_1605,Program_D,First_Year,4,106,2.27,15
Student_1606,Program_D,Transfer,3,73,2.58,12
Student_1607,Program_B,First_Year,3,66,2.7,18
Student_1608,Program_A,Transfer,2,54,2.95,15
Student_1609,Program_B,First_Year,3,66,2.01,18
Student_1610,Program_D,First_Year,2,49,2.86,15
Student_1611,Program_C,First_Year,1,2,3.54,15
Student_1612,Program_C,First_Year,2,38,2.47,18
Student_1613,Program_A,First_Year,2,47,3.22,18
Student_1614,Program_A,First_Year,1,17,2.59,12
Student_1615,Program_D,First_Year,1,27,2.27,15
Student_1616,Program_C,First_Year,1,8,2.94,15
Student_1617,Program_D,Transfer,2,30,2.31,15
Student_1618,Program_C,First_Year,3,65,3.12,15
Student_1619,Program_B,Transfer,2,51,2.99,15
Student_1620,Program_D,Transfer,3,81,3.07,18
Student_1621,Program_B,Transfer,1,26,2.03,15
Student_1622,Program_C,First_Year,3,77,2.88,15
Student_1623,Program_D,Transfer,1,16,2.25,18
Student_1624,Program_C,First_Year,1,26,3.58,18
Student_1625,Program_D,First_Year,2,43,1.88,15
Student_1626,Program_C,First_Year,2,46,2.68,15
Student_1627,Program_A,Transfer,2,27,2.22,15
Student_1628,Program_D,First_Year,4,106,1.94,15
Student_1629,Program_D,First_Year,1,26,2.92,18
Student_1630,Program_C,First_Year,2,43,1.9,18
Student_1631,Program_C,Transfer,4,87,2.71,18
Student_1632,Program_A,Transfer,2,46,2.92,18
Student_1633,Program_B,Transfer,3,60,2.94,15
Student_1634,Program_D,First_Year,2,51,3.25,15
Student_1635,Program_D,Transfer,1,7,2.27,12
Student_1636,Program_A,Transfer,2,28,2.57,15
Student_1637,Program_A,Transfer,2,37,3.19,15
Student_1638,Program_C,Transfer,1,27,3.54,12
Student_1639,Program_D,Transfer,3,64,2.92,15
Student_1640,Program_D,First_Year,4,98,2.12,18
Student_1641,Program_A,First_Year,3,54,3.38,15
Student_1642,Program_D,First_Year,4,86,2.75,12
Student_1643,Program_A,First_Year,3,80,3.03,15
Student_1644,Program_B,First_Year,4,99,2.23,15
Student_1645,Program_A,Transfer,4,83,3.18,15
Student_1646,Program_B,Transfer,4,91,2.59,15
Student_1647,Program_C,Transfer,2,43,3.04,15
Student_1648,Program_C,First_Year,2,28,3.08,12
Student_1649,Program_B,First_Year,2,36,2.83,12
Student_1650,Program_A,Transfer,4,87,2.3,15
Student_1651,Program_A,First_Year,1,6,1.61,18
Student_1652,Program_A,Transfer,3,66,3.41,15
Student_1653,Program_C,Transfer,2,45,1.92,15
Student_1654,Program_D,First_Year,2,54,2.28,15
Student_1655,Program_D,Transfer,1,21,2.79,15
Student_1656,Program_A,First_Year,1,18,2.92,15
Student_1657,Program_D,First_Year,3,74,2.75,15
Student_1658,Program_C,First_Year,2,30,2.55,18
Student_1659,Program_B,First_Year,3,74,2.04,18
Student_1660,Program_A,First_Year,2,27,2.43,12
Student_1661,Program_C,Transfer,3,62,2.52,18
Student_1662,Program_B,First_Year,2,53,2.69,12
Student_1663,Program_B,First_Year,2,40,3.36,12
Student_1664,Program_A,First_Year,4,98,2.47,15
Student_1665,Program_A,Transfer,1,21,1.95,15
Student_1666,Program_B,First_Year,2,45,2.39,12
Student_1667,Program_D,Transfer,2,31,2.57,15
Student_1668,Program_B,First_Year,1,9,3.03,12
Student_1669,Program_B,First_Year,1,4,1.95,15
Student_1670,Program_C,First_Year,4,100,2.44,15
Student_1671,Program_C,First_Year,2,48,2.78,15
Student_1672,Program_C,Transfer,2,54,2.46,18
Student_1673,Program_D,First_Year,4,86,2.43,15
Student_1674,Program_D,First_Year,2,45,2.26,15
Student_1675,Program_D,First_Year,3,77,2.64,15
Student_1676,Program_B,Transfer,1,11,3.03,15
Student_1677,Program_A,First_Year,3,65,2.59,15
Student_1678,Program_A,First_Year,3,71,2.63,15
Student_1679,Program_A,Transfer,1,16,2.49,15
Student_1680,Program_B,First_Year,2,35,2.56,15
Student_1681,Program_B,First_Year,4,103,2.66,15
Student_1682,Program_A,First_Year,2,41,2.48,15
Student_1683,Program_B,Transfer,4,108,2.89,18
Student_1684,Program_B,Transfer,1,1,2.59,15
Student_1685,Program_B,First_Year,2,52,2.48,15
Student_1686,Program_D,First_Year,4,90,3.24,18
Student_1687,Program_B,First_Year,4,81,2.97,12
Student_1688,Program_C,Transfer,4,96,3.38,15
Student_1689,Program_B,Transfer,4,86,2.39,15
Student_1690,Program_A,Transfer,3,65,2.81,15
Student_1691,Program_C,First_Year,1,16,2.95,15
Student_1692,Program_B,First_Year,1,3,2.26,15
Student_1693,Program_B,Transfer,2,31,2.82,15
Student_1694,Program_A,Transfer,3,62,2.6,15
Student_1695,Program_C,First_Year,4,107,2.97,15
Student_1696,Program_C,First_Year,1,5,1.93,15
Student_1697,Program_D,Transfer,1,25,3.07,18
Student_1698,Program_C,Transfer,4,95,3.0,12
Student_1699,Program_B,Transfer,2,50,2.45,15
Student_1700,Program_C,First_Year,1,27,2.27,18
Student_1701,Program_D,Transfer,4,108,3.46,15
Student_1702,Program_C,First_Year,3,81,2.87,12
Student_1703,Program_D,First_Year,2,36,2.5,18
Student_1704,Program_A,Transfer,1,25,2.29,12
Student_1705,Program_D,Transfer,3,80,2.37,15
Student_1706,Program_A,Transfer,3,75,2.98,12
Student_1707,Program_D,First_Year,2,41,3.01,12
Student_1708,Program_A,First_Year,4,104,2.22,15
Student_1709,Program_C,First_Year,3,62,2.7,15
Student_1710,Program_D,First_Year,3,76,2.71,15
Student_1711,Program_D,First_Year,3,74,2.65,15
Student_1712,Program_B,First_Year,1,0,2.43,15
Student_1713,Program_A,First_Year,3,70,2.21,18
Student_1714,Program_C,First_Year,1,7,3.0,18
Student_1715,Program_D,First_Year,4,103,2.6,15
Student_1716,Program_A,First_Year,2,42,3.11,15
Student_1717,Program_D,Transfer,4,100,2.42,15
Student_1718,Program_C,First_Year,2,43,2.91,15
Student_1719,Program_C,First_Year,2,35,3.19,15
Student_1720,Program_B,First_Year,3,65,2.09,18
Student_1721,Program_A,Transfer,3,78,2.21,15
Student_1722,Program_D,First_Year,1,18,2.72,15
Student_1723,Program_B,Transfer,1,4,2.13,15
Student_1724,Program_C,First_Year,4,83,3.43,18
Student_1725,Program_A,First_Year,2,44,2.9,15
Student_1726,Program_B,Transfer,4,90,2.42,18
Student_1727,Program_A,Transfer,4,101,2.52,15
Student_1728,Program_A,First_Year,4,84,2.87,18
Student_1729,Program_B,Transfer,4,89,2.31,15
Student_1730,Program_D,First_Year,1,1,2.55,15
Student_1731,Program_C,Transfer,2,46,2.99,12
Student_1732,Program_B,First_Year,3,79,2.4,15
Student_1733,Program_B,First_Year,2,31,2.19,18
Student_1734,Program_C,First_Year,3,74,2.59,15
Student_1735,Program_A,Transfer,1,7,2.8,18
Student_1736,Program_B,First_Year,2,36,2.56,15
Student_1737,Program_B,Transfer,3,57,2.88,15
Student_1738,Program_D,First_Year,2,36,2.9,15
Student_1739,Program_A,Transfer,3,63,2.27,15
Student_1740,Program_A,First_Year,3,79,2.66,18
Student_1741,Program_C,Transfer,3,75,3.05,15
Student_1742,Program_C,First_Year,3,69,3.04,18
Student_1743,Program_C,First_Year,3,70,1.96,15
Student_1744,Program_D,First_Year,1,26,2.28,15
Student_1745,Program_B,First_Year,1,9,3.08,18
Student_1746,Program_C,Transfer,1,5,2.07,18
Student_1747,Program_C,First_Year,3,81,2.65,15
Student_1748,Program_D,First_Year,2,44,2.15,15
Student_1749,Program_B,Transfer,3,65,3.31,15
Student_1750,Program_C,First_Year,3,69,2.2,18
Student_1751,Program_A,First_Year,3,69,2.06,15
Student_1752,Program_D,First_Year,3,75,2.86,15
Student_1753,Program_D,First_Year,4,106,2.85,15
Student_1754,Program_A,First_Year,2,31,3.04,18
Student_1755,Program_B,First_Year,4,92,2.9,12
Student_1756,Program_A,First_Year,2,32,2.75,15
Student_1757,Program_D,First_Year,2,42,2.87,15
Student_1758,Program_A,First_Year,3,56,2.0,18
Student_1759,Program_C,First_Year,4,106,2.86,18
Student_1760,Program_B,First_Year,4,105,2.92,15
Student_1761,Program_C,First_Year,2,33,1.17,15
Student_1762,Program_D,First_Year,3,65,2.11,12
Student_1763,Program_B,Transfer,4,101,3.13,18
Student_1764,Program_D,First_Year,1,16,3.48,15
Student_1765,Program_A,Transfer,2,28,2.6,18
Student_1766,Program_C,First_Year,4,82,2.66,15
Student_1767,Program_C,First_Year,3,67,2.79,18
Student_1768,Program_B,Transfer,2,33,3.26,12
Student_1769,Program_C,First_Year,1,8,2.94,15
Student_1770,Program_B,First_Year,4,94,2.17,12
Student_1771,Program_D,First_Year,1,2,3.19,15
Student_1772,Program_A,First_Year,3,62,2.4,15
Student_1773,Program_C,Transfer,1,3,2.66,15
Student_1774,Program_D,First_Year,4,99,2.48,12
Student_1775,Program_C,First_Year,3,69,3.6,12
Student_1776,Program_C,First_Year,4,93,2.52,15
Student_1777,Program_B,First_Year,4,87,2.29,15
Student_1778,Program_A,First_Year,2,29,2.87,15
Student_1779,Program_A,First_Year,4,89,3.42,15
Student_1780,Program_D,First_Year,3,81,2.42,12
Student_1781,Program_A,First_Year,2,40,2.14,18
Student_1782,Program_D,First_Year,2,50,2.28,15
Student_1783,Program_B,First_Year,2,33,2.32,12
Student_1784,Program_B,First_Year,2,49,3.33,12
Student_1785,Program_C,First_Year,3,56,3.25,15
Student_1786,Program_D,First_Year,4,81,3.66,12
Student_1787,Program_A,First_Year,3,75,2.51,15
Student_1788,Program_D,First_Year,1,4,2.97,12
Student_1789,Program_A,Transfer,3,61,2.88,15
Student_1790,Program_C,Transfer,2,47,2.58,15
Student_1791,Program_C,Transfer,2,50,2.44,18
Student_1792,Program_C,Transfer,1,13,2.8,18
Student_1793,Program_B,First_Year,4,102,3.51,15
Student_1794,Program_D,Transfer,2,48,2.52,15
Student_1795,Program_B,First_Year,3,73,3.7,18
Student_1796,Program_C,First_Year,4,86,2.41,18
Student_1797,Program_D,First_Year,1,14,2.99,18
Student_1798,Program_A,Transfer,2,46,3.61,15
Student_1799,Program_A,Transfer,2,47,2.22,15
Student_1800,Program_B,Transfer,2,54,3.32,15
Student_1801,Program_A,First_Year,4,89,3.39,18
Student_1802,Program_D,First_Year,3,57,2.75,18
Student_1803,Program_A,First_Year,1,23,2.45,18
Student_1804,Program_D,First_Year,4,88,2.63,15
Student_1805,Program_B,First_Year,3,71,2.2,18
Student_1806,Program_B,Transfer,4,92,2.46,15
Student_1807,Program_C,First_Year,4,100,3.01,18
Student_1808,Program_D,First_Year,1,6,3.55,15
Student_1809,Program_A,First_Year,2,40,2.59,18
Student_1810,Program_D,Transfer,1,13,3.11,15
Student_1811,Program_B,First_Year,3,70,1.96,18
Student_1812,Program_C,First_Year,2,45,3.38,15
Student_1813,Program_A,First_Year,3,76,2.85,15
Student_1814,Program_A,Transfer,2,49,3.14,12
Student_1815,Program_C,First_Year,1,21,2.93,15
Student_1816,Program_D,Transfer,1,13,2.48,15
Student_1817,Program_C,First_Year,1,8,2.83,15
Student_1818,Program_D,First_Year,4,95,3.28,15
Student_1819,Program_A,Transfer,3,57,2.81,18
Student_1820,Program_A,First_Year,1,27,2.34,18
Student_1821,Program_D,First_Year,2,39,3.86,15
Student_1822,Program_A,Transfer,1,17,2.86,15
Student_1823,Program_B,First_Year,4,81,3.3,18
Student_1824,Program_C,First_Year,2,34,2.87,15
Student_1825,Program_C,First_Year,4,94,2.74,12
Student_1826,Program_D,First_Year,4,82,2.85,15
Student_1827,Program_D,First_Year,2,42,3.35,12
Student_1828,Program_A,First_Year,3,67,2.94,15
Student_1829,Program_C,First_Year,2,47,2.64,18
Student_1830,Program_A,First_Year,2,32,2.99,15
Student_1831,Program_D,Transfer,1,10,2.44,15
Student_1832,Program_A,Transfer,1,8,2.89,15
Student_1833,Program_B,First_Year,1,27,3.87,15
Student_1834,Program_C,Transfer,1,18,1.93,15
Student_1835,Program_D,First_Year,2,38,2.87,15
Student_1836,Program_A,Transfer,3,59,3.0,12
Student_1837,Program_B,Transfer,3,80,2.08,15
Student_1838,Program_A,Transfer,2,46,2.96,15
Student_1839,Program_C,First_Year,2,33,3.29,18
Student_1840,Program_D,First_Year,3,70,2.85,15
Student_1841,Program_A,Transfer,3,65,2.99,15
Student_1842,Program_D,First_Year,2,35,3.35,15
Student_1843,Program_A,First_Year,2,29,3.21,12
Student_1844,Program_B,First_Year,2,36,1.86,12
Student_1845,Program_C,Transfer,1,4,2.87,18
Student_1846,Program_B,First_Year,1,21,3.51,15
Student_1847,Program_C,First_Year,3,62,3.07,12
Student_1848,Program_A,First_Year,3,74,2.61,18
Student_1849,Program_A,First_Year,2,46,3.13,12
Student_1850,Program_B,First_Year,3,78,1.93,18
Student_1851,Program_B,Transfer,4,88,3.23,15
Student_1852,Program_D,Transfer,1,27,3.01,15
Student_1853,Program_A,Transfer,3,63,3.39,18
Student_1854,Program_D,First_Year,4,103,2.76,15
Student_1855,Program_B,First_Year,4,99,2.4,15
Student_1856,Program_B,First_Year,1,16,2.71,15
Student_1857,Program_D,First_Year,1,16,2.54,15
Student_1858,Program_D,First_Year,2,41,2.61,15
Student_1859,Program_A,First_Year,1,6,2.56,15
Student_1860,Program_A,Transfer,2,32,3.64,15
Student_1861,Program_D,Transfer,3,69,2.48,18
Student_1862,Program_A,First_Year,3,71,2.77,18
Student_1863,Program_C,Transfer,4,98,2.83,18
Student_1864,Program_B,First_Year,1,9,2.6,18
Student_1865,Program_C,First_Year,3,77,3.18,15
Student_1866,Program_B,Transfer,2,31,3.44,15
Student_1867,Program_A,Transfer,2,45,2.54,18
Student_1868,Program_D,First_Year,3,68,3.47,18
Student_1869,Program_C,First_Year,1,1,2.17,12
Student_1870,Program_D,Transfer,2,41,2.58,15
Student_1871,Program_C,First_Year,4,88,2.68,18
Student_1872,Program_A,Transfer,4,95,2.32,15
Student_1873,Program_C,Transfer,2,53,2.8,18
Student_1874,Program_A,First_Year,1,17,3.02,18
Student_1875,Program_C,Transfer,4,83,3.49,18
Student_1876,Program_C,First_Year,1,10,2.69,15
Student_1877,Program_B,First_Year,3,80,3.37,12
Student_1878,Program_D,First_Year,2,32,2.56,15
Student_1879,Program_D,Transfer,1,7,3.02,15
Student_1880,Program_A,First_Year,4,99,2.62,15
Student_1881,Program_A,First_Year,4,99,2.86,15
Student_1882,Program_A,First_Year,2,54,2.5,15
Student_1883,Program_A,Transfer,3,54,1.95,15
Student_1884,Program_A,First_Year,2,41,3.16,15
Student_1885,Program_A,Transfer,2,36,2.9,15
Student_1886,Program_D,First_Year,1,13,2.48,15
Student_1887,Program_D,Transfer,2,33,3.32,15
Student_1888,Program_D,First_Year,2,28,3.11,15
Student_1889,Program_B,Transfer,3,74,2.66,15
Student_1890,Program_C,First_Year,1,10,2.46,15
Student_1891,Program_A,First_Year,2,47,2.72,15
Student_1892,Program_A,Transfer,1,10,2.9,15
Student_1893,Program_A,First_Year,3,60,2.23,18
Student_1894,Program_A,First_Year,2,54,2.27,15
Student_1895,Program_B,Transfer,2,53,2.48,18
Student_1896,Program_D,First_Year,1,14,2.49,15
Student_1897,Program_D,Transfer,1,8,2.32,15
Student_1898,Program_A,Transfer,4,102,3.51,15
Student_1899,Program_D,First_Year,3,60,2.26,15
Student_1900,Program_C,First_Year,3,54,2.01,15
Student_1901,Program_B,First_Year,1,18,2.97,18
Student_1902,Program_B,Transfer,2,50,2.3,15
Student_1903,Program_C,First_Year,1,14,3.49,15
Student_1904,Program_A,Transfer,4,106,2.97,12
Student_1905,Program_D,First_Year,2,36,2.64,18
Student_1906,Program_C,Transfer,2,50,2.06,15
Student_1907,Program_D,First_Year,1,8,1.91,15
Student_1908,Program_A,Transfer,4,102,2.54,15
Student_1909,Program_C,First_Year,3,75,2.27,12
Student_1910,Program_A,First_Year,3,64,3.55,15
Student_1911,Program_B,Transfer,2,35,2.99,18
Student_1912,Program_B,First_Year,1,19,2.34,12
Student_1913,Program_A,First_Year,3,78,2.15,15
Student_1914,Program_C,First_Year,1,13,3.01,12
Student_1915,Program_C,Transfer,2,33,2.79,15
Student_1916,Program_C,Transfer,2,51,2.93,15
Student_1917,Program_A,First_Year,3,79,2.11,15
Student_1918,Program_A,First_Year,2,54,2.67,15
Student_1919,Program_A,First_Year,3,65,2.39,18
Student_1920,Program_A,First_Year,3,56,3.12,15
Student_1921,Program_C,First_Year,2,38,2.53,12
Student_1922,Program_D,Transfer,3,58,2.35,15
Student_1923,Program_D,Transfer,1,23,2.3,15
Student_1924,Program_A,First_Year,2,37,2.99,15
Student_1925,Program_A,Transfer,4,81,2.23,15
Student_1926,Program_A,First_Year,3,57,2.73,15
Student_1927,Program_D,First_Year,2,37,2.9,15
Student_1928,Program_D,First_Year,1,27,2.57,18
Student_1929,Program_C,First_Year,1,6,2.6,18
Student_1930,Program_B,First_Year,4,105,2.47,18
Student_1931,Program_A,First_Year,4,82,2.49,15
Student_1932,Program_D,Transfer,3,66,2.56,15
Student_1933,Program_B,First_Year,4,107,3.09,18
Student_1934,Program_A,First_Year,3,80,2.81,18
Student_1935,Program_B,First_Year,3,66,2.37,15
Student_1936,Program_C,First_Year,1,7,2.97,15
Student_1937,Program_D,Transfer,4,94,2.29,18
Student_1938,Program_D,Transfer,2,50,3.19,15
Student_1939,Program_D,First_Year,1,24,2.89,15
Student_1940,Program_D,First_Year,2,33,3.3,15
Student_1941,Program_B,Transfer,1,7,2.38,15
Student_1942,Program_A,Transfer,4,90,2.75,15
Student_1943,Program_A,First_Year,2,29,2.7,15
Student_1944,Program_A,Transfer,2,34,2.16,18
Student_1945,Program_D,Transfer,2,36,3.66,18
Student_1946,Program_C,First_Year,1,15,3.13,15
Student_1947,Program_B,First_Year,2,37,2.29,12
Student_1948,Program_C,First_Year,4,106,2.46,15
Student_1949,Program_C,Transfer,4,96,2.9,15
Student_1950,Program_B,First_Year,2,47,2.38,15
Student_1951,Program_A,First_Year,2,36,2.27,15
Student_1952,Program_D,First_Year,4,102,2.74,18
Student_1953,Program_B,First_Year,4,96,2.83,15
Student_1954,Program_C,Transfer,4,107,2.57,15
Student_1955,Program_C,Transfer,3,75,2.98,15
Student_1956,Program_C,First_Year,1,22,2.32,15
Student_1957,Program_D,First_Year,3,68,3.2,18
Student_1958,Program_D,Transfer,4,104,2.7,15
Student_1959,Program_D,First_Year,3,55,1.88,18
Student_1960,Program_D,First_Year,4,87,3.66,12
Student_1961,Program_A,Transfer,3,61,3.23,15
Student_1962,Program_B,First_Year,3,75,2.52,15
Student_1963,Program_C,First_Year,3,55,2.8,15
Student_1964,Program_C,Transfer,3,81,2.82,15
Student_1965,Program_A,Transfer,1,7,2.49,15
Student_1966,Program_C,First_Year,2,37,2.86,12
Student_1967,Program_B,First_Year,4,95,2.11,18
Student_1968,Program_C,Transfer,1,17,3.08,18
Student_1969,Program_A,First_Year,3,77,2.44,18
Student_1970,Program_B,Transfer,4,89,2.56,15
Student_1971,Program_C,Transfer,2,45,2.55,15
Student_1972,Program_B,First_Year,2,29,1.93,18
Student_1973,Program_C,Transfer,2,30,2.73,15
Student_1974,Program_C,First_Year,2,43,2.25,15
Student_1975,Program_A,Transfer,2,43,3.31,15
Student_1976,Program_A,Transfer,4,91,3.52,15
Student_1977,Program_A,Transfer,1,18,3.44,15
Student_1978,Program_D,Transfer,4,90,3.48,18
Student_1979,Program_D,First_Year,4,83,3.11,15
Student_1980,Program_A,First_Year,4,103,3.35,15
Student_1981,Program_D,First_Year,2,43,2.22,15
Student_1982,Program_A,Transfer,1,15,2.72,15
Student_1983,Program_B,First_Year,2,47,3.37,12
Student_1984,Program_B,Transfer,1,13,3.17,15
Student_1985,Program_C,First_Year,3,78,3.82,15
Student_1986,Program_A,First_Year,1,21,2.78,15
Student_1987,Program_B,Transfer,3,63,3.46,15
Student_1988,Program_A,Transfer,1,14,2.19,15
Student_1989,Program_A,First_Year,3,69,3.32,15
Student_1990,Program_D,Transfer,4,93,3.61,15
Student_1991,Program_D,First_Year,3,59,3.32,15
Student_1992,Program_B,First_Year,3,78,2.92,15
Student_1993,Program_B,First_Year,2,42,3.46,15
Student_1994,Program_B,First_Year,1,4,2.55,18
Student_1995,Program_B,Transfer,2,46,2.51,15
Student_1996,Program_A,First_Year,1,5,1.59,15
Student_1997,Program_A,Transfer,2,42,3.37,18
Student_1998,Program_C,Transfer,2,44,3.2,18
Student_1999,Program_C,First_Year,2,43,2.58,12
Student_2000,Program_A,First_Year,4,81,3.69,18
Student_2001,Program_D,Transfer,1,24,2.43,15
Student_2002,Program_C,First_Year,1,0,2.74,15
Student_2003,Program_D,First_Year,1,26,2.68,15
Student_2004,Program_C,First_Year,1,16,3.67,15
Student_2005,Program_C,First_Year,4,81,2.11,15
Student_2006,Program_C,Transfer,2,35,3.87,15
Student_2007,Program_B,Transfer,2,35,2.75,12
Student_2008,Program_B,Transfer,4,87,2.52,12
Student_2009,Program_A,Transfer,3,77,3.35,15
Student_2010,Program_C,First_Year,3,74,2.61,18
Student_2011,Program_B,First_Year,2,51,1.82,15
Student_2012,Program_C,Transfer,2,31,2.46,15
Student_2013,Program_D,First_Year,4,89,2.62,15
Student_2014,Program_B,Transfer,4,96,2.62,15
Student_2015,Program_C,Transfer,4,87,2.81,15
Student_2016,Program_D,Transfer,1,16,1.86,15
Student_2017,Program_A,First_Year,1,22,2.28,12
Student_2018,Program_D,First_Year,3,69,2.56,15
Student_2019,Program_A,First_Year,2,41,1.89,15
Student_2020,Program_A,First_Year,4,90,2.86,18
Student_2021,Program_D,Transfer,2,45,2.97,15
Student_2022,Program_B,Transfer,3,54,3.52,15
Student_2023,Program_D,Transfer,4,97,3.23,15
Student_2024,Program_B,First_Year,1,19,2.91,18
Student_2025,Program_C,First_Year,3,75,3.15,18
Student_2026,Program_A,First_Year,2,42,2.05,15
Student_2027,Program_A,First_Year,4,85,2.75,15
Student_2028,Program_C,Transfer,2,43,1.9,15
Student_2029,Program_C,Transfer,2,38,3.24,15
Student_2030,Program_C,First_Year,3,66,2.32,15
Student_2031,Program_D,First_Year,2,50,2.18,15
Student_2032,Program_B,First_Year,4,106,2.74,15
Student_2033,Program_C,Transfer,3,79,2.67,15
Student_2034,Program_A,First_Year,3,72,3.31,15
Student_2035,Program_D,First_Year,3,57,3.56,15
Student_2036,Program_D,First_Year,3,72,2.66,12
Student_2037,Program_D,First_Year,1,18,2.65,15
Student_2038,Program_B,First_Year,4,85,2.27,15
Student_2039,Program_A,First_Year,1,6,2.7,15
Student_2040,Program_A,Transfer,1,3,3.1,18
Student_2041,Program_B,First_Year,1,15,3.24,15
Student_2042,Program_B,First_Year,2,28,2.38,15
Student_2043,Program_C,First_Year,4,104,2.18,15
Student_2044,Program_A,Transfer,2,28,1.99,18
Student_2045,Program_D,Transfer,1,23,2.59,15
Student_2046,Program_C,Transfer,1,6,3.1,18
Student_2047,Program_A,First_Year,3,54,2.57,15
Student_2048,Program_C,First_Year,2,31,2.6,18
Student_2049,Program_C,Transfer,3,74,2.93,15
Student_2050,Program_A,First_Year,3,60,2.22,15
Student_2051,Program_A,Transfer,2,35,1.73,15
Student_2052,Program_C,Transfer,2,46,3.16,15
Student_2053,Program_C,First_Year,4,108,2.46,12
Student_2054,Program_B,First_Year,3,59,2.12,18
Student_2055,Program_A,First_Year,1,18,3.12,15
Student_2056,Program_C,First_Year,3,64,2.7,18
Student_2057,Program_A,First_Year,2,33,2.49,15
Student_2058,Program_C,First_Year,3,55,1.99,15
Student_2059,Program_B,First_Year,1,3,3.08,15
Student_2060,Program_C,First_Year,1,12,3.13,15
Student_2061,Program_D,Transfer,3,78,2.89,18
Student_2062,Program_C,First_Year,4,96,2.97,15
Student_2063,Program_D,Transfer,2,38,2.3,12
Student_2064,Program_B,First_Year,4,100,2.62,18
Student_2065,Program_A,First_Year,3,72,2.97,12
Student_2066,Program_A,First_Year,3,74,2.4,15
Student_2067,Program_A,First_Year,2,48,2.31,15
Student_2068,Program_D,First_Year,3,64,2.76,18
Student_2069,Program_D,First_Year,3,78,1.95,15
Student_2070,Program_B,First_Year,4,87,2.89,15
Student_2071,Program_C,First_Year,2,49,2.97,15
Student_2072,Program_A,Transfer,1,5,2.11,15
Student_2073,Program_B,First_Year,3,70,3.3,15
Student_2074,Program_B,First_Year,3,79,3.09,15
Student_2075,Program_B,First_Year,4,108,1.58,15
Student_2076,Program_A,First_Year,3,75,2.89,18
Student_2077,Program_B,First_Year,2,30,2.94,15
Student_2078,Program_B,First_Year,2,48,1.96,15
Student_2079,Program_B,First_Year,3,60,2.5,18
Student_2080,Program_C,First_Year,2,36,2.02,12
Student_2081,Program_D,First_Year,4,96,3.15,18
Student_2082,Program_C,First_Year,1,24,2.93,15
Student_2083,Program_A,Transfer,4,94,2.81,15
Student_2084,Program_B,First_Year,1,20,2.92,15
Student_2085,Program_D,First_Year,1,9,2.29,18
Student_2086,Program_A,First_Year,3,74,2.68,18
Student_2087,Program_B,First_Year,1,19,2.01,15
Student_2088,Program_D,First_Year,4,106,2.79,18
Student_2089,Program_A,First_Year,1,1,2.11,12
Student_2090,Program_C,First_Year,1,5,2.45,18
Student_2091,Program_B,Transfer,4,106,2.54,15
Student_2092,Program_A,Transfer,2,49,3.09,18
Student_2093,Program_D,First_Year,2,36,3.48,15
Student_2094,Program_D,First_Year,2,42,2.63,15
Student_2095,Program_C,Transfer,4,100,2.9,12
Student_2096,Program_B,First_Year,1,27,2.94,18
Student_2097,Program_B,First_Year,3,72,2.05,18
Student_2098,Program_B,Transfer,4,102,2.9,15
Student_2099,Program_B,Transfer,1,7,2.74,15
Student_2100,Program_A,First_Year,3,77,3.08,15
Student_2101,Program_B,First_Year,1,25,3.36,18
Student_2102,Program_C,First_Year,4,106,3.91,18
Student_2103,Program_A,Transfer,3,71,2.17,15
Student_2104,Program_B,First_Year,3,64,1.97,15
Student_2105,Program_B,First_Year,3,56,2.84,15
Student_2106,Program_A,First_Year,3,68,2.85,12
Student_2107,Program_C,First_Year,2,27,2.87,18
Student_2108,Program_C,First_Year,3,69,2.14,15
Student_2109,Program_B,First_Year,2,27,2.77,15
Student_2110,Program_A,Transfer,3,60,3.24,18
Student_2111,Program_C,First_Year,3,58,3.25,18
Student_2112,Program_B,First_Year,4,91,2.98,12
Student_2113,Program_A,First_Year,1,9,3.51,18
Student_2114,Program_A,First_Year,4,87,2.62,18
Student_2115,Program_A,First_Year,3,60,2.6,18
Student_2116,Program_A,Transfer,2,43,2.04,12
Student_2117,Program_C,Transfer,3,79,3.27,15
Student_2118,Program_A,First_Year,1,5,2.45,18
Student_2119,Program_D,Transfer,4,90,2.86,18
Student_2120,Program_B,First_Year,4,104,2.35,15
Student_2121,Program_D,Transfer,2,36,2.36,18
Student_2122,Program_B,Transfer,4,93,2.2,15
Student_2123,Program_B,First_Year,2,32,3.05,15
Student_2124,Program_C,Transfer,4,93,2.03,18
Student_2125,Program_B,First_Year,3,69,2.64,15
Student_2126,Program_B,First_Year,1,14,2.54,15
Student_2127,Program_C,Transfer,1,3,2.12,15
Student_2128,Program_C,Transfer,1,21,2.68,18
Student_2129,Program_C,Transfer,1,7,3.31,15
Student_2130,Program_A,First_Year,4,92,2.96,18
Student_2131,Program_A,First_Year,1,7,2.29,12
Student_2132,Program_C,Transfer,4,99,2.73,15
Student_2133,Program_D,Transfer,2,30,2.53,12
Student_2134,Program_B,First_Year,1,26,2.04,18
Student_2135,Program_B,First_Year,1,17,3.53,15
Student_2136,Program_D,Transfer,4,106,2.38,15
Student_2137,Program_D,First_Year,1,4,2.29,15
Student_2138,Program_A,First_Year,3,58,2.44,18
Student_2139,Program_C,First_Year,3,58,3.72,15
Student_2140,Program_C,Transfer,1,2,1.8,15
Student_2141,Program_C,Transfer,4,105,1.92,18
Student_2142,Program_C,Transfer,4,96,2.95,12
Student_2143,Program_D,First_Year,2,43,2.69,15
Student_2144,Program_D,First_Year,1,27,2.6,15
Student_2145,Program_B,First_Year,3,77,2.2,18
Student_2146,Program_C,Transfer,3,73,2.3,15
Student_2147,Program_D,First_Year,3,59,2.71,15
Student_2148,Program_A,First_Year,2,34,2.46,18
Student_2149,Program_A,First_Year,4,97,2.49,12
Student_2150,Program_B,Transfer,1,16,2.87,18
Student_2151,Program_A,First_Year,1,26,2.08,15
Student_2152,Program_A,Transfer,4,108,2.43,18
Student_2153,Program_B,First_Year,1,20,2.43,18
Student_2154,Program_A,First_Year,3,59,2.82,15
Student_2155,Program_A,First_Year,2,42,2.76,15
Student_2156,Program_A,Transfer,1,24,3.17,15
Student_2157,Program_D,Transfer,2,51,2.66,15
Student_2158,Program_B,First_Year,2,40,1.4,18
Student_2159,Program_B,Transfer,2,50,2.76,15
Student_2160,Program_B,First_Year,3,77,2.98,18
Student_2161,Program_A,First_Year,4,88,2.52,18
Student_2162,Program_A,First_Year,2,37,2.97,18
Student_2163,Program_A,First_Year,1,12,3.05,15
Student_2164,Program_A,First_Year,3,60,3.14,15
Student_2165,Program_A,Transfer,1,13,2.55,15
Student_2166,Program_A,Transfer,3,77,1.88,15
Student_2167,Program_C,First_Year,2,45,2.03,15
Student_2168,Program_D,First_Year,3,64,2.87,18
Student_2169,Program_C,First_Year,4,103,2.59,18
Student_2170,Program_A,First_Year,2,28,3.68,12
Student_2171,Program_B,First_Year,2,52,2.73,15
Student_2172,Program_A,First_Year,2,32,2.78,12
Student_2173,Program_D,First_Year,4,91,2.63,18
Student_2174,Program_A,First_Year,4,106,2.74,15
Student_2175,Program_C,First_Year,1,23,2.0,18
Student_2176,Program_C,Transfer,2,47,1.92,15
Student_2177,Program_C,Transfer,3,67,2.77,15
Student_2178,Program_D,First_Year,1,15,2.45,15
Student_2179,Program_A,First_Year,4,85,3.07,15
Student_2180,Program_C,First_Year,1,21,2.74,12
Student_2181,Program_B,First_Year,1,1,2.84,15
Student_2182,Program_C,Transfer,3,80,1.82,12
Student_2183,Program_C,First_Year,3,74,2.84,18
Student_2184,Program_B,First_Year,2,52,2.79,12
Student_2185,Program_B,First_Year,1,2,2.7,18
Student_2186,Program_D,First_Year,1,3,2.66,15
Student_2187,Program_D,First_Year,2,53,2.48,12
Student_2188,Program_A,First_Year,3,73,2.98,18
Student_2189,Program_B,First_Year,1,16,2.79,12
Student_2190,Program_D,Transfer,1,3,2.55,15
Student_2191,Program_D,Transfer,1,20,2.71,12
Student_2192,Program_A,Transfer,3,63,2.23,15
Student_2193,Program_A,First_Year,3,63,3.02,15
Student_2194,Program_A,First_Year,3,57,2.8,15
Student_2195,Program_A,First_Year,4,89,2.62,12
Student_2196,Program_C,First_Year,4,95,3.18,15
Student_2197,Program_D,First_Year,2,51,3.09,15
Student_2198,Program_B,First_Year,1,22,2.84,18
Student_2199,Program_A,First_Year,1,5,3.2,15
Student_2200,Program_A,First_Year,4,82,2.8,15
